transaction_id,customer_id,product_id,store_id,date_id,quantity,unit_price,total_amount,discount
T000001,C0223,P080,S001,D314,1,199.74,193.55,0.031
T000002,C0029,P106,S001,D167,2,120.92,199.76,0.174
T000003,C0380,P097,S001,D064,2,296.7,563.14,0.051
T000004,C0071,P090,S001,D105,1,115.87,102.43,0.116
T000005,C0488,P031,S001,D320,2,90.95,177.17,0.026
T000006,C0422,P062,S001,D300,3,297.36,787.71,0.117
T000007,C0065,P136,S001,D075,2,172.7,330.2,0.044
T000008,C0376,P124,S001,D263,1,358.75,321.44,0.104
T000009,C0016,P009,S001,D203,2,74.27,136.66,0.08
T000010,C0269,P166,S001,D174,2,26.8,48.24,0.1
T000011,C0296,P149,S001,D103,1,1202.94,1100.69,0.085
T000012,C0262,P038,S001,D320,4,167.35,612.5,0.085
T000013,C0291,P008,S001,D086,2,73.33,145.49,0.008
T000014,C0396,P025,S001,D183,1,125.24,105.58,0.157
T000015,C0371,P096,S001,D076,2,270.4,446.7,0.174
T000016,C0002,P051,S001,D157,3,79.99,229.65,0.043
T000017,C0126,P101,S001,D360,2,104.32,204.88,0.018
T000018,C0472,P049,S001,D143,1,88.99,78.76,0.115
T000019,C0440,P035,S001,D272,2,63.05,121.06,0.04
T000020,C0366,P042,S001,D154,2,215.69,397.3,0.079
T000021,C0165,P160,S001,D122,2,39.41,75.19,0.046
T000022,C0164,P128,S001,D222,2,332.63,628.67,0.055
T000023,C0191,P152,S001,D064,1,1189.77,1149.32,0.034
T000024,C0027,P114,S001,D007,1,162.57,156.07,0.04
T000025,C0024,P085,S001,D032,1,151.57,143.23,0.055
T000026,C0239,P126,S001,D126,1,360.66,346.59,0.039
T000027,C0160,P064,S001,D121,1,321.86,293.21,0.089
T000028,C0005,P134,S001,D303,1,145.34,143.16,0.015
T000029,C0402,P026,S001,D140,2,146.21,264.93,0.094
T000030,C0238,P101,S001,D011,2,106.39,170.86,0.197
T000031,C0396,P146,S001,D058,1,126.9,104.95,0.173
T000032,C0280,P005,S001,D318,1,87.07,76.19,0.125
T000033,C0004,P146,S001,D318,4,128.07,485.64,0.052
T000034,C0278,P111,S001,D097,2,156.06,278.1,0.109
T000035,C0450,P052,S001,D225,1,81.05,79.67,0.017
T000036,C0389,P002,S001,D292,1,79.09,70.47,0.109
T000037,C0373,P057,S001,D167,3,57.77,152.34,0.121
T000038,C0122,P027,S001,D248,2,91.69,147.44,0.196
T000039,C0498,P056,S001,D102,2,59.94,107.89,0.1
T000040,C0048,P090,S001,D348,3,111.36,330.07,0.012
T000041,C0433,P102,S001,D054,2,110.01,212.32,0.035
T000042,C0191,P113,S001,D078,4,172.2,663.31,0.037
T000043,C0298,P095,S001,D336,2,290.22,576.38,0.007
T000044,C0420,P024,S001,D028,4,133.42,517.67,0.03
T000045,C0032,P134,S001,D014,3,145.92,416.75,0.048
T000046,C0122,P154,S001,D112,2,91.96,149.89,0.185
T000047,C0475,P039,S001,D138,2,148.19,286.01,0.035
T000048,C0377,P153,S001,D185,2,79.76,146.44,0.082
T000049,C0120,P009,S001,D281,2,73.1,136.84,0.064
T000050,C0400,P075,S001,D179,2,140.27,279.14,0.005
T000051,C0055,P092,S001,D192,5,102.72,470.97,0.083
T000052,C0209,P071,S001,D003,3,78.99,219.2,0.075
T000053,C0395,P143,S001,D216,5,125.02,615.72,0.015
T000054,C0136,P119,S001,D213,1,202.53,191.19,0.056
T000055,C0414,P164,S001,D096,3,31.15,76.35,0.183
T000056,C0357,P026,S001,D307,3,148.87,441.7,0.011
T000057,C0439,P090,S001,D144,4,113.31,427.86,0.056
T000058,C0128,P115,S001,D100,1,188.06,173.39,0.078
T000059,C0026,P083,S001,D223,3,145.94,432.13,0.013
T000060,C0090,P082,S001,D170,1,202.38,198.33,0.02
T000061,C0232,P017,S001,D137,3,86.22,218.57,0.155
T000062,C0049,P052,S001,D321,2,83.32,159.97,0.04
T000063,C0072,P075,S001,D318,2,134.89,268.97,0.003
T000064,C0400,P057,S001,D209,2,60.13,119.42,0.007
T000065,C0422,P024,S001,D301,1,133.47,110.91,0.169
T000066,C0481,P082,S001,D285,3,210.05,572.81,0.091
T000067,C0133,P053,S001,D332,1,95.19,89.95,0.055
T000068,C0034,P102,S001,D257,1,107.89,97.64,0.095
T000069,C0415,P154,S001,D143,2,91.05,161.52,0.113
T000070,C0425,P037,S001,D308,1,157.37,148.09,0.059
T000071,C0483,P057,S001,D126,1,58.3,54.69,0.062
T000072,C0294,P155,S001,D070,1,78.42,70.5,0.101
T000073,C0255,P035,S001,D255,1,63.03,60.89,0.034
T000074,C0089,P158,S001,D298,1,37.4,33.14,0.114
T000075,C0141,P096,S001,D308,1,273.13,242.54,0.112
T000076,C0018,P033,S001,D214,2,62.78,113.88,0.093
T000077,C0332,P086,S001,D144,1,145.87,142.81,0.021
T000078,C0282,P086,S001,D311,1,147.5,146.91,0.004
T000079,C0197,P104,S001,D243,2,108.92,215.66,0.01
T000080,C0453,P043,S001,D037,1,207.77,181.8,0.125
T000081,C0411,P120,S001,D107,2,212.38,424.34,0.001
T000082,C0196,P139,S001,D119,1,279.07,274.05,0.018
T000083,C0279,P069,S001,D243,2,78.8,145.94,0.074
T000084,C0290,P115,S001,D314,1,182.95,179.47,0.019
T000085,C0093,P127,S001,D080,2,284.22,551.39,0.03
T000086,C0016,P011,S001,D013,3,94.4,253.75,0.104
T000087,C0030,P034,S001,D186,1,64.69,63.14,0.024
T000088,C0184,P100,S001,D038,2,111.75,212.32,0.05
T000089,C0499,P118,S001,D061,1,209.52,195.48,0.067
T000090,C0124,P045,S001,D275,3,188.98,506.28,0.107
T000091,C0470,P065,S001,D010,1,331.08,296.98,0.103
T000092,C0486,P057,S001,D163,2,57.46,110.09,0.042
T000093,C0409,P159,S001,D218,1,38.92,37.09,0.047
T000094,C0433,P142,S001,D252,1,225.43,222.72,0.012
T000095,C0163,P055,S001,D269,5,60.76,273.72,0.099
T000096,C0468,P125,S001,D189,4,335.03,1293.22,0.035
T000097,C0181,P074,S001,D062,3,150.59,439.12,0.028
T000098,C0289,P035,S001,D227,2,66.6,108.69,0.184
T000099,C0415,P054,S001,D065,2,84.22,154.29,0.084
T000100,C0159,P033,S001,D253,1,61.14,54.78,0.104
T000101,C0029,P064,S001,D237,2,320.01,561.94,0.122
T000102,C0270,P018,S001,D249,2,34.51,67.85,0.017
T000103,C0315,P159,S001,D323,3,38.48,102.4,0.113
T000104,C0368,P056,S001,D197,3,57.07,164.36,0.04
T000105,C0445,P020,S001,D139,2,33.42,66.77,0.001
T000106,C0301,P034,S001,D114,1,64.29,63.84,0.007
T000107,C0057,P004,S001,D292,2,77.18,125.65,0.186
T000108,C0492,P143,S001,D196,2,123.99,239.3,0.035
T000109,C0340,P121,S001,D134,5,195.95,871.98,0.11
T000110,C0155,P017,S001,D280,1,85.02,80.85,0.049
T000111,C0375,P160,S001,D300,1,41.09,39.45,0.04
T000112,C0492,P145,S001,D070,2,123.74,243.52,0.016
T000113,C0363,P110,S001,D026,1,187.61,169.04,0.099
T000114,C0476,P069,S001,D350,2,78.02,144.34,0.075
T000115,C0341,P055,S001,D099,2,59.98,118.88,0.009
T000116,C0158,P048,S001,D060,1,92.43,91.04,0.015
T000117,C0091,P137,S001,D146,1,161.48,153.89,0.047
T000118,C0486,P154,S001,D348,2,93.53,179.02,0.043
T000119,C0395,P091,S001,D080,1,114.74,114.51,0.002
T000120,C0309,P075,S001,D292,3,136.52,393.18,0.04
T000121,C0314,P113,S001,D145,3,169.74,494.96,0.028
T000122,C0480,P024,S001,D038,3,134.24,349.16,0.133
T000123,C0040,P019,S001,D211,1,36.3,34.52,0.049
T000124,C0086,P070,S001,D143,1,75.24,71.63,0.048
T000125,C0421,P066,S001,D303,1,294.22,284.8,0.032
T000126,C0454,P132,S001,D223,2,91.35,182.52,0.001
T000127,C0108,P019,S001,D277,2,36.33,72.44,0.003
T000128,C0132,P022,S001,D105,1,138.86,124.97,0.1
T000129,C0025,P008,S001,D282,4,74.32,286.28,0.037
T000130,C0497,P012,S001,D225,1,84.36,82.59,0.021
T000131,C0452,P130,S001,D171,4,86.85,338.02,0.027
T000132,C0052,P070,S001,D257,1,76.1,68.11,0.105
T000133,C0296,P009,S001,D217,1,75.69,68.27,0.098
T000134,C0084,P018,S001,D213,1,34.46,33.08,0.04
T000135,C0018,P149,S001,D010,4,1179.12,4376.89,0.072
T000136,C0488,P102,S001,D069,2,107.27,210.89,0.017
T000137,C0455,P026,S001,D195,4,146.84,565.63,0.037
T000138,C0281,P019,S001,D079,1,37.86,33.39,0.118
T000139,C0174,P040,S001,D364,4,140.5,544.58,0.031
T000140,C0248,P051,S001,D067,3,83.25,244.26,0.022
T000141,C0335,P131,S001,D101,2,95.31,169.27,0.112
T000142,C0081,P144,S001,D154,3,134.43,396.43,0.017
T000143,C0499,P070,S001,D136,1,73.24,65.99,0.099
T000144,C0370,P104,S001,D091,3,114.18,312.4,0.088
T000145,C0339,P073,S001,D055,2,129.5,255.89,0.012
T000146,C0026,P030,S001,D167,3,100.44,293.18,0.027
T000147,C0252,P140,S001,D089,4,265.35,1042.29,0.018
T000148,C0219,P097,S001,D052,1,295.1,263.23,0.108
T000149,C0321,P084,S001,D223,1,141.33,139.92,0.01
T000150,C0014,P059,S001,D359,2,55.25,100.0,0.095
T000151,C0042,P090,S001,D102,1,114.31,113.62,0.006
T000152,C0402,P058,S001,D285,2,51.91,95.1,0.084
T000153,C0339,P121,S001,D288,1,194.41,188.19,0.032
T000154,C0199,P049,S001,D306,2,89.18,170.51,0.044
T000155,C0190,P021,S001,D149,1,34.0,33.93,0.002
T000156,C0226,P012,S001,D262,2,85.9,169.91,0.011
T000157,C0138,P120,S001,D328,1,212.65,199.68,0.061
T000158,C0357,P011,S001,D258,1,93.14,92.77,0.004
T000159,C0177,P161,S001,D364,4,39.95,137.27,0.141
T000160,C0388,P093,S001,D173,1,96.76,88.15,0.089
T000161,C0431,P091,S001,D179,2,110.86,188.02,0.152
T000162,C0495,P032,S001,D231,1,61.5,58.86,0.043
T000163,C0244,P025,S001,D364,4,128.86,451.53,0.124
T000164,C0154,P087,S001,D216,2,151.86,269.4,0.113
T000165,C0366,P007,S001,D105,1,61.37,55.85,0.09
T000166,C0265,P052,S001,D111,2,85.02,164.26,0.034
T000167,C0318,P129,S001,D143,1,95.72,91.22,0.047
T000168,C0230,P127,S001,D105,3,286.8,758.01,0.119
T000169,C0498,P054,S001,D306,2,80.91,151.63,0.063
T000170,C0022,P002,S001,D290,3,77.99,222.51,0.049
T000171,C0223,P135,S001,D278,1,155.41,149.04,0.041
T000172,C0076,P047,S001,D102,2,216.92,404.34,0.068
T000173,C0467,P111,S001,D006,2,159.66,306.55,0.04
T000174,C0045,P027,S001,D080,4,91.51,358.72,0.02
T000175,C0167,P066,S001,D051,2,296.8,578.17,0.026
T000176,C0470,P161,S001,D131,1,40.1,35.89,0.105
T000177,C0320,P091,S001,D210,5,112.21,539.17,0.039
T000178,C0058,P122,S001,D284,1,191.92,190.58,0.007
T000179,C0302,P138,S001,D183,1,271.94,239.85,0.118
T000180,C0052,P123,S001,D111,2,308.66,562.38,0.089
T000181,C0052,P052,S001,D180,1,84.94,75.51,0.111
T000182,C0451,P060,S001,D351,1,52.65,51.54,0.021
T000183,C0197,P138,S001,D098,1,273.11,265.19,0.029
T000184,C0243,P023,S001,D201,5,140.49,692.62,0.014
T000185,C0074,P077,S001,D325,1,149.44,144.36,0.034
T000186,C0206,P051,S001,D303,3,79.96,229.33,0.044
T000187,C0170,P084,S001,D180,1,142.1,127.18,0.105
T000188,C0244,P004,S001,D064,1,77.52,62.79,0.19
T000189,C0011,P105,S001,D168,1,126.09,121.05,0.04
T000190,C0160,P027,S001,D272,1,90.92,83.28,0.084
T000191,C0357,P028,S001,D307,1,99.99,95.09,0.049
T000192,C0117,P012,S001,D066,2,84.19,148.51,0.118
T000193,C0227,P056,S001,D022,4,59.16,232.85,0.016
T000194,C0374,P019,S001,D302,2,36.7,66.43,0.095
T000195,C0097,P114,S001,D218,2,165.18,315.16,0.046
T000196,C0209,P141,S001,D162,2,267.85,480.52,0.103
T000197,C0445,P078,S001,D343,5,196.8,981.05,0.003
T000198,C0406,P042,S001,D147,4,208.27,819.75,0.016
T000199,C0260,P160,S001,D158,1,39.78,35.6,0.105
T000200,C0269,P114,S001,D184,3,169.53,482.14,0.052
T000201,C0099,P081,S001,D328,3,218.63,649.33,0.01
T000202,C0030,P152,S001,D295,2,1199.27,2343.37,0.023
T000203,C0471,P134,S001,D354,2,145.26,287.61,0.01
T000204,C0189,P090,S001,D359,1,116.71,113.79,0.025
T000205,C0326,P044,S001,D283,1,191.86,173.06,0.098
T000206,C0124,P057,S001,D193,1,57.99,52.65,0.092
T000207,C0091,P046,S001,D360,2,217.12,423.82,0.024
T000208,C0283,P142,S001,D026,1,227.86,226.04,0.008
T000209,C0458,P004,S001,D183,4,74.52,243.53,0.183
T000210,C0047,P043,S001,D325,2,201.5,395.34,0.019
T000211,C0084,P008,S001,D180,3,76.42,220.32,0.039
T000212,C0110,P083,S001,D098,3,147.49,400.44,0.095
T000213,C0347,P085,S001,D144,3,144.95,420.5,0.033
T000214,C0263,P063,S001,D210,1,263.65,235.97,0.105
T000215,C0393,P064,S001,D218,4,328.79,1206.0,0.083
T000216,C0068,P090,S001,D225,2,115.5,224.07,0.03
T000217,C0005,P003,S001,D006,3,78.03,227.07,0.03
T000218,C0483,P095,S001,D264,1,293.97,259.28,0.118
T000219,C0330,P084,S001,D182,2,138.6,224.53,0.19
T000220,C0437,P100,S001,D014,3,108.99,322.72,0.013
T000221,C0239,P058,S001,D202,3,51.61,150.8,0.026
T000222,C0320,P042,S001,D161,3,211.31,630.76,0.005
T000223,C0262,P136,S001,D171,2,175.25,309.14,0.118
T000224,C0430,P152,S001,D177,3,1208.38,3509.14,0.032
T000225,C0312,P004,S001,D029,3,74.62,216.25,0.034
T000226,C0247,P005,S001,D312,1,83.49,73.55,0.119
T000227,C0328,P097,S001,D136,2,299.42,590.46,0.014
T000228,C0336,P088,S001,D117,2,151.59,289.54,0.045
T000229,C0153,P086,S001,D062,1,144.93,132.47,0.086
T000230,C0124,P071,S001,D088,2,82.77,147.99,0.106
T000231,C0411,P033,S001,D014,2,63.51,124.48,0.02
T000232,C0164,P098,S001,D135,4,99.9,359.64,0.1
T000233,C0336,P112,S001,D293,1,181.14,178.42,0.015
T000234,C0465,P045,S001,D031,1,190.72,187.1,0.019
T000235,C0019,P044,S001,D232,1,188.04,178.64,0.05
T000236,C0418,P119,S001,D238,1,194.65,174.99,0.101
T000237,C0114,P103,S001,D363,3,105.92,307.59,0.032
T000238,C0244,P104,S001,D012,2,114.06,190.02,0.167
T000239,C0260,P051,S001,D331,1,81.25,76.21,0.062
T000240,C0337,P075,S001,D108,1,141.15,139.88,0.009
T000241,C0050,P084,S001,D123,1,140.24,135.05,0.037
T000242,C0372,P105,S001,D017,2,129.69,249.52,0.038
T000243,C0094,P086,S001,D277,1,151.65,134.51,0.113
T000244,C0336,P074,S001,D222,2,143.04,280.93,0.018
T000245,C0382,P066,S001,D263,5,297.06,1454.11,0.021
T000246,C0455,P024,S001,D228,1,132.91,131.18,0.013
T000247,C0151,P002,S001,D034,3,78.18,233.13,0.006
T000248,C0028,P054,S001,D184,1,84.14,81.7,0.029
T000249,C0484,P071,S001,D207,4,81.42,298.65,0.083
T000250,C0100,P072,S001,D001,2,132.49,253.59,0.043
T000251,C0196,P112,S001,D017,2,181.49,355.36,0.021
T000252,C0446,P096,S001,D016,1,282.67,265.71,0.06
T000253,C0103,P015,S001,D364,4,77.97,274.77,0.119
T000254,C0458,P166,S001,D319,3,28.19,72.22,0.146
T000255,C0162,P118,S001,D021,2,218.54,433.15,0.009
T000256,C0042,P013,S001,D236,3,90.89,263.94,0.032
T000257,C0091,P080,S001,D223,2,202.16,403.11,0.003
T000258,C0232,P075,S001,D268,3,136.15,336.56,0.176
T000259,C0087,P059,S001,D177,2,56.5,112.1,0.008
T000260,C0403,P051,S001,D268,2,83.54,157.72,0.056
T000261,C0315,P150,S001,D199,1,1169.92,1002.62,0.143
T000262,C0220,P136,S001,D148,2,174.9,322.87,0.077
T000263,C0020,P079,S001,D040,1,199.98,192.58,0.037
T000264,C0487,P138,S001,D070,2,262.71,517.01,0.016
T000265,C0427,P003,S001,D361,2,79.49,150.87,0.051
T000266,C0003,P052,S001,D318,1,84.14,83.13,0.012
T000267,C0356,P158,S001,D072,3,38.58,113.89,0.016
T000268,C0053,P101,S001,D326,1,106.49,89.56,0.159
T000269,C0086,P106,S001,D272,1,119.13,118.89,0.002
T000270,C0486,P018,S001,D301,2,34.13,65.8,0.036
T000271,C0306,P036,S001,D325,3,144.89,399.9,0.08
T000272,C0352,P014,S001,D276,1,88.7,82.14,0.074
T000273,C0462,P049,S001,D217,3,90.85,244.48,0.103
T000274,C0085,P058,S001,D262,2,53.63,95.03,0.114
T000275,C0207,P110,S001,D325,2,177.21,331.03,0.066
T000276,C0068,P150,S001,D345,5,1154.24,5765.43,0.001
T000277,C0259,P084,S001,D258,5,137.7,676.11,0.018
T000278,C0334,P043,S001,D036,3,207.71,575.77,0.076
T000279,C0328,P095,S001,D263,1,293.08,285.17,0.027
T000280,C0025,P146,S001,D318,4,125.53,501.12,0.002
T000281,C0056,P102,S001,D274,1,110.89,110.78,0.001
T000282,C0354,P014,S001,D023,2,84.15,164.6,0.022
T000283,C0064,P125,S001,D033,2,334.15,652.26,0.024
T000284,C0079,P147,S001,D207,3,130.74,378.88,0.034
T000285,C0005,P041,S001,D320,1,156.84,151.66,0.033
T000286,C0340,P148,S001,D335,2,1055.66,1769.29,0.162
T000287,C0359,P063,S001,D035,2,265.56,508.81,0.042
T000288,C0054,P164,S001,D211,1,30.83,27.96,0.093
T000289,C0145,P018,S001,D276,3,33.76,100.77,0.005
T000290,C0102,P151,S001,D150,2,1110.18,2133.77,0.039
T000291,C0426,P048,S001,D246,3,91.28,271.1,0.01
T000292,C0361,P159,S001,D009,4,38.97,154.63,0.008
T000293,C0281,P125,S001,D265,4,333.13,1245.91,0.065
T000294,C0478,P015,S001,D010,2,78.62,146.86,0.066
T000295,C0007,P022,S001,D026,5,137.92,658.57,0.045
T000296,C0428,P144,S001,D050,4,138.74,541.09,0.025
T000297,C0487,P023,S001,D062,1,140.95,137.29,0.026
T000298,C0371,P147,S001,D306,4,134.88,437.01,0.19
T000299,C0330,P028,S001,D020,1,97.29,77.93,0.199
T000300,C0152,P010,S001,D275,2,90.52,180.5,0.003
T000301,C0417,P160,S001,D009,1,39.23,37.15,0.053
T000302,C0149,P023,S001,D293,3,143.29,415.25,0.034
T000303,C0219,P142,S001,D126,2,233.22,439.85,0.057
T000304,C0389,P043,S001,D091,4,208.91,793.02,0.051
T000305,C0071,P128,S001,D165,2,340.57,601.45,0.117
T000306,C0184,P103,S001,D145,2,107.23,204.17,0.048
T000307,C0138,P146,S001,D168,3,127.66,361.15,0.057
T000308,C0418,P085,S001,D229,2,146.16,275.37,0.058
T000309,C0205,P008,S001,D083,1,76.91,67.14,0.127
T000310,C0198,P007,S001,D211,3,63.85,175.65,0.083
T000311,C0216,P128,S001,D038,1,340.27,326.66,0.04
T000312,C0058,P122,S001,D350,1,188.66,181.87,0.036
T000313,C0483,P166,S001,D255,2,28.09,52.98,0.057
T000314,C0467,P033,S001,D173,5,62.69,300.91,0.04
T000315,C0348,P002,S001,D335,2,78.06,141.6,0.093
T000316,C0399,P039,S001,D053,2,144.33,288.37,0.001
T000317,C0351,P120,S001,D122,1,216.66,208.86,0.036
T000318,C0457,P074,S001,D348,1,143.4,115.87,0.192
T000319,C0058,P092,S001,D082,1,107.27,104.91,0.022
T000320,C0033,P080,S001,D063,1,201.53,198.31,0.016
T000321,C0361,P152,S001,D341,2,1244.48,2424.25,0.026
T000322,C0381,P085,S001,D058,1,148.23,134.89,0.09
T000323,C0490,P102,S001,D022,3,111.0,308.36,0.074
T000324,C0268,P009,S001,D226,2,75.86,147.02,0.031
T000325,C0222,P097,S001,D033,3,305.53,905.59,0.012
T000326,C0178,P098,S001,D204,3,99.8,289.82,0.032
T000327,C0077,P085,S001,D008,4,150.55,508.26,0.156
T000328,C0314,P159,S001,D060,2,38.13,73.82,0.032
T000329,C0081,P150,S001,D281,1,1174.98,1147.96,0.023
T000330,C0254,P054,S001,D173,4,84.15,335.25,0.004
T000331,C0252,P048,S001,D330,2,90.17,177.27,0.017
T000332,C0143,P155,S001,D250,1,76.62,75.78,0.011
T000333,C0330,P010,S001,D255,1,91.15,74.56,0.182
T000334,C0041,P158,S001,D167,1,37.64,36.13,0.04
T000335,C0230,P127,S001,D108,1,285.31,261.06,0.085
T000336,C0162,P079,S001,D334,2,195.01,380.27,0.025
T000337,C0335,P128,S001,D356,1,327.5,301.96,0.078
T000338,C0019,P050,S001,D182,4,85.06,340.24,0.0
T000339,C0047,P143,S001,D320,2,129.48,246.53,0.048
T000340,C0327,P085,S001,D234,2,145.82,266.56,0.086
T000341,C0106,P092,S001,D066,2,105.8,206.73,0.023
T000342,C0175,P064,S001,D250,2,322.56,577.38,0.105
T000343,C0115,P075,S001,D355,2,140.88,261.19,0.073
T000344,C0393,P030,S001,D226,1,101.82,93.37,0.083
T000345,C0337,P088,S001,D046,4,148.46,580.18,0.023
T000346,C0050,P035,S001,D052,2,65.87,130.29,0.011
T000347,C0175,P068,S001,D011,2,76.13,127.44,0.163
T000348,C0410,P134,S001,D048,2,144.66,281.8,0.026
T000349,C0360,P130,S001,D253,1,85.42,81.58,0.045
T000350,C0253,P016,S001,D141,2,85.84,142.15,0.172
T000351,C0370,P119,S001,D237,1,197.26,183.85,0.068
T000352,C0101,P012,S001,D211,3,84.47,204.5,0.193
T000353,C0202,P105,S001,D026,3,125.16,360.09,0.041
T000354,C0098,P078,S001,D128,2,200.88,399.75,0.005
T000355,C0213,P084,S001,D191,1,136.67,114.39,0.163
T000356,C0345,P151,S001,D036,2,1108.85,2131.21,0.039
T000357,C0231,P150,S001,D059,4,1171.59,4550.46,0.029
T000358,C0259,P056,S001,D338,2,56.92,110.99,0.025
T000359,C0272,P059,S001,D302,1,57.04,55.44,0.028
T000360,C0222,P140,S001,D329,1,276.49,269.85,0.024
T000361,C0261,P053,S001,D217,1,94.43,90.09,0.046
T000362,C0355,P061,S001,D172,1,50.82,48.94,0.037
T000363,C0066,P124,S001,D283,1,342.28,309.42,0.096
T000364,C0311,P103,S001,D086,4,107.16,417.92,0.025
T000365,C0197,P166,S001,D188,1,27.39,26.57,0.03
T000366,C0355,P005,S001,D168,1,87.08,85.86,0.014
T000367,C0494,P081,S001,D126,3,211.8,590.29,0.071
T000368,C0413,P032,S001,D030,3,60.02,154.67,0.141
T000369,C0359,P123,S001,D053,2,307.97,599.93,0.026
T000370,C0432,P001,S001,D184,1,76.96,73.65,0.043
T000371,C0365,P022,S001,D336,1,138.45,134.57,0.028
T000372,C0112,P111,S001,D154,1,154.68,149.88,0.031
T000373,C0149,P039,S001,D362,1,147.19,140.42,0.046
T000374,C0068,P141,S001,D175,3,271.66,788.09,0.033
T000375,C0491,P087,S001,D057,3,152.79,418.03,0.088
T000376,C0327,P154,S001,D042,1,92.13,86.79,0.058
T000377,C0181,P100,S001,D107,1,110.4,107.2,0.029
T000378,C0483,P042,S001,D241,1,214.75,197.78,0.079
T000379,C0383,P021,S001,D174,1,35.47,32.38,0.087
T000380,C0450,P090,S001,D336,2,116.88,224.41,0.04
T000381,C0268,P081,S001,D077,4,208.77,819.21,0.019
T000382,C0028,P106,S001,D171,1,123.57,122.33,0.01
T000383,C0385,P105,S001,D034,1,129.51,123.16,0.049
T000384,C0350,P077,S001,D330,5,146.17,651.19,0.109
T000385,C0354,P017,S001,D240,4,87.4,346.1,0.01
T000386,C0278,P069,S001,D041,1,75.32,67.26,0.107
T000387,C0053,P128,S001,D257,1,339.61,282.56,0.168
T000388,C0288,P020,S001,D358,4,34.52,124.0,0.102
T000389,C0288,P108,S001,D284,1,129.99,118.81,0.086
T000390,C0408,P053,S001,D047,2,94.52,186.39,0.014
T000391,C0341,P082,S001,D134,2,202.58,397.46,0.019
T000392,C0214,P066,S001,D132,1,298.54,263.31,0.118
T000393,C0161,P062,S001,D044,1,301.67,300.76,0.003
T000394,C0381,P022,S001,D325,2,134.47,243.93,0.093
T000395,C0400,P106,S001,D139,2,124.97,244.44,0.022
T000396,C0116,P120,S001,D253,1,217.06,180.16,0.17
T000397,C0332,P007,S001,D019,3,62.63,182.44,0.029
T000398,C0379,P012,S001,D188,1,86.61,77.6,0.104
T000399,C0494,P090,S001,D243,1,112.38,103.28,0.081
T000400,C0350,P065,S001,D223,1,318.11,280.89,0.117
T000401,C0377,P046,S001,D131,2,211.46,390.78,0.076
T000402,C0220,P085,S001,D211,4,145.59,542.76,0.068
T000403,C0083,P109,S001,D028,2,126.63,249.97,0.013
T000404,C0170,P142,S001,D226,3,229.47,554.86,0.194
T000405,C0021,P076,S001,D088,1,129.02,126.96,0.016
T000406,C0027,P026,S001,D210,4,150.38,582.87,0.031
T000407,C0432,P145,S001,D045,3,125.04,365.74,0.025
T000408,C0294,P055,S001,D055,4,59.84,226.2,0.055
T000409,C0363,P035,S001,D216,3,64.15,179.94,0.065
T000410,C0095,P007,S001,D255,1,63.21,60.74,0.039
T000411,C0082,P122,S001,D179,5,191.94,933.79,0.027
T000412,C0048,P004,S001,D359,1,74.93,71.63,0.044
T000413,C0340,P139,S001,D133,4,271.66,938.86,0.136
T000414,C0112,P042,S001,D334,1,218.36,211.59,0.031
T000415,C0244,P112,S001,D209,1,186.57,152.61,0.182
T000416,C0333,P105,S001,D016,2,123.58,239.0,0.033
T000417,C0229,P038,S001,D364,1,166.14,150.36,0.095
T000418,C0471,P058,S001,D325,1,52.61,50.08,0.048
T000419,C0350,P141,S001,D161,1,270.14,249.34,0.077
T000420,C0408,P056,S001,D172,4,59.75,234.46,0.019
T000421,C0277,P139,S001,D115,4,278.12,1054.63,0.052
T000422,C0265,P004,S001,D365,5,77.07,378.03,0.019
T000423,C0412,P023,S001,D279,4,144.58,564.44,0.024
T000424,C0152,P113,S001,D125,5,176.76,874.96,0.01
T000425,C0264,P047,S001,D044,4,207.33,825.17,0.005
T000426,C0498,P136,S001,D265,4,174.81,637.71,0.088
T000427,C0004,P131,S001,D120,4,98.01,366.56,0.065
T000428,C0323,P062,S001,D171,3,298.29,856.39,0.043
T000429,C0218,P160,S001,D096,2,40.82,80.82,0.01
T000430,C0425,P007,S001,D120,2,63.9,112.72,0.118
T000431,C0397,P029,S001,D004,1,91.39,87.64,0.041
T000432,C0037,P045,S001,D282,2,194.5,385.89,0.008
T000433,C0236,P032,S001,D008,1,62.17,55.7,0.104
T000434,C0038,P014,S001,D120,2,83.84,149.91,0.106
T000435,C0286,P030,S001,D337,1,98.48,94.44,0.041
T000436,C0467,P116,S001,D015,2,175.91,345.14,0.019
T000437,C0323,P108,S001,D254,1,130.11,128.03,0.016
T000438,C0200,P008,S001,D065,3,75.61,192.13,0.153
T000439,C0329,P119,S001,D142,2,200.96,380.22,0.054
T000440,C0382,P008,S001,D362,2,75.21,145.16,0.035
T000441,C0038,P122,S001,D037,4,191.26,700.01,0.085
T000442,C0149,P025,S001,D184,3,130.51,385.66,0.015
T000443,C0045,P126,S001,D073,2,348.28,664.52,0.046
T000444,C0196,P009,S001,D265,4,74.54,288.32,0.033
T000445,C0243,P031,S001,D220,1,89.9,88.91,0.011
T000446,C0383,P124,S001,D190,4,348.33,1245.63,0.106
T000447,C0280,P156,S001,D285,1,87.03,72.84,0.163
T000448,C0153,P137,S001,D129,2,160.98,285.26,0.114
T000449,C0408,P033,S001,D129,3,63.72,185.04,0.032
T000450,C0491,P116,S001,D091,1,183.3,166.99,0.089
T000451,C0285,P116,S001,D197,4,174.65,697.2,0.002
T000452,C0294,P027,S001,D146,1,92.66,84.51,0.088
T000453,C0485,P126,S001,D125,1,344.13,321.76,0.065
T000454,C0380,P122,S001,D004,3,197.58,548.88,0.074
T000455,C0212,P126,S001,D281,3,361.5,965.2,0.11
T000456,C0073,P105,S001,D151,2,124.74,219.04,0.122
T000457,C0428,P135,S001,D069,4,155.89,619.82,0.006
T000458,C0344,P050,S001,D246,1,86.29,70.33,0.185
T000459,C0436,P015,S001,D171,5,79.9,379.52,0.05
T000460,C0282,P139,S001,D156,2,273.79,532.8,0.027
T000461,C0149,P017,S001,D026,2,86.82,171.38,0.013
T000462,C0102,P120,S001,D072,2,214.7,419.09,0.024
T000463,C0170,P032,S001,D206,3,60.84,152.04,0.167
T000464,C0121,P048,S001,D096,2,88.96,149.1,0.162
T000465,C0461,P075,S001,D247,2,135.49,264.48,0.024
T000466,C0169,P086,S001,D273,3,148.72,414.48,0.071
T000467,C0300,P130,S001,D127,4,85.67,311.84,0.09
T000468,C0414,P141,S001,D116,1,261.12,223.78,0.143
T000469,C0003,P063,S001,D359,4,268.43,1031.84,0.039
T000470,C0365,P121,S001,D253,1,200.03,195.63,0.022
T000471,C0431,P070,S001,D248,2,74.0,123.14,0.168
T000472,C0170,P050,S001,D358,3,86.69,222.1,0.146
T000473,C0184,P106,S001,D030,3,124.34,364.07,0.024
T000474,C0056,P046,S001,D290,1,207.17,200.95,0.03
T000475,C0431,P157,S001,D146,5,88.42,361.2,0.183
T000476,C0457,P161,S001,D037,3,39.31,103.07,0.126
T000477,C0454,P072,S001,D018,4,133.5,514.78,0.036
T000478,C0457,P162,S001,D174,1,26.68,22.65,0.151
T000479,C0016,P145,S001,D187,2,126.16,229.36,0.091
T000480,C0394,P050,S001,D144,2,85.23,162.79,0.045
T000481,C0283,P053,S001,D002,2,91.53,174.82,0.045
T000482,C0277,P046,S001,D105,2,210.93,377.99,0.104
T000483,C0188,P007,S001,D302,1,62.72,59.9,0.045
T000484,C0302,P095,S001,D298,4,301.6,1121.95,0.07
T000485,C0238,P002,S001,D077,1,78.36,69.82,0.109
T000486,C0187,P041,S001,D254,2,158.75,264.8,0.166
T000487,C0435,P140,S001,D192,1,278.52,245.38,0.119
T000488,C0351,P120,S001,D218,1,207.58,202.18,0.026
T000489,C0229,P144,S001,D124,2,135.31,246.26,0.09
T000490,C0290,P079,S001,D041,2,201.49,383.64,0.048
T000491,C0377,P148,S001,D082,5,1069.06,4725.25,0.116
T000492,C0021,P120,S001,D304,1,208.26,203.26,0.024
T000493,C0033,P162,S001,D140,1,27.08,26.76,0.012
T000494,C0343,P163,S001,D108,3,27.44,78.62,0.045
T000495,C0185,P049,S001,D095,2,90.29,172.27,0.046
T000496,C0452,P127,S001,D208,1,284.58,270.64,0.049
T000497,C0166,P094,S001,D306,2,279.67,532.49,0.048
T000498,C0325,P090,S001,D083,2,116.75,223.69,0.042
T000499,C0135,P132,S001,D290,1,92.7,84.36,0.09
T000500,C0193,P023,S001,D051,2,145.83,251.7,0.137
T000501,C0335,P116,S001,D202,1,182.75,172.7,0.055
T000502,C0129,P057,S001,D134,2,58.01,93.86,0.191
T000503,C0265,P091,S001,D077,1,110.99,106.44,0.041
T000504,C0177,P133,S001,D036,2,82.57,140.7,0.148
T000505,C0310,P023,S001,D071,2,140.22,249.03,0.112
T000506,C0226,P069,S001,D198,1,75.94,75.64,0.004
T000507,C0330,P068,S001,D124,2,75.79,134.15,0.115
T000508,C0081,P105,S001,D104,3,126.28,365.2,0.036
T000509,C0061,P088,S001,D305,2,151.14,278.4,0.079
T000510,C0170,P003,S001,D223,1,80.39,68.49,0.148
T000511,C0246,P164,S001,D061,1,30.77,29.85,0.03
T000512,C0332,P122,S001,D265,1,196.77,196.57,0.001
T000513,C0023,P060,S001,D356,4,51.96,201.6,0.03
T000514,C0069,P153,S001,D313,5,81.23,363.91,0.104
T000515,C0294,P100,S001,D256,1,107.66,100.99,0.062
T000516,C0473,P117,S001,D149,1,189.38,180.29,0.048
T000517,C0307,P004,S001,D145,4,77.74,301.01,0.032
T000518,C0450,P059,S001,D348,2,56.98,110.2,0.033
T000519,C0146,P039,S001,D345,3,149.47,443.48,0.011
T000520,C0311,P051,S001,D175,1,84.67,81.03,0.043
T000521,C0088,P085,S001,D168,5,145.07,623.08,0.141
T000522,C0074,P105,S001,D187,3,129.58,372.8,0.041
T000523,C0094,P040,S001,D042,1,140.74,128.64,0.086
T000524,C0086,P099,S001,D052,3,93.29,275.11,0.017
T000525,C0233,P161,S001,D294,1,39.45,35.23,0.107
T000526,C0194,P069,S001,D230,2,76.96,153.15,0.005
T000527,C0104,P060,S001,D063,2,53.22,101.65,0.045
T000528,C0351,P166,S001,D042,3,27.39,81.59,0.007
T000529,C0050,P017,S001,D106,2,84.27,160.96,0.045
T000530,C0308,P007,S001,D248,2,61.38,117.97,0.039
T000531,C0258,P064,S001,D316,1,330.15,328.5,0.005
T000532,C0338,P116,S001,D121,4,174.53,677.18,0.03
T000533,C0424,P031,S001,D213,2,89.04,143.53,0.194
T000534,C0348,P068,S001,D047,1,77.49,70.75,0.087
T000535,C0190,P098,S001,D037,3,101.05,292.54,0.035
T000536,C0220,P015,S001,D156,2,77.43,138.44,0.106
T000537,C0405,P153,S001,D180,3,81.9,212.53,0.135
T000538,C0412,P066,S001,D274,1,294.79,283.59,0.038
T000539,C0357,P142,S001,D146,2,230.98,452.26,0.021
T000540,C0131,P150,S001,D351,1,1172.98,1095.56,0.066
T000541,C0440,P165,S001,D166,1,28.88,28.01,0.03
T000542,C0279,P080,S001,D348,2,203.33,381.04,0.063
T000543,C0364,P132,S001,D131,5,93.61,468.05,0.0
T000544,C0268,P033,S001,D214,4,60.92,243.68,0.0
T000545,C0336,P120,S001,D100,4,208.09,799.07,0.04
T000546,C0210,P120,S001,D250,3,210.08,625.2,0.008
T000547,C0334,P037,S001,D084,1,155.3,144.74,0.068
T000548,C0275,P075,S001,D047,1,137.4,134.93,0.018
T000549,C0142,P119,S001,D236,1,204.19,188.26,0.078
T000550,C0105,P001,S001,D180,1,75.64,67.7,0.105
T000551,C0248,P116,S001,D298,5,175.05,850.74,0.028
T000552,C0248,P050,S001,D033,2,83.52,164.53,0.015
T000553,C0177,P008,S001,D156,2,76.06,130.82,0.14
T000554,C0071,P028,S001,D020,4,101.0,336.94,0.166
T000555,C0383,P073,S001,D198,1,129.09,115.54,0.105
T000556,C0487,P039,S001,D190,1,142.61,141.04,0.011
T000557,C0206,P050,S001,D189,2,86.23,165.56,0.04
T000558,C0315,P027,S001,D168,2,93.22,154.56,0.171
T000559,C0083,P041,S001,D103,1,157.67,152.62,0.032
T000560,C0412,P046,S001,D287,1,206.1,204.66,0.007
T000561,C0475,P131,S001,D350,2,97.86,194.94,0.004
T000562,C0135,P112,S001,D180,1,178.15,168.17,0.056
T000563,C0020,P033,S001,D167,1,63.19,60.22,0.047
T000564,C0206,P088,S001,D360,2,150.71,293.58,0.026
T000565,C0365,P096,S001,D284,3,284.49,850.91,0.003
T000566,C0397,P013,S001,D237,1,92.71,89.74,0.032
T000567,C0225,P007,S001,D028,3,61.28,175.93,0.043
T000568,C0477,P037,S001,D358,1,157.33,146.32,0.07
T000569,C0018,P067,S001,D028,1,74.81,68.38,0.086
T000570,C0358,P114,S001,D210,3,163.09,432.03,0.117
T000571,C0019,P075,S001,D053,1,136.87,132.35,0.033
T000572,C0500,P136,S001,D088,1,166.65,158.32,0.05
T000573,C0400,P151,S001,D170,1,1096.31,1060.13,0.033
T000574,C0208,P020,S001,D230,2,33.95,57.58,0.152
T000575,C0378,P076,S001,D267,1,133.37,127.23,0.046
T000576,C0282,P088,S001,D232,1,147.75,141.69,0.041
T000577,C0469,P073,S001,D216,2,131.87,244.22,0.074
T000578,C0418,P127,S001,D346,1,288.62,262.07,0.092
T000579,C0100,P165,S001,D151,2,29.54,57.9,0.02
T000580,C0003,P076,S001,D352,1,129.87,127.27,0.02
T000581,C0055,P085,S001,D187,3,148.07,406.45,0.085
T000582,C0175,P029,S001,D179,3,94.21,231.76,0.18
T000583,C0490,P129,S001,D174,3,96.37,263.67,0.088
T000584,C0407,P151,S001,D296,1,1107.93,1069.15,0.035
T000585,C0495,P058,S001,D180,2,51.84,101.19,0.024
T000586,C0125,P034,S001,D217,3,64.49,184.18,0.048
T000587,C0235,P163,S001,D280,2,28.23,53.92,0.045
T000588,C0442,P130,S001,D019,1,85.01,80.08,0.058
T000589,C0035,P003,S001,D019,3,78.78,211.52,0.105
T000590,C0113,P137,S001,D048,3,160.98,451.07,0.066
T000591,C0162,P051,S001,D337,1,81.81,80.34,0.018
T000592,C0275,P104,S001,D355,1,108.06,103.52,0.042
T000593,C0128,P154,S001,D149,2,91.93,169.52,0.078
T000594,C0384,P094,S001,D337,1,292.01,275.95,0.055
T000595,C0477,P112,S001,D179,2,177.68,329.77,0.072
T000596,C0112,P065,S001,D199,1,334.16,329.82,0.013
T000597,C0485,P060,S001,D128,1,53.93,47.73,0.115
T000598,C0098,P058,S001,D015,1,52.23,51.71,0.01
T000599,C0377,P053,S001,D124,3,91.42,255.34,0.069
T000600,C0118,P142,S001,D073,3,225.83,669.36,0.012
T000601,C0317,P110,S001,D128,4,180.9,647.62,0.105
T000602,C0062,P126,S001,D171,4,361.81,1306.86,0.097
T000603,C0340,P001,S001,D215,2,76.01,136.67,0.101
T000604,C0439,P163,S001,D243,2,28.0,53.03,0.053
T000605,C0247,P117,S001,D189,1,191.6,177.8,0.072
T000606,C0460,P012,S001,D040,1,88.59,84.6,0.045
T000607,C0445,P152,S001,D113,1,1201.11,1190.3,0.009
T000608,C0392,P132,S001,D142,1,94.56,93.24,0.014
T000609,C0114,P116,S001,D219,1,181.17,180.08,0.006
T000610,C0270,P128,S001,D278,1,343.32,335.08,0.024
T000611,C0277,P003,S001,D060,4,77.11,285.62,0.074
T000612,C0441,P104,S001,D291,1,112.58,111.57,0.009
T000613,C0500,P011,S001,D250,1,90.11,87.77,0.026
T000614,C0162,P164,S001,D139,1,31.16,31.13,0.001
T000615,C0108,P100,S001,D190,4,109.19,434.58,0.005
T000616,C0186,P094,S001,D128,3,288.43,806.45,0.068
T000617,C0281,P057,S001,D220,4,57.61,214.54,0.069
T000618,C0491,P050,S001,D168,1,85.35,78.86,0.076
T000619,C0256,P091,S001,D094,1,111.11,108.78,0.021
T000620,C0386,P055,S001,D196,2,59.2,113.31,0.043
T000621,C0144,P036,S001,D092,1,144.25,140.07,0.029
T000622,C0295,P123,S001,D124,1,304.35,271.78,0.107
T000623,C0370,P047,S001,D248,2,209.72,391.34,0.067
T000624,C0222,P013,S001,D322,2,92.9,183.94,0.01
T000625,C0410,P028,S001,D167,1,101.61,100.9,0.007
T000626,C0413,P073,S001,D060,2,127.36,218.55,0.142
T000627,C0069,P010,S001,D218,1,94.55,77.06,0.185
T000628,C0265,P095,S001,D078,3,298.05,879.84,0.016
T000629,C0250,P091,S001,D079,3,110.28,301.4,0.089
T000630,C0291,P109,S001,D201,1,122.58,121.97,0.005
T000631,C0084,P152,S001,D138,3,1185.43,3410.48,0.041
T000632,C0244,P087,S001,D280,2,158.97,282.97,0.11
T000633,C0382,P162,S001,D209,1,27.2,26.71,0.018
T000634,C0287,P133,S001,D256,1,82.93,79.53,0.041
T000635,C0177,P162,S001,D275,3,26.68,71.08,0.112
T000636,C0445,P154,S001,D219,2,94.12,182.59,0.03
T000637,C0296,P053,S001,D347,1,93.28,84.42,0.095
T000638,C0090,P138,S001,D131,2,278.38,548.97,0.014
T000639,C0167,P090,S001,D017,2,115.68,225.81,0.024
T000640,C0378,P110,S001,D003,1,181.9,181.17,0.004
T000641,C0315,P028,S001,D052,3,97.62,245.12,0.163
T000642,C0075,P147,S001,D019,1,136.03,131.68,0.032
T000643,C0476,P034,S001,D137,1,62.89,56.98,0.094
T000644,C0293,P014,S001,D007,1,85.65,81.8,0.045
T000645,C0041,P153,S001,D006,1,78.97,78.1,0.011
T000646,C0163,P153,S001,D108,2,81.34,146.41,0.1
T000647,C0310,P147,S001,D090,3,134.25,374.96,0.069
T000648,C0228,P048,S001,D278,1,92.69,88.33,0.047
T000649,C0383,P066,S001,D123,2,292.1,515.26,0.118
T000650,C0212,P119,S001,D328,2,194.38,346.0,0.11
T000651,C0065,P160,S001,D086,1,40.56,39.22,0.033
T000652,C0482,P091,S001,D005,2,113.25,218.12,0.037
T000653,C0108,P126,S001,D152,1,345.86,344.13,0.005
T000654,C0033,P047,S001,D068,1,218.23,212.99,0.024
T000655,C0028,P027,S001,D337,2,89.51,175.44,0.02
T000656,C0392,P035,S001,D350,2,66.79,132.91,0.005
T000657,C0317,P150,S001,D319,1,1150.3,1039.87,0.096
T000658,C0454,P159,S001,D139,1,38.92,38.49,0.011
T000659,C0378,P065,S001,D270,4,322.21,1248.89,0.031
T000660,C0068,P030,S001,D247,5,101.25,501.69,0.009
T000661,C0018,P060,S001,D070,3,53.67,143.3,0.11
T000662,C0167,P110,S001,D024,1,186.47,182.18,0.023
T000663,C0446,P060,S001,D229,3,53.28,148.81,0.069
T000664,C0228,P111,S001,D087,4,154.06,587.28,0.047
T000665,C0277,P039,S001,D224,1,142.74,129.61,0.092
T000666,C0324,P136,S001,D265,1,172.69,153.52,0.111
T000667,C0223,P053,S001,D210,1,92.99,90.01,0.032
T000668,C0159,P028,S001,D139,2,101.32,172.65,0.148
T000669,C0117,P054,S001,D022,5,83.84,385.24,0.081
T000670,C0188,P127,S001,D045,2,291.0,577.34,0.008
T000671,C0006,P068,S001,D194,1,74.5,71.45,0.041
T000672,C0435,P141,S001,D112,1,258.27,240.19,0.07
T000673,C0274,P100,S001,D124,4,106.75,407.36,0.046
T000674,C0485,P066,S001,D094,1,295.03,274.08,0.071
T000675,C0393,P004,S001,D160,4,75.29,279.78,0.071
T000676,C0119,P161,S001,D351,2,39.92,77.68,0.027
T000677,C0097,P054,S001,D221,4,81.89,318.39,0.028
T000678,C0203,P048,S001,D098,2,89.78,173.1,0.036
T000679,C0331,P139,S001,D013,2,272.61,534.86,0.019
T000680,C0135,P013,S001,D008,2,88.66,160.65,0.094
T000681,C0265,P022,S001,D176,1,138.68,132.44,0.045
T000682,C0414,P109,S001,D288,3,127.47,333.84,0.127
T000683,C0333,P061,S001,D303,4,51.32,197.07,0.04
T000684,C0212,P024,S001,D051,1,131.76,124.51,0.055
T000685,C0070,P006,S001,D349,2,67.42,130.53,0.032
T000686,C0317,P072,S001,D104,5,132.11,595.16,0.099
T000687,C0252,P050,S001,D312,5,83.18,415.48,0.001
T000688,C0026,P120,S001,D302,1,217.8,217.58,0.001
T000689,C0498,P036,S001,D221,4,141.23,525.94,0.069
T000690,C0367,P001,S001,D076,4,75.76,303.04,0.0
T000691,C0047,P128,S001,D170,4,330.19,1287.74,0.025
T000692,C0176,P136,S001,D171,1,169.34,162.74,0.039
T000693,C0256,P024,S001,D015,1,138.28,135.1,0.023
T000694,C0406,P008,S001,D195,3,72.73,217.32,0.004
T000695,C0385,P098,S001,D272,2,101.51,202.41,0.003
T000696,C0398,P086,S001,D046,2,146.74,285.56,0.027
T000697,C0093,P147,S001,D166,2,130.63,250.29,0.042
T000698,C0419,P154,S001,D169,2,92.46,184.74,0.001
T000699,C0499,P097,S001,D277,3,307.46,860.58,0.067
T000700,C0395,P019,S001,D309,2,37.93,74.95,0.012
T000701,C0018,P020,S001,D099,1,33.17,29.82,0.101
T000702,C0049,P022,S001,D038,4,136.68,519.93,0.049
T000703,C0243,P118,S001,D214,3,212.47,606.81,0.048
T000704,C0480,P047,S001,D348,2,210.4,352.21,0.163
T000705,C0022,P095,S001,D064,1,301.81,293.66,0.027
T000706,C0063,P043,S001,D009,1,201.11,182.0,0.095
T000707,C0102,P134,S001,D199,1,145.26,144.82,0.003
T000708,C0342,P046,S001,D331,2,207.7,391.31,0.058
T000709,C0325,P103,S001,D339,3,104.34,312.71,0.001
T000710,C0407,P085,S001,D087,3,145.57,434.09,0.006
T000711,C0405,P064,S001,D024,4,320.22,1028.55,0.197
T000712,C0298,P114,S001,D228,1,168.58,164.53,0.024
T000713,C0306,P149,S001,D318,1,1169.1,1047.51,0.104
T000714,C0128,P162,S001,D263,2,26.91,50.81,0.056
T000715,C0317,P065,S001,D052,1,323.28,285.13,0.118
T000716,C0389,P106,S001,D095,4,123.24,466.34,0.054
T000717,C0331,P156,S001,D199,2,86.28,167.9,0.027
T000718,C0055,P035,S001,D230,1,63.4,59.22,0.066
T000719,C0286,P086,S001,D303,2,150.25,289.08,0.038
T000720,C0413,P123,S001,D281,1,308.07,254.77,0.173
T000721,C0011,P072,S001,D110,1,133.99,131.58,0.018
T000722,C0069,P038,S001,D138,1,166.25,148.96,0.104
T000723,C0362,P129,S001,D094,1,97.42,95.96,0.015
T000724,C0357,P005,S001,D085,2,85.68,166.56,0.028
T000725,C0279,P009,S001,D023,1,74.32,66.81,0.101
T000726,C0141,P073,S001,D256,2,134.11,243.54,0.092
T000727,C0441,P017,S001,D289,4,86.21,343.81,0.003
T000728,C0080,P091,S001,D365,1,111.28,99.37,0.107
T000729,C0278,P137,S001,D288,1,158.02,150.12,0.05
T000730,C0327,P002,S001,D049,3,78.38,211.39,0.101
T000731,C0453,P050,S001,D347,4,82.32,268.03,0.186
T000732,C0398,P077,S001,D259,1,149.46,147.07,0.016
T000733,C0033,P041,S001,D251,1,160.24,155.91,0.027
T000734,C0199,P023,S001,D042,1,141.81,136.99,0.034
T000735,C0393,P046,S001,D357,1,211.93,192.22,0.093
T000736,C0166,P080,S001,D082,2,203.34,400.17,0.016
T000737,C0050,P085,S001,D135,1,147.76,147.32,0.003
T000738,C0428,P036,S001,D318,1,148.48,147.14,0.009
T000739,C0017,P066,S001,D210,1,285.39,278.54,0.024
T000740,C0051,P115,S001,D121,4,177.78,688.36,0.032
T000741,C0199,P081,S001,D223,5,215.85,1051.19,0.026
T000742,C0360,P101,S001,D129,1,107.82,107.6,0.002
T000743,C0114,P138,S001,D057,2,272.32,542.46,0.004
T000744,C0477,P053,S001,D198,3,95.21,258.21,0.096
T000745,C0476,P129,S001,D137,4,100.08,377.9,0.056
T000746,C0411,P135,S001,D356,1,159.56,156.69,0.018
T000747,C0381,P140,S001,D260,1,278.11,256.14,0.079
T000748,C0189,P018,S001,D145,3,35.17,105.19,0.003
T000749,C0316,P078,S001,D225,3,195.51,585.36,0.002
T000750,C0037,P099,S001,D289,1,93.9,93.52,0.004
T000751,C0111,P103,S001,D268,2,107.64,203.01,0.057
T000752,C0372,P091,S001,D294,1,109.82,107.73,0.019
T000753,C0099,P117,S001,D009,2,193.39,382.14,0.012
T000754,C0321,P030,S001,D162,5,103.8,504.47,0.028
T000755,C0286,P014,S001,D295,2,85.7,170.54,0.005
T000756,C0327,P020,S001,D215,2,33.94,61.3,0.097
T000757,C0360,P038,S001,D096,4,170.44,651.76,0.044
T000758,C0086,P055,S001,D330,1,60.71,59.07,0.027
T000759,C0259,P038,S001,D252,3,167.12,497.35,0.008
T000760,C0308,P091,S001,D192,3,111.24,327.71,0.018
T000761,C0162,P044,S001,D285,1,187.67,178.29,0.05
T000762,C0433,P100,S001,D215,2,109.14,209.99,0.038
T000763,C0221,P046,S001,D055,2,215.41,399.37,0.073
T000764,C0124,P014,S001,D254,1,86.47,80.85,0.065
T000765,C0393,P122,S001,D059,2,193.49,347.51,0.102
T000766,C0185,P126,S001,D267,1,362.69,354.71,0.022
T000767,C0204,P135,S001,D088,5,153.49,765.92,0.002
T000768,C0146,P034,S001,D245,1,63.87,62.21,0.026
T000769,C0456,P139,S001,D018,4,271.17,943.67,0.13
T000770,C0114,P107,S001,D081,2,122.76,241.59,0.016
T000771,C0396,P001,S001,D093,2,77.51,128.82,0.169
T000772,C0142,P108,S001,D307,1,134.15,122.61,0.086
T000773,C0293,P095,S001,D222,2,305.04,605.2,0.008
T000774,C0020,P090,S001,D317,3,114.22,339.92,0.008
T000775,C0136,P110,S001,D154,1,181.02,164.55,0.091
T000776,C0120,P090,S001,D342,1,112.82,104.81,0.071
T000777,C0293,P101,S001,D281,3,106.6,305.09,0.046
T000778,C0376,P117,S001,D359,1,188.19,174.45,0.073
T000779,C0248,P122,S001,D091,1,189.12,181.37,0.041
T000780,C0354,P011,S001,D279,2,93.33,179.01,0.041
T000781,C0049,P152,S001,D198,1,1224.53,1206.16,0.015
T000782,C0375,P050,S001,D013,3,86.34,254.1,0.019
T000783,C0400,P092,S001,D144,3,102.04,294.18,0.039
T000784,C0179,P166,S001,D272,5,28.15,137.65,0.022
T000785,C0477,P138,S001,D202,2,276.57,491.74,0.111
T000786,C0117,P145,S001,D280,1,125.68,111.98,0.109
T000787,C0476,P128,S001,D175,5,327.37,1466.62,0.104
T000788,C0196,P084,S001,D305,3,136.73,399.53,0.026
T000789,C0164,P143,S001,D211,1,127.55,119.9,0.06
T000790,C0258,P156,S001,D140,5,89.16,442.23,0.008
T000791,C0345,P066,S001,D237,2,294.62,577.46,0.02
T000792,C0229,P150,S001,D048,1,1192.41,1085.09,0.09
T000793,C0047,P030,S001,D014,1,99.4,98.01,0.014
T000794,C0202,P080,S001,D203,1,200.13,196.73,0.017
T000795,C0244,P095,S001,D020,1,298.71,267.35,0.105
T000796,C0205,P091,S001,D356,2,110.03,189.25,0.14
T000797,C0223,P080,S001,D089,5,207.81,1031.78,0.007
T000798,C0070,P096,S001,D269,1,276.47,273.71,0.01
T000799,C0203,P084,S001,D050,4,141.77,561.41,0.01
T000800,C0316,P017,S001,D224,2,88.49,172.38,0.026
T000801,C0125,P033,S001,D198,2,60.75,116.76,0.039
T000802,C0166,P043,S001,D047,1,206.39,200.4,0.029
T000803,C0058,P129,S001,D155,1,98.8,96.73,0.021
T000804,C0179,P068,S001,D080,2,75.37,148.18,0.017
T000805,C0336,P139,S001,D357,3,266.6,787.8,0.015
T000806,C0180,P151,S001,D052,4,1110.66,4220.51,0.05
T000807,C0227,P102,S001,D162,1,110.69,108.25,0.022
T000808,C0474,P045,S001,D024,1,195.32,193.37,0.01
T000809,C0192,P151,S001,D142,2,1080.2,2082.63,0.036
T000810,C0044,P101,S001,D053,1,104.75,104.44,0.003
T000811,C0486,P062,S001,D111,5,295.6,1467.65,0.007
T000812,C0427,P067,S001,D293,2,74.97,142.29,0.051
T000813,C0356,P094,S001,D323,4,291.72,1149.38,0.015
T000814,C0242,P106,S001,D028,1,118.82,117.63,0.01
T000815,C0276,P154,S001,D195,5,91.51,417.29,0.088
T000816,C0385,P078,S001,D287,3,195.43,572.22,0.024
T000817,C0374,P013,S001,D092,2,93.65,168.76,0.099
T000818,C0343,P091,S001,D131,1,108.39,105.25,0.029
T000819,C0340,P123,S001,D011,2,301.47,526.97,0.126
T000820,C0031,P077,S001,D252,3,146.47,422.27,0.039
T000821,C0317,P089,S001,D346,4,102.54,376.12,0.083
T000822,C0484,P112,S001,D326,4,175.83,649.16,0.077
T000823,C0139,P059,S001,D220,1,56.79,54.18,0.046
T000824,C0185,P165,S001,D128,2,30.27,60.48,0.001
T000825,C0445,P068,S001,D031,4,78.57,308.31,0.019
T000826,C0195,P146,S001,D160,2,124.89,241.04,0.035
T000827,C0463,P082,S001,D239,2,205.93,394.15,0.043
T000828,C0273,P092,S001,D115,1,102.24,89.97,0.12
T000829,C0495,P064,S001,D255,2,324.41,618.97,0.046
T000830,C0012,P140,S001,D273,3,263.5,754.14,0.046
T000831,C0157,P141,S001,D073,2,261.39,512.32,0.02
T000832,C0081,P158,S001,D142,2,36.64,70.79,0.034
T000833,C0182,P077,S001,D064,2,149.5,295.41,0.012
T000834,C0257,P125,S001,D071,3,328.72,932.91,0.054
T000835,C0132,P087,S001,D280,3,159.34,424.48,0.112
T000836,C0418,P079,S001,D157,2,205.45,363.24,0.116
T000837,C0486,P131,S001,D127,5,95.99,476.11,0.008
T000838,C0460,P061,S001,D174,1,50.25,49.9,0.007
T000839,C0374,P090,S001,D276,1,113.68,100.38,0.117
T000840,C0314,P054,S001,D035,1,84.17,81.31,0.034
T000841,C0214,P158,S001,D280,1,37.14,34.87,0.061
T000842,C0497,P144,S001,D067,4,136.58,529.93,0.03
T000843,C0230,P150,S001,D200,1,1177.57,1102.21,0.064
T000844,C0071,P066,S001,D012,5,291.99,1214.68,0.168
T000845,C0104,P164,S001,D149,3,31.48,93.02,0.015
T000846,C0362,P034,S001,D037,2,65.03,124.21,0.045
T000847,C0221,P002,S001,D334,4,80.68,284.64,0.118
T000848,C0075,P035,S001,D161,1,65.47,63.64,0.028
T000849,C0081,P116,S001,D122,3,176.54,514.79,0.028
T000850,C0486,P137,S001,D329,3,161.39,479.81,0.009
T000851,C0430,P013,S001,D062,2,93.03,179.36,0.036
T000852,C0392,P161,S001,D274,1,38.79,36.89,0.049
T000853,C0493,P142,S001,D110,2,228.71,420.37,0.081
T000854,C0479,P129,S001,D354,1,99.68,83.33,0.164
T000855,C0379,P104,S001,D324,2,109.83,196.6,0.105
T000856,C0055,P073,S001,D260,1,128.32,121.65,0.052
T000857,C0314,P088,S001,D134,1,150.74,146.22,0.03
T000858,C0314,P031,S001,D178,1,90.31,89.23,0.012
T000859,C0352,P057,S001,D212,2,56.78,107.2,0.056
T000860,C0400,P136,S001,D287,3,169.91,496.99,0.025
T000861,C0310,P100,S001,D339,2,109.78,198.7,0.095
T000862,C0095,P146,S001,D255,1,127.47,124.28,0.025
T000863,C0071,P130,S001,D321,1,85.73,75.19,0.123
T000864,C0210,P040,S001,D355,2,141.93,283.58,0.001
T000865,C0139,P031,S001,D235,1,94.27,93.23,0.011
T000866,C0344,P071,S001,D098,1,83.2,68.56,0.176
T000867,C0034,P039,S001,D239,2,142.74,252.08,0.117
T000868,C0225,P086,S001,D269,2,150.94,294.63,0.024
T000869,C0167,P002,S001,D241,1,80.07,76.55,0.044
T000870,C0219,P131,S001,D088,3,96.71,274.75,0.053
T000871,C0377,P069,S001,D211,3,79.0,213.3,0.1
T000872,C0202,P125,S001,D278,1,335.43,323.02,0.037
T000873,C0305,P013,S001,D353,2,91.16,165.0,0.095
T000874,C0361,P023,S001,D100,1,146.99,143.17,0.026
T000875,C0232,P007,S001,D203,2,62.97,102.26,0.188
T000876,C0450,P047,S001,D279,1,218.99,213.3,0.026
T000877,C0203,P046,S001,D222,1,217.41,216.98,0.002
T000878,C0199,P006,S001,D119,1,68.35,66.16,0.032
T000879,C0026,P028,S001,D271,2,97.05,189.83,0.022
T000880,C0453,P142,S001,D299,2,227.23,371.29,0.183
T000881,C0237,P071,S001,D056,5,79.21,390.11,0.015
T000882,C0471,P120,S001,D208,3,206.17,602.43,0.026
T000883,C0073,P135,S001,D269,2,157.89,263.68,0.165
T000884,C0047,P018,S001,D107,1,35.02,34.81,0.006
T000885,C0399,P058,S001,D301,2,52.5,100.28,0.045
T000886,C0280,P129,S001,D357,4,95.65,328.65,0.141
T000887,C0231,P020,S001,D146,2,32.82,64.13,0.023
T000888,C0460,P051,S001,D026,1,83.29,82.46,0.01
T000889,C0233,P027,S001,D023,5,89.86,389.99,0.132
T000890,C0333,P006,S001,D232,3,69.95,201.46,0.04
T000891,C0368,P099,S001,D066,2,93.34,185.75,0.005
T000892,C0362,P143,S001,D288,2,126.86,249.15,0.018
T000893,C0269,P078,S001,D055,2,200.77,360.98,0.101
T000894,C0500,P128,S001,D047,1,337.5,321.64,0.047
T000895,C0194,P115,S001,D329,5,183.47,915.52,0.002
T000896,C0088,P047,S001,D034,2,217.92,367.41,0.157
T000897,C0338,P077,S001,D309,1,151.62,150.41,0.008
T000898,C0075,P138,S001,D164,4,265.39,1023.34,0.036
T000899,C0215,P119,S001,D304,2,196.06,352.52,0.101
T000900,C0493,P064,S001,D123,2,324.18,587.41,0.094
T000901,C0061,P078,S001,D161,2,203.04,358.57,0.117
T000902,C0002,P049,S001,D124,2,91.57,180.76,0.013
T000903,C0235,P073,S001,D131,1,131.2,127.92,0.025
T000904,C0414,P042,S001,D007,1,206.31,167.52,0.188
T000905,C0122,P124,S001,D254,2,344.66,574.89,0.166
T000906,C0233,P110,S001,D280,2,181.5,323.8,0.108
T000907,C0308,P066,S001,D002,3,281.98,808.72,0.044
T000908,C0143,P080,S001,D212,2,205.92,400.31,0.028
T000909,C0423,P004,S001,D315,2,74.28,147.22,0.009
T000910,C0029,P007,S001,D020,1,63.71,57.08,0.104
T000911,C0438,P097,S001,D343,1,294.1,285.57,0.029
T000912,C0309,P041,S001,D124,1,156.81,149.6,0.046
T000913,C0026,P071,S001,D292,2,78.93,149.97,0.05
T000914,C0083,P001,S001,D186,1,76.83,74.45,0.031
T000915,C0355,P102,S001,D002,1,111.2,107.98,0.029
T000916,C0288,P121,S001,D061,4,193.37,710.05,0.082
T000917,C0297,P089,S001,D108,1,103.1,102.89,0.002
T000918,C0394,P080,S001,D191,1,201.99,198.35,0.018
T000919,C0195,P111,S001,D305,4,160.54,617.76,0.038
T000920,C0432,P149,S001,D002,4,1197.43,4717.87,0.015
T000921,C0069,P125,S001,D296,1,325.64,265.07,0.186
T000922,C0169,P044,S001,D300,3,187.41,513.32,0.087
T000923,C0357,P007,S001,D230,2,62.03,123.69,0.003
T000924,C0293,P095,S001,D183,1,301.54,292.19,0.031
T000925,C0045,P011,S001,D281,2,92.12,177.98,0.034
T000926,C0479,P039,S001,D270,3,148.08,368.27,0.171
T000927,C0219,P099,S001,D345,2,92.65,171.96,0.072
T000928,C0270,P074,S001,D201,4,147.31,570.97,0.031
T000929,C0475,P003,S001,D347,1,77.58,75.41,0.028
T000930,C0267,P085,S001,D070,1,149.58,145.84,0.025
T000931,C0414,P016,S001,D021,1,86.05,72.2,0.161
T000932,C0363,P013,S001,D322,1,89.82,84.07,0.064
T000933,C0061,P157,S001,D017,1,87.04,78.86,0.094
T000934,C0061,P102,S001,D069,3,111.45,312.62,0.065
T000935,C0316,P029,S001,D201,4,94.5,370.06,0.021
T000936,C0171,P147,S001,D099,4,131.89,471.64,0.106
T000937,C0109,P118,S001,D067,1,207.62,205.54,0.01
T000938,C0145,P058,S001,D282,1,51.46,51.31,0.003
T000939,C0154,P043,S001,D256,1,204.21,189.3,0.073
T000940,C0004,P113,S001,D235,1,168.63,156.32,0.073
T000941,C0203,P049,S001,D211,1,92.12,89.26,0.031
T000942,C0015,P043,S001,D003,2,208.2,366.85,0.119
T000943,C0427,P001,S001,D344,1,75.3,68.0,0.097
T000944,C0470,P104,S001,D313,1,111.17,105.39,0.052
T000945,C0070,P139,S001,D085,1,274.13,265.63,0.031
T000946,C0457,P105,S001,D166,2,130.12,210.79,0.19
T000947,C0237,P127,S001,D223,2,297.52,582.54,0.021
T000948,C0381,P127,S001,D245,5,284.75,1301.31,0.086
T000949,C0290,P121,S001,D236,2,199.85,393.3,0.016
T000950,C0275,P081,S001,D051,4,207.65,806.51,0.029
T000951,C0170,P006,S001,D242,3,69.51,169.12,0.189
T000952,C0182,P098,S001,D121,2,96.26,191.17,0.007
T000953,C0431,P038,S001,D144,3,164.02,394.63,0.198
T000954,C0321,P006,S001,D123,5,68.42,339.36,0.008
T000955,C0311,P076,S001,D039,1,130.89,126.96,0.03
T000956,C0443,P100,S001,D140,2,111.85,220.34,0.015
T000957,C0440,P098,S001,D084,1,97.73,97.53,0.002
T000958,C0212,P060,S001,D140,4,51.83,184.31,0.111
T000959,C0191,P141,S001,D037,1,263.27,250.63,0.048
T000960,C0111,P051,S001,D349,3,82.36,231.76,0.062
T000961,C0192,P089,S001,D108,3,105.75,304.88,0.039
T000962,C0468,P023,S001,D283,2,140.97,274.89,0.025
T000963,C0410,P067,S001,D182,2,73.48,143.29,0.025
T000964,C0098,P124,S001,D060,1,347.26,338.93,0.024
T000965,C0448,P011,S001,D034,1,92.34,88.74,0.039
T000966,C0074,P106,S001,D338,1,124.3,123.68,0.005
T000967,C0481,P108,S001,D223,2,130.99,230.8,0.119
T000968,C0106,P066,S001,D273,3,294.5,863.18,0.023
T000969,C0366,P103,S001,D032,2,107.04,201.66,0.058
T000970,C0160,P055,S001,D086,1,61.21,55.21,0.098
T000971,C0305,P051,S001,D027,2,84.07,155.87,0.073
T000972,C0456,P064,S001,D262,1,316.37,268.28,0.152
T000973,C0338,P101,S001,D214,3,108.82,326.13,0.001
T000974,C0389,P039,S001,D135,4,143.92,511.2,0.112
T000975,C0165,P156,S001,D325,1,86.53,85.32,0.014
T000976,C0273,P062,S001,D275,1,290.29,248.49,0.144
T000977,C0061,P111,S001,D021,3,155.36,437.65,0.061
T000978,C0059,P034,S001,D013,1,61.66,51.67,0.162
T000979,C0264,P035,S001,D181,1,63.31,61.6,0.027
T000980,C0282,P124,S001,D271,1,346.8,344.37,0.007
T000981,C0361,P012,S001,D324,2,87.65,170.22,0.029
T000982,C0088,P161,S001,D017,1,38.21,32.06,0.161
T000983,C0174,P026,S001,D220,2,148.31,295.73,0.003
T000984,C0015,P162,S001,D278,4,27.42,91.25,0.168
T000985,C0055,P067,S001,D351,2,73.05,137.92,0.056
T000986,C0201,P099,S001,D219,2,90.28,175.14,0.03
T000987,C0304,P155,S001,D198,3,79.35,229.72,0.035
T000988,C0229,P018,S001,D069,5,34.8,161.47,0.072
T000989,C0419,P128,S001,D063,2,331.15,637.13,0.038
T000990,C0415,P133,S001,D284,3,82.81,219.12,0.118
T000991,C0387,P155,S001,D346,1,79.99,67.43,0.157
T000992,C0048,P069,S001,D040,5,78.94,376.54,0.046
T000993,C0240,P159,S001,D020,1,38.23,37.62,0.016
T000994,C0330,P115,S001,D329,2,185.23,316.0,0.147
T000995,C0119,P012,S001,D074,1,88.39,87.77,0.007
T000996,C0459,P114,S001,D013,1,166.92,147.89,0.114
T000997,C0201,P090,S001,D186,3,112.31,321.43,0.046
T000998,C0170,P016,S001,D169,1,89.25,72.47,0.188
T000999,C0233,P161,S001,D022,1,39.19,35.0,0.107
T001000,C0058,P164,S001,D287,2,30.54,59.68,0.023
T001001,C0088,P054,S001,D110,2,81.25,140.56,0.135
T001002,C0295,P146,S001,D120,1,122.04,115.08,0.057
T001003,C0419,P053,S001,D165,2,94.05,187.16,0.005
T001004,C0285,P147,S001,D165,1,134.28,128.91,0.04
T001005,C0273,P067,S001,D261,1,73.39,61.72,0.159
T001006,C0123,P118,S001,D203,1,215.44,196.48,0.088
T001007,C0499,P160,S001,D049,1,39.97,37.77,0.055
T001008,C0107,P051,S001,D159,1,83.79,81.28,0.03
T001009,C0402,P104,S001,D083,1,114.55,104.24,0.09
T001010,C0176,P033,S001,D144,5,62.52,308.85,0.012
T001011,C0340,P090,S001,D058,1,115.66,95.54,0.174
T001012,C0365,P164,S001,D103,2,30.95,60.41,0.024
T001013,C0304,P121,S001,D056,1,198.33,195.16,0.016
T001014,C0050,P007,S001,D263,2,64.35,127.54,0.009
T001015,C0490,P077,S001,D285,3,147.55,401.93,0.092
T001016,C0351,P165,S001,D225,3,30.18,87.01,0.039
T001017,C0195,P015,S001,D059,4,77.89,301.59,0.032
T001018,C0032,P064,S001,D020,2,317.24,608.47,0.041
T001019,C0455,P001,S001,D080,1,76.41,73.51,0.038
T001020,C0415,P112,S001,D242,2,175.74,330.39,0.06
T001021,C0077,P024,S001,D185,2,133.89,233.24,0.129
T001022,C0316,P026,S001,D230,1,148.64,147.15,0.01
T001023,C0349,P151,S001,D084,2,1127.95,2222.06,0.015
T001024,C0407,P163,S001,D004,4,28.62,112.76,0.015
T001025,C0483,P138,S001,D246,1,277.69,249.92,0.1
T001026,C0469,P064,S001,D361,3,322.19,912.44,0.056
T001027,C0005,P007,S001,D192,1,63.55,61.9,0.026
T001028,C0434,P076,S001,D345,1,128.82,126.89,0.015
T001029,C0190,P075,S001,D245,1,141.35,134.57,0.048
T001030,C0001,P081,S001,D305,3,216.43,622.67,0.041
T001031,C0184,P016,S001,D100,4,85.68,337.92,0.014
T001032,C0016,P120,S001,D026,2,208.46,375.64,0.099
T001033,C0202,P103,S001,D310,1,105.54,101.74,0.036
T001034,C0208,P144,S001,D117,1,137.15,115.89,0.155
T001035,C0340,P058,S001,D057,2,51.21,90.74,0.114
T001036,C0285,P092,S001,D341,2,104.1,198.62,0.046
T001037,C0431,P109,S001,D212,1,125.37,109.2,0.129
T001038,C0447,P137,S001,D181,3,160.92,479.38,0.007
T001039,C0037,P145,S001,D258,3,124.94,372.2,0.007
T001040,C0454,P126,S001,D184,3,352.63,1034.62,0.022
T001041,C0070,P003,S001,D099,2,77.36,149.77,0.032
T001042,C0213,P005,S001,D362,2,87.58,142.05,0.189
T001043,C0357,P132,S001,D322,1,92.84,90.89,0.021
T001044,C0093,P049,S001,D290,4,90.65,354.99,0.021
T001045,C0420,P111,S001,D257,1,157.04,154.21,0.018
T001046,C0096,P009,S001,D231,1,74.67,74.67,0.0
T001047,C0256,P032,S001,D041,2,62.65,123.8,0.012
T001048,C0257,P132,S001,D110,4,90.98,322.07,0.115
T001049,C0296,P054,S001,D218,2,81.67,144.07,0.118
T001050,C0291,P079,S001,D356,1,199.38,195.79,0.018
T001051,C0298,P087,S001,D235,3,155.63,450.55,0.035
T001052,C0073,P136,S001,D156,2,172.5,292.21,0.153
T001053,C0440,P022,S001,D142,2,140.47,269.98,0.039
T001054,C0239,P137,S001,D260,1,159.45,155.3,0.026
T001055,C0313,P074,S001,D109,2,143.03,262.32,0.083
T001056,C0380,P054,S001,D164,3,83.14,225.23,0.097
T001057,C0351,P044,S001,D006,1,188.61,181.07,0.04
T001058,C0160,P103,S001,D046,3,105.46,280.63,0.113
T001059,C0274,P006,S001,D161,4,69.42,271.29,0.023
T001060,C0263,P054,S001,D314,1,84.34,76.75,0.09
T001061,C0170,P103,S001,D171,1,104.25,83.82,0.196
T001062,C0409,P141,S001,D233,2,260.78,517.39,0.008
T001063,C0356,P129,S001,D252,4,100.27,386.24,0.037
T001064,C0373,P104,S001,D195,3,113.24,296.92,0.126
T001065,C0323,P132,S001,D137,2,92.11,182.75,0.008
T001066,C0027,P078,S001,D239,4,200.16,788.63,0.015
T001067,C0378,P103,S001,D263,2,105.53,208.11,0.014
T001068,C0043,P072,S001,D146,1,129.52,129.0,0.004
T001069,C0402,P142,S001,D291,2,226.87,426.97,0.059
T001070,C0144,P018,S001,D226,2,34.09,67.29,0.013
T001071,C0380,P080,S001,D053,1,199.68,187.3,0.062
T001072,C0303,P153,S001,D139,2,81.76,147.82,0.096
T001073,C0190,P100,S001,D349,4,112.02,442.25,0.013
T001074,C0359,P152,S001,D037,1,1198.3,1187.52,0.009
T001075,C0271,P084,S001,D243,2,143.54,282.2,0.017
T001076,C0044,P007,S001,D357,2,64.9,125.91,0.03
T001077,C0421,P006,S001,D287,5,66.86,325.94,0.025
T001078,C0212,P068,S001,D325,1,78.05,72.82,0.067
T001079,C0226,P121,S001,D062,1,199.86,198.26,0.008
T001080,C0296,P123,S001,D174,5,305.22,1413.17,0.074
T001081,C0329,P011,S001,D087,1,90.91,81.18,0.107
T001082,C0027,P135,S001,D159,1,155.08,151.98,0.02
T001083,C0155,P097,S001,D026,3,302.16,863.88,0.047
T001084,C0473,P124,S001,D154,1,351.3,344.63,0.019
T001085,C0362,P160,S001,D224,2,39.75,78.47,0.013
T001086,C0272,P140,S001,D013,1,277.0,276.72,0.001
T001087,C0475,P028,S001,D121,4,100.65,394.95,0.019
T001088,C0162,P058,S001,D194,5,53.68,259.27,0.034
T001089,C0022,P063,S001,D300,3,264.91,773.27,0.027
T001090,C0182,P060,S001,D118,2,54.6,106.8,0.022
T001091,C0471,P050,S001,D223,2,85.54,168.68,0.014
T001092,C0139,P072,S001,D334,1,130.64,129.99,0.005
T001093,C0336,P064,S001,D036,1,326.87,319.35,0.023
T001094,C0346,P082,S001,D233,3,211.35,570.01,0.101
T001095,C0302,P121,S001,D269,1,200.39,183.16,0.086
T001096,C0347,P137,S001,D200,5,161.11,798.3,0.009
T001097,C0281,P118,S001,D301,2,207.61,394.04,0.051
T001098,C0035,P057,S001,D193,1,56.73,53.5,0.057
T001099,C0054,P131,S001,D050,2,98.35,181.95,0.075
T001100,C0372,P066,S001,D182,1,286.8,283.93,0.01
T001101,C0013,P115,S001,D018,4,184.23,734.71,0.003
T001102,C0305,P058,S001,D333,1,52.72,47.03,0.108
T001103,C0487,P007,S001,D042,1,63.51,63.13,0.006
T001104,C0491,P161,S001,D122,2,38.33,68.23,0.11
T001105,C0067,P036,S001,D356,2,143.6,236.65,0.176
T001106,C0332,P081,S001,D113,1,214.67,204.37,0.048
T001107,C0459,P160,S001,D091,1,39.08,36.62,0.063
T001108,C0151,P096,S001,D300,2,276.24,526.51,0.047
T001109,C0328,P051,S001,D256,4,82.01,311.64,0.05
T001110,C0394,P070,S001,D241,2,74.3,141.91,0.045
T001111,C0395,P091,S001,D093,3,113.43,335.87,0.013
T001112,C0400,P024,S001,D140,1,130.84,125.74,0.039
T001113,C0196,P116,S001,D217,1,177.3,168.44,0.05
T001114,C0133,P073,S001,D188,3,134.81,376.52,0.069
T001115,C0226,P044,S001,D233,2,182.28,346.7,0.049
T001116,C0103,P007,S001,D099,2,63.55,119.22,0.062
T001117,C0252,P022,S001,D259,5,133.3,648.5,0.027
T001118,C0221,P081,S001,D124,1,210.21,190.24,0.095
T001119,C0468,P050,S001,D264,2,84.47,166.74,0.013
T001120,C0018,P065,S001,D145,1,318.08,289.45,0.09
T001121,C0129,P092,S001,D229,2,106.57,191.4,0.102
T001122,C0255,P023,S001,D027,4,141.46,547.73,0.032
T001123,C0478,P053,S001,D331,1,90.29,83.34,0.077
T001124,C0078,P126,S001,D128,2,357.15,633.58,0.113
T001125,C0295,P043,S001,D156,1,198.05,178.24,0.1
T001126,C0395,P102,S001,D061,1,109.82,107.4,0.022
T001127,C0433,P053,S001,D058,5,94.13,451.35,0.041
T001128,C0036,P007,S001,D076,1,63.28,63.28,0.0
T001129,C0489,P060,S001,D147,4,53.75,206.61,0.039
T001130,C0063,P062,S001,D156,4,294.65,1043.06,0.115
T001131,C0184,P082,S001,D332,1,206.16,203.07,0.015
T001132,C0029,P055,S001,D166,1,60.13,48.34,0.196
T001133,C0047,P034,S001,D160,1,63.0,60.29,0.043
T001134,C0175,P119,S001,D120,3,193.35,495.36,0.146
T001135,C0393,P063,S001,D165,1,268.05,250.89,0.064
T001136,C0284,P066,S001,D087,3,282.55,782.38,0.077
T001137,C0098,P124,S001,D032,1,346.39,339.46,0.02
T001138,C0055,P068,S001,D187,1,77.4,71.6,0.075
T001139,C0044,P043,S001,D305,5,208.85,1021.28,0.022
T001140,C0098,P016,S001,D069,1,85.83,84.97,0.01
T001141,C0369,P092,S001,D289,2,107.95,213.31,0.012
T001142,C0200,P011,S001,D205,1,89.79,75.96,0.154
T001143,C0158,P128,S001,D333,1,337.25,321.06,0.048
T001144,C0416,P136,S001,D338,1,169.63,135.7,0.2
T001145,C0019,P009,S001,D223,1,74.29,73.03,0.017
T001146,C0370,P108,S001,D238,2,127.27,239.78,0.058
T001147,C0414,P120,S001,D007,1,213.79,181.29,0.152
T001148,C0482,P032,S001,D092,3,62.03,177.9,0.044
T001149,C0077,P164,S001,D319,1,31.26,27.42,0.123
T001150,C0037,P001,S001,D251,1,73.93,73.41,0.007
T001151,C0335,P005,S001,D091,2,83.26,147.54,0.114
T001152,C0317,P073,S001,D323,1,127.64,115.0,0.099
T001153,C0067,P062,S001,D248,1,284.92,238.48,0.163
T001154,C0464,P051,S001,D109,1,81.29,72.67,0.106
T001155,C0234,P128,S001,D169,1,339.51,325.25,0.042
T001156,C0033,P117,S001,D151,2,196.77,391.57,0.005
T001157,C0255,P042,S001,D275,4,213.83,828.81,0.031
T001158,C0033,P057,S001,D181,5,59.51,291.3,0.021
T001159,C0416,P071,S001,D194,1,82.46,68.11,0.174
T001160,C0206,P046,S001,D168,1,209.05,198.81,0.049
T001161,C0295,P087,S001,D300,3,156.23,434.48,0.073
T001162,C0494,P004,S001,D154,1,76.94,69.02,0.103
T001163,C0304,P158,S001,D102,1,36.99,36.88,0.003
T001164,C0141,P034,S001,D322,1,62.14,57.23,0.079
T001165,C0357,P023,S001,D303,2,143.37,284.45,0.008
T001166,C0125,P089,S001,D217,1,106.63,106.42,0.002
T001167,C0052,P036,S001,D157,2,147.21,266.74,0.094
T001168,C0193,P122,S001,D211,3,196.12,528.35,0.102
T001169,C0250,P039,S001,D128,1,141.9,134.66,0.051
T001170,C0475,P006,S001,D125,3,66.6,193.21,0.033
T001171,C0455,P121,S001,D124,3,194.63,563.45,0.035
T001172,C0406,P152,S001,D311,4,1237.48,4776.67,0.035
T001173,C0106,P049,S001,D331,1,88.95,87.7,0.014
T001174,C0231,P095,S001,D318,4,295.87,1127.86,0.047
T001175,C0313,P148,S001,D336,2,1066.51,1936.78,0.092
T001176,C0368,P160,S001,D111,2,40.01,76.18,0.048
T001177,C0322,P001,S001,D178,2,77.53,152.73,0.015
T001178,C0215,P047,S001,D127,2,206.34,385.44,0.066
T001179,C0061,P114,S001,D335,1,170.6,150.47,0.118
T001180,C0317,P047,S001,D230,2,210.9,378.35,0.103
T001181,C0277,P104,S001,D073,2,111.39,204.51,0.082
T001182,C0321,P128,S001,D359,1,340.48,335.71,0.014
T001183,C0100,P029,S001,D140,4,89.62,355.97,0.007
T001184,C0433,P139,S001,D170,1,282.15,275.38,0.024
T001185,C0091,P029,S001,D258,2,89.88,171.49,0.046
T001186,C0028,P116,S001,D265,2,180.04,355.04,0.014
T001187,C0223,P041,S001,D216,4,156.36,606.05,0.031
T001188,C0456,P161,S001,D291,1,39.83,35.69,0.104
T001189,C0380,P034,S001,D137,2,61.8,112.72,0.088
T001190,C0081,P031,S001,D345,1,93.36,91.12,0.024
T001191,C0060,P105,S001,D178,2,124.05,245.12,0.012
T001192,C0228,P018,S001,D013,1,34.75,34.19,0.016
T001193,C0102,P008,S001,D279,1,75.94,72.52,0.045
T001194,C0118,P020,S001,D066,1,34.35,33.8,0.016
T001195,C0051,P062,S001,D185,1,288.84,282.77,0.021
T001196,C0103,P009,S001,D236,1,74.45,69.61,0.065
T001197,C0242,P152,S001,D271,2,1223.79,2440.24,0.003
T001198,C0224,P141,S001,D334,2,258.41,457.39,0.115
T001199,C0233,P009,S001,D129,1,73.56,63.48,0.137
T001200,C0235,P009,S001,D340,1,76.0,73.57,0.032
T001201,C0500,P037,S001,D343,1,152.37,149.78,0.017
T001202,C0017,P032,S001,D037,2,62.08,123.79,0.003
T001203,C0070,P111,S001,D055,1,153.83,150.29,0.023
T001204,C0215,P072,S001,D049,4,129.88,481.08,0.074
T001205,C0454,P044,S001,D143,2,184.81,366.66,0.008
T001206,C0407,P082,S001,D241,2,209.96,406.9,0.031
T001207,C0088,P124,S001,D092,2,352.26,595.32,0.155
T001208,C0118,P085,S001,D230,5,143.89,688.51,0.043
T001209,C0251,P072,S001,D061,2,135.37,267.76,0.011
T001210,C0243,P134,S001,D297,1,149.45,147.36,0.014
T001211,C0374,P136,S001,D169,3,169.42,451.84,0.111
T001212,C0127,P053,S001,D178,2,91.9,154.76,0.158
T001213,C0457,P143,S001,D360,1,130.51,105.06,0.195
T001214,C0468,P078,S001,D335,5,199.18,995.9,0.0
T001215,C0023,P018,S001,D076,1,33.61,32.8,0.024
T001216,C0394,P165,S001,D128,1,29.63,29.01,0.021
T001217,C0202,P152,S001,D241,1,1216.06,1167.42,0.04
T001218,C0421,P079,S001,D175,3,194.77,569.7,0.025
T001219,C0043,P012,S001,D249,1,86.38,86.29,0.001
T001220,C0375,P146,S001,D219,2,124.13,245.53,0.011
T001221,C0184,P093,S001,D329,3,95.06,276.05,0.032
T001222,C0047,P018,S001,D102,4,33.56,129.81,0.033
T001223,C0083,P122,S001,D310,2,195.26,373.73,0.043
T001224,C0383,P115,S001,D232,1,183.84,162.15,0.118
T001225,C0238,P040,S001,D316,2,141.99,230.88,0.187
T001226,C0208,P022,S001,D146,2,133.93,217.77,0.187
T001227,C0321,P045,S001,D045,3,191.25,555.39,0.032
T001228,C0441,P085,S001,D068,1,148.68,145.86,0.019
T001229,C0354,P140,S001,D303,2,268.26,535.45,0.002
T001230,C0219,P079,S001,D174,3,202.61,547.65,0.099
T001231,C0314,P123,S001,D210,1,301.76,289.69,0.04
T001232,C0404,P096,S001,D113,2,279.86,542.37,0.031
T001233,C0172,P021,S001,D358,2,35.14,70.07,0.003
T001234,C0485,P078,S001,D275,2,203.18,375.88,0.075
T001235,C0027,P039,S001,D151,1,142.16,139.6,0.018
T001236,C0317,P001,S001,D292,2,73.95,136.66,0.076
T001237,C0332,P140,S001,D170,1,271.94,271.12,0.003
T001238,C0364,P028,S001,D171,1,100.51,99.81,0.007
T001239,C0172,P131,S001,D358,2,95.74,190.33,0.006
T001240,C0245,P081,S001,D111,2,216.87,389.06,0.103
T001241,C0447,P004,S001,D359,1,77.69,76.91,0.01
T001242,C0382,P122,S001,D258,4,195.93,771.18,0.016
T001243,C0460,P018,S001,D146,1,34.08,32.92,0.034
T001244,C0142,P166,S001,D132,1,26.78,24.74,0.076
T001245,C0232,P055,S001,D234,3,59.61,151.47,0.153
T001246,C0063,P068,S001,D184,1,76.66,69.99,0.087
T001247,C0423,P136,S001,D224,2,170.49,335.87,0.015
T001248,C0318,P145,S001,D116,2,122.86,237.37,0.034
T001249,C0355,P038,S001,D033,5,171.9,819.1,0.047
T001250,C0034,P034,S001,D140,1,62.32,55.34,0.112
T001251,C0045,P161,S001,D324,1,38.23,36.51,0.045
T001252,C0148,P162,S001,D364,2,28.23,56.23,0.004
T001253,C0085,P047,S001,D054,1,209.8,189.03,0.099
T001254,C0255,P075,S001,D074,1,135.14,133.79,0.01
T001255,C0488,P162,S001,D316,1,27.68,27.26,0.015
T001256,C0497,P118,S001,D269,2,216.23,412.13,0.047
T001257,C0243,P050,S001,D031,2,83.99,164.28,0.022
T001258,C0331,P073,S001,D118,1,127.45,126.3,0.009
T001259,C0012,P164,S001,D192,1,31.5,31.12,0.012
T001260,C0486,P024,S001,D002,1,134.43,132.14,0.017
T001261,C0297,P145,S001,D251,4,122.67,474.98,0.032
T001262,C0168,P065,S001,D155,2,326.17,630.81,0.033
T001263,C0272,P052,S001,D035,1,85.22,83.35,0.022
T001264,C0156,P013,S001,D348,2,91.33,174.44,0.045
T001265,C0157,P099,S001,D301,4,90.24,356.27,0.013
T001266,C0248,P055,S001,D107,3,59.2,175.11,0.014
T001267,C0433,P052,S001,D362,2,81.24,159.56,0.018
T001268,C0234,P136,S001,D200,2,174.81,338.78,0.031
T001269,C0083,P027,S001,D330,1,93.3,91.99,0.014
T001270,C0499,P031,S001,D070,2,90.0,162.0,0.1
T001271,C0464,P030,S001,D169,2,102.1,191.74,0.061
T001272,C0122,P036,S001,D318,2,141.35,226.44,0.199
T001273,C0295,P023,S001,D363,4,141.26,526.62,0.068
T001274,C0095,P012,S001,D156,4,84.56,326.4,0.035
T001275,C0341,P144,S001,D077,1,136.61,134.29,0.017
T001276,C0191,P117,S001,D306,1,192.49,183.06,0.049
T001277,C0274,P027,S001,D097,2,91.03,173.69,0.046
T001278,C0208,P025,S001,D048,2,131.62,216.65,0.177
T001279,C0486,P105,S001,D187,2,127.01,249.96,0.016
T001280,C0003,P123,S001,D289,1,309.48,301.12,0.027
T001281,C0260,P129,S001,D198,4,96.8,348.87,0.099
T001282,C0243,P001,S001,D192,3,77.85,222.34,0.048
T001283,C0387,P115,S001,D147,2,188.2,317.31,0.157
T001284,C0076,P060,S001,D102,4,54.11,194.58,0.101
T001285,C0473,P028,S001,D316,1,98.55,95.2,0.034
T001286,C0375,P054,S001,D199,3,82.23,246.2,0.002
T001287,C0348,P039,S001,D194,3,146.01,406.49,0.072
T001288,C0206,P162,S001,D247,2,27.66,54.71,0.011
T001289,C0183,P107,S001,D056,5,121.85,576.35,0.054
T001290,C0329,P163,S001,D057,1,27.42,25.03,0.087
T001291,C0401,P110,S001,D348,1,187.25,184.63,0.014
T001292,C0012,P060,S001,D112,2,51.82,99.29,0.042
T001293,C0347,P146,S001,D172,5,126.11,628.03,0.004
T001294,C0263,P018,S001,D027,3,34.34,94.37,0.084
T001295,C0309,P021,S001,D069,1,34.87,33.23,0.047
T001296,C0466,P150,S001,D320,1,1186.34,1162.61,0.02
T001297,C0367,P021,S001,D062,2,35.39,69.51,0.018
T001298,C0191,P039,S001,D095,2,141.3,277.8,0.017
T001299,C0158,P043,S001,D045,1,209.98,200.74,0.044
T001300,C0045,P093,S001,D209,1,94.6,90.44,0.044
T001301,C0380,P053,S001,D050,1,95.6,85.47,0.106
T001302,C0148,P018,S001,D216,2,33.86,65.28,0.036
T001303,C0460,P165,S001,D182,2,29.48,56.31,0.045
T001304,C0072,P043,S001,D247,4,208.24,807.97,0.03
T001305,C0074,P136,S001,D178,2,167.17,326.32,0.024
T001306,C0445,P154,S001,D014,1,93.26,91.67,0.017
T001307,C0478,P036,S001,D287,1,148.67,133.36,0.103
T001308,C0046,P050,S001,D252,1,82.26,74.45,0.095
T001309,C0140,P096,S001,D215,1,275.37,267.66,0.028
T001310,C0364,P066,S001,D188,2,291.76,556.68,0.046
T001311,C0103,P086,S001,D059,2,144.91,267.5,0.077
T001312,C0284,P117,S001,D365,1,192.98,172.14,0.108
T001313,C0155,P006,S001,D058,2,69.65,137.21,0.015
T001314,C0287,P003,S001,D262,1,80.48,79.59,0.011
T001315,C0406,P117,S001,D116,3,187.33,554.68,0.013
T001316,C0490,P041,S001,D069,1,160.07,144.86,0.095
T001317,C0064,P040,S001,D309,1,141.0,134.66,0.045
T001318,C0214,P035,S001,D143,4,63.61,225.69,0.113
T001319,C0331,P020,S001,D294,2,33.26,66.12,0.006
T001320,C0142,P049,S001,D256,4,90.86,320.55,0.118
T001321,C0307,P087,S001,D248,3,158.1,460.55,0.029
T001322,C0290,P149,S001,D309,1,1189.23,1173.77,0.013
T001323,C0352,P002,S001,D287,2,78.24,140.99,0.099
T001324,C0062,P057,S001,D263,1,58.0,52.14,0.101
T001325,C0009,P002,S001,D345,1,79.97,79.33,0.008
T001326,C0030,P022,S001,D062,4,133.61,522.15,0.023
T001327,C0355,P063,S001,D309,2,265.53,526.81,0.008
T001328,C0140,P094,S001,D114,2,284.1,550.02,0.032
T001329,C0490,P076,S001,D337,2,130.62,242.95,0.07
T001330,C0272,P013,S001,D276,1,91.72,91.35,0.004
T001331,C0100,P104,S001,D170,4,113.12,448.41,0.009
T001332,C0049,P081,S001,D283,1,215.09,213.37,0.008
T001333,C0166,P134,S001,D228,4,149.76,574.48,0.041
T001334,C0351,P136,S001,D301,2,173.21,341.57,0.014
T001335,C0358,P121,S001,D123,1,199.42,177.48,0.11
T001336,C0297,P087,S001,D265,1,154.41,153.33,0.007
T001337,C0071,P153,S001,D068,1,80.69,69.64,0.137
T001338,C0249,P090,S001,D165,2,113.89,217.3,0.046
T001339,C0084,P027,S001,D326,1,89.93,89.21,0.008
T001340,C0114,P073,S001,D316,1,133.83,128.48,0.04
T001341,C0287,P072,S001,D276,3,133.39,383.36,0.042
T001342,C0270,P070,S001,D321,1,76.18,73.44,0.036
T001343,C0360,P122,S001,D276,1,195.88,194.7,0.006
T001344,C0236,P144,S001,D191,3,141.58,377.17,0.112
T001345,C0068,P077,S001,D054,2,152.16,297.02,0.024
T001346,C0160,P139,S001,D097,2,277.58,521.85,0.06
T001347,C0227,P089,S001,D128,3,106.4,309.62,0.03
T001348,C0391,P140,S001,D173,3,278.62,828.34,0.009
T001349,C0156,P033,S001,D346,4,60.59,232.42,0.041
T001350,C0114,P115,S001,D231,1,178.85,172.59,0.035
T001351,C0353,P054,S001,D116,1,80.98,80.49,0.006
T001352,C0067,P045,S001,D295,4,197.19,676.76,0.142
T001353,C0391,P018,S001,D069,1,35.15,35.01,0.004
T001354,C0397,P048,S001,D189,4,91.06,356.23,0.022
T001355,C0101,P082,S001,D026,2,203.34,333.88,0.179
T001356,C0263,P132,S001,D067,2,92.78,170.16,0.083
T001357,C0466,P080,S001,D172,1,201.42,200.82,0.003
T001358,C0342,P006,S001,D243,2,66.27,124.99,0.057
T001359,C0064,P120,S001,D155,5,217.17,1074.99,0.01
T001360,C0462,P102,S001,D197,4,107.9,389.73,0.097
T001361,C0015,P144,S001,D356,1,134.74,109.81,0.185
T001362,C0483,P043,S001,D269,1,201.4,183.07,0.091
T001363,C0181,P006,S001,D273,2,66.89,130.44,0.025
T001364,C0374,P051,S001,D220,2,82.8,151.52,0.085
T001365,C0035,P149,S001,D344,2,1165.09,2120.46,0.09
T001366,C0008,P107,S001,D104,1,125.12,120.62,0.036
T001367,C0494,P161,S001,D342,2,38.71,68.67,0.113
T001368,C0276,P047,S001,D302,2,206.34,371.0,0.101
T001369,C0474,P099,S001,D232,2,90.47,176.42,0.025
T001370,C0363,P093,S001,D128,1,96.09,86.58,0.099
T001371,C0095,P158,S001,D358,1,37.59,35.79,0.048
T001372,C0093,P127,S001,D058,1,298.42,283.8,0.049
T001373,C0218,P026,S001,D065,4,145.41,575.24,0.011
T001374,C0058,P052,S001,D337,3,84.82,250.39,0.016
T001375,C0239,P022,S001,D217,3,133.32,397.16,0.007
T001376,C0391,P157,S001,D149,2,88.85,175.21,0.014
T001377,C0370,P164,S001,D153,2,29.96,55.55,0.073
T001378,C0060,P039,S001,D093,1,144.55,141.23,0.023
T001379,C0377,P050,S001,D234,2,83.81,147.84,0.118
T001380,C0228,P086,S001,D250,2,145.26,284.71,0.02
T001381,C0438,P148,S001,D280,2,1049.82,2009.36,0.043
T001382,C0459,P150,S001,D151,1,1198.63,1099.14,0.083
T001383,C0348,P146,S001,D277,2,123.84,235.05,0.051
T001384,C0346,P015,S001,D271,5,78.67,370.93,0.057
T001385,C0225,P052,S001,D088,2,83.62,161.55,0.034
T001386,C0062,P070,S001,D314,2,73.03,134.67,0.078
T001387,C0303,P122,S001,D015,1,198.44,178.2,0.102
T001388,C0457,P154,S001,D157,2,95.79,171.27,0.106
T001389,C0500,P012,S001,D081,1,84.53,83.68,0.01
T001390,C0433,P141,S001,D114,1,271.8,270.17,0.006
T001391,C0430,P014,S001,D310,1,85.75,83.61,0.025
T001392,C0392,P107,S001,D164,1,126.5,122.83,0.029
T001393,C0140,P064,S001,D141,1,330.23,317.02,0.04
T001394,C0483,P087,S001,D162,3,154.87,426.05,0.083
T001395,C0309,P098,S001,D201,2,101.5,193.05,0.049
T001396,C0262,P003,S001,D055,2,78.29,140.3,0.104
T001397,C0056,P157,S001,D177,1,87.57,85.47,0.024
T001398,C0119,P054,S001,D063,4,82.96,329.52,0.007
T001399,C0051,P116,S001,D339,1,181.04,173.44,0.042
T001400,C0256,P118,S001,D289,2,216.18,411.17,0.049
T001401,C0196,P151,S001,D124,1,1109.89,1092.13,0.016
T001402,C0156,P041,S001,D115,4,159.89,636.36,0.005
T001403,C0040,P037,S001,D342,1,156.0,151.94,0.026
T001404,C0253,P094,S001,D175,1,291.52,256.54,0.12
T001405,C0339,P049,S001,D133,1,90.89,88.62,0.025
T001406,C0278,P052,S001,D320,1,82.73,73.63,0.11
T001407,C0280,P064,S001,D113,1,315.82,260.24,0.176
T001408,C0221,P146,S001,D323,1,127.68,120.27,0.058
T001409,C0231,P080,S001,D248,1,202.18,198.34,0.019
T001410,C0236,P024,S001,D218,1,130.53,115.13,0.118
T001411,C0338,P156,S001,D058,1,90.02,88.67,0.015
T001412,C0362,P102,S001,D187,1,107.67,105.3,0.022
T001413,C0160,P075,S001,D036,4,139.82,512.3,0.084
T001414,C0057,P162,S001,D335,2,27.58,46.94,0.149
T001415,C0284,P005,S001,D321,2,86.68,157.76,0.09
T001416,C0244,P052,S001,D123,2,83.82,148.19,0.116
T001417,C0029,P099,S001,D240,2,91.45,155.65,0.149
T001418,C0498,P101,S001,D004,2,106.45,192.25,0.097
T001419,C0393,P163,S001,D299,2,28.73,53.32,0.072
T001420,C0015,P141,S001,D227,2,265.46,470.93,0.113
T001421,C0188,P130,S001,D356,4,86.7,333.97,0.037
T001422,C0014,P121,S001,D077,1,200.33,181.5,0.094
T001423,C0195,P002,S001,D360,5,76.46,375.8,0.017
T001424,C0183,P021,S001,D244,2,34.47,65.22,0.054
T001425,C0126,P148,S001,D154,1,1038.41,1005.18,0.032
T001426,C0304,P050,S001,D123,1,82.66,79.85,0.034
T001427,C0445,P149,S001,D254,1,1179.84,1159.78,0.017
T001428,C0011,P084,S001,D207,2,140.81,281.06,0.002
T001429,C0337,P141,S001,D188,1,269.79,262.24,0.028
T001430,C0462,P050,S001,D338,2,84.37,160.13,0.051
T001431,C0241,P117,S001,D234,1,194.11,184.6,0.049
T001432,C0194,P086,S001,D126,5,148.31,729.69,0.016
T001433,C0051,P105,S001,D164,1,129.69,129.04,0.005
T001434,C0346,P038,S001,D212,1,165.79,151.7,0.085
T001435,C0416,P103,S001,D130,1,106.41,92.15,0.134
T001436,C0315,P029,S001,D072,1,90.65,72.79,0.197
T001437,C0104,P111,S001,D332,2,157.48,301.73,0.042
T001438,C0404,P034,S001,D183,1,61.89,59.23,0.043
T001439,C0110,P077,S001,D090,1,146.5,138.74,0.053
T001440,C0294,P088,S001,D249,2,148.81,277.98,0.066
T001441,C0381,P008,S001,D150,4,76.89,276.8,0.1
T001442,C0297,P114,S001,D337,1,161.73,158.98,0.017
T001443,C0035,P022,S001,D299,1,137.05,125.13,0.087
T001444,C0219,P081,S001,D198,1,210.1,187.83,0.106
T001445,C0334,P124,S001,D016,1,357.43,327.05,0.085
T001446,C0154,P073,S001,D304,1,130.69,119.19,0.088
T001447,C0103,P111,S001,D257,3,156.7,438.13,0.068
T001448,C0264,P005,S001,D180,2,85.49,164.48,0.038
T001449,C0093,P007,S001,D309,2,64.57,125.14,0.031
T001450,C0265,P134,S001,D247,2,149.68,290.68,0.029
T001451,C0110,P145,S001,D103,1,125.03,111.53,0.108
T001452,C0481,P083,S001,D313,1,144.12,127.4,0.116
T001453,C0273,P085,S001,D121,1,150.28,122.48,0.185
T001454,C0465,P126,S001,D250,2,351.51,683.34,0.028
T001455,C0321,P016,S001,D301,5,85.41,422.78,0.01
T001456,C0237,P127,S001,D159,2,286.36,568.14,0.008
T001457,C0351,P110,S001,D173,2,185.39,355.21,0.042
T001458,C0211,P142,S001,D148,1,227.43,217.88,0.042
T001459,C0033,P026,S001,D170,3,149.14,428.63,0.042
T001460,C0137,P058,S001,D278,5,53.24,240.91,0.095
T001461,C0132,P016,S001,D307,3,88.71,248.3,0.067
T001462,C0123,P136,S001,D112,1,166.2,155.73,0.063
T001463,C0126,P037,S001,D159,2,157.26,309.49,0.016
T001464,C0249,P101,S001,D044,2,107.62,210.5,0.022
T001465,C0332,P080,S001,D247,2,209.43,414.67,0.01
T001466,C0140,P054,S001,D050,1,80.53,79.48,0.013
T001467,C0412,P122,S001,D140,2,190.34,370.02,0.028
T001468,C0330,P159,S001,D095,4,40.01,128.67,0.196
T001469,C0249,P091,S001,D119,5,113.51,565.85,0.003
T001470,C0460,P142,S001,D087,1,224.19,217.46,0.03
T001471,C0444,P110,S001,D154,2,177.7,313.82,0.117
T001472,C0460,P085,S001,D347,3,146.34,424.53,0.033
T001473,C0047,P089,S001,D355,1,103.33,98.99,0.042
T001474,C0432,P022,S001,D103,1,133.57,132.77,0.006
T001475,C0377,P071,S001,D082,2,80.83,152.28,0.058
T001476,C0341,P090,S001,D032,2,116.75,222.53,0.047
T001477,C0477,P015,S001,D166,3,78.83,216.39,0.085
T001478,C0047,P120,S001,D216,1,208.5,207.25,0.006
T001479,C0414,P073,S001,D046,1,129.75,106.01,0.183
T001480,C0378,P111,S001,D240,2,156.47,301.36,0.037
T001481,C0121,P014,S001,D024,4,88.39,310.43,0.122
T001482,C0055,P152,S001,D179,2,1193.84,2105.93,0.118
T001483,C0226,P051,S001,D280,1,81.79,78.27,0.043
T001484,C0029,P013,S001,D332,1,90.91,78.46,0.137
T001485,C0486,P077,S001,D362,2,144.94,282.05,0.027
T001486,C0244,P021,S001,D318,1,35.03,28.16,0.196
T001487,C0451,P087,S001,D335,2,158.46,314.7,0.007
T001488,C0244,P160,S001,D038,1,40.53,33.15,0.182
T001489,C0011,P037,S001,D261,3,155.86,446.54,0.045
T001490,C0018,P010,S001,D037,2,93.7,169.41,0.096
T001491,C0482,P122,S001,D096,1,187.76,179.12,0.046
T001492,C0344,P019,S001,D133,2,36.3,61.35,0.155
T001493,C0159,P132,S001,D364,2,93.03,154.43,0.17
T001494,C0463,P054,S001,D177,1,83.87,83.37,0.006
T001495,C0444,P166,S001,D329,1,27.08,24.89,0.081
T001496,C0005,P017,S001,D311,1,88.04,86.28,0.02
T001497,C0470,P112,S001,D252,1,178.51,168.51,0.056
T001498,C0422,P103,S001,D004,2,106.36,185.07,0.13
T001499,C0441,P037,S001,D016,5,158.13,754.28,0.046
T001500,C0324,P081,S001,D032,3,211.47,566.53,0.107
T001501,C0330,P138,S001,D266,1,269.08,241.36,0.103
T001502,C0444,P070,S001,D168,1,72.75,65.11,0.105
T001503,C0252,P060,S001,D292,1,53.06,51.95,0.021
T001504,C0431,P036,S001,D290,2,143.23,245.78,0.142
T001505,C0471,P028,S001,D071,2,100.79,193.32,0.041
T001506,C0358,P128,S001,D220,1,332.42,296.85,0.107
T001507,C0216,P138,S001,D265,2,272.26,522.19,0.041
T001508,C0378,P015,S001,D326,2,77.89,150.33,0.035
T001509,C0391,P023,S001,D294,3,140.62,408.36,0.032
T001510,C0323,P042,S001,D205,2,211.9,410.24,0.032
T001511,C0002,P009,S001,D284,1,74.56,72.25,0.031
T001512,C0161,P013,S001,D312,3,91.37,272.47,0.006
T001513,C0128,P045,S001,D108,3,191.85,507.64,0.118
T001514,C0426,P017,S001,D180,1,86.7,86.09,0.007
T001515,C0305,P160,S001,D017,3,40.46,108.64,0.105
T001516,C0164,P149,S001,D194,4,1190.34,4232.85,0.111
T001517,C0069,P065,S001,D239,1,321.75,267.37,0.169
T001518,C0424,P140,S001,D196,4,268.18,935.41,0.128
T001519,C0044,P002,S001,D116,3,77.95,231.75,0.009
T001520,C0449,P015,S001,D209,2,78.13,149.7,0.042
T001521,C0293,P126,S001,D231,3,347.08,992.3,0.047
T001522,C0473,P153,S001,D295,1,80.88,78.37,0.031
T001523,C0118,P121,S001,D220,3,202.0,576.31,0.049
T001524,C0102,P110,S001,D011,1,179.87,172.14,0.043
T001525,C0026,P062,S001,D358,2,291.73,571.21,0.021
T001526,C0134,P124,S001,D139,2,343.24,653.53,0.048
T001527,C0088,P126,S001,D113,2,362.38,643.59,0.112
T001528,C0368,P029,S001,D083,3,91.89,264.92,0.039
T001529,C0476,P148,S001,D103,1,1051.45,949.46,0.097
T001530,C0061,P136,S001,D232,1,167.34,156.63,0.064
T001531,C0485,P058,S001,D050,3,53.36,143.27,0.105
T001532,C0148,P154,S001,D088,1,94.5,92.7,0.019
T001533,C0221,P166,S001,D126,2,28.11,51.05,0.092
T001534,C0422,P009,S001,D135,1,74.03,61.59,0.168
T001535,C0215,P102,S001,D009,5,107.77,482.27,0.105
T001536,C0015,P135,S001,D103,2,156.25,273.12,0.126
T001537,C0317,P114,S001,D246,3,165.27,462.59,0.067
T001538,C0299,P012,S001,D196,5,87.03,425.14,0.023
T001539,C0006,P023,S001,D001,2,144.23,275.77,0.044
T001540,C0499,P101,S001,D287,1,108.48,97.85,0.098
T001541,C0366,P092,S001,D244,1,104.1,95.77,0.08
T001542,C0306,P124,S001,D275,1,345.49,325.8,0.057
T001543,C0031,P047,S001,D052,1,206.95,197.22,0.047
T001544,C0242,P047,S001,D341,1,217.87,206.98,0.05
T001545,C0481,P133,S001,D035,2,83.49,149.28,0.106
T001546,C0364,P045,S001,D247,2,194.51,388.24,0.002
T001547,C0130,P149,S001,D132,1,1194.14,1102.19,0.077
T001548,C0203,P069,S001,D204,5,78.29,388.71,0.007
T001549,C0457,P131,S001,D042,2,97.62,164.39,0.158
T001550,C0134,P003,S001,D326,1,77.77,75.83,0.025
T001551,C0174,P060,S001,D253,1,54.36,53.98,0.007
T001552,C0163,P005,S001,D139,1,86.81,79.87,0.08
T001553,C0134,P047,S001,D341,2,207.77,414.71,0.002
T001554,C0066,P070,S001,D161,1,74.63,65.82,0.118
T001555,C0144,P065,S001,D356,2,331.29,632.1,0.046
T001556,C0145,P119,S001,D200,4,203.13,801.96,0.013
T001557,C0425,P166,S001,D060,1,27.95,26.05,0.068
T001558,C0161,P119,S001,D332,2,197.58,392.0,0.008
T001559,C0378,P083,S001,D318,5,148.68,715.15,0.038
T001560,C0078,P012,S001,D254,3,86.37,229.31,0.115
T001561,C0326,P018,S001,D117,2,35.18,66.56,0.054
T001562,C0077,P159,S001,D015,1,38.13,33.63,0.118
T001563,C0241,P009,S001,D117,5,73.93,356.71,0.035
T001564,C0224,P034,S001,D038,3,62.05,165.12,0.113
T001565,C0254,P009,S001,D147,2,72.94,143.25,0.018
T001566,C0364,P043,S001,D080,1,204.88,200.17,0.023
T001567,C0058,P159,S001,D058,1,39.99,38.27,0.043
T001568,C0064,P064,S001,D348,4,322.3,1276.31,0.01
T001569,C0146,P165,S001,D231,1,29.05,28.82,0.008
T001570,C0261,P026,S001,D313,1,150.81,146.59,0.028
T001571,C0340,P123,S001,D067,4,302.54,1018.95,0.158
T001572,C0498,P102,S001,D226,2,106.61,191.05,0.104
T001573,C0093,P048,S001,D211,2,90.69,180.65,0.004
T001574,C0394,P039,S001,D303,2,145.54,289.62,0.005
T001575,C0169,P040,S001,D145,1,135.74,122.44,0.098
T001576,C0349,P106,S001,D363,1,119.55,117.28,0.019
T001577,C0476,P092,S001,D316,3,107.67,287.8,0.109
T001578,C0079,P042,S001,D005,1,206.61,201.86,0.023
T001579,C0363,P045,S001,D333,2,193.49,355.25,0.082
T001580,C0490,P161,S001,D361,2,38.68,69.93,0.096
T001581,C0169,P161,S001,D261,1,40.33,36.46,0.096
T001582,C0487,P053,S001,D272,3,92.6,264.74,0.047
T001583,C0376,P038,S001,D200,1,172.89,154.56,0.106
T001584,C0067,P015,S001,D115,2,77.35,138.46,0.105
T001585,C0330,P066,S001,D216,2,286.8,470.35,0.18
T001586,C0381,P072,S001,D235,1,129.08,113.98,0.117
T001587,C0196,P057,S001,D083,2,57.01,112.54,0.013
T001588,C0123,P016,S001,D191,2,90.18,160.34,0.111
T001589,C0046,P074,S001,D047,2,142.43,266.34,0.065
T001590,C0199,P148,S001,D258,1,1072.06,1057.05,0.014
T001591,C0386,P015,S001,D059,5,80.86,401.07,0.008
T001592,C0153,P091,S001,D287,4,111.56,410.54,0.08
T001593,C0413,P009,S001,D259,5,76.91,311.49,0.19
T001594,C0309,P055,S001,D091,5,58.34,282.07,0.033
T001595,C0427,P116,S001,D294,1,177.07,165.74,0.064
T001596,C0229,P150,S001,D179,2,1201.75,2204.01,0.083
T001597,C0289,P133,S001,D095,2,83.14,148.16,0.109
T001598,C0217,P129,S001,D317,1,99.61,90.35,0.093
T001599,C0223,P009,S001,D021,1,75.6,75.22,0.005
T001600,C0263,P072,S001,D290,1,131.23,120.47,0.082
T001601,C0115,P071,S001,D164,5,81.55,366.98,0.1
T001602,C0477,P115,S001,D121,4,182.87,662.72,0.094
T001603,C0269,P028,S001,D068,2,96.42,176.83,0.083
T001604,C0041,P144,S001,D293,2,141.5,276.21,0.024
T001605,C0077,P166,S001,D083,1,28.32,23.56,0.168
T001606,C0154,P156,S001,D324,1,89.92,82.1,0.087
T001607,C0152,P004,S001,D245,2,75.92,147.59,0.028
T001608,C0470,P116,S001,D102,4,173.62,654.2,0.058
T001609,C0218,P130,S001,D044,3,87.03,255.08,0.023
T001610,C0369,P166,S001,D299,4,27.63,109.08,0.013
T001611,C0131,P059,S001,D236,2,56.53,101.3,0.104
T001612,C0009,P031,S001,D260,1,89.66,86.7,0.033
T001613,C0092,P033,S001,D041,2,63.42,121.51,0.042
T001614,C0024,P004,S001,D016,2,73.72,131.07,0.111
T001615,C0153,P143,S001,D339,1,125.83,113.12,0.101
T001616,C0388,P008,S001,D217,1,75.59,68.48,0.094
T001617,C0136,P092,S001,D252,1,103.83,91.99,0.114
T001618,C0415,P093,S001,D258,2,94.43,176.96,0.063
T001619,C0383,P129,S001,D313,1,100.62,93.78,0.068
T001620,C0345,P051,S001,D340,1,80.3,78.13,0.027
T001621,C0003,P141,S001,D181,2,262.37,524.22,0.001
T001622,C0336,P001,S001,D277,1,75.94,73.28,0.035
T001623,C0445,P138,S001,D117,3,273.16,789.16,0.037
T001624,C0372,P106,S001,D131,1,122.22,118.43,0.031
T001625,C0499,P165,S001,D358,3,29.83,80.72,0.098
T001626,C0494,P030,S001,D363,1,102.24,94.27,0.078
T001627,C0155,P033,S001,D102,1,60.81,60.38,0.007
T001628,C0098,P096,S001,D091,5,270.34,1350.35,0.001
T001629,C0497,P051,S001,D080,1,80.7,80.62,0.001
T001630,C0247,P038,S001,D219,1,170.27,154.09,0.095
T001631,C0224,P147,S001,D116,1,135.82,120.88,0.11
T001632,C0276,P161,S001,D356,1,38.49,35.76,0.071
T001633,C0238,P146,S001,D014,2,122.19,209.68,0.142
T001634,C0060,P054,S001,D223,1,80.68,80.03,0.008
T001635,C0360,P164,S001,D356,3,30.71,89.92,0.024
T001636,C0011,P054,S001,D239,2,84.11,163.34,0.029
T001637,C0104,P123,S001,D138,1,297.28,285.09,0.041
T001638,C0201,P106,S001,D145,1,119.02,119.02,0.0
T001639,C0323,P091,S001,D268,2,113.95,222.89,0.022
T001640,C0213,P067,S001,D283,1,75.1,62.03,0.174
T001641,C0306,P037,S001,D023,2,156.65,275.7,0.12
T001642,C0019,P005,S001,D212,3,85.67,250.84,0.024
T001643,C0303,P003,S001,D159,1,80.41,71.16,0.115
T001644,C0464,P103,S001,D308,2,106.74,195.55,0.084
T001645,C0366,P029,S001,D353,3,89.33,254.32,0.051
T001646,C0296,P130,S001,D097,2,86.52,163.7,0.054
T001647,C0458,P092,S001,D228,2,105.76,171.54,0.189
T001648,C0060,P096,S001,D052,1,276.7,263.7,0.047
T001649,C0178,P085,S001,D126,1,147.09,143.85,0.022
T001650,C0083,P033,S001,D247,1,61.56,60.94,0.01
T001651,C0177,P007,S001,D093,2,62.9,106.8,0.151
T001652,C0301,P074,S001,D046,1,150.25,147.7,0.017
T001653,C0309,P024,S001,D128,1,137.12,132.18,0.036
T001654,C0240,P006,S001,D311,1,66.77,65.77,0.015
T001655,C0365,P135,S001,D340,3,157.2,461.7,0.021
T001656,C0482,P053,S001,D047,1,93.82,90.35,0.037
T001657,C0408,P084,S001,D048,2,140.26,266.77,0.049
T001658,C0083,P002,S001,D030,2,78.92,155.63,0.014
T001659,C0384,P107,S001,D221,5,121.8,557.84,0.084
T001660,C0089,P130,S001,D316,2,85.91,156.01,0.092
T001661,C0052,P081,S001,D262,2,217.59,384.7,0.116
T001662,C0253,P055,S001,D334,2,58.96,103.65,0.121
T001663,C0025,P029,S001,D052,1,94.5,92.8,0.018
T001664,C0134,P023,S001,D239,1,143.26,142.11,0.008
T001665,C0424,P091,S001,D079,2,114.03,193.85,0.15
T001666,C0414,P028,S001,D111,4,96.3,330.12,0.143
T001667,C0317,P136,S001,D290,3,167.36,457.39,0.089
T001668,C0250,P124,S001,D308,5,345.53,1599.8,0.074
T001669,C0182,P156,S001,D051,2,89.53,172.08,0.039
T001670,C0286,P162,S001,D096,1,27.09,26.87,0.008
T001671,C0354,P098,S001,D325,1,101.05,98.02,0.03
T001672,C0054,P061,S001,D276,4,51.21,181.28,0.115
T001673,C0225,P022,S001,D001,2,138.96,264.58,0.048
T001674,C0387,P003,S001,D227,1,77.49,68.89,0.111
T001675,C0313,P126,S001,D235,2,355.23,632.31,0.11
T001676,C0053,P129,S001,D055,3,99.69,267.97,0.104
T001677,C0054,P148,S001,D063,2,1033.32,1946.77,0.058
T001678,C0106,P078,S001,D104,1,203.19,201.56,0.008
T001679,C0150,P080,S001,D094,4,207.0,796.54,0.038
T001680,C0256,P081,S001,D098,2,216.8,431.43,0.005
T001681,C0332,P063,S001,D227,3,269.25,774.63,0.041
T001682,C0063,P075,S001,D134,4,140.92,518.02,0.081
T001683,C0213,P065,S001,D001,3,331.71,894.62,0.101
T001684,C0428,P061,S001,D168,5,51.52,253.22,0.017
T001685,C0259,P069,S001,D192,2,75.96,149.95,0.013
T001686,C0367,P125,S001,D357,1,338.29,332.2,0.018
T001687,C0341,P039,S001,D301,1,143.34,137.89,0.038
T001688,C0272,P120,S001,D314,3,210.84,625.56,0.011
T001689,C0411,P057,S001,D320,2,58.19,111.03,0.046
T001690,C0460,P059,S001,D097,1,56.1,53.69,0.043
T001691,C0407,P110,S001,D103,2,184.47,351.6,0.047
T001692,C0227,P071,S001,D319,1,79.11,79.11,0.0
T001693,C0413,P094,S001,D122,3,286.79,768.31,0.107
T001694,C0174,P056,S001,D289,3,57.55,164.19,0.049
T001695,C0085,P114,S001,D050,1,165.1,152.22,0.078
T001696,C0019,P039,S001,D199,1,146.96,142.26,0.032
T001697,C0463,P109,S001,D349,1,126.56,120.36,0.049
T001698,C0366,P134,S001,D333,2,149.12,265.14,0.111
T001699,C0499,P093,S001,D359,2,95.06,175.29,0.078
T001700,C0349,P082,S001,D157,1,210.75,201.48,0.044
T001701,C0370,P071,S001,D227,2,82.01,145.32,0.114
T001702,C0005,P062,S001,D280,1,299.23,285.76,0.045
T001703,C0313,P147,S001,D249,2,136.45,245.88,0.099
T001704,C0229,P069,S001,D261,4,78.16,277.62,0.112
T001705,C0320,P152,S001,D287,2,1238.63,2395.51,0.033
T001706,C0358,P123,S001,D242,2,298.2,488.45,0.181
T001707,C0333,P071,S001,D159,3,80.37,238.7,0.01
T001708,C0155,P093,S001,D102,4,93.84,365.23,0.027
T001709,C0200,P055,S001,D349,1,60.47,49.95,0.174
T001710,C0065,P151,S001,D121,1,1104.32,1074.5,0.027
T001711,C0110,P073,S001,D079,1,128.01,116.62,0.089
T001712,C0267,P052,S001,D359,1,82.71,80.06,0.032
T001713,C0012,P164,S001,D180,1,29.94,28.74,0.04
T001714,C0304,P155,S001,D091,5,77.6,371.7,0.042
T001715,C0156,P087,S001,D296,1,157.92,150.18,0.049
T001716,C0057,P041,S001,D172,2,160.94,262.65,0.184
T001717,C0133,P110,S001,D220,2,183.87,340.16,0.075
T001718,C0025,P115,S001,D335,4,185.74,708.04,0.047
T001719,C0230,P100,S001,D322,1,108.66,97.58,0.102
T001720,C0233,P028,S001,D218,3,97.93,257.36,0.124
T001721,C0382,P164,S001,D335,2,31.71,61.64,0.028
T001722,C0458,P094,S001,D058,2,294.01,489.82,0.167
T001723,C0433,P071,S001,D018,2,81.29,159.65,0.018
T001724,C0146,P091,S001,D298,2,112.74,216.24,0.041
T001725,C0294,P043,S001,D016,1,206.24,185.62,0.1
T001726,C0267,P142,S001,D248,1,233.21,232.04,0.005
T001727,C0265,P069,S001,D005,1,77.87,74.68,0.041
T001728,C0185,P154,S001,D242,1,92.86,92.21,0.007
T001729,C0218,P157,S001,D125,1,91.37,91.0,0.004
T001730,C0032,P024,S001,D081,1,133.66,132.72,0.007
T001731,C0110,P152,S001,D005,2,1213.64,2242.81,0.076
T001732,C0270,P059,S001,D335,2,55.91,108.69,0.028
T001733,C0399,P031,S001,D250,1,91.21,90.02,0.013
T001734,C0256,P010,S001,D101,2,92.57,175.88,0.05
T001735,C0353,P038,S001,D057,1,173.13,168.97,0.024
T001736,C0499,P002,S001,D136,1,77.96,73.2,0.061
T001737,C0259,P138,S001,D100,3,264.55,765.08,0.036
T001738,C0067,P027,S001,D114,2,94.72,160.83,0.151
T001739,C0271,P106,S001,D006,3,119.52,354.62,0.011
T001740,C0243,P032,S001,D344,4,59.65,236.69,0.008
T001741,C0287,P048,S001,D085,1,90.44,86.1,0.048
T001742,C0309,P145,S001,D289,2,126.46,251.4,0.006
T001743,C0190,P071,S001,D216,1,81.18,81.02,0.002
T001744,C0079,P163,S001,D203,1,27.29,26.88,0.015
T001745,C0192,P111,S001,D250,3,155.65,455.74,0.024
T001746,C0406,P088,S001,D237,1,146.48,140.77,0.039
T001747,C0216,P145,S001,D357,3,120.49,345.2,0.045
T001748,C0456,P160,S001,D011,2,39.49,69.66,0.118
T001749,C0379,P076,S001,D117,4,131.67,495.61,0.059
T001750,C0179,P134,S001,D286,5,142.69,712.02,0.002
T001751,C0247,P028,S001,D018,1,99.32,90.38,0.09
T001752,C0461,P027,S001,D260,1,91.23,89.5,0.019
T001753,C0428,P118,S001,D064,1,216.71,210.21,0.03
T001754,C0391,P031,S001,D192,1,89.8,86.93,0.032
T001755,C0390,P148,S001,D138,1,1051.21,1028.08,0.022
T001756,C0444,P117,S001,D266,2,195.73,369.54,0.056
T001757,C0320,P010,S001,D038,1,92.73,90.88,0.02
T001758,C0120,P117,S001,D363,3,197.73,549.29,0.074
T001759,C0024,P164,S001,D312,2,31.66,56.23,0.112
T001760,C0377,P140,S001,D312,2,267.36,504.78,0.056
T001761,C0085,P014,S001,D317,1,87.21,79.36,0.09
T001762,C0408,P037,S001,D340,1,157.03,154.67,0.015
T001763,C0331,P054,S001,D313,2,80.47,156.43,0.028
T001764,C0099,P077,S001,D128,1,152.44,148.32,0.027
T001765,C0388,P072,S001,D329,5,128.94,586.68,0.09
T001766,C0097,P101,S001,D016,2,108.85,212.26,0.025
T001767,C0010,P088,S001,D319,2,146.28,278.81,0.047
T001768,C0093,P146,S001,D075,1,128.29,126.49,0.014
T001769,C0106,P085,S001,D277,1,145.3,140.21,0.035
T001770,C0455,P164,S001,D183,1,30.96,30.84,0.004
T001771,C0274,P065,S001,D349,4,328.53,1287.84,0.02
T001772,C0024,P039,S001,D188,2,145.49,257.52,0.115
T001773,C0175,P028,S001,D023,3,98.52,253.89,0.141
T001774,C0441,P144,S001,D005,2,138.36,271.46,0.019
T001775,C0047,P118,S001,D349,3,208.94,623.69,0.005
T001776,C0087,P153,S001,D135,1,79.56,78.84,0.009
T001777,C0394,P122,S001,D231,2,188.16,370.68,0.015
T001778,C0209,P093,S001,D027,2,97.27,184.03,0.054
T001779,C0493,P105,S001,D182,2,126.0,238.9,0.052
T001780,C0030,P114,S001,D301,1,163.75,162.93,0.005
T001781,C0073,P081,S001,D130,2,212.7,369.25,0.132
T001782,C0193,P034,S001,D260,1,65.19,52.8,0.19
T001783,C0027,P132,S001,D245,2,90.61,174.33,0.038
T001784,C0301,P070,S001,D124,2,73.45,143.23,0.025
T001785,C0259,P029,S001,D296,1,91.12,90.57,0.006
T001786,C0032,P009,S001,D314,1,74.19,72.11,0.028
T001787,C0034,P055,S001,D054,1,59.6,54.89,0.079
T001788,C0120,P058,S001,D336,1,53.53,50.8,0.051
T001789,C0284,P015,S001,D106,1,80.9,73.05,0.097
T001790,C0127,P146,S001,D247,2,126.8,211.76,0.165
T001791,C0065,P101,S001,D047,1,105.98,103.86,0.02
T001792,C0043,P137,S001,D044,1,162.6,158.54,0.025
T001793,C0401,P088,S001,D288,1,153.89,150.97,0.019
T001794,C0087,P015,S001,D327,1,80.04,77.88,0.027
T001795,C0217,P124,S001,D001,1,360.33,328.26,0.089
T001796,C0022,P159,S001,D201,1,38.01,37.14,0.023
T001797,C0425,P011,S001,D022,2,92.88,167.93,0.096
T001798,C0086,P078,S001,D319,1,192.36,183.32,0.047
T001799,C0247,P027,S001,D180,1,90.88,84.7,0.068
T001800,C0349,P149,S001,D079,2,1185.23,2327.79,0.018
T001801,C0324,P140,S001,D126,2,266.31,474.56,0.109
T001802,C0145,P044,S001,D040,2,182.01,350.55,0.037
T001803,C0289,P083,S001,D280,2,140.67,250.67,0.109
T001804,C0358,P129,S001,D191,1,95.58,84.68,0.114
T001805,C0285,P067,S001,D263,1,75.76,72.43,0.044
T001806,C0108,P148,S001,D184,1,1061.37,1010.42,0.048
T001807,C0163,P166,S001,D088,1,28.15,24.88,0.116
T001808,C0326,P121,S001,D304,1,194.37,174.35,0.103
T001809,C0232,P004,S001,D285,2,74.58,124.4,0.166
T001810,C0165,P162,S001,D235,1,27.21,26.58,0.023
T001811,C0307,P040,S001,D166,1,138.27,131.91,0.046
T001812,C0069,P035,S001,D089,3,65.43,176.66,0.1
T001813,C0244,P154,S001,D184,1,90.35,81.22,0.101
T001814,C0089,P144,S001,D273,1,137.41,121.88,0.113
T001815,C0361,P071,S001,D046,1,80.78,79.16,0.02
T001816,C0042,P018,S001,D003,2,35.16,68.07,0.032
T001817,C0040,P061,S001,D267,4,50.7,193.67,0.045
T001818,C0418,P070,S001,D108,2,75.4,136.17,0.097
T001819,C0181,P116,S001,D296,2,183.55,360.13,0.019
T001820,C0308,P133,S001,D270,4,81.94,324.81,0.009
T001821,C0394,P149,S001,D076,1,1216.15,1156.56,0.049
T001822,C0064,P164,S001,D149,1,30.74,29.3,0.047
T001823,C0228,P059,S001,D303,3,54.58,157.68,0.037
T001824,C0389,P063,S001,D313,1,267.91,237.37,0.114
T001825,C0184,P105,S001,D290,2,124.97,239.69,0.041
T001826,C0321,P034,S001,D165,2,62.76,121.0,0.036
T001827,C0120,P077,S001,D325,5,152.66,673.23,0.118
T001828,C0019,P103,S001,D208,1,103.37,98.72,0.045
T001829,C0362,P147,S001,D363,1,133.94,133.94,0.0
T001830,C0421,P054,S001,D288,3,83.01,247.54,0.006
T001831,C0143,P127,S001,D043,1,293.75,286.41,0.025
T001832,C0283,P008,S001,D311,1,73.46,70.74,0.037
T001833,C0345,P155,S001,D202,3,79.6,232.11,0.028
T001834,C0034,P082,S001,D191,5,209.34,939.94,0.102
T001835,C0066,P150,S001,D361,1,1157.65,1053.46,0.09
T001836,C0117,P042,S001,D066,2,217.48,391.03,0.101
T001837,C0141,P112,S001,D249,2,177.82,321.14,0.097
T001838,C0497,P130,S001,D209,3,88.5,258.33,0.027
T001839,C0130,P036,S001,D213,1,146.25,129.87,0.112
T001840,C0002,P091,S001,D310,4,114.55,443.54,0.032
T001841,C0483,P049,S001,D032,1,91.72,81.63,0.11
T001842,C0166,P074,S001,D277,3,146.06,416.27,0.05
T001843,C0141,P105,S001,D322,1,124.44,113.74,0.086
T001844,C0254,P079,S001,D256,3,197.92,571.2,0.038
T001845,C0453,P020,S001,D321,1,34.23,30.64,0.105
T001846,C0471,P137,S001,D343,5,158.53,775.21,0.022
T001847,C0003,P156,S001,D260,3,87.54,258.16,0.017
T001848,C0451,P055,S001,D338,1,59.92,59.86,0.001
T001849,C0378,P090,S001,D015,1,112.61,108.78,0.034
T001850,C0491,P006,S001,D071,2,66.54,124.16,0.067
T001851,C0085,P155,S001,D218,3,77.93,221.17,0.054
T001852,C0321,P166,S001,D238,2,26.85,52.41,0.024
T001853,C0414,P077,S001,D039,1,144.15,118.2,0.18
T001854,C0479,P052,S001,D087,2,82.68,144.69,0.125
T001855,C0056,P146,S001,D284,2,124.63,237.3,0.048
T001856,C0427,P038,S001,D237,1,164.26,152.27,0.073
T001857,C0407,P142,S001,D195,3,226.3,676.18,0.004
T001858,C0308,P072,S001,D062,1,133.44,128.37,0.038
T001859,C0321,P076,S001,D203,2,131.34,261.1,0.006
T001860,C0499,P163,S001,D347,3,27.19,77.33,0.052
T001861,C0161,P077,S001,D226,3,151.86,439.63,0.035
T001862,C0401,P125,S001,D186,2,325.75,621.53,0.046
T001863,C0227,P144,S001,D198,1,134.44,130.27,0.031
T001864,C0222,P020,S001,D313,1,32.9,31.78,0.034
T001865,C0287,P144,S001,D265,2,134.42,257.55,0.042
T001866,C0206,P011,S001,D016,1,89.97,86.55,0.038
T001867,C0120,P018,S001,D160,1,35.32,31.61,0.105
T001868,C0320,P124,S001,D100,2,340.32,667.71,0.019
T001869,C0408,P100,S001,D250,2,109.52,212.25,0.031
T001870,C0052,P036,S001,D332,3,143.29,380.01,0.116
T001871,C0401,P053,S001,D250,1,90.22,87.87,0.026
T001872,C0301,P016,S001,D266,3,86.11,257.04,0.005
T001873,C0305,P083,S001,D074,3,146.25,398.38,0.092
T001874,C0431,P057,S001,D102,2,57.37,96.73,0.157
T001875,C0327,P005,S001,D302,1,85.78,79.35,0.075
T001876,C0247,P024,S001,D015,1,136.08,125.06,0.081
T001877,C0125,P108,S001,D166,1,128.02,127.76,0.002
T001878,C0066,P037,S001,D296,4,152.76,561.55,0.081
T001879,C0492,P068,S001,D298,2,77.5,152.21,0.018
T001880,C0299,P064,S001,D036,3,332.75,959.32,0.039
T001881,C0076,P104,S001,D132,1,111.14,100.92,0.092
T001882,C0150,P001,S001,D148,2,75.44,150.88,0.0
T001883,C0301,P020,S001,D356,4,34.1,135.45,0.007
T001884,C0122,P029,S001,D114,2,91.79,149.8,0.184
T001885,C0440,P042,S001,D014,2,206.94,406.84,0.017
T001886,C0500,P160,S001,D271,2,39.29,75.04,0.045
T001887,C0403,P060,S001,D234,2,51.77,97.02,0.063
T001888,C0244,P147,S001,D168,2,134.65,215.98,0.198
T001889,C0308,P136,S001,D039,1,172.11,164.71,0.043
T001890,C0290,P151,S001,D167,1,1133.61,1098.47,0.031
T001891,C0215,P060,S001,D197,2,52.6,99.2,0.057
T001892,C0449,P141,S001,D124,3,268.61,804.22,0.002
T001893,C0113,P160,S001,D110,1,41.02,37.12,0.095
T001894,C0355,P117,S001,D223,1,189.97,184.08,0.031
T001895,C0123,P164,S001,D328,2,30.77,55.14,0.104
T001896,C0418,P091,S001,D260,2,110.49,198.44,0.102
T001897,C0106,P096,S001,D213,2,275.13,527.7,0.041
T001898,C0004,P089,S001,D252,3,103.11,292.32,0.055
T001899,C0016,P125,S001,D222,2,334.29,628.47,0.06
T001900,C0226,P003,S001,D153,1,77.89,75.63,0.029
T001901,C0392,P126,S001,D075,1,349.94,332.79,0.049
T001902,C0102,P035,S001,D120,2,63.68,126.21,0.009
T001903,C0454,P106,S001,D253,3,120.57,358.45,0.009
T001904,C0434,P156,S001,D363,3,88.4,262.81,0.009
T001905,C0012,P079,S001,D044,2,195.7,386.31,0.013
T001906,C0052,P092,S001,D029,1,101.82,91.94,0.097
T001907,C0195,P104,S001,D309,3,112.37,322.28,0.044
T001908,C0174,P059,S001,D004,4,57.71,227.38,0.015
T001909,C0123,P023,S001,D113,2,143.37,264.95,0.076
T001910,C0088,P155,S001,D200,1,80.82,64.82,0.198
T001911,C0320,P009,S001,D120,2,76.73,146.71,0.044
T001912,C0034,P155,S001,D045,2,76.94,136.65,0.112
T001913,C0067,P159,S001,D012,4,39.87,140.5,0.119
T001914,C0194,P002,S001,D235,2,79.26,155.98,0.016
T001915,C0220,P117,S001,D315,3,198.62,555.94,0.067
T001916,C0024,P143,S001,D097,1,129.26,117.5,0.091
T001917,C0438,P040,S001,D342,2,140.01,269.1,0.039
T001918,C0168,P013,S001,D183,5,89.58,434.02,0.031
T001919,C0144,P097,S001,D298,2,309.36,592.12,0.043
T001920,C0496,P048,S001,D181,2,91.61,167.83,0.084
T001921,C0373,P054,S001,D238,1,80.26,68.46,0.147
T001922,C0340,P093,S001,D045,1,96.9,85.56,0.117
T001923,C0199,P158,S001,D225,1,38.3,37.07,0.032
T001924,C0261,P001,S001,D362,2,75.47,147.02,0.026
T001925,C0092,P071,S001,D019,2,79.97,156.9,0.019
T001926,C0356,P087,S001,D250,3,155.64,444.51,0.048
T001927,C0243,P055,S001,D050,1,58.83,57.65,0.02
T001928,C0472,P107,S001,D308,2,127.08,230.01,0.095
T001929,C0107,P096,S001,D195,1,272.13,269.41,0.01
T001930,C0442,P105,S001,D341,2,125.3,234.31,0.065
T001931,C0218,P032,S001,D131,2,62.8,121.96,0.029
T001932,C0479,P136,S001,D345,2,173.65,303.89,0.125
T001933,C0044,P153,S001,D071,1,78.83,78.51,0.004
T001934,C0228,P036,S001,D202,1,144.84,143.1,0.012
T001935,C0022,P036,S001,D096,3,144.38,419.71,0.031
T001936,C0219,P142,S001,D257,3,229.26,632.76,0.08
T001937,C0189,P078,S001,D147,1,201.92,198.69,0.016
T001938,C0196,P122,S001,D037,1,187.41,183.29,0.022
T001939,C0136,P031,S001,D364,1,92.59,85.65,0.075
T001940,C0043,P067,S001,D344,3,72.65,212.5,0.025
T001941,C0280,P057,S001,D335,1,58.94,48.39,0.179
T001942,C0475,P022,S001,D105,2,134.28,266.95,0.006
T001943,C0185,P064,S001,D002,1,316.22,313.06,0.01
T001944,C0101,P002,S001,D015,1,79.17,69.27,0.125
T001945,C0382,P133,S001,D179,4,84.2,325.35,0.034
T001946,C0141,P119,S001,D051,3,194.66,530.25,0.092
T001947,C0071,P004,S001,D050,1,77.87,64.24,0.175
T001948,C0379,P147,S001,D176,3,133.43,373.07,0.068
T001949,C0395,P116,S001,D115,3,176.34,507.33,0.041
T001950,C0401,P152,S001,D069,2,1253.87,2389.88,0.047
T001951,C0421,P159,S001,D210,1,39.37,38.07,0.033
T001952,C0242,P075,S001,D226,4,139.31,529.94,0.049
T001953,C0488,P021,S001,D194,1,33.92,33.24,0.02
T001954,C0117,P146,S001,D150,3,126.5,354.83,0.065
T001955,C0120,P154,S001,D027,4,93.21,333.69,0.105
T001956,C0388,P114,S001,D193,3,165.45,443.24,0.107
T001957,C0175,P131,S001,D236,2,98.97,172.01,0.131
T001958,C0097,P129,S001,D082,2,97.37,185.59,0.047
T001959,C0214,P108,S001,D240,2,128.58,236.33,0.081
T001960,C0286,P020,S001,D256,2,32.83,65.2,0.007
T001961,C0448,P073,S001,D191,1,128.29,122.26,0.047
T001962,C0005,P141,S001,D148,3,264.03,765.95,0.033
T001963,C0182,P127,S001,D336,1,289.73,283.65,0.021
T001964,C0352,P070,S001,D038,1,75.76,67.96,0.103
T001965,C0354,P126,S001,D236,2,353.71,696.1,0.016
T001966,C0012,P052,S001,D287,5,83.85,418.41,0.002
T001967,C0072,P098,S001,D299,1,96.78,92.13,0.048
T001968,C0170,P014,S001,D360,1,86.49,70.92,0.18
T001969,C0468,P081,S001,D217,4,215.2,823.79,0.043
T001970,C0196,P112,S001,D096,3,177.95,523.17,0.02
T001971,C0274,P020,S001,D087,3,33.55,98.23,0.024
T001972,C0169,P066,S001,D117,2,291.79,535.73,0.082
T001973,C0459,P135,S001,D280,3,156.39,440.08,0.062
T001974,C0346,P114,S001,D007,3,166.29,472.93,0.052
T001975,C0353,P045,S001,D119,1,192.85,192.66,0.001
T001976,C0102,P131,S001,D345,1,94.76,90.21,0.048
T001977,C0146,P158,S001,D174,3,37.06,109.51,0.015
T001978,C0269,P057,S001,D159,2,56.93,107.71,0.054
T001979,C0266,P007,S001,D070,1,61.28,60.3,0.016
T001980,C0466,P002,S001,D047,2,77.93,154.61,0.008
T001981,C0057,P107,S001,D335,2,122.12,209.56,0.142
T001982,C0381,P093,S001,D278,1,93.75,82.78,0.117
T001983,C0444,P165,S001,D059,1,29.1,25.87,0.111
T001984,C0159,P070,S001,D306,3,74.33,184.86,0.171
T001985,C0244,P033,S001,D158,5,61.07,257.1,0.158
T001986,C0159,P082,S001,D306,3,209.33,533.79,0.15
T001987,C0351,P063,S001,D074,1,270.8,268.09,0.01
T001988,C0074,P007,S001,D071,4,62.92,241.36,0.041
T001989,C0310,P122,S001,D247,5,196.47,896.89,0.087
T001990,C0467,P159,S001,D354,1,39.34,38.36,0.025
T001991,C0237,P150,S001,D310,3,1179.96,3408.9,0.037
T001992,C0148,P020,S001,D104,2,34.08,65.02,0.046
T001993,C0178,P148,S001,D322,1,1067.05,1028.64,0.036
T001994,C0153,P092,S001,D065,1,104.14,92.89,0.108
T001995,C0436,P067,S001,D101,3,72.13,213.79,0.012
T001996,C0461,P079,S001,D117,3,200.99,589.7,0.022
T001997,C0197,P164,S001,D307,1,31.57,31.29,0.009
T001998,C0292,P023,S001,D066,2,140.99,272.11,0.035
T001999,C0023,P072,S001,D134,1,130.42,124.68,0.044
T002000,C0141,P017,S001,D001,1,87.9,80.16,0.088
T002001,C0342,P146,S001,D319,1,127.95,115.28,0.099
T002002,C0370,P082,S001,D086,2,213.27,377.91,0.114
T002003,C0211,P097,S001,D076,1,311.53,302.81,0.028
T002004,C0189,P156,S001,D233,1,85.87,85.44,0.005
T002005,C0393,P150,S001,D338,3,1194.29,3299.82,0.079
T002006,C0085,P153,S001,D286,4,79.4,290.6,0.085
T002007,C0237,P153,S001,D177,1,78.31,75.8,0.032
T002008,C0346,P043,S001,D292,2,207.19,382.47,0.077
T002009,C0382,P130,S001,D155,1,86.96,86.09,0.01
T002010,C0020,P060,S001,D133,3,51.59,153.84,0.006
T002011,C0470,P143,S001,D040,1,124.47,112.4,0.097
T002012,C0238,P029,S001,D235,1,91.67,81.86,0.107
T002013,C0281,P157,S001,D200,1,90.44,81.4,0.1
T002014,C0225,P006,S001,D070,2,66.81,128.14,0.041
T002015,C0431,P023,S001,D099,3,141.56,346.54,0.184
T002016,C0311,P092,S001,D303,1,102.32,100.79,0.015
T002017,C0274,P158,S001,D325,4,38.28,151.9,0.008
T002018,C0344,P145,S001,D279,1,125.8,104.67,0.168
T002019,C0079,P099,S001,D047,4,91.72,363.58,0.009
T002020,C0366,P121,S001,D154,3,191.68,519.26,0.097
T002021,C0111,P090,S001,D020,4,114.09,432.17,0.053
T002022,C0326,P013,S001,D065,2,92.66,167.71,0.095
T002023,C0367,P166,S001,D236,2,27.78,55.28,0.005
T002024,C0354,P106,S001,D102,4,120.91,482.19,0.003
T002025,C0003,P158,S001,D193,1,36.71,36.01,0.019
T002026,C0104,P076,S001,D085,3,135.15,397.75,0.019
T002027,C0123,P125,S001,D039,4,327.2,1242.05,0.051
T002028,C0015,P100,S001,D335,1,113.22,98.05,0.134
T002029,C0099,P024,S001,D185,1,135.72,135.31,0.003
T002030,C0491,P103,S001,D003,3,107.15,287.38,0.106
T002031,C0426,P061,S001,D324,1,51.08,49.24,0.036
T002032,C0023,P115,S001,D118,2,181.99,362.16,0.005
T002033,C0168,P068,S001,D278,4,75.98,294.5,0.031
T002034,C0320,P120,S001,D321,1,208.11,202.49,0.027
T002035,C0481,P105,S001,D106,2,126.78,236.83,0.066
T002036,C0055,P115,S001,D140,3,181.35,510.32,0.062
T002037,C0206,P134,S001,D237,1,147.84,147.69,0.001
T002038,C0109,P110,S001,D183,1,182.03,181.48,0.003
T002039,C0418,P105,S001,D263,4,125.64,455.32,0.094
T002040,C0023,P049,S001,D234,2,88.54,175.13,0.011
T002041,C0155,P038,S001,D363,1,171.48,167.19,0.025
T002042,C0053,P096,S001,D141,1,280.32,230.14,0.179
T002043,C0473,P080,S001,D359,2,208.75,413.74,0.009
T002044,C0492,P028,S001,D323,1,96.49,94.95,0.016
T002045,C0324,P075,S001,D210,2,139.66,252.23,0.097
T002046,C0498,P018,S001,D176,5,35.12,165.24,0.059
T002047,C0090,P010,S001,D216,1,92.57,88.5,0.044
T002048,C0163,P009,S001,D357,2,77.16,139.35,0.097
T002049,C0035,P067,S001,D087,4,72.83,264.23,0.093
T002050,C0300,P045,S001,D121,1,191.07,174.64,0.086
T002051,C0380,P053,S001,D002,2,91.37,166.11,0.091
T002052,C0007,P063,S001,D215,2,267.11,517.66,0.031
T002053,C0460,P066,S001,D204,1,284.03,280.62,0.012
T002054,C0220,P049,S001,D353,1,92.3,83.72,0.093
T002055,C0031,P159,S001,D183,4,38.33,149.49,0.025
T002056,C0104,P054,S001,D050,1,80.61,79.8,0.01
T002057,C0020,P090,S001,D146,1,112.69,108.63,0.036
T002058,C0485,P153,S001,D043,3,80.33,214.24,0.111
T002059,C0069,P105,S001,D234,1,125.63,105.03,0.164
T002060,C0390,P035,S001,D247,1,63.07,60.55,0.04
T002061,C0213,P098,S001,D076,1,99.71,86.85,0.129
T002062,C0013,P157,S001,D033,3,88.14,254.64,0.037
T002063,C0176,P075,S001,D017,3,135.9,396.69,0.027
T002064,C0465,P012,S001,D013,4,88.24,335.66,0.049
T002065,C0411,P079,S001,D169,1,201.82,194.55,0.036
T002066,C0312,P039,S001,D298,2,148.82,289.9,0.026
T002067,C0094,P158,S001,D056,3,37.6,107.16,0.05
T002068,C0446,P001,S001,D109,1,76.0,67.11,0.117
T002069,C0027,P110,S001,D361,3,183.95,547.99,0.007
T002070,C0105,P059,S001,D088,1,54.98,51.57,0.062
T002071,C0282,P063,S001,D329,1,276.86,263.85,0.047
T002072,C0121,P021,S001,D325,2,34.67,59.42,0.143
T002073,C0240,P125,S001,D184,1,329.43,317.57,0.036
T002074,C0126,P123,S001,D055,1,299.62,290.63,0.03
T002075,C0156,P056,S001,D070,2,57.45,112.37,0.022
T002076,C0326,P085,S001,D154,2,144.91,257.94,0.11
T002077,C0247,P012,S001,D042,4,83.91,296.03,0.118
T002078,C0204,P059,S001,D237,1,55.83,54.49,0.024
T002079,C0217,P019,S001,D236,1,36.89,33.16,0.101
T002080,C0390,P057,S001,D305,1,57.23,54.48,0.048
T002081,C0247,P043,S001,D254,1,198.25,182.98,0.077
T002082,C0438,P140,S001,D156,4,264.2,1009.24,0.045
T002083,C0154,P053,S001,D151,4,93.39,350.77,0.061
T002084,C0373,P140,S001,D116,2,265.71,458.08,0.138
T002085,C0157,P148,S001,D136,2,1051.44,2062.93,0.019
T002086,C0311,P081,S001,D210,1,213.57,209.94,0.017
T002087,C0367,P035,S001,D317,1,64.74,64.22,0.008
T002088,C0098,P129,S001,D278,1,94.88,90.8,0.043
T002089,C0374,P133,S001,D246,5,83.76,383.62,0.084
T002090,C0474,P094,S001,D299,1,285.04,279.34,0.02
T002091,C0381,P122,S001,D336,1,191.44,175.36,0.084
T002092,C0329,P093,S001,D093,1,99.06,93.61,0.055
T002093,C0454,P120,S001,D210,4,205.97,785.98,0.046
T002094,C0198,P075,S001,D119,2,141.61,265.94,0.061
T002095,C0391,P143,S001,D208,2,126.76,250.22,0.013
T002096,C0468,P074,S001,D354,2,148.86,292.66,0.017
T002097,C0364,P101,S001,D160,2,107.17,207.05,0.034
T002098,C0357,P138,S001,D199,2,263.42,516.83,0.019
T002099,C0218,P150,S001,D213,1,1191.2,1176.91,0.012
T002100,C0018,P045,S001,D004,1,196.51,181.77,0.075
T002101,C0362,P120,S001,D278,1,214.07,206.58,0.035
T002102,C0331,P095,S001,D322,2,291.16,564.85,0.03
T002103,C0484,P051,S001,D078,5,83.13,387.39,0.068
T002104,C0309,P079,S001,D307,1,200.52,193.9,0.033
T002105,C0083,P137,S001,D233,2,154.63,297.2,0.039
T002106,C0330,P137,S001,D115,2,161.31,278.1,0.138
T002107,C0362,P028,S001,D084,4,99.4,379.71,0.045
T002108,C0266,P102,S001,D028,1,112.58,107.63,0.044
T002109,C0085,P021,S001,D324,1,35.34,32.94,0.068
T002110,C0155,P009,S001,D215,2,75.01,145.97,0.027
T002111,C0454,P116,S001,D292,2,177.23,349.14,0.015
T002112,C0211,P054,S001,D169,1,83.58,79.74,0.046
T002113,C0446,P034,S001,D084,1,61.94,56.06,0.095
T002114,C0398,P051,S001,D185,1,83.71,80.28,0.041
T002115,C0138,P113,S001,D139,4,175.21,620.24,0.115
T002116,C0204,P128,S001,D039,3,341.29,1023.87,0.0
T002117,C0087,P037,S001,D198,2,157.44,314.88,0.0
T002118,C0036,P043,S001,D332,1,207.48,203.12,0.021
T002119,C0214,P024,S001,D205,1,135.51,121.82,0.101
T002120,C0088,P059,S001,D130,1,55.15,48.59,0.119
T002121,C0069,P080,S001,D300,2,200.75,354.12,0.118
T002122,C0486,P149,S001,D242,1,1165.89,1133.25,0.028
T002123,C0109,P160,S001,D252,1,39.26,39.14,0.003
T002124,C0094,P020,S001,D018,1,34.41,32.24,0.063
T002125,C0462,P017,S001,D136,1,87.85,80.73,0.081
T002126,C0468,P119,S001,D095,2,199.82,382.46,0.043
T002127,C0086,P028,S001,D363,5,96.4,480.07,0.004
T002128,C0064,P120,S001,D005,1,208.99,205.44,0.017
T002129,C0300,P075,S001,D006,1,135.83,124.42,0.084
T002130,C0390,P008,S001,D339,3,73.04,218.46,0.003
T002131,C0385,P151,S001,D037,3,1133.1,3287.12,0.033
T002132,C0405,P140,S001,D280,1,278.91,248.23,0.11
T002133,C0268,P044,S001,D289,2,190.39,373.55,0.019
T002134,C0267,P148,S001,D023,3,1085.18,3131.83,0.038
T002135,C0478,P109,S001,D124,4,125.89,451.69,0.103
T002136,C0310,P148,S001,D167,3,1049.92,2910.38,0.076
T002137,C0456,P080,S001,D332,1,202.53,175.8,0.132
T002138,C0123,P050,S001,D098,4,87.01,314.28,0.097
T002139,C0194,P019,S001,D110,4,37.13,141.24,0.049
T002140,C0448,P036,S001,D113,1,143.21,142.49,0.005
T002141,C0234,P107,S001,D349,3,127.68,375.38,0.02
T002142,C0428,P018,S001,D252,3,35.36,105.34,0.007
T002143,C0309,P101,S001,D281,1,104.81,101.98,0.027
T002144,C0487,P035,S001,D297,4,65.64,251.8,0.041
T002145,C0189,P093,S001,D027,2,95.96,185.39,0.034
T002146,C0446,P095,S001,D361,3,297.0,820.61,0.079
T002147,C0097,P163,S001,D143,1,27.1,26.23,0.032
T002148,C0483,P050,S001,D098,4,86.36,327.82,0.051
T002149,C0185,P048,S001,D113,3,93.19,266.15,0.048
T002150,C0377,P112,S001,D007,2,179.27,329.5,0.081
T002151,C0311,P021,S001,D160,1,34.62,33.34,0.037
T002152,C0407,P060,S001,D130,4,51.81,202.89,0.021
T002153,C0477,P037,S001,D244,2,158.6,290.87,0.083
T002154,C0338,P003,S001,D065,4,81.04,309.57,0.045
T002155,C0376,P034,S001,D290,2,63.07,114.41,0.093
T002156,C0365,P085,S001,D270,3,144.39,421.91,0.026
T002157,C0293,P038,S001,D162,1,171.65,165.47,0.036
T002158,C0017,P004,S001,D268,2,73.92,141.93,0.04
T002159,C0155,P021,S001,D005,1,35.34,33.57,0.05
T002160,C0448,P091,S001,D083,2,111.4,212.77,0.045
T002161,C0489,P149,S001,D318,4,1166.28,4511.17,0.033
T002162,C0124,P077,S001,D322,4,146.1,548.17,0.062
T002163,C0484,P090,S001,D338,3,115.59,327.35,0.056
T002164,C0223,P105,S001,D116,2,131.1,261.94,0.001
T002165,C0476,P152,S001,D090,2,1248.91,2215.57,0.113
T002166,C0393,P080,S001,D156,2,201.76,363.17,0.1
T002167,C0341,P002,S001,D157,1,78.24,74.72,0.045
T002168,C0064,P104,S001,D332,4,112.45,429.11,0.046
T002169,C0325,P042,S001,D154,4,215.5,857.69,0.005
T002170,C0355,P078,S001,D170,1,196.31,194.15,0.011
T002171,C0295,P150,S001,D210,2,1193.36,2167.14,0.092
T002172,C0330,P011,S001,D052,2,91.34,147.79,0.191
T002173,C0381,P105,S001,D179,2,129.13,238.37,0.077
T002174,C0329,P096,S001,D321,3,281.52,744.9,0.118
T002175,C0224,P156,S001,D270,1,89.74,83.82,0.066
T002176,C0060,P115,S001,D080,1,180.63,179.55,0.006
T002177,C0175,P164,S001,D073,5,31.25,125.94,0.194
T002178,C0382,P131,S001,D271,1,99.85,96.95,0.029
T002179,C0066,P051,S001,D021,4,83.98,296.62,0.117
T002180,C0296,P020,S001,D243,2,34.26,63.59,0.072
T002181,C0303,P005,S001,D078,1,85.91,76.55,0.109
T002182,C0217,P002,S001,D183,2,77.5,143.22,0.076
T002183,C0348,P054,S001,D321,2,84.47,158.97,0.059
T002184,C0340,P034,S001,D352,2,63.9,112.21,0.122
T002185,C0203,P045,S001,D242,3,186.02,534.06,0.043
T002186,C0162,P069,S001,D240,5,75.84,361.38,0.047
T002187,C0429,P144,S001,D022,1,135.8,112.99,0.168
T002188,C0076,P092,S001,D204,2,105.47,198.28,0.06
T002189,C0341,P093,S001,D094,1,98.26,94.23,0.041
T002190,C0018,P116,S001,D144,2,179.55,333.24,0.072
T002191,C0353,P096,S001,D097,2,270.54,514.03,0.05
T002192,C0362,P164,S001,D014,3,30.95,89.88,0.032
T002193,C0111,P067,S001,D203,4,73.54,265.04,0.099
T002194,C0193,P059,S001,D243,3,54.75,134.52,0.181
T002195,C0079,P139,S001,D018,2,279.83,553.5,0.011
T002196,C0376,P060,S001,D145,2,54.54,101.88,0.066
T002197,C0377,P118,S001,D318,4,208.15,740.18,0.111
T002198,C0092,P042,S001,D129,1,217.17,209.35,0.036
T002199,C0154,P114,S001,D345,3,170.58,462.61,0.096
T002200,C0435,P126,S001,D049,3,345.69,983.14,0.052
T002201,C0201,P111,S001,D156,4,155.97,602.67,0.034
T002202,C0179,P043,S001,D142,2,207.29,406.29,0.02
T002203,C0271,P065,S001,D048,1,330.88,326.25,0.014
T002204,C0473,P028,S001,D313,2,97.08,185.81,0.043
T002205,C0202,P062,S001,D121,2,286.38,563.6,0.016
T002206,C0406,P006,S001,D095,3,68.61,197.6,0.04
T002207,C0436,P085,S001,D094,3,151.4,447.39,0.015
T002208,C0336,P003,S001,D355,3,77.74,231.59,0.007
T002209,C0357,P030,S001,D313,1,100.98,96.44,0.045
T002210,C0108,P067,S001,D265,1,72.32,69.64,0.037
T002211,C0377,P049,S001,D255,4,91.72,339.36,0.075
T002212,C0439,P077,S001,D272,1,149.06,134.6,0.097
T002213,C0440,P074,S001,D226,2,143.55,273.32,0.048
T002214,C0219,P076,S001,D354,2,133.18,249.85,0.062
T002215,C0029,P010,S001,D296,2,89.59,143.88,0.197
T002216,C0092,P047,S001,D360,3,218.34,651.09,0.006
T002217,C0264,P077,S001,D305,2,149.73,290.48,0.03
T002218,C0497,P026,S001,D193,1,144.83,139.62,0.036
T002219,C0126,P088,S001,D232,1,145.5,143.75,0.012
T002220,C0251,P137,S001,D346,5,157.4,763.39,0.03
T002221,C0089,P063,S001,D031,2,273.96,506.28,0.076
T002222,C0355,P127,S001,D002,3,301.16,872.76,0.034
T002223,C0046,P073,S001,D243,2,133.41,237.2,0.111
T002224,C0333,P053,S001,D029,2,92.2,178.5,0.032
T002225,C0228,P010,S001,D136,2,91.09,181.09,0.006
T002226,C0043,P166,S001,D269,5,26.9,130.2,0.032
T002227,C0466,P128,S001,D136,4,337.46,1348.49,0.001
T002228,C0294,P070,S001,D311,3,76.81,211.07,0.084
T002229,C0356,P023,S001,D298,2,146.63,281.53,0.04
T002230,C0093,P120,S001,D333,1,210.36,199.84,0.05
T002231,C0360,P034,S001,D086,3,63.26,184.28,0.029
T002232,C0051,P022,S001,D060,4,135.08,520.87,0.036
T002233,C0442,P017,S001,D258,4,87.45,327.76,0.063
T002234,C0417,P052,S001,D102,2,84.52,155.85,0.078
T002235,C0419,P022,S001,D339,1,136.81,131.2,0.041
T002236,C0251,P036,S001,D190,1,140.89,134.97,0.042
T002237,C0276,P023,S001,D029,4,146.35,523.93,0.105
T002238,C0064,P014,S001,D341,2,87.45,173.15,0.01
T002239,C0338,P091,S001,D003,3,114.28,339.75,0.009
T002240,C0307,P100,S001,D112,2,111.28,222.56,0.0
T002241,C0229,P049,S001,D255,1,92.54,87.08,0.059
T002242,C0066,P049,S001,D154,4,91.31,330.18,0.096
T002243,C0045,P090,S001,D281,2,114.92,219.96,0.043
T002244,C0018,P068,S001,D323,4,74.89,281.89,0.059
T002245,C0153,P100,S001,D289,2,109.09,198.98,0.088
T002246,C0217,P141,S001,D277,1,271.59,245.52,0.096
T002247,C0128,P041,S001,D260,5,156.83,693.19,0.116
T002248,C0266,P028,S001,D254,2,101.29,199.54,0.015
T002249,C0274,P094,S001,D210,1,285.54,277.26,0.029
T002250,C0356,P148,S001,D359,2,1042.55,1989.19,0.046
T002251,C0181,P020,S001,D036,1,34.0,33.12,0.026
T002252,C0353,P030,S001,D353,1,98.66,94.61,0.041
T002253,C0122,P091,S001,D166,5,108.52,480.74,0.114
T002254,C0439,P048,S001,D310,2,92.97,164.19,0.117
T002255,C0309,P057,S001,D052,3,58.62,170.58,0.03
T002256,C0143,P151,S001,D089,2,1078.38,2089.9,0.031
T002257,C0039,P020,S001,D225,4,33.88,133.76,0.013
T002258,C0333,P028,S001,D314,3,101.29,297.79,0.02
T002259,C0043,P044,S001,D193,3,192.1,556.71,0.034
T002260,C0482,P088,S001,D203,3,151.44,442.05,0.027
T002261,C0037,P021,S001,D197,1,34.92,34.47,0.013
T002262,C0325,P149,S001,D109,1,1207.91,1195.83,0.01
T002263,C0191,P039,S001,D315,1,146.12,141.44,0.032
T002264,C0262,P030,S001,D313,2,101.73,187.39,0.079
T002265,C0079,P144,S001,D006,2,136.61,262.56,0.039
T002266,C0195,P005,S001,D305,3,83.29,242.37,0.03
T002267,C0040,P009,S001,D257,1,73.98,71.98,0.027
T002268,C0351,P077,S001,D302,4,148.82,593.49,0.003
T002269,C0328,P029,S001,D242,4,89.49,341.85,0.045
T002270,C0399,P062,S001,D147,2,289.48,554.06,0.043
T002271,C0116,P092,S001,D307,2,103.41,184.07,0.11
T002272,C0497,P053,S001,D090,2,91.31,173.85,0.048
T002273,C0401,P077,S001,D065,4,152.18,603.24,0.009
T002274,C0373,P122,S001,D333,2,197.26,331.79,0.159
T002275,C0414,P099,S001,D342,2,91.99,155.83,0.153
T002276,C0359,P126,S001,D011,1,354.44,349.48,0.014
T002277,C0139,P027,S001,D320,2,92.72,177.1,0.045
T002278,C0088,P149,S001,D345,1,1180.77,974.14,0.175
T002279,C0093,P046,S001,D198,5,209.32,1007.88,0.037
T002280,C0496,P047,S001,D216,2,216.34,394.17,0.089
T002281,C0452,P096,S001,D021,2,282.6,551.64,0.024
T002282,C0066,P045,S001,D200,1,188.89,170.38,0.098
T002283,C0366,P054,S001,D236,3,80.63,227.62,0.059
T002284,C0194,P109,S001,D145,5,126.51,624.33,0.013
T002285,C0471,P140,S001,D184,1,274.65,261.19,0.049
T002286,C0363,P126,S001,D310,1,358.79,323.99,0.097
T002287,C0215,P020,S001,D239,2,34.2,64.09,0.063
T002288,C0182,P129,S001,D024,1,99.54,97.05,0.025
T002289,C0142,P004,S001,D311,5,77.66,354.91,0.086
T002290,C0368,P120,S001,D143,2,216.68,415.59,0.041
T002291,C0157,P094,S001,D053,5,288.82,1438.32,0.004
T002292,C0157,P141,S001,D110,2,262.55,516.7,0.016
T002293,C0047,P107,S001,D022,1,125.91,125.41,0.004
T002294,C0123,P027,S001,D135,2,94.59,177.45,0.062
T002295,C0030,P114,S001,D096,3,161.63,478.1,0.014
T002296,C0476,P132,S001,D214,3,92.22,245.95,0.111
T002297,C0493,P019,S001,D104,2,37.87,68.39,0.097
T002298,C0478,P019,S001,D007,2,37.39,68.5,0.084
T002299,C0264,P060,S001,D057,4,53.74,207.65,0.034
T002300,C0273,P072,S001,D244,2,134.06,230.32,0.141
T002301,C0316,P064,S001,D353,3,319.18,917.32,0.042
T002302,C0004,P132,S001,D064,1,93.45,84.2,0.099
T002303,C0384,P003,S001,D101,2,78.6,138.34,0.12
T002304,C0339,P025,S001,D144,4,131.77,505.47,0.041
T002305,C0451,P073,S001,D183,2,134.72,260.28,0.034
T002306,C0022,P019,S001,D335,1,37.12,35.34,0.048
T002307,C0346,P039,S001,D193,1,149.32,133.94,0.103
T002308,C0463,P096,S001,D115,4,272.22,1084.52,0.004
T002309,C0430,P124,S001,D149,1,342.91,336.74,0.018
T002310,C0027,P098,S001,D361,4,98.37,386.0,0.019
T002311,C0192,P030,S001,D006,2,103.94,204.35,0.017
T002312,C0348,P017,S001,D208,1,84.64,77.19,0.088
T002313,C0393,P038,S001,D037,1,172.39,160.32,0.07
T002314,C0248,P048,S001,D068,2,90.02,178.06,0.011
T002315,C0378,P145,S001,D120,1,124.81,122.31,0.02
T002316,C0473,P015,S001,D260,1,77.79,74.13,0.047
T002317,C0330,P160,S001,D284,2,40.05,64.96,0.189
T002318,C0479,P129,S001,D363,5,97.57,408.82,0.162
T002319,C0250,P118,S001,D323,2,208.21,395.6,0.05
T002320,C0236,P018,S001,D286,2,34.2,59.17,0.135
T002321,C0003,P063,S001,D115,1,269.02,259.34,0.036
T002322,C0206,P145,S001,D233,3,122.76,366.44,0.005
T002323,C0252,P024,S001,D334,1,131.83,128.4,0.026
T002324,C0461,P070,S001,D344,1,73.08,72.64,0.006
T002325,C0250,P154,S001,D142,2,90.37,161.94,0.104
T002326,C0129,P127,S001,D322,1,287.73,247.45,0.14
T002327,C0154,P142,S001,D060,5,228.06,1012.59,0.112
T002328,C0275,P045,S001,D334,1,195.24,194.26,0.005
T002329,C0225,P008,S001,D232,3,75.53,221.61,0.022
T002330,C0072,P157,S001,D215,2,88.81,173.71,0.022
T002331,C0184,P123,S001,D327,2,307.92,594.29,0.035
T002332,C0057,P141,S001,D075,1,259.11,232.16,0.104
T002333,C0203,P020,S001,D302,2,33.62,66.1,0.017
T002334,C0017,P085,S001,D084,2,144.54,286.19,0.01
T002335,C0246,P126,S001,D091,4,362.64,1379.48,0.049
T002336,C0061,P079,S001,D288,5,198.64,904.81,0.089
T002337,C0410,P122,S001,D225,1,195.01,193.84,0.006
T002338,C0385,P141,S001,D183,2,268.22,512.84,0.044
T002339,C0257,P144,S001,D255,1,140.0,125.72,0.102
T002340,C0423,P076,S001,D150,1,130.88,130.23,0.005
T002341,C0056,P089,S001,D036,2,105.8,210.33,0.006
T002342,C0177,P017,S001,D215,1,85.93,70.72,0.177
T002343,C0122,P160,S001,D146,1,38.93,31.81,0.183
T002344,C0220,P018,S001,D304,1,35.55,31.92,0.102
T002345,C0223,P090,S001,D289,3,114.35,338.25,0.014
T002346,C0043,P059,S001,D186,1,57.12,56.43,0.012
T002347,C0079,P096,S001,D266,1,280.6,278.07,0.009
T002348,C0144,P143,S001,D249,1,129.29,123.73,0.043
T002349,C0359,P050,S001,D353,5,83.48,400.29,0.041
T002350,C0102,P059,S001,D278,1,56.15,53.96,0.039
T002351,C0053,P118,S001,D258,1,216.47,184.0,0.15
T002352,C0093,P074,S001,D259,3,143.91,413.17,0.043
T002353,C0323,P162,S001,D340,3,27.69,82.16,0.011
T002354,C0068,P048,S001,D346,3,90.61,268.02,0.014
T002355,C0099,P122,S001,D118,5,197.88,968.62,0.021
T002356,C0316,P006,S001,D113,1,67.05,64.17,0.043
T002357,C0195,P112,S001,D289,2,180.16,354.92,0.015
T002358,C0325,P119,S001,D137,4,204.05,807.22,0.011
T002359,C0219,P078,S001,D020,1,198.05,181.02,0.086
T002360,C0330,P124,S001,D012,2,341.19,606.64,0.111
T002361,C0187,P039,S001,D035,5,143.64,621.24,0.135
T002362,C0215,P136,S001,D094,1,167.57,148.63,0.113
T002363,C0094,P118,S001,D228,1,208.0,196.77,0.054
T002364,C0382,P092,S001,D244,1,103.71,102.26,0.014
T002365,C0144,P079,S001,D169,2,204.47,406.9,0.005
T002366,C0095,P031,S001,D023,2,90.43,176.34,0.025
T002367,C0172,P055,S001,D329,4,58.96,234.66,0.005
T002368,C0007,P125,S001,D308,3,336.86,971.17,0.039
T002369,C0067,P158,S001,D245,2,37.35,61.7,0.174
T002370,C0186,P091,S001,D169,2,113.25,205.89,0.091
T002371,C0310,P063,S001,D340,2,269.38,487.04,0.096
T002372,C0108,P097,S001,D029,2,304.12,605.81,0.004
T002373,C0055,P140,S001,D180,2,264.97,475.89,0.102
T002374,C0062,P052,S001,D253,2,81.21,143.25,0.118
T002375,C0453,P076,S001,D091,1,132.98,117.16,0.119
T002376,C0361,P096,S001,D111,3,275.89,823.53,0.005
T002377,C0483,P112,S001,D032,2,181.68,336.47,0.074
T002378,C0372,P071,S001,D116,1,80.7,77.63,0.038
T002379,C0274,P049,S001,D300,1,92.1,91.92,0.002
T002380,C0099,P016,S001,D286,1,87.3,84.16,0.036
T002381,C0457,P041,S001,D287,1,162.32,132.29,0.185
T002382,C0465,P024,S001,D170,4,134.76,529.88,0.017
T002383,C0188,P083,S001,D262,2,143.95,277.54,0.036
T002384,C0467,P163,S001,D249,2,27.82,54.3,0.024
T002385,C0269,P029,S001,D353,2,94.12,172.24,0.085
T002386,C0012,P148,S001,D194,3,1033.31,3056.53,0.014
T002387,C0496,P027,S001,D215,2,90.08,170.61,0.053
T002388,C0290,P096,S001,D222,2,269.5,512.59,0.049
T002389,C0098,P085,S001,D012,4,149.68,586.75,0.02
T002390,C0351,P118,S001,D350,1,214.31,208.74,0.026
T002391,C0039,P072,S001,D183,1,129.83,124.9,0.038
T002392,C0197,P065,S001,D216,2,327.66,642.21,0.02
T002393,C0311,P113,S001,D302,1,170.26,168.73,0.009
T002394,C0082,P010,S001,D188,2,92.22,178.91,0.03
T002395,C0005,P124,S001,D282,2,358.6,688.51,0.04
T002396,C0234,P112,S001,D362,3,181.21,524.06,0.036
T002397,C0133,P029,S001,D178,5,90.67,423.88,0.065
T002398,C0363,P137,S001,D042,1,157.08,147.97,0.058
T002399,C0115,P145,S001,D325,2,120.46,224.78,0.067
T002400,C0021,P052,S001,D037,4,84.21,321.01,0.047
T002401,C0143,P024,S001,D299,1,137.71,135.78,0.014
T002402,C0405,P141,S001,D176,1,256.93,206.06,0.198
T002403,C0422,P042,S001,D295,4,208.92,742.08,0.112
T002404,C0333,P061,S001,D017,3,50.12,145.85,0.03
T002405,C0189,P161,S001,D018,3,38.81,110.96,0.047
T002406,C0453,P148,S001,D240,2,1057.5,1751.22,0.172
T002407,C0210,P111,S001,D278,1,161.27,158.85,0.015
T002408,C0030,P054,S001,D089,3,82.95,248.6,0.001
T002409,C0183,P149,S001,D246,3,1173.7,3105.61,0.118
T002410,C0091,P020,S001,D223,3,33.29,99.77,0.001
T002411,C0337,P022,S001,D111,2,140.43,269.91,0.039
T002412,C0400,P078,S001,D165,2,199.29,384.23,0.036
T002413,C0353,P125,S001,D230,3,330.84,959.77,0.033
T002414,C0446,P152,S001,D326,2,1226.79,2227.85,0.092
T002415,C0106,P048,S001,D200,2,92.88,183.72,0.011
T002416,C0138,P079,S001,D318,2,196.03,355.21,0.094
T002417,C0440,P043,S001,D076,3,207.23,616.72,0.008
T002418,C0119,P089,S001,D319,1,105.4,103.08,0.022
T002419,C0076,P028,S001,D325,3,101.28,286.52,0.057
T002420,C0093,P105,S001,D187,2,127.02,243.62,0.041
T002421,C0091,P055,S001,D247,2,58.55,114.17,0.025
T002422,C0374,P025,S001,D300,2,125.84,234.06,0.07
T002423,C0159,P121,S001,D094,3,193.2,511.21,0.118
T002424,C0202,P152,S001,D146,1,1231.26,1220.18,0.009
T002425,C0074,P039,S001,D123,1,141.82,140.12,0.012
T002426,C0466,P128,S001,D133,3,340.2,1000.19,0.02
T002427,C0371,P103,S001,D061,1,104.92,86.77,0.173
T002428,C0414,P030,S001,D201,3,98.13,262.01,0.11
T002429,C0197,P040,S001,D287,2,135.69,260.25,0.041
T002430,C0391,P164,S001,D153,1,31.42,29.94,0.047
T002431,C0068,P096,S001,D135,2,272.61,543.04,0.004
T002432,C0074,P018,S001,D232,2,35.47,68.81,0.03
T002433,C0406,P071,S001,D323,2,83.09,158.2,0.048
T002434,C0055,P118,S001,D078,4,214.43,765.94,0.107
T002435,C0437,P023,S001,D114,3,146.3,434.51,0.01
T002436,C0246,P102,S001,D234,1,111.59,106.57,0.045
T002437,C0418,P155,S001,D336,1,77.15,71.52,0.073
T002438,C0080,P141,S001,D150,1,259.97,237.09,0.088
T002439,C0137,P036,S001,D104,2,145.79,274.38,0.059
T002440,C0423,P153,S001,D098,2,78.4,152.57,0.027
T002441,C0053,P076,S001,D186,1,131.85,107.59,0.184
T002442,C0073,P148,S001,D153,4,1022.83,3592.18,0.122
T002443,C0117,P108,S001,D099,3,130.29,367.42,0.06
T002444,C0336,P018,S001,D134,2,34.12,65.1,0.046
T002445,C0351,P031,S001,D080,3,91.16,261.45,0.044
T002446,C0422,P009,S001,D019,1,76.82,65.37,0.149
T002447,C0057,P027,S001,D111,3,90.61,218.55,0.196
T002448,C0145,P157,S001,D219,3,88.83,258.23,0.031
T002449,C0061,P076,S001,D355,2,130.66,231.27,0.115
T002450,C0044,P133,S001,D306,2,84.6,164.12,0.03
T002451,C0092,P076,S001,D276,1,131.2,128.97,0.017
T002452,C0093,P028,S001,D030,1,99.95,99.15,0.008
T002453,C0342,P028,S001,D121,2,100.0,181.2,0.094
T002454,C0147,P115,S001,D013,3,181.26,541.06,0.005
T002455,C0470,P034,S001,D003,5,63.51,293.42,0.076
T002456,C0136,P134,S001,D314,3,149.22,402.89,0.1
T002457,C0040,P109,S001,D160,3,128.18,368.0,0.043
T002458,C0077,P022,S001,D161,1,138.79,122.83,0.115
T002459,C0076,P026,S001,D042,3,146.98,396.85,0.1
T002460,C0403,P106,S001,D280,1,125.82,112.36,0.107
T002461,C0058,P097,S001,D017,1,304.0,289.41,0.048
T002462,C0143,P140,S001,D204,2,265.2,521.91,0.016
T002463,C0066,P125,S001,D015,2,326.84,603.35,0.077
T002464,C0164,P082,S001,D232,1,208.17,190.68,0.084
T002465,C0499,P068,S001,D256,1,76.4,68.3,0.106
T002466,C0171,P050,S001,D281,3,82.93,219.93,0.116
T002467,C0472,P037,S001,D040,1,152.15,140.13,0.079
T002468,C0255,P120,S001,D119,2,212.32,414.02,0.025
T002469,C0275,P095,S001,D032,3,303.18,892.26,0.019
T002470,C0298,P148,S001,D278,2,1067.98,2080.43,0.026
T002471,C0398,P119,S001,D169,1,200.64,193.22,0.037
T002472,C0360,P001,S001,D254,3,74.16,218.48,0.018
T002473,C0105,P156,S001,D023,1,90.72,86.09,0.051
T002474,C0286,P076,S001,D264,1,131.55,130.63,0.007
T002475,C0057,P162,S001,D335,3,26.74,69.39,0.135
T002476,C0435,P099,S001,D209,1,93.98,84.11,0.105
T002477,C0072,P106,S001,D124,1,120.81,119.96,0.007
T002478,C0437,P138,S001,D271,1,271.44,258.68,0.047
T002479,C0216,P015,S001,D237,3,77.49,222.94,0.041
T002480,C0029,P019,S001,D039,1,37.43,33.24,0.112
T002481,C0357,P145,S001,D199,2,125.36,245.96,0.019
T002482,C0014,P141,S001,D172,1,267.14,245.77,0.08
T002483,C0028,P131,S001,D238,1,98.45,95.2,0.033
T002484,C0038,P074,S001,D067,2,146.45,265.95,0.092
T002485,C0081,P080,S001,D023,1,198.69,195.11,0.018
T002486,C0041,P126,S001,D103,2,347.51,694.32,0.001
T002487,C0426,P011,S001,D010,2,93.95,186.58,0.007
T002488,C0094,P138,S001,D204,2,270.11,507.81,0.06
T002489,C0271,P107,S001,D342,2,126.39,248.99,0.015
T002490,C0211,P127,S001,D188,3,296.45,869.78,0.022
T002491,C0331,P086,S001,D206,4,149.42,589.31,0.014
T002492,C0080,P152,S001,D152,1,1185.43,1072.81,0.095
T002493,C0310,P078,S001,D079,1,201.29,184.18,0.085
T002494,C0006,P139,S001,D313,2,272.72,533.99,0.021
T002495,C0486,P069,S001,D305,1,79.24,77.02,0.028
T002496,C0425,P159,S001,D023,1,38.61,35.14,0.09
T002497,C0157,P163,S001,D353,4,28.28,110.74,0.021
T002498,C0081,P001,S001,D246,2,75.0,149.25,0.005
T002499,C0194,P047,S001,D283,1,218.76,217.45,0.006
T002500,C0109,P126,S001,D128,3,350.8,1049.24,0.003
T002501,C0201,P142,S001,D301,3,225.57,651.67,0.037
T002502,C0287,P132,S001,D362,1,92.84,92.47,0.004
T002503,C0355,P113,S001,D009,2,172.3,339.09,0.016
T002504,C0329,P081,S001,D049,2,212.6,392.46,0.077
T002505,C0028,P082,S001,D202,3,212.03,615.74,0.032
T002506,C0100,P083,S001,D176,2,142.41,283.4,0.005
T002507,C0186,P147,S001,D022,1,133.91,119.31,0.109
T002508,C0015,P031,S001,D010,2,90.36,159.76,0.116
T002509,C0055,P094,S001,D006,3,279.02,760.05,0.092
T002510,C0388,P020,S001,D296,1,34.61,32.43,0.063
T002511,C0104,P100,S001,D109,1,110.9,110.68,0.002
T002512,C0138,P022,S001,D309,2,133.11,242.26,0.09
T002513,C0023,P134,S001,D291,1,147.05,141.17,0.04
T002514,C0024,P087,S001,D154,3,151.58,428.82,0.057
T002515,C0159,P092,S001,D122,3,101.74,263.71,0.136
T002516,C0145,P100,S001,D267,1,113.02,110.19,0.025
T002517,C0162,P147,S001,D211,3,135.1,390.71,0.036
T002518,C0499,P142,S001,D188,3,224.82,609.04,0.097
T002519,C0170,P121,S001,D350,4,196.09,647.88,0.174
T002520,C0052,P039,S001,D039,2,145.58,260.88,0.104
T002521,C0013,P124,S001,D036,3,352.45,1037.26,0.019
T002522,C0301,P124,S001,D009,2,358.38,715.33,0.002
T002523,C0083,P038,S001,D308,1,165.24,161.44,0.023
T002524,C0454,P044,S001,D363,2,188.52,358.94,0.048
T002525,C0119,P093,S001,D018,1,98.46,94.52,0.04
T002526,C0335,P102,S001,D302,2,107.51,193.52,0.1
T002527,C0494,P057,S001,D120,3,58.45,154.48,0.119
T002528,C0312,P025,S001,D151,3,129.47,370.15,0.047
T002529,C0175,P070,S001,D018,2,74.39,131.97,0.113
T002530,C0149,P119,S001,D181,1,196.68,188.22,0.043
T002531,C0221,P028,S001,D325,2,96.16,173.09,0.1
T002532,C0350,P099,S001,D228,1,91.43,85.49,0.065
T002533,C0313,P149,S001,D303,3,1201.47,3182.69,0.117
T002534,C0291,P157,S001,D076,2,90.29,176.07,0.025
T002535,C0413,P061,S001,D186,1,49.11,40.42,0.177
T002536,C0159,P091,S001,D229,2,111.94,179.78,0.197
T002537,C0401,P110,S001,D077,3,186.81,546.42,0.025
T002538,C0233,P108,S001,D224,3,129.4,313.28,0.193
T002539,C0083,P140,S001,D358,1,263.96,256.31,0.029
T002540,C0181,P070,S001,D170,3,72.79,216.4,0.009
T002541,C0396,P080,S001,D091,5,203.97,816.9,0.199
T002542,C0132,P002,S001,D254,1,79.59,73.14,0.081
T002543,C0474,P018,S001,D032,1,33.81,33.61,0.006
T002544,C0292,P059,S001,D320,2,56.2,110.38,0.018
T002545,C0147,P037,S001,D171,2,153.59,293.97,0.043
T002546,C0470,P065,S001,D170,4,329.98,1213.01,0.081
T002547,C0263,P106,S001,D039,2,124.85,220.49,0.117
T002548,C0192,P036,S001,D324,4,141.06,552.39,0.021
T002549,C0231,P141,S001,D196,1,260.27,248.82,0.044
T002550,C0350,P023,S001,D075,1,140.53,123.95,0.118
T002551,C0030,P019,S001,D029,5,37.41,184.81,0.012
T002552,C0421,P110,S001,D190,1,183.15,181.68,0.008
T002553,C0054,P119,S001,D201,2,195.85,367.81,0.061
T002554,C0205,P009,S001,D185,1,76.6,67.25,0.122
T002555,C0448,P095,S001,D041,1,296.77,295.29,0.005
T002556,C0239,P060,S001,D038,2,53.05,103.24,0.027
T002557,C0419,P048,S001,D315,2,90.96,181.19,0.004
T002558,C0375,P117,S001,D093,2,188.55,359.0,0.048
T002559,C0204,P079,S001,D110,1,202.79,200.76,0.01
T002560,C0169,P037,S001,D074,1,150.47,139.34,0.074
T002561,C0310,P012,S001,D016,3,86.01,232.49,0.099
T002562,C0244,P064,S001,D064,2,317.7,543.27,0.145
T002563,C0280,P054,S001,D130,1,80.63,68.78,0.147
T002564,C0328,P156,S001,D224,1,86.6,84.18,0.028
T002565,C0308,P123,S001,D280,2,305.94,610.04,0.003
T002566,C0414,P092,S001,D328,3,103.96,267.28,0.143
T002567,C0243,P063,S001,D040,4,266.8,1055.46,0.011
T002568,C0012,P062,S001,D084,3,301.44,873.57,0.034
T002569,C0139,P046,S001,D090,2,208.14,412.53,0.009
T002570,C0073,P128,S001,D188,2,328.54,564.43,0.141
T002571,C0153,P071,S001,D133,1,82.64,75.86,0.082
T002572,C0215,P124,S001,D083,3,351.14,951.24,0.097
T002573,C0133,P059,S001,D261,2,55.17,104.38,0.054
T002574,C0459,P124,S001,D275,4,359.07,1330.0,0.074
T002575,C0386,P100,S001,D142,3,108.65,322.69,0.01
T002576,C0483,P031,S001,D306,4,91.34,335.04,0.083
T002577,C0353,P047,S001,D100,2,216.28,411.8,0.048
T002578,C0224,P135,S001,D188,1,156.86,141.33,0.099
T002579,C0200,P102,S001,D184,2,112.01,189.07,0.156
T002580,C0458,P025,S001,D357,1,129.05,115.11,0.108
T002581,C0342,P143,S001,D001,3,127.85,360.54,0.06
T002582,C0341,P026,S001,D358,5,152.27,725.57,0.047
T002583,C0381,P013,S001,D004,1,92.74,83.37,0.101
T002584,C0008,P010,S001,D311,1,89.89,87.82,0.023
T002585,C0076,P061,S001,D286,3,50.58,140.81,0.072
T002586,C0406,P037,S001,D167,3,158.87,467.08,0.02
T002587,C0267,P140,S001,D005,3,274.59,783.41,0.049
T002588,C0483,P022,S001,D039,3,139.23,393.05,0.059
T002589,C0231,P016,S001,D324,1,88.46,85.89,0.029
T002590,C0019,P076,S001,D256,1,129.54,123.19,0.049
T002591,C0216,P021,S001,D126,1,35.06,33.69,0.039
T002592,C0308,P021,S001,D215,1,34.4,33.82,0.017
T002593,C0488,P087,S001,D263,1,152.91,147.71,0.034
T002594,C0490,P059,S001,D028,4,54.6,195.03,0.107
T002595,C0009,P034,S001,D172,2,62.76,123.64,0.015
T002596,C0420,P129,S001,D246,1,99.95,96.45,0.035
T002597,C0333,P086,S001,D177,1,152.11,148.92,0.021
T002598,C0181,P129,S001,D088,2,96.92,188.61,0.027
T002599,C0268,P014,S001,D142,2,88.59,174.17,0.017
T002600,C0475,P109,S001,D029,1,123.55,120.96,0.021
T002601,C0091,P003,S001,D074,3,79.59,236.86,0.008
T002602,C0224,P007,S001,D117,1,62.68,55.85,0.109
T002603,C0353,P128,S001,D002,3,340.91,990.0,0.032
T002604,C0360,P106,S001,D014,2,123.2,235.07,0.046
T002605,C0439,P029,S001,D169,2,89.54,169.05,0.056
T002606,C0429,P064,S001,D033,2,317.5,530.22,0.165
T002607,C0316,P010,S001,D228,1,94.2,93.73,0.005
T002608,C0384,P005,S001,D226,1,87.02,77.01,0.115
T002609,C0052,P007,S001,D140,1,63.64,58.23,0.085
T002610,C0413,P120,S001,D092,1,205.89,179.33,0.129
T002611,C0216,P152,S001,D363,1,1196.52,1149.86,0.039
T002612,C0283,P098,S001,D085,4,98.12,388.56,0.01
T002613,C0241,P050,S001,D338,1,87.06,85.49,0.018
T002614,C0407,P028,S001,D022,1,101.35,99.22,0.021
T002615,C0421,P150,S001,D345,1,1184.8,1138.59,0.039
T002616,C0203,P119,S001,D347,2,192.48,377.65,0.019
T002617,C0115,P035,S001,D166,4,64.89,241.65,0.069
T002618,C0338,P132,S001,D038,3,90.96,261.42,0.042
T002619,C0408,P065,S001,D127,2,334.46,646.18,0.034
T002620,C0003,P131,S001,D354,2,99.61,195.04,0.021
T002621,C0008,P033,S001,D215,1,60.58,58.16,0.04
T002622,C0431,P142,S001,D063,2,234.3,383.31,0.182
T002623,C0308,P118,S001,D228,1,211.55,209.65,0.009
T002624,C0293,P049,S001,D069,1,93.59,92.47,0.012
T002625,C0499,P114,S001,D298,2,164.68,298.73,0.093
T002626,C0202,P009,S001,D120,1,76.49,73.43,0.04
T002627,C0296,P025,S001,D206,4,127.75,451.72,0.116
T002628,C0200,P053,S001,D227,1,95.52,84.34,0.117
T002629,C0463,P042,S001,D119,1,210.3,208.62,0.008
T002630,C0119,P142,S001,D222,1,224.41,215.43,0.04
T002631,C0259,P145,S001,D220,2,121.0,234.98,0.029
T002632,C0201,P049,S001,D181,1,92.77,89.89,0.031
T002633,C0134,P046,S001,D303,1,215.56,213.84,0.008
T002634,C0166,P138,S001,D262,5,265.79,1322.31,0.005
T002635,C0224,P131,S001,D085,2,94.42,169.2,0.104
T002636,C0079,P069,S001,D245,3,75.29,217.96,0.035
T002637,C0472,P079,S001,D115,2,205.24,373.54,0.09
T002638,C0013,P005,S001,D119,4,86.98,345.48,0.007
T002639,C0233,P060,S001,D089,4,53.58,176.17,0.178
T002640,C0096,P040,S001,D359,1,137.53,131.34,0.045
T002641,C0153,P131,S001,D124,3,95.48,255.22,0.109
T002642,C0372,P166,S001,D129,2,27.98,53.78,0.039
T002643,C0395,P090,S001,D013,2,112.84,225.0,0.003
T002644,C0043,P144,S001,D148,1,141.73,137.34,0.031
T002645,C0327,P027,S001,D014,1,94.81,84.29,0.111
T002646,C0057,P056,S001,D040,2,58.06,97.54,0.16
T002647,C0055,P067,S001,D091,1,71.98,67.09,0.068
T002648,C0093,P077,S001,D323,5,144.76,705.7,0.025
T002649,C0186,P119,S001,D060,3,203.25,570.12,0.065
T002650,C0052,P135,S001,D140,2,158.15,299.85,0.052
T002651,C0038,P094,S001,D299,1,286.26,259.35,0.094
T002652,C0108,P085,S001,D118,1,149.21,146.38,0.019
T002653,C0161,P047,S001,D231,2,214.36,418.86,0.023
T002654,C0083,P124,S001,D359,2,343.88,687.07,0.001
T002655,C0092,P082,S001,D333,2,210.23,407.01,0.032
T002656,C0438,P156,S001,D099,2,85.63,162.87,0.049
T002657,C0178,P156,S001,D365,1,88.02,85.29,0.031
T002658,C0280,P112,S001,D089,1,175.79,149.07,0.152
T002659,C0131,P162,S001,D358,1,28.17,26.4,0.063
T002660,C0016,P001,S001,D281,2,76.2,139.29,0.086
T002661,C0390,P014,S001,D330,2,84.34,161.43,0.043
T002662,C0059,P132,S001,D179,3,94.47,254.22,0.103
T002663,C0071,P038,S001,D358,2,165.93,274.45,0.173
T002664,C0482,P115,S001,D204,1,178.82,176.32,0.014
T002665,C0103,P142,S001,D140,2,236.18,437.41,0.074
T002666,C0283,P005,S001,D149,1,86.51,84.52,0.023
T002667,C0415,P154,S001,D334,1,93.1,85.09,0.086
T002668,C0205,P150,S001,D350,1,1204.36,1053.81,0.125
T002669,C0102,P102,S001,D096,2,111.11,212.44,0.044
T002670,C0144,P157,S001,D148,2,92.08,183.24,0.005
T002671,C0407,P078,S001,D012,2,201.47,396.49,0.016
T002672,C0407,P117,S001,D147,5,189.68,914.26,0.036
T002673,C0222,P142,S001,D053,5,235.21,1151.35,0.021
T002674,C0383,P046,S001,D290,2,208.39,386.77,0.072
T002675,C0056,P059,S001,D141,2,56.6,110.82,0.021
T002676,C0291,P014,S001,D280,3,85.38,244.61,0.045
T002677,C0420,P095,S001,D276,3,289.66,862.03,0.008
T002678,C0018,P152,S001,D128,2,1251.04,2331.94,0.068
T002679,C0210,P050,S001,D265,2,83.72,160.57,0.041
T002680,C0331,P041,S001,D192,1,163.02,158.62,0.027
T002681,C0204,P144,S001,D284,2,134.23,266.04,0.009
T002682,C0166,P099,S001,D154,4,91.66,363.34,0.009
T002683,C0126,P112,S001,D337,5,176.52,853.47,0.033
T002684,C0191,P053,S001,D292,2,90.88,178.85,0.016
T002685,C0005,P045,S001,D054,1,189.57,189.38,0.001
T002686,C0169,P026,S001,D058,1,145.41,132.32,0.09
T002687,C0165,P090,S001,D084,1,117.23,113.95,0.028
T002688,C0198,P156,S001,D073,1,86.97,81.32,0.065
T002689,C0112,P111,S001,D341,1,153.76,151.61,0.014
T002690,C0312,P046,S001,D039,3,216.94,624.79,0.04
T002691,C0344,P044,S001,D092,1,182.34,147.88,0.189
T002692,C0216,P015,S001,D007,4,79.57,311.28,0.022
T002693,C0417,P073,S001,D151,4,129.8,485.97,0.064
T002694,C0411,P007,S001,D077,2,63.11,125.97,0.002
T002695,C0141,P151,S001,D286,5,1097.76,5164.96,0.059
T002696,C0088,P139,S001,D136,3,276.1,696.6,0.159
T002697,C0122,P132,S001,D025,1,92.68,80.72,0.129
T002698,C0330,P021,S001,D342,2,35.24,59.34,0.158
T002699,C0003,P123,S001,D081,1,308.42,304.1,0.014
T002700,C0431,P112,S001,D256,1,186.24,166.87,0.104
T002701,C0274,P108,S001,D341,1,134.14,133.87,0.002
T002702,C0331,P164,S001,D155,2,29.92,58.46,0.023
T002703,C0425,P056,S001,D356,3,59.26,159.82,0.101
T002704,C0141,P032,S001,D118,1,60.7,56.21,0.074
T002705,C0041,P075,S001,D231,2,138.5,272.57,0.016
T002706,C0314,P065,S001,D357,2,317.57,625.61,0.015
T002707,C0233,P152,S001,D293,1,1217.08,1017.48,0.164
T002708,C0467,P079,S001,D211,3,195.05,574.03,0.019
T002709,C0317,P137,S001,D134,1,155.49,145.23,0.066
T002710,C0423,P154,S001,D357,2,90.38,179.86,0.005
T002711,C0166,P067,S001,D311,1,75.16,72.45,0.036
T002712,C0116,P101,S001,D270,2,105.12,185.22,0.119
T002713,C0462,P070,S001,D144,2,76.03,135.79,0.107
T002714,C0276,P055,S001,D029,2,61.41,108.7,0.115
T002715,C0445,P007,S001,D343,1,61.43,58.73,0.044
T002716,C0023,P045,S001,D298,1,187.18,178.38,0.047
T002717,C0039,P136,S001,D335,2,167.74,324.07,0.034
T002718,C0406,P062,S001,D164,5,298.97,1475.42,0.013
T002719,C0088,P078,S001,D062,3,203.35,513.66,0.158
T002720,C0062,P134,S001,D013,4,143.21,509.83,0.11
T002721,C0386,P114,S001,D207,1,166.6,159.44,0.043
T002722,C0459,P065,S001,D076,4,324.74,1193.74,0.081
T002723,C0063,P127,S001,D189,2,292.92,546.59,0.067
T002724,C0245,P137,S001,D141,3,160.83,425.56,0.118
T002725,C0165,P006,S001,D015,3,69.4,203.2,0.024
T002726,C0048,P058,S001,D340,4,51.49,202.87,0.015
T002727,C0043,P154,S001,D006,4,92.3,353.69,0.042
T002728,C0125,P140,S001,D015,3,273.57,790.34,0.037
T002729,C0106,P119,S001,D029,1,200.66,199.86,0.004
T002730,C0254,P126,S001,D176,1,343.6,343.26,0.001
T002731,C0111,P007,S001,D052,2,63.01,116.32,0.077
T002732,C0250,P045,S001,D185,5,187.11,874.74,0.065
T002733,C0303,P152,S001,D088,1,1236.68,1130.33,0.086
T002734,C0161,P105,S001,D275,3,129.32,381.75,0.016
T002735,C0233,P120,S001,D029,4,213.8,696.99,0.185
T002736,C0055,P109,S001,D032,2,129.13,241.47,0.065
T002737,C0187,P068,S001,D014,2,76.27,130.42,0.145
T002738,C0318,P157,S001,D080,3,89.67,258.52,0.039
T002739,C0097,P102,S001,D306,3,107.04,314.38,0.021
T002740,C0352,P080,S001,D036,1,202.08,179.65,0.111
T002741,C0332,P141,S001,D184,2,257.73,503.6,0.023
T002742,C0055,P062,S001,D332,3,297.78,833.49,0.067
T002743,C0458,P062,S001,D296,1,292.78,255.6,0.127
T002744,C0244,P117,S001,D127,3,194.97,500.1,0.145
T002745,C0136,P137,S001,D364,1,155.64,141.79,0.089
T002746,C0182,P132,S001,D359,3,91.88,273.43,0.008
T002747,C0258,P041,S001,D245,5,158.07,776.91,0.017
T002748,C0226,P054,S001,D092,5,81.21,404.02,0.005
T002749,C0333,P012,S001,D140,2,85.47,163.08,0.046
T002750,C0100,P061,S001,D248,5,49.95,244.76,0.02
T002751,C0305,P121,S001,D086,1,194.54,176.45,0.093
T002752,C0266,P033,S001,D243,1,62.1,59.99,0.034
T002753,C0331,P163,S001,D284,1,27.51,27.34,0.006
T002754,C0059,P043,S001,D313,5,198.66,890.0,0.104
T002755,C0137,P077,S001,D090,1,146.06,133.35,0.087
T002756,C0142,P120,S001,D237,4,208.35,755.89,0.093
T002757,C0367,P090,S001,D145,2,113.83,223.11,0.02
T002758,C0113,P142,S001,D324,1,233.16,207.05,0.112
T002759,C0138,P100,S001,D296,3,109.96,309.43,0.062
T002760,C0105,P043,S001,D051,2,202.26,376.2,0.07
T002761,C0306,P065,S001,D064,2,322.29,612.35,0.05
T002762,C0095,P092,S001,D178,2,104.85,202.36,0.035
T002763,C0245,P020,S001,D039,3,34.26,91.47,0.11
T002764,C0353,P043,S001,D231,1,200.93,197.72,0.016
T002765,C0036,P145,S001,D197,2,121.36,238.59,0.017
T002766,C0234,P089,S001,D054,2,101.74,203.28,0.001
T002767,C0243,P021,S001,D057,3,34.5,103.4,0.001
T002768,C0499,P077,S001,D295,5,146.29,691.22,0.055
T002769,C0348,P024,S001,D239,1,136.37,129.42,0.051
T002770,C0181,P039,S001,D120,2,149.66,290.64,0.029
T002771,C0251,P148,S001,D109,1,1077.99,1052.12,0.024
T002772,C0024,P111,S001,D236,1,160.52,146.07,0.09
T002773,C0149,P071,S001,D115,2,82.46,160.63,0.026
T002774,C0086,P057,S001,D026,1,59.33,57.02,0.039
T002775,C0052,P025,S001,D051,2,126.8,227.73,0.102
T002776,C0232,P101,S001,D301,2,107.18,185.42,0.135
T002777,C0280,P019,S001,D287,1,36.34,30.93,0.149
T002778,C0187,P161,S001,D314,4,39.12,127.84,0.183
T002779,C0155,P073,S001,D057,3,132.87,380.67,0.045
T002780,C0397,P043,S001,D197,3,206.14,591.83,0.043
T002781,C0432,P151,S001,D084,1,1109.31,1102.65,0.006
T002782,C0352,P081,S001,D323,2,214.07,387.47,0.095
T002783,C0076,P100,S001,D030,1,113.15,100.7,0.11
T002784,C0338,P054,S001,D014,2,84.77,166.49,0.018
T002785,C0016,P042,S001,D023,1,209.36,188.01,0.102
T002786,C0499,P004,S001,D176,1,75.3,70.48,0.064
T002787,C0046,P067,S001,D097,1,72.21,63.76,0.117
T002788,C0328,P053,S001,D313,1,90.68,89.41,0.014
T002789,C0321,P136,S001,D085,1,171.98,164.24,0.045
T002790,C0231,P098,S001,D337,5,101.72,486.22,0.044
T002791,C0090,P108,S001,D023,2,129.02,249.27,0.034
T002792,C0455,P149,S001,D106,4,1181.72,4589.8,0.029
T002793,C0484,P090,S001,D035,2,117.88,218.79,0.072
T002794,C0022,P032,S001,D308,4,61.66,238.01,0.035
T002795,C0428,P155,S001,D080,1,79.27,77.53,0.022
T002796,C0233,P046,S001,D062,1,212.13,174.16,0.179
T002797,C0178,P155,S001,D092,3,77.74,222.03,0.048
T002798,C0256,P081,S001,D086,2,219.3,435.53,0.007
T002799,C0349,P023,S001,D262,2,141.47,269.36,0.048
T002800,C0320,P102,S001,D079,1,110.26,109.38,0.008
T002801,C0250,P015,S001,D059,4,77.71,277.89,0.106
T002802,C0008,P120,S001,D268,1,211.24,208.92,0.011
T002803,C0423,P015,S001,D165,3,79.15,236.74,0.003
T002804,C0157,P161,S001,D202,2,38.06,74.75,0.018
T002805,C0428,P014,S001,D313,4,83.56,329.89,0.013
T002806,C0180,P140,S001,D024,1,277.14,266.33,0.039
T002807,C0258,P059,S001,D204,1,56.8,54.64,0.038
T002808,C0080,P143,S001,D030,2,130.71,235.28,0.1
T002809,C0074,P122,S001,D292,3,198.65,589.99,0.01
T002810,C0300,P107,S001,D138,2,128.03,238.14,0.07
T002811,C0017,P014,S001,D091,2,86.0,168.9,0.018
T002812,C0416,P125,S001,D177,1,336.77,289.96,0.139
T002813,C0205,P031,S001,D359,1,94.36,83.98,0.11
T002814,C0134,P105,S001,D138,3,130.54,379.87,0.03
T002815,C0089,P117,S001,D062,2,193.83,349.67,0.098
T002816,C0166,P057,S001,D219,3,59.51,177.28,0.007
T002817,C0394,P014,S001,D354,1,84.59,84.0,0.007
T002818,C0284,P054,S001,D314,3,80.85,225.33,0.071
T002819,C0153,P113,S001,D244,1,173.32,157.03,0.094
T002820,C0280,P131,S001,D236,3,95.42,235.31,0.178
T002821,C0427,P106,S001,D122,4,121.86,458.19,0.06
T002822,C0227,P140,S001,D144,1,274.14,267.29,0.025
T002823,C0351,P155,S001,D181,4,79.74,311.62,0.023
T002824,C0219,P106,S001,D019,3,122.07,323.36,0.117
T002825,C0237,P149,S001,D255,2,1159.98,2255.0,0.028
T002826,C0491,P059,S001,D049,4,57.14,215.76,0.056
T002827,C0072,P114,S001,D200,4,166.91,657.63,0.015
T002828,C0125,P036,S001,D189,1,145.38,142.62,0.019
T002829,C0318,P086,S001,D185,2,148.07,287.85,0.028
T002830,C0151,P017,S001,D199,2,83.63,160.24,0.042
T002831,C0065,P102,S001,D211,2,109.24,218.48,0.0
T002832,C0414,P142,S001,D336,1,233.56,198.06,0.152
T002833,C0430,P056,S001,D164,1,56.64,56.47,0.003
T002834,C0425,P074,S001,D140,3,150.93,426.98,0.057
T002835,C0305,P098,S001,D141,1,96.44,89.69,0.07
T002836,C0247,P099,S001,D330,3,93.1,248.3,0.111
T002837,C0063,P097,S001,D084,3,306.96,831.55,0.097
T002838,C0379,P124,S001,D294,5,355.18,1600.09,0.099
T002839,C0265,P145,S001,D099,1,121.2,116.72,0.037
T002840,C0254,P117,S001,D135,2,188.88,360.76,0.045
T002841,C0328,P033,S001,D293,1,63.67,62.71,0.015
T002842,C0160,P144,S001,D119,1,139.95,123.72,0.116
T002843,C0413,P075,S001,D177,1,137.91,114.6,0.169
T002844,C0059,P144,S001,D249,2,134.54,238.14,0.115
T002845,C0451,P042,S001,D157,4,207.79,827.0,0.005
T002846,C0105,P017,S001,D310,3,83.89,238.58,0.052
T002847,C0259,P034,S001,D065,1,63.3,63.11,0.003
T002848,C0063,P101,S001,D177,2,105.95,194.1,0.084
T002849,C0095,P111,S001,D011,1,160.54,153.8,0.042
T002850,C0280,P115,S001,D261,4,180.29,605.05,0.161
T002851,C0225,P100,S001,D236,2,112.36,217.75,0.031
T002852,C0222,P165,S001,D265,1,28.99,28.96,0.001
T002853,C0073,P134,S001,D147,1,149.29,124.51,0.166
T002854,C0088,P009,S001,D002,1,75.06,62.3,0.17
T002855,C0103,P106,S001,D262,3,122.15,340.8,0.07
T002856,C0342,P057,S001,D220,2,57.04,103.7,0.091
T002857,C0189,P033,S001,D300,1,62.98,61.72,0.02
T002858,C0358,P001,S001,D328,2,77.41,132.22,0.146
T002859,C0417,P088,S001,D211,5,149.01,706.31,0.052
T002860,C0235,P087,S001,D290,2,152.25,298.71,0.019
T002861,C0298,P166,S001,D241,2,27.19,52.64,0.032
T002862,C0458,P085,S001,D077,2,148.94,254.99,0.144
T002863,C0465,P049,S001,D293,2,93.12,177.3,0.048
T002864,C0240,P081,S001,D320,4,218.73,854.8,0.023
T002865,C0005,P102,S001,D024,3,113.06,333.07,0.018
T002866,C0439,P024,S001,D189,4,137.18,513.05,0.065
T002867,C0463,P082,S001,D251,4,210.82,826.41,0.02
T002868,C0033,P022,S001,D243,4,133.84,531.08,0.008
T002869,C0336,P125,S001,D234,1,337.58,331.84,0.017
T002870,C0367,P141,S001,D323,4,269.71,1071.29,0.007
T002871,C0402,P063,S001,D105,3,275.75,768.52,0.071
T002872,C0202,P136,S001,D022,4,165.74,635.12,0.042
T002873,C0248,P093,S001,D180,4,95.53,372.95,0.024
T002874,C0338,P085,S001,D046,1,144.72,139.65,0.035
T002875,C0260,P077,S001,D032,4,150.84,550.87,0.087
T002876,C0067,P161,S001,D297,5,39.69,166.9,0.159
T002877,C0298,P002,S001,D060,1,77.64,75.23,0.031
T002878,C0207,P156,S001,D117,2,85.82,162.71,0.052
T002879,C0376,P105,S001,D353,1,124.73,117.62,0.057
T002880,C0055,P064,S001,D227,5,325.22,1466.74,0.098
T002881,C0166,P062,S001,D304,2,298.05,566.89,0.049
T002882,C0414,P148,S001,D262,2,1080.78,1772.48,0.18
T002883,C0054,P152,S001,D123,2,1246.78,2338.96,0.062
T002884,C0457,P070,S001,D147,1,74.11,59.51,0.197
T002885,C0473,P021,S001,D234,2,33.74,65.39,0.031
T002886,C0059,P040,S001,D347,4,135.83,448.24,0.175
T002887,C0227,P124,S001,D310,2,356.16,690.95,0.03
T002888,C0431,P003,S001,D045,2,77.1,136.16,0.117
T002889,C0056,P008,S001,D225,5,75.72,371.41,0.019
T002890,C0327,P152,S001,D337,3,1222.96,3434.07,0.064
T002891,C0130,P001,S001,D271,1,76.0,68.55,0.098
T002892,C0116,P139,S001,D216,3,269.51,714.74,0.116
T002893,C0417,P045,S001,D053,4,191.99,687.32,0.105
T002894,C0045,P034,S001,D310,2,63.82,123.68,0.031
T002895,C0343,P062,S001,D319,1,286.36,285.79,0.002
T002896,C0072,P061,S001,D137,2,51.77,101.68,0.018
T002897,C0209,P054,S001,D098,5,82.67,367.47,0.111
T002898,C0175,P025,S001,D260,2,125.88,208.21,0.173
T002899,C0467,P054,S001,D199,2,83.46,162.58,0.026
T002900,C0098,P019,S001,D246,2,37.62,73.06,0.029
T002901,C0243,P038,S001,D136,1,168.78,165.74,0.018
T002902,C0461,P140,S001,D248,1,271.93,270.03,0.007
T002903,C0035,P055,S001,D186,1,59.44,53.85,0.094
T002904,C0448,P152,S001,D060,2,1186.22,2362.95,0.004
T002905,C0401,P003,S001,D355,3,79.42,237.07,0.005
T002906,C0256,P117,S001,D205,1,189.97,184.27,0.03
T002907,C0170,P041,S001,D072,2,154.18,252.24,0.182
T002908,C0149,P057,S001,D119,5,59.92,295.71,0.013
T002909,C0361,P048,S001,D357,1,90.37,86.39,0.044
T002910,C0081,P122,S001,D078,1,198.33,197.54,0.004
T002911,C0295,P087,S001,D331,3,153.38,420.57,0.086
T002912,C0313,P163,S001,D212,1,27.93,25.75,0.078
T002913,C0030,P092,S001,D222,1,105.12,100.39,0.045
T002914,C0299,P166,S001,D022,4,27.47,104.83,0.046
T002915,C0135,P117,S001,D147,1,194.87,184.74,0.052
T002916,C0216,P126,S001,D134,3,347.85,1025.81,0.017
T002917,C0392,P089,S001,D187,1,101.22,100.21,0.01
T002918,C0419,P148,S001,D355,2,1069.18,2040.0,0.046
T002919,C0340,P029,S001,D206,2,94.02,168.11,0.106
T002920,C0253,P139,S001,D118,3,267.4,645.77,0.195
T002921,C0464,P128,S001,D229,2,339.49,605.65,0.108
T002922,C0414,P116,S001,D229,1,173.51,139.16,0.198
T002923,C0487,P137,S001,D213,1,158.49,152.63,0.037
T002924,C0476,P092,S001,D270,1,102.19,93.1,0.089
T002925,C0485,P100,S001,D135,3,107.54,290.04,0.101
T002926,C0054,P047,S001,D233,2,206.73,377.9,0.086
T002927,C0333,P002,S001,D012,5,77.65,378.93,0.024
T002928,C0401,P109,S001,D223,2,128.64,244.67,0.049
T002929,C0011,P164,S001,D301,2,31.61,63.16,0.001
T002930,C0401,P122,S001,D102,1,196.51,191.2,0.027
T002931,C0441,P156,S001,D107,2,87.47,168.99,0.034
T002932,C0010,P117,S001,D066,1,193.7,193.12,0.003
T002933,C0393,P095,S001,D279,1,295.25,277.83,0.059
T002934,C0360,P075,S001,D276,2,137.42,272.92,0.007
T002935,C0225,P055,S001,D350,2,58.29,112.97,0.031
T002936,C0463,P008,S001,D124,2,74.24,147.0,0.01
T002937,C0224,P075,S001,D210,2,141.49,264.02,0.067
T002938,C0048,P053,S001,D058,1,93.35,92.32,0.011
T002939,C0383,P156,S001,D209,2,89.45,159.76,0.107
T002940,C0275,P025,S001,D164,1,128.82,122.38,0.05
T002941,C0008,P064,S001,D349,1,332.51,328.52,0.012
T002942,C0030,P116,S001,D060,4,173.96,691.66,0.006
T002943,C0093,P061,S001,D170,1,49.92,49.12,0.016
T002944,C0309,P056,S001,D234,3,58.74,174.11,0.012
T002945,C0150,P094,S001,D182,1,280.13,274.53,0.02
T002946,C0337,P022,S001,D220,1,133.42,132.89,0.004
T002947,C0129,P010,S001,D225,2,94.24,165.67,0.121
T002948,C0362,P034,S001,D358,1,64.41,63.25,0.018
T002949,C0469,P011,S001,D058,1,94.19,86.56,0.081
T002950,C0155,P150,S001,D057,1,1205.7,1158.68,0.039
T002951,C0150,P012,S001,D225,1,87.99,86.93,0.012
T002952,C0458,P045,S001,D146,2,188.99,313.72,0.17
T002953,C0258,P076,S001,D216,4,128.63,505.77,0.017
T002954,C0211,P072,S001,D098,2,134.12,259.92,0.031
T002955,C0144,P076,S001,D311,4,128.43,490.09,0.046
T002956,C0431,P042,S001,D186,1,218.69,191.79,0.123
T002957,C0380,P030,S001,D084,2,101.41,190.85,0.059
T002958,C0372,P097,S001,D359,2,308.33,612.34,0.007
T002959,C0121,P150,S001,D295,1,1188.57,992.46,0.165
T002960,C0233,P144,S001,D045,1,141.88,127.41,0.102
T002961,C0429,P012,S001,D311,3,83.67,218.88,0.128
T002962,C0197,P065,S001,D155,1,322.53,307.05,0.048
T002963,C0031,P112,S001,D183,3,178.77,520.22,0.03
T002964,C0254,P058,S001,D323,1,50.72,49.76,0.019
T002965,C0228,P052,S001,D061,2,81.23,160.84,0.01
T002966,C0095,P064,S001,D217,2,328.35,638.97,0.027
T002967,C0339,P059,S001,D327,1,55.58,54.08,0.027
T002968,C0179,P064,S001,D162,1,333.76,318.41,0.046
T002969,C0387,P041,S001,D035,1,162.47,131.28,0.192
T002970,C0465,P034,S001,D173,2,62.61,120.46,0.038
T002971,C0111,P159,S001,D150,4,39.78,147.35,0.074
T002972,C0425,P038,S001,D112,2,170.0,302.26,0.111
T002973,C0401,P029,S001,D072,5,93.01,447.84,0.037
T002974,C0030,P074,S001,D284,1,149.35,145.17,0.028
T002975,C0488,P142,S001,D242,2,232.98,450.12,0.034
T002976,C0440,P055,S001,D214,3,61.42,179.28,0.027
T002977,C0218,P055,S001,D196,1,59.92,58.24,0.028
T002978,C0266,P048,S001,D253,1,89.84,85.53,0.048
T002979,C0240,P030,S001,D350,3,102.58,293.58,0.046
T002980,C0068,P003,S001,D190,2,81.28,160.28,0.014
T002981,C0350,P161,S001,D182,3,40.28,114.07,0.056
T002982,C0128,P026,S001,D252,1,150.36,139.68,0.071
T002983,C0293,P079,S001,D287,1,198.32,192.17,0.031
T002984,C0186,P137,S001,D020,3,157.08,439.2,0.068
T002985,C0335,P046,S001,D317,1,215.21,195.2,0.093
T002986,C0064,P097,S001,D240,4,299.08,1156.84,0.033
T002987,C0429,P165,S001,D021,3,29.2,77.26,0.118
T002988,C0237,P085,S001,D090,1,143.28,143.28,0.0
T002989,C0019,P031,S001,D062,1,94.36,92.1,0.024
T002990,C0433,P129,S001,D136,3,98.12,288.47,0.02
T002991,C0297,P060,S001,D094,1,54.55,53.79,0.014
T002992,C0313,P114,S001,D186,2,166.27,293.63,0.117
T002993,C0226,P098,S001,D051,5,96.93,466.23,0.038
T002994,C0142,P095,S001,D238,2,293.15,536.46,0.085
T002995,C0117,P138,S001,D178,1,272.72,256.36,0.06
T002996,C0317,P019,S001,D312,2,37.23,69.55,0.066
T002997,C0336,P045,S001,D275,1,186.35,180.01,0.034
T002998,C0441,P088,S001,D284,2,149.15,293.53,0.016
T002999,C0284,P097,S001,D179,5,306.54,1449.93,0.054
T003000,C0366,P160,S001,D201,2,41.19,72.66,0.118
T003001,C0009,P045,S001,D160,1,193.71,185.38,0.043
T003002,C0181,P158,S001,D210,2,37.82,75.49,0.002
T003003,C0121,P130,S001,D268,3,86.7,232.01,0.108
T003004,C0228,P060,S001,D264,1,51.92,51.71,0.004
T003005,C0105,P039,S001,D089,1,144.04,133.09,0.076
T003006,C0422,P020,S001,D115,2,34.15,60.99,0.107
T003007,C0219,P002,S001,D266,1,80.12,75.31,0.06
T003008,C0168,P120,S001,D296,1,213.19,209.35,0.018
T003009,C0500,P025,S001,D024,3,127.59,370.14,0.033
T003010,C0241,P031,S001,D270,1,94.23,92.82,0.015
T003011,C0016,P084,S001,D177,3,137.63,391.01,0.053
T003012,C0477,P061,S001,D157,2,49.52,90.03,0.091
T003013,C0055,P031,S001,D184,1,92.39,82.5,0.107
T003014,C0262,P037,S001,D138,2,156.51,281.09,0.102
T003015,C0402,P160,S001,D224,2,40.21,74.47,0.074
T003016,C0111,P099,S001,D154,1,91.38,83.06,0.091
T003017,C0337,P023,S001,D300,1,146.46,143.68,0.019
T003018,C0333,P135,S001,D193,4,154.24,614.49,0.004
T003019,C0479,P136,S001,D104,1,175.18,147.68,0.157
T003020,C0295,P044,S001,D323,1,188.57,169.52,0.101
T003021,C0276,P049,S001,D264,3,92.17,246.37,0.109
T003022,C0271,P015,S001,D029,2,80.12,155.43,0.03
T003023,C0338,P083,S001,D226,2,144.61,282.86,0.022
T003024,C0138,P003,S001,D030,2,77.89,141.76,0.09
T003025,C0467,P100,S001,D020,2,108.3,214.0,0.012
T003026,C0394,P140,S001,D163,4,278.74,1101.58,0.012
T003027,C0162,P106,S001,D144,4,124.14,493.58,0.006
T003028,C0124,P129,S001,D228,1,97.47,86.07,0.117
T003029,C0210,P075,S001,D318,1,136.89,134.43,0.018
T003030,C0259,P039,S001,D267,2,141.86,278.61,0.018
T003031,C0248,P034,S001,D024,2,63.91,125.01,0.022
T003032,C0215,P096,S001,D170,3,272.3,728.67,0.108
T003033,C0065,P018,S001,D251,2,35.44,70.03,0.012
T003034,C0466,P041,S001,D091,4,157.85,613.09,0.029
T003035,C0071,P141,S001,D271,1,265.7,217.87,0.18
T003036,C0175,P065,S001,D015,1,322.79,287.93,0.108
T003037,C0216,P044,S001,D113,4,187.17,743.44,0.007
T003038,C0254,P082,S001,D035,1,209.9,201.71,0.039
T003039,C0461,P084,S001,D221,1,137.79,134.62,0.023
T003040,C0086,P140,S001,D111,1,264.81,261.37,0.013
T003041,C0284,P069,S001,D344,1,78.47,71.96,0.083
T003042,C0052,P075,S001,D168,1,134.94,127.92,0.052
T003043,C0221,P050,S001,D333,2,82.35,154.49,0.062
T003044,C0038,P013,S001,D040,3,88.95,237.23,0.111
T003045,C0471,P115,S001,D232,3,181.69,533.62,0.021
T003046,C0066,P101,S001,D247,1,106.61,97.12,0.089
T003047,C0365,P055,S001,D105,1,58.92,57.92,0.017
T003048,C0423,P062,S001,D335,1,300.48,291.47,0.03
T003049,C0316,P157,S001,D191,1,87.49,84.34,0.036
T003050,C0038,P145,S001,D009,2,125.61,232.38,0.075
T003051,C0230,P004,S001,D257,2,77.47,140.38,0.094
T003052,C0380,P047,S001,D178,1,216.93,201.74,0.07
T003053,C0245,P040,S001,D018,2,141.39,254.22,0.101
T003054,C0371,P124,S001,D207,4,356.21,1151.27,0.192
T003055,C0480,P124,S001,D365,4,350.82,1241.9,0.115
T003056,C0004,P109,S001,D264,2,126.71,234.16,0.076
T003057,C0333,P054,S001,D043,3,82.1,242.36,0.016
T003058,C0091,P011,S001,D198,1,92.26,89.58,0.029
T003059,C0484,P138,S001,D055,2,275.03,513.76,0.066
T003060,C0253,P102,S001,D098,1,108.83,91.85,0.156
T003061,C0460,P101,S001,D096,3,107.4,314.15,0.025
T003062,C0476,P073,S001,D156,2,130.64,242.21,0.073
T003063,C0164,P051,S001,D325,1,83.51,73.74,0.117
T003064,C0022,P001,S001,D183,2,77.47,149.21,0.037
T003065,C0375,P090,S001,D347,3,112.5,328.72,0.026
T003066,C0295,P139,S001,D303,1,280.68,260.47,0.072
T003067,C0178,P118,S001,D286,2,211.13,419.73,0.006
T003068,C0141,P123,S001,D033,2,300.75,561.8,0.066
T003069,C0087,P043,S001,D260,2,201.54,384.54,0.046
T003070,C0311,P098,S001,D061,1,100.33,95.71,0.046
T003071,C0342,P142,S001,D238,1,226.88,213.95,0.057
T003072,C0283,P108,S001,D236,1,133.52,128.45,0.038
T003073,C0015,P027,S001,D110,3,92.67,249.1,0.104
T003074,C0457,P152,S001,D055,2,1220.48,2001.59,0.18
T003075,C0004,P008,S001,D032,1,74.78,66.7,0.108
T003076,C0190,P123,S001,D143,1,295.63,281.74,0.047
T003077,C0293,P106,S001,D312,5,121.78,595.5,0.022
T003078,C0065,P021,S001,D353,2,35.34,69.62,0.015
T003079,C0057,P155,S001,D182,1,79.76,64.45,0.192
T003080,C0062,P070,S001,D210,2,74.38,136.86,0.08
T003081,C0135,P131,S001,D145,1,94.86,89.17,0.06
T003082,C0143,P012,S001,D198,2,87.28,173.51,0.006
T003083,C0182,P101,S001,D305,1,109.19,105.15,0.037
T003084,C0114,P052,S001,D244,1,84.65,83.3,0.016
T003085,C0260,P010,S001,D077,1,90.91,83.46,0.082
T003086,C0377,P101,S001,D104,5,107.32,480.79,0.104
T003087,C0362,P158,S001,D235,1,38.16,36.44,0.045
T003088,C0020,P041,S001,D046,1,158.1,150.67,0.047
T003089,C0407,P110,S001,D233,1,182.71,180.88,0.01
T003090,C0286,P015,S001,D069,2,79.47,151.95,0.044
T003091,C0019,P034,S001,D272,2,65.22,126.4,0.031
T003092,C0126,P071,S001,D265,2,79.07,155.14,0.019
T003093,C0483,P018,S001,D202,3,33.98,95.42,0.064
T003094,C0241,P027,S001,D061,2,90.2,173.0,0.041
T003095,C0376,P132,S001,D250,3,92.24,260.39,0.059
T003096,C0326,P121,S001,D178,3,201.64,534.14,0.117
T003097,C0439,P103,S001,D138,1,106.15,99.25,0.065
T003098,C0223,P017,S001,D246,1,83.7,81.36,0.028
T003099,C0107,P035,S001,D329,4,65.68,262.19,0.002
T003100,C0353,P036,S001,D117,1,142.62,139.91,0.019
T003101,C0299,P094,S001,D299,5,281.93,1385.69,0.017
T003102,C0272,P128,S001,D029,1,340.44,337.38,0.009
T003103,C0154,P052,S001,D150,2,85.22,151.52,0.111
T003104,C0343,P111,S001,D103,4,157.37,604.3,0.04
T003105,C0201,P165,S001,D098,2,29.79,57.97,0.027
T003106,C0152,P127,S001,D295,1,285.46,283.75,0.006
T003107,C0452,P052,S001,D337,4,85.5,329.0,0.038
T003108,C0215,P157,S001,D205,3,92.12,256.19,0.073
T003109,C0340,P017,S001,D134,3,85.54,226.34,0.118
T003110,C0490,P136,S001,D008,4,168.3,634.15,0.058
T003111,C0357,P064,S001,D347,3,323.24,963.9,0.006
T003112,C0452,P108,S001,D136,3,130.73,376.5,0.04
T003113,C0251,P112,S001,D024,5,182.27,880.36,0.034
T003114,C0015,P094,S001,D347,1,282.9,240.18,0.151
T003115,C0456,P023,S001,D058,2,147.54,253.47,0.141
T003116,C0288,P105,S001,D273,2,129.41,241.22,0.068
T003117,C0163,P153,S001,D102,1,80.17,71.59,0.107
T003118,C0218,P140,S001,D151,3,269.33,770.82,0.046
T003119,C0138,P002,S001,D094,1,78.28,73.19,0.065
T003120,C0326,P143,S001,D306,1,129.68,120.34,0.072
T003121,C0210,P141,S001,D246,1,259.62,248.2,0.044
T003122,C0275,P141,S001,D245,1,259.38,251.34,0.031
T003123,C0486,P121,S001,D109,1,202.73,196.45,0.031
T003124,C0067,P146,S001,D151,2,125.62,225.61,0.102
T003125,C0370,P005,S001,D315,5,83.27,384.29,0.077
T003126,C0400,P026,S001,D029,2,149.77,285.76,0.046
T003127,C0393,P127,S001,D156,2,297.21,562.32,0.054
T003128,C0026,P017,S001,D215,3,86.03,253.44,0.018
T003129,C0102,P161,S001,D142,1,40.36,38.66,0.042
T003130,C0203,P065,S001,D115,3,333.49,989.46,0.011
T003131,C0411,P106,S001,D126,3,119.83,352.66,0.019
T003132,C0212,P100,S001,D192,5,108.11,485.95,0.101
T003133,C0482,P138,S001,D049,1,262.7,251.67,0.042
T003134,C0387,P022,S001,D192,1,140.12,124.71,0.11
T003135,C0204,P096,S001,D159,1,281.63,281.07,0.002
T003136,C0145,P056,S001,D036,2,57.51,113.64,0.012
T003137,C0396,P122,S001,D008,2,195.09,349.99,0.103
T003138,C0384,P129,S001,D324,4,95.58,342.18,0.105
T003139,C0336,P102,S001,D114,2,109.23,209.5,0.041
T003140,C0449,P057,S001,D263,1,57.63,57.4,0.004
T003141,C0038,P150,S001,D226,5,1174.91,5292.97,0.099
T003142,C0376,P165,S001,D228,4,29.47,111.87,0.051
T003143,C0426,P024,S001,D300,1,134.61,128.42,0.046
T003144,C0049,P031,S001,D190,2,93.09,178.73,0.04
T003145,C0100,P047,S001,D009,1,216.89,207.56,0.043
T003146,C0402,P072,S001,D357,1,131.09,119.82,0.086
T003147,C0012,P066,S001,D022,3,287.13,841.58,0.023
T003148,C0052,P009,S001,D189,2,73.95,133.7,0.096
T003149,C0242,P045,S001,D142,2,190.24,372.49,0.021
T003150,C0114,P023,S001,D091,1,148.55,144.39,0.028
T003151,C0248,P046,S001,D187,1,208.55,201.25,0.035
T003152,C0260,P016,S001,D231,1,86.39,81.98,0.051
T003153,C0255,P026,S001,D259,4,149.97,571.09,0.048
T003154,C0391,P058,S001,D061,3,52.38,156.35,0.005
T003155,C0115,P013,S001,D223,1,91.39,86.64,0.052
T003156,C0395,P125,S001,D138,1,327.84,321.94,0.018
T003157,C0289,P084,S001,D127,2,137.19,238.44,0.131
T003158,C0074,P033,S001,D238,2,63.51,120.8,0.049
T003159,C0049,P053,S001,D172,1,93.2,92.27,0.01
T003160,C0483,P041,S001,D181,2,158.63,296.0,0.067
T003161,C0073,P025,S001,D209,3,127.55,312.24,0.184
T003162,C0268,P142,S001,D317,4,233.01,905.94,0.028
T003163,C0120,P039,S001,D115,2,141.71,259.33,0.085
T003164,C0211,P043,S001,D074,2,201.82,396.78,0.017
T003165,C0078,P095,S001,D115,3,289.17,782.49,0.098
T003166,C0307,P057,S001,D085,1,58.11,58.11,0.0
T003167,C0354,P163,S001,D162,2,27.44,53.34,0.028
T003168,C0251,P080,S001,D326,5,205.01,1008.65,0.016
T003169,C0334,P035,S001,D296,2,63.83,117.19,0.082
T003170,C0248,P077,S001,D211,1,148.52,142.13,0.043
T003171,C0376,P030,S001,D172,2,98.55,185.87,0.057
T003172,C0359,P077,S001,D134,5,144.63,718.81,0.006
T003173,C0007,P148,S001,D207,4,1033.0,3979.12,0.037
T003174,C0086,P019,S001,D081,3,36.21,103.96,0.043
T003175,C0059,P098,S001,D261,2,96.1,164.91,0.142
T003176,C0088,P076,S001,D247,1,132.76,112.58,0.152
T003177,C0072,P110,S001,D022,3,185.21,540.63,0.027
T003178,C0205,P058,S001,D020,2,50.69,90.03,0.112
T003179,C0151,P019,S001,D345,1,37.37,35.73,0.044
T003180,C0139,P163,S001,D154,1,27.97,27.1,0.031
T003181,C0191,P008,S001,D181,1,75.12,74.52,0.008
T003182,C0149,P017,S001,D090,3,86.05,255.57,0.01
T003183,C0315,P080,S001,D238,2,209.99,362.44,0.137
T003184,C0310,P122,S001,D321,4,190.03,697.79,0.082
T003185,C0480,P075,S001,D031,2,136.62,225.42,0.175
T003186,C0437,P100,S001,D251,1,112.81,111.91,0.008
T003187,C0367,P001,S001,D337,1,77.54,77.54,0.0
T003188,C0214,P057,S001,D285,1,57.32,52.56,0.083
T003189,C0003,P164,S001,D250,2,30.46,60.37,0.009
T003190,C0356,P044,S001,D350,1,182.55,178.35,0.023
T003191,C0049,P057,S001,D323,4,56.9,222.37,0.023
T003192,C0081,P014,S001,D222,2,83.9,162.43,0.032
T003193,C0453,P108,S001,D055,2,128.71,215.46,0.163
T003194,C0476,P130,S001,D246,1,85.88,79.87,0.07
T003195,C0467,P072,S001,D229,1,135.42,131.49,0.029
T003196,C0157,P037,S001,D341,2,153.28,294.91,0.038
T003197,C0479,P028,S001,D064,2,97.43,164.85,0.154
T003198,C0338,P040,S001,D259,2,137.22,266.21,0.03
T003199,C0053,P060,S001,D198,4,53.89,187.97,0.128
T003200,C0135,P040,S001,D086,1,140.24,131.97,0.059
T003201,C0268,P123,S001,D145,4,302.57,1164.29,0.038
T003202,C0170,P114,S001,D018,2,166.51,271.41,0.185
T003203,C0310,P026,S001,D145,2,145.97,260.7,0.107
T003204,C0447,P030,S001,D212,2,101.79,194.42,0.045
T003205,C0108,P026,S001,D151,2,145.0,278.69,0.039
T003206,C0111,P006,S001,D280,5,66.61,297.75,0.106
T003207,C0076,P038,S001,D335,1,165.16,151.45,0.083
T003208,C0001,P166,S001,D252,2,27.23,52.01,0.045
T003209,C0027,P094,S001,D106,4,280.25,1076.16,0.04
T003210,C0218,P054,S001,D261,2,83.14,163.62,0.016
T003211,C0257,P064,S001,D052,2,330.3,616.34,0.067
T003212,C0202,P159,S001,D347,2,38.89,76.3,0.019
T003213,C0243,P004,S001,D142,1,74.95,71.8,0.042
T003214,C0163,P008,S001,D224,2,74.97,133.15,0.112
T003215,C0432,P112,S001,D050,4,178.06,706.54,0.008
T003216,C0325,P151,S001,D096,2,1125.05,2169.1,0.036
T003217,C0431,P024,S001,D261,1,133.76,114.5,0.144
T003218,C0356,P044,S001,D285,2,190.35,367.76,0.034
T003219,C0286,P009,S001,D080,4,76.81,297.1,0.033
T003220,C0092,P144,S001,D039,2,134.2,263.57,0.018
T003221,C0239,P108,S001,D131,1,132.99,130.73,0.017
T003222,C0218,P072,S001,D017,2,130.21,253.13,0.028
T003223,C0472,P011,S001,D162,1,94.64,87.35,0.077
T003224,C0092,P085,S001,D096,1,151.39,143.82,0.05
T003225,C0101,P128,S001,D165,2,336.09,569.34,0.153
T003226,C0003,P051,S001,D351,1,82.67,81.35,0.016
T003227,C0467,P146,S001,D280,1,123.85,122.24,0.013
T003228,C0472,P085,S001,D059,3,143.24,400.07,0.069
T003229,C0332,P101,S001,D056,2,105.79,206.5,0.024
T003230,C0023,P020,S001,D100,1,34.78,33.56,0.035
T003231,C0141,P146,S001,D332,1,125.77,110.93,0.118
T003232,C0422,P092,S001,D240,2,101.88,168.71,0.172
T003233,C0242,P053,S001,D164,1,95.63,92.57,0.032
T003234,C0252,P049,S001,D257,1,89.12,85.82,0.037
T003235,C0332,P145,S001,D031,2,125.7,241.34,0.04
T003236,C0020,P116,S001,D320,1,177.09,171.6,0.031
T003237,C0366,P046,S001,D221,2,206.88,371.56,0.102
T003238,C0446,P092,S001,D152,2,107.04,202.09,0.056
T003239,C0428,P090,S001,D242,1,116.87,116.52,0.003
T003240,C0327,P034,S001,D233,1,64.31,59.68,0.072
T003241,C0440,P082,S001,D124,2,208.79,397.12,0.049
T003242,C0100,P145,S001,D037,2,124.99,240.73,0.037
T003243,C0171,P012,S001,D132,4,87.82,312.99,0.109
T003244,C0163,P145,S001,D035,1,126.8,118.94,0.062
T003245,C0301,P141,S001,D161,4,267.55,1050.94,0.018
T003246,C0008,P068,S001,D246,3,78.83,231.76,0.02
T003247,C0429,P081,S001,D021,5,215.97,965.39,0.106
T003248,C0099,P143,S001,D294,1,129.73,126.49,0.025
T003249,C0374,P162,S001,D222,4,27.09,101.64,0.062
T003250,C0023,P032,S001,D309,1,60.54,59.93,0.01
T003251,C0259,P139,S001,D325,5,272.94,1321.03,0.032
T003252,C0432,P043,S001,D196,4,208.27,833.08,0.0
T003253,C0141,P160,S001,D298,1,40.16,37.83,0.058
T003254,C0239,P161,S001,D093,2,39.38,76.0,0.035
T003255,C0290,P021,S001,D362,4,35.54,141.59,0.004
T003256,C0471,P051,S001,D065,1,80.22,77.33,0.036
T003257,C0096,P075,S001,D338,4,136.52,529.15,0.031
T003258,C0011,P027,S001,D226,1,93.6,89.95,0.039
T003259,C0112,P120,S001,D182,1,213.58,208.67,0.023
T003260,C0450,P132,S001,D333,3,93.5,277.13,0.012
T003261,C0429,P076,S001,D065,3,133.19,322.05,0.194
T003262,C0443,P054,S001,D080,2,80.8,155.46,0.038
T003263,C0068,P061,S001,D332,4,50.0,196.2,0.019
T003264,C0147,P128,S001,D127,2,330.74,656.85,0.007
T003265,C0162,P016,S001,D015,2,87.28,167.23,0.042
T003266,C0140,P023,S001,D248,3,147.83,439.5,0.009
T003267,C0152,P164,S001,D070,4,30.37,118.81,0.022
T003268,C0048,P122,S001,D359,1,192.79,187.2,0.029
T003269,C0179,P119,S001,D299,3,201.58,589.02,0.026
T003270,C0425,P063,S001,D113,2,273.6,488.1,0.108
T003271,C0019,P042,S001,D089,2,218.36,424.06,0.029
T003272,C0080,P157,S001,D304,1,89.8,83.96,0.065
T003273,C0360,P144,S001,D199,1,137.58,133.18,0.032
T003274,C0350,P049,S001,D113,2,92.52,173.01,0.065
T003275,C0359,P069,S001,D358,2,79.67,154.88,0.028
T003276,C0381,P118,S001,D102,3,217.67,616.44,0.056
T003277,C0396,P052,S001,D011,1,82.06,72.05,0.122
T003278,C0134,P160,S001,D005,5,38.89,193.28,0.006
T003279,C0338,P078,S001,D327,1,199.86,195.06,0.024
T003280,C0240,P045,S001,D156,3,192.66,567.0,0.019
T003281,C0194,P008,S001,D207,4,75.54,288.56,0.045
T003282,C0166,P091,S001,D288,3,112.97,328.4,0.031
T003283,C0446,P109,S001,D201,3,129.03,363.48,0.061
T003284,C0244,P007,S001,D217,2,62.5,104.38,0.165
T003285,C0052,P090,S001,D051,1,112.34,103.91,0.075
T003286,C0084,P148,S001,D100,1,1052.28,1042.81,0.009
T003287,C0012,P156,S001,D001,4,87.79,340.27,0.031
T003288,C0304,P076,S001,D151,1,132.36,129.45,0.022
T003289,C0205,P078,S001,D209,2,197.99,346.88,0.124
T003290,C0371,P065,S001,D144,1,323.96,280.55,0.134
T003291,C0348,P160,S001,D261,2,39.77,75.32,0.053
T003292,C0476,P024,S001,D156,2,137.31,246.33,0.103
T003293,C0462,P096,S001,D283,2,283.88,534.83,0.058
T003294,C0219,P036,S001,D165,5,147.06,649.27,0.117
T003295,C0206,P062,S001,D305,1,295.11,292.75,0.008
T003296,C0086,P134,S001,D086,1,150.2,143.59,0.044
T003297,C0495,P141,S001,D272,1,267.16,260.21,0.026
T003298,C0488,P142,S001,D249,1,236.45,227.46,0.038
T003299,C0067,P002,S001,D154,1,79.12,64.96,0.179
T003300,C0028,P040,S001,D164,4,143.65,565.98,0.015
T003301,C0393,P056,S001,D015,2,56.95,105.47,0.074
T003302,C0203,P104,S001,D365,1,109.1,109.1,0.0
T003303,C0076,P107,S001,D003,2,122.65,230.09,0.062
T003304,C0158,P088,S001,D274,2,145.92,288.34,0.012
T003305,C0105,P061,S001,D257,4,50.39,181.2,0.101
T003306,C0079,P099,S001,D139,3,93.07,267.48,0.042
T003307,C0192,P157,S001,D236,3,86.94,258.73,0.008
T003308,C0052,P121,S001,D161,1,196.84,177.55,0.098
T003309,C0358,P065,S001,D246,1,320.81,273.65,0.147
T003310,C0193,P127,S001,D109,5,298.36,1236.7,0.171
T003311,C0391,P143,S001,D330,1,130.43,127.95,0.019
T003312,C0163,P077,S001,D270,1,150.73,141.84,0.059
T003313,C0396,P003,S001,D356,3,78.52,205.41,0.128
T003314,C0346,P024,S001,D263,4,136.13,500.96,0.08
T003315,C0202,P088,S001,D254,2,150.0,294.9,0.017
T003316,C0343,P078,S001,D242,1,201.16,195.33,0.029
T003317,C0114,P026,S001,D330,5,151.37,750.04,0.009
T003318,C0121,P020,S001,D204,2,33.51,58.04,0.134
T003319,C0422,P048,S001,D115,1,88.42,74.27,0.16
T003320,C0204,P019,S001,D229,3,37.8,109.77,0.032
T003321,C0071,P149,S001,D015,2,1193.81,2139.31,0.104
T003322,C0155,P016,S001,D232,3,87.39,257.71,0.017
T003323,C0335,P047,S001,D206,2,208.58,391.71,0.061
T003324,C0160,P056,S001,D118,2,57.8,103.23,0.107
T003325,C0018,P029,S001,D155,2,90.43,159.7,0.117
T003326,C0092,P068,S001,D095,4,75.25,290.77,0.034
T003327,C0428,P090,S001,D004,2,111.79,214.64,0.04
T003328,C0178,P015,S001,D260,2,79.59,158.38,0.005
T003329,C0442,P056,S001,D196,2,57.87,103.47,0.106
T003330,C0083,P034,S001,D160,3,62.82,182.99,0.029
T003331,C0197,P077,S001,D275,4,150.05,599.6,0.001
T003332,C0335,P112,S001,D148,1,186.17,171.65,0.078
T003333,C0395,P104,S001,D259,1,108.36,106.08,0.021
T003334,C0380,P106,S001,D173,1,123.3,111.96,0.092
T003335,C0411,P072,S001,D176,4,135.74,529.39,0.025
T003336,C0400,P038,S001,D296,2,168.5,331.27,0.017
T003337,C0274,P096,S001,D022,1,284.62,282.91,0.006
T003338,C0092,P162,S001,D024,3,28.26,82.49,0.027
T003339,C0197,P094,S001,D301,5,292.86,1458.44,0.004
T003340,C0004,P124,S001,D113,1,347.19,307.26,0.115
T003341,C0303,P049,S001,D194,1,89.58,81.88,0.086
T003342,C0315,P131,S001,D098,1,98.6,84.3,0.145
T003343,C0025,P091,S001,D290,1,111.38,111.16,0.002
T003344,C0445,P063,S001,D167,1,271.3,266.42,0.018
T003345,C0456,P026,S001,D337,2,148.83,256.88,0.137
T003346,C0218,P147,S001,D006,3,131.79,389.44,0.015
T003347,C0420,P100,S001,D031,1,106.85,105.46,0.013
T003348,C0151,P067,S001,D084,1,72.93,72.86,0.001
T003349,C0167,P124,S001,D074,1,346.36,345.67,0.002
T003350,C0058,P020,S001,D281,3,33.49,100.27,0.002
T003351,C0379,P072,S001,D002,1,131.66,123.5,0.062
T003352,C0274,P095,S001,D119,4,290.2,1119.01,0.036
T003353,C0325,P029,S001,D176,4,91.71,350.33,0.045
T003354,C0177,P038,S001,D238,1,173.55,144.22,0.169
T003355,C0125,P028,S001,D064,2,101.37,193.62,0.045
T003356,C0478,P074,S001,D250,1,148.7,135.76,0.087
T003357,C0235,P010,S001,D164,1,89.29,87.86,0.016
T003358,C0020,P035,S001,D029,2,63.49,120.76,0.049
T003359,C0327,P013,S001,D348,3,92.67,262.16,0.057
T003360,C0263,P046,S001,D017,2,217.37,410.39,0.056
T003361,C0475,P015,S001,D296,1,79.36,78.17,0.015
T003362,C0206,P113,S001,D108,2,167.68,319.26,0.048
T003363,C0132,P104,S001,D337,2,112.82,202.62,0.102
T003364,C0041,P074,S001,D151,2,149.61,292.64,0.022
T003365,C0060,P110,S001,D314,1,185.7,180.31,0.029
T003366,C0156,P127,S001,D062,1,294.57,286.62,0.027
T003367,C0407,P085,S001,D344,4,145.28,557.88,0.04
T003368,C0192,P002,S001,D003,1,78.69,77.82,0.011
T003369,C0479,P099,S001,D273,1,91.7,75.65,0.175
T003370,C0399,P066,S001,D258,1,285.1,277.97,0.025
T003371,C0024,P115,S001,D268,2,184.07,326.17,0.114
T003372,C0348,P093,S001,D304,1,95.0,90.25,0.05
T003373,C0107,P100,S001,D248,1,106.81,104.57,0.021
T003374,C0067,P008,S001,D019,2,73.82,126.08,0.146
T003375,C0405,P007,S001,D097,4,64.93,225.44,0.132
T003376,C0114,P071,S001,D188,3,79.5,230.15,0.035
T003377,C0114,P043,S001,D343,1,198.79,196.01,0.014
T003378,C0365,P078,S001,D009,2,199.6,390.02,0.023
T003379,C0216,P059,S001,D299,2,56.69,111.57,0.016
T003380,C0200,P045,S001,D051,3,191.38,484.57,0.156
T003381,C0176,P027,S001,D218,2,91.25,179.4,0.017
T003382,C0228,P040,S001,D009,1,136.79,130.91,0.043
T003383,C0256,P078,S001,D318,2,194.86,376.08,0.035
T003384,C0345,P127,S001,D364,5,290.61,1423.99,0.02
T003385,C0339,P101,S001,D048,2,109.51,208.51,0.048
T003386,C0324,P025,S001,D250,2,128.2,225.89,0.119
T003387,C0043,P009,S001,D306,1,73.69,70.08,0.049
T003388,C0190,P110,S001,D216,4,180.33,693.91,0.038
T003389,C0232,P014,S001,D216,3,87.04,234.22,0.103
T003390,C0320,P071,S001,D036,2,81.24,157.44,0.031
T003391,C0290,P074,S001,D059,2,146.05,277.5,0.05
T003392,C0012,P096,S001,D146,1,280.96,277.03,0.014
T003393,C0381,P004,S001,D222,1,75.57,70.58,0.066
T003394,C0472,P028,S001,D206,2,99.11,183.16,0.076
T003395,C0486,P097,S001,D034,4,308.94,1229.58,0.005
T003396,C0112,P049,S001,D062,1,89.33,88.79,0.006
T003397,C0149,P060,S001,D309,2,52.13,103.43,0.008
T003398,C0399,P110,S001,D046,1,187.78,178.58,0.049
T003399,C0282,P050,S001,D247,2,84.3,162.19,0.038
T003400,C0215,P096,S001,D047,1,283.44,263.6,0.07
T003401,C0395,P164,S001,D313,1,30.56,30.41,0.005
T003402,C0453,P068,S001,D114,3,77.66,195.0,0.163
T003403,C0326,P165,S001,D216,1,29.3,26.75,0.087
T003404,C0201,P036,S001,D296,1,142.29,139.44,0.02
T003405,C0388,P159,S001,D244,2,39.1,69.75,0.108
T003406,C0231,P042,S001,D030,2,208.24,398.15,0.044
T003407,C0205,P133,S001,D255,1,81.59,69.11,0.153
T003408,C0172,P022,S001,D333,1,138.66,134.08,0.033
T003409,C0350,P018,S001,D171,2,35.4,65.35,0.077
T003410,C0335,P014,S001,D127,1,85.72,78.95,0.079
T003411,C0097,P072,S001,D247,2,133.57,258.86,0.031
T003412,C0071,P111,S001,D246,2,158.55,269.54,0.15
T003413,C0042,P094,S001,D057,3,288.2,832.61,0.037
T003414,C0485,P132,S001,D021,2,89.62,162.57,0.093
T003415,C0086,P034,S001,D190,2,63.77,124.48,0.024
T003416,C0047,P127,S001,D082,2,300.47,600.34,0.001
T003417,C0308,P130,S001,D030,3,89.5,259.64,0.033
T003418,C0283,P090,S001,D284,1,114.57,113.42,0.01
T003419,C0468,P133,S001,D241,1,80.96,79.5,0.018
T003420,C0448,P099,S001,D005,2,90.61,176.87,0.024
T003421,C0365,P089,S001,D254,1,106.6,104.89,0.016
T003422,C0151,P043,S001,D014,2,198.8,396.8,0.002
T003423,C0296,P046,S001,D192,2,210.79,393.33,0.067
T003424,C0309,P009,S001,D171,1,74.76,73.86,0.012
T003425,C0091,P102,S001,D250,1,113.0,110.18,0.025
T003426,C0057,P135,S001,D181,2,161.12,262.95,0.184
T003427,C0447,P143,S001,D049,1,130.46,129.42,0.008
T003428,C0237,P079,S001,D185,3,202.24,604.9,0.003
T003429,C0384,P076,S001,D006,1,128.06,115.64,0.097
T003430,C0444,P096,S001,D194,1,277.12,254.12,0.083
T003431,C0198,P141,S001,D291,1,257.22,236.9,0.079
T003432,C0134,P043,S001,D113,4,208.83,812.77,0.027
T003433,C0367,P098,S001,D309,2,100.47,194.51,0.032
T003434,C0274,P037,S001,D187,3,156.5,459.17,0.022
T003435,C0424,P036,S001,D165,2,146.64,255.45,0.129
T003436,C0204,P044,S001,D086,1,190.8,183.93,0.036
T003437,C0021,P125,S001,D097,1,330.47,318.57,0.036
T003438,C0262,P031,S001,D339,5,92.5,425.04,0.081
T003439,C0404,P060,S001,D237,1,51.95,51.59,0.007
T003440,C0135,P077,S001,D081,2,150.69,273.95,0.091
T003441,C0406,P061,S001,D247,1,49.4,49.0,0.008
T003442,C0212,P108,S001,D220,2,132.09,248.33,0.06
T003443,C0125,P022,S001,D201,2,138.93,274.8,0.011
T003444,C0050,P027,S001,D110,4,91.19,351.99,0.035
T003445,C0235,P023,S001,D360,3,147.96,432.78,0.025
T003446,C0126,P024,S001,D153,2,136.34,268.04,0.017
T003447,C0353,P147,S001,D184,5,132.65,637.38,0.039
T003448,C0359,P031,S001,D186,1,90.46,89.19,0.014
T003449,C0019,P070,S001,D272,3,75.8,225.81,0.007
T003450,C0148,P077,S001,D072,2,144.17,275.65,0.044
T003451,C0289,P035,S001,D213,1,64.33,56.03,0.129
T003452,C0484,P010,S001,D268,1,93.01,84.64,0.09
T003453,C0157,P053,S001,D326,2,92.72,181.36,0.022
T003454,C0151,P014,S001,D346,2,84.35,161.95,0.04
T003455,C0066,P037,S001,D255,1,151.23,140.64,0.07
T003456,C0197,P046,S001,D267,4,208.2,823.64,0.011
T003457,C0436,P097,S001,D091,1,297.36,292.9,0.015
T003458,C0300,P043,S001,D207,1,198.15,183.29,0.075
T003459,C0261,P100,S001,D069,2,111.61,212.06,0.05
T003460,C0208,P001,S001,D213,3,75.93,184.51,0.19
T003461,C0498,P081,S001,D212,1,211.82,198.9,0.061
T003462,C0437,P035,S001,D057,1,64.86,63.17,0.026
T003463,C0194,P090,S001,D224,1,117.0,114.19,0.024
T003464,C0087,P156,S001,D177,2,90.07,175.82,0.024
T003465,C0248,P114,S001,D076,4,169.71,678.16,0.001
T003466,C0485,P162,S001,D023,3,26.75,74.95,0.066
T003467,C0106,P043,S001,D022,3,200.75,593.82,0.014
T003468,C0399,P115,S001,D042,1,185.43,184.32,0.006
T003469,C0101,P006,S001,D321,2,67.69,115.61,0.146
T003470,C0468,P031,S001,D203,1,92.55,92.46,0.001
T003471,C0383,P014,S001,D039,2,87.93,157.39,0.105
T003472,C0269,P063,S001,D064,3,277.95,748.8,0.102
T003473,C0187,P018,S001,D076,2,34.9,60.03,0.14
T003474,C0051,P140,S001,D074,4,278.33,1085.49,0.025
T003475,C0139,P088,S001,D177,1,150.17,146.12,0.027
T003476,C0380,P015,S001,D017,2,78.89,148.94,0.056
T003477,C0409,P033,S001,D175,2,60.69,117.98,0.028
T003478,C0127,P029,S001,D072,3,90.34,222.24,0.18
T003479,C0094,P041,S001,D254,2,160.54,290.26,0.096
T003480,C0126,P123,S001,D268,1,296.08,285.42,0.036
T003481,C0091,P026,S001,D311,1,143.87,139.55,0.03
T003482,C0283,P109,S001,D092,1,124.32,119.72,0.037
T003483,C0376,P051,S001,D207,2,83.87,158.68,0.054
T003484,C0463,P062,S001,D115,3,287.0,848.08,0.015
T003485,C0107,P053,S001,D192,3,91.34,266.07,0.029
T003486,C0298,P060,S001,D327,1,53.08,52.81,0.005
T003487,C0452,P137,S001,D067,1,161.98,159.39,0.016
T003488,C0325,P014,S001,D134,2,83.93,163.83,0.024
T003489,C0227,P085,S001,D282,1,143.86,142.42,0.01
T003490,C0278,P042,S001,D063,5,213.76,970.47,0.092
T003491,C0154,P088,S001,D331,2,150.31,273.26,0.091
T003492,C0441,P106,S001,D101,3,125.29,362.34,0.036
T003493,C0227,P063,S001,D296,1,275.99,273.23,0.01
T003494,C0413,P074,S001,D106,3,147.84,365.46,0.176
T003495,C0001,P079,S001,D056,1,196.61,192.68,0.02
T003496,C0139,P124,S001,D322,1,350.46,347.31,0.009
T003497,C0260,P101,S001,D107,1,107.13,99.63,0.07
T003498,C0331,P090,S001,D102,2,113.11,216.49,0.043
T003499,C0128,P069,S001,D310,4,76.75,277.22,0.097
T003500,C0258,P010,S001,D030,4,90.77,355.09,0.022
T003501,C0388,P034,S001,D324,4,65.21,238.93,0.084
T003502,C0164,P131,S001,D348,2,99.57,182.01,0.086
T003503,C0254,P115,S001,D057,2,179.22,357.36,0.003
T003504,C0222,P017,S001,D241,1,86.82,86.39,0.005
T003505,C0442,P030,S001,D268,1,100.75,91.18,0.095
T003506,C0276,P031,S001,D084,2,93.57,175.16,0.064
T003507,C0056,P048,S001,D025,4,92.59,366.29,0.011
T003508,C0257,P148,S001,D081,1,1042.07,933.69,0.104
T003509,C0242,P113,S001,D359,1,168.52,165.99,0.015
T003510,C0313,P068,S001,D072,1,75.47,68.15,0.097
T003511,C0166,P010,S001,D085,1,89.93,86.51,0.038
T003512,C0403,P046,S001,D050,2,207.12,388.97,0.061
T003513,C0340,P053,S001,D271,2,90.95,146.25,0.196
T003514,C0243,P096,S001,D286,5,279.34,1342.23,0.039
T003515,C0400,P073,S001,D191,2,133.0,263.07,0.011
T003516,C0135,P114,S001,D028,3,165.48,441.83,0.11
T003517,C0156,P056,S001,D123,2,57.75,113.77,0.015
T003518,C0373,P116,S001,D353,2,176.93,291.93,0.175
T003519,C0231,P145,S001,D119,2,122.41,237.97,0.028
T003520,C0391,P109,S001,D028,1,125.37,120.61,0.038
T003521,C0207,P024,S001,D138,2,130.69,240.73,0.079
T003522,C0331,P076,S001,D172,2,134.17,255.19,0.049
T003523,C0393,P129,S001,D362,1,96.47,86.15,0.107
T003524,C0104,P154,S001,D210,1,91.49,88.2,0.036
T003525,C0151,P127,S001,D223,2,298.38,596.16,0.001
T003526,C0219,P087,S001,D051,2,158.52,293.9,0.073
T003527,C0287,P004,S001,D101,1,76.69,73.62,0.04
T003528,C0317,P022,S001,D221,1,136.53,121.51,0.11
T003529,C0055,P029,S001,D225,2,89.41,167.91,0.061
T003530,C0371,P153,S001,D244,2,80.5,133.31,0.172
T003531,C0241,P010,S001,D262,5,94.31,449.39,0.047
T003532,C0400,P039,S001,D079,2,146.95,283.91,0.034
T003533,C0466,P144,S001,D189,2,139.84,276.32,0.012
T003534,C0311,P034,S001,D014,1,63.84,63.65,0.003
T003535,C0029,P039,S001,D098,2,146.78,255.98,0.128
T003536,C0190,P148,S001,D064,2,1050.47,2071.53,0.014
T003537,C0242,P044,S001,D013,2,183.0,352.46,0.037
T003538,C0167,P010,S001,D020,1,94.45,90.96,0.037
T003539,C0423,P006,S001,D209,4,66.85,265.26,0.008
T003540,C0154,P004,S001,D268,1,75.95,69.19,0.089
T003541,C0225,P013,S001,D340,2,89.57,173.94,0.029
T003542,C0391,P155,S001,D032,1,79.5,77.27,0.028
T003543,C0419,P076,S001,D138,2,130.11,259.96,0.001
T003544,C0396,P148,S001,D172,1,1071.46,871.1,0.187
T003545,C0359,P132,S001,D322,1,93.43,91.94,0.016
T003546,C0437,P075,S001,D016,2,136.88,263.08,0.039
T003547,C0383,P090,S001,D087,1,117.13,109.75,0.063
T003548,C0240,P057,S001,D310,3,57.49,169.37,0.018
T003549,C0102,P092,S001,D028,2,105.95,204.48,0.035
T003550,C0131,P092,S001,D070,1,105.48,93.35,0.115
T003551,C0072,P007,S001,D246,2,61.69,120.79,0.021
T003552,C0203,P027,S001,D295,2,93.82,180.13,0.04
T003553,C0426,P152,S001,D158,3,1219.64,3490.61,0.046
T003554,C0263,P020,S001,D268,1,33.52,30.5,0.09
T003555,C0017,P017,S001,D006,3,88.3,253.24,0.044
T003556,C0168,P027,S001,D173,1,93.73,91.39,0.025
T003557,C0295,P071,S001,D063,4,80.02,302.48,0.055
T003558,C0039,P091,S001,D157,3,112.06,319.71,0.049
T003559,C0400,P166,S001,D004,1,26.88,26.66,0.008
T003560,C0263,P092,S001,D158,1,107.01,101.02,0.056
T003561,C0473,P078,S001,D292,2,197.92,382.78,0.033
T003562,C0098,P074,S001,D236,3,148.87,429.64,0.038
T003563,C0221,P145,S001,D115,1,126.2,115.73,0.083
T003564,C0456,P137,S001,D079,1,162.93,134.58,0.174
T003565,C0334,P147,S001,D275,1,131.74,123.44,0.063
T003566,C0295,P076,S001,D166,3,130.49,357.41,0.087
T003567,C0355,P047,S001,D034,2,215.72,411.16,0.047
T003568,C0456,P045,S001,D173,3,186.16,470.8,0.157
T003569,C0004,P043,S001,D111,1,205.64,189.81,0.077
T003570,C0005,P055,S001,D322,1,58.68,57.45,0.021
T003571,C0133,P015,S001,D235,4,80.39,292.3,0.091
T003572,C0394,P019,S001,D302,2,36.5,71.32,0.023
T003573,C0341,P002,S001,D049,1,76.94,73.79,0.041
T003574,C0474,P135,S001,D080,4,156.86,599.83,0.044
T003575,C0445,P156,S001,D129,2,88.52,175.45,0.009
T003576,C0076,P117,S001,D219,3,189.69,533.22,0.063
T003577,C0014,P082,S001,D342,4,208.66,737.82,0.116
T003578,C0021,P056,S001,D232,2,59.18,115.16,0.027
T003579,C0489,P121,S001,D293,2,192.09,367.28,0.044
T003580,C0476,P060,S001,D296,3,52.29,146.67,0.065
T003581,C0156,P165,S001,D161,1,29.02,27.57,0.05
T003582,C0120,P038,S001,D085,5,173.19,809.66,0.065
T003583,C0182,P006,S001,D110,4,66.34,253.68,0.044
T003584,C0484,P002,S001,D116,3,78.07,208.92,0.108
T003585,C0193,P158,S001,D148,1,36.66,29.8,0.187
T003586,C0438,P109,S001,D132,1,127.81,125.38,0.019
T003587,C0229,P127,S001,D253,1,291.46,272.81,0.064
T003588,C0395,P058,S001,D314,1,51.86,49.73,0.041
T003589,C0048,P024,S001,D353,3,138.05,403.8,0.025
T003590,C0297,P009,S001,D171,2,76.02,151.13,0.006
T003591,C0388,P161,S001,D211,3,38.54,102.21,0.116
T003592,C0380,P146,S001,D167,2,125.62,225.61,0.102
T003593,C0163,P150,S001,D282,4,1168.61,4370.6,0.065
T003594,C0047,P148,S001,D360,1,1073.35,1054.03,0.018
T003595,C0131,P060,S001,D279,2,53.18,94.02,0.116
T003596,C0009,P135,S001,D255,2,153.56,294.84,0.04
T003597,C0205,P022,S001,D045,1,140.29,124.86,0.11
T003598,C0185,P018,S001,D219,3,35.48,101.97,0.042
T003599,C0223,P144,S001,D003,2,141.83,274.3,0.033
T003600,C0118,P032,S001,D019,2,63.21,125.91,0.004
T003601,C0330,P061,S001,D079,4,51.52,167.34,0.188
T003602,C0009,P056,S001,D154,2,59.78,117.89,0.014
T003603,C0332,P142,S001,D348,3,235.41,704.82,0.002
T003604,C0434,P109,S001,D291,4,124.1,482.5,0.028
T003605,C0066,P144,S001,D110,2,138.28,259.97,0.06
T003606,C0241,P080,S001,D331,2,207.67,414.09,0.003
T003607,C0411,P024,S001,D222,1,131.93,127.05,0.037
T003608,C0151,P124,S001,D243,4,347.92,1362.45,0.021
T003609,C0081,P015,S001,D275,4,78.33,310.5,0.009
T003610,C0266,P150,S001,D314,3,1207.38,3488.12,0.037
T003611,C0415,P027,S001,D361,1,93.06,85.99,0.076
T003612,C0474,P127,S001,D287,2,285.68,566.79,0.008
T003613,C0255,P031,S001,D028,5,90.16,441.78,0.02
T003614,C0192,P018,S001,D154,1,35.41,34.95,0.013
T003615,C0165,P135,S001,D243,4,153.76,614.42,0.001
T003616,C0015,P144,S001,D230,2,141.35,253.58,0.103
T003617,C0447,P035,S001,D342,1,63.48,62.21,0.02
T003618,C0277,P141,S001,D230,2,262.08,475.94,0.092
T003619,C0269,P074,S001,D325,1,143.74,135.55,0.057
T003620,C0179,P030,S001,D114,1,103.5,102.98,0.005
T003621,C0034,P166,S001,D236,1,26.88,24.65,0.083
T003622,C0213,P078,S001,D108,1,202.54,171.35,0.154
T003623,C0069,P127,S001,D075,1,298.8,244.72,0.181
T003624,C0001,P086,S001,D166,3,146.02,427.98,0.023
T003625,C0463,P042,S001,D242,1,209.52,206.17,0.016
T003626,C0277,P128,S001,D329,2,334.54,606.86,0.093
T003627,C0367,P060,S001,D194,2,51.86,101.13,0.025
T003628,C0426,P132,S001,D182,3,94.21,279.8,0.01
T003629,C0113,P093,S001,D257,3,96.33,258.36,0.106
T003630,C0074,P062,S001,D265,1,288.64,287.49,0.004
T003631,C0049,P100,S001,D357,1,111.42,109.86,0.014
T003632,C0315,P078,S001,D012,4,193.6,679.15,0.123
T003633,C0095,P141,S001,D325,3,267.67,790.96,0.015
T003634,C0364,P157,S001,D107,2,92.15,178.22,0.033
T003635,C0267,P057,S001,D287,1,58.5,55.63,0.049
T003636,C0137,P002,S001,D189,1,79.57,74.88,0.059
T003637,C0217,P045,S001,D078,4,190.22,715.23,0.06
T003638,C0378,P098,S001,D220,2,101.41,202.41,0.002
T003639,C0464,P129,S001,D132,3,99.55,270.58,0.094
T003640,C0407,P123,S001,D153,1,295.53,292.87,0.009
T003641,C0074,P100,S001,D290,2,110.88,212.45,0.042
T003642,C0122,P066,S001,D083,5,284.69,1235.55,0.132
T003643,C0293,P111,S001,D286,1,157.33,150.56,0.043
T003644,C0097,P071,S001,D160,2,81.45,156.22,0.041
T003645,C0296,P093,S001,D068,3,95.7,252.94,0.119
T003646,C0233,P024,S001,D014,4,135.25,457.14,0.155
T003647,C0061,P075,S001,D279,2,140.06,253.23,0.096
T003648,C0264,P030,S001,D102,1,103.66,101.9,0.017
T003649,C0457,P135,S001,D207,2,155.26,268.91,0.134
T003650,C0447,P112,S001,D132,1,181.03,176.14,0.027
T003651,C0340,P139,S001,D340,5,267.79,1089.91,0.186
T003652,C0391,P028,S001,D039,3,99.0,296.11,0.003
T003653,C0188,P035,S001,D202,1,64.57,64.51,0.001
T003654,C0279,P124,S001,D013,2,342.76,640.28,0.066
T003655,C0235,P094,S001,D163,2,292.16,580.81,0.006
T003656,C0365,P039,S001,D277,3,143.78,412.36,0.044
T003657,C0158,P038,S001,D063,3,168.29,490.73,0.028
T003658,C0482,P142,S001,D328,1,224.18,214.54,0.043
T003659,C0259,P058,S001,D345,1,51.24,49.14,0.041
T003660,C0454,P061,S001,D070,1,52.09,51.57,0.01
T003661,C0431,P078,S001,D095,5,200.45,823.85,0.178
T003662,C0102,P083,S001,D240,4,146.42,575.14,0.018
T003663,C0308,P147,S001,D339,1,135.33,131.54,0.028
T003664,C0272,P060,S001,D114,1,53.23,51.1,0.04
T003665,C0186,P150,S001,D285,3,1177.37,3182.43,0.099
T003666,C0272,P033,S001,D169,1,61.1,60.61,0.008
T003667,C0349,P104,S001,D122,2,109.11,211.24,0.032
T003668,C0317,P008,S001,D107,2,73.6,130.27,0.115
T003669,C0367,P089,S001,D130,1,101.8,97.02,0.047
T003670,C0313,P007,S001,D047,2,62.84,117.64,0.064
T003671,C0026,P129,S001,D076,3,100.48,287.27,0.047
T003672,C0152,P065,S001,D341,1,324.28,315.85,0.026
T003673,C0216,P119,S001,D046,2,203.03,396.72,0.023
T003674,C0070,P021,S001,D257,2,35.11,69.17,0.015
T003675,C0039,P155,S001,D174,2,77.57,150.8,0.028
T003676,C0160,P100,S001,D217,3,108.07,291.46,0.101
T003677,C0305,P110,S001,D277,5,187.51,886.92,0.054
T003678,C0211,P013,S001,D238,1,89.0,86.86,0.024
T003679,C0083,P058,S001,D080,1,53.06,50.94,0.04
T003680,C0487,P021,S001,D244,2,35.64,69.85,0.02
T003681,C0082,P105,S001,D315,3,128.45,377.64,0.02
T003682,C0100,P069,S001,D283,1,76.32,74.95,0.018
T003683,C0116,P118,S001,D244,3,219.84,575.1,0.128
T003684,C0458,P033,S001,D005,4,61.98,205.03,0.173
T003685,C0300,P052,S001,D183,2,85.74,161.02,0.061
T003686,C0228,P128,S001,D126,1,330.02,325.4,0.014
T003687,C0168,P154,S001,D056,1,90.39,89.85,0.006
T003688,C0160,P113,S001,D243,2,172.88,309.8,0.104
T003689,C0307,P074,S001,D176,3,146.4,424.71,0.033
T003690,C0153,P037,S001,D234,2,157.5,287.28,0.088
T003691,C0313,P043,S001,D171,1,203.57,192.37,0.055
T003692,C0387,P045,S001,D360,4,196.38,680.26,0.134
T003693,C0140,P131,S001,D217,4,99.89,398.76,0.002
T003694,C0430,P153,S001,D218,4,82.49,327.98,0.006
T003695,C0239,P062,S001,D246,2,292.17,579.67,0.008
T003696,C0364,P004,S001,D272,2,76.48,146.84,0.04
T003697,C0389,P152,S001,D018,3,1202.31,3293.13,0.087
T003698,C0046,P052,S001,D343,2,86.0,156.18,0.092
T003699,C0307,P131,S001,D072,1,99.4,98.21,0.012
T003700,C0436,P162,S001,D260,2,27.74,53.15,0.042
T003701,C0494,P054,S001,D096,1,82.0,77.57,0.054
T003702,C0054,P154,S001,D035,1,95.16,88.5,0.07
T003703,C0371,P072,S001,D217,2,134.34,217.63,0.19
T003704,C0328,P037,S001,D028,2,154.58,302.67,0.021
T003705,C0429,P048,S001,D031,1,89.79,77.58,0.136
T003706,C0007,P142,S001,D321,1,224.43,215.45,0.04
T003707,C0125,P031,S001,D201,1,92.26,91.25,0.011
T003708,C0223,P150,S001,D284,3,1186.26,3540.99,0.005
T003709,C0400,P107,S001,D269,1,127.34,124.28,0.024
T003710,C0311,P005,S001,D274,1,87.47,85.81,0.019
T003711,C0266,P008,S001,D095,2,76.49,147.93,0.033
T003712,C0022,P118,S001,D254,2,215.19,417.47,0.03
T003713,C0407,P120,S001,D333,4,213.64,850.29,0.005
T003714,C0049,P037,S001,D286,1,150.96,145.22,0.038
T003715,C0185,P143,S001,D020,1,127.86,123.38,0.035
T003716,C0310,P141,S001,D311,2,262.79,484.58,0.078
T003717,C0382,P009,S001,D329,1,72.94,70.61,0.032
T003718,C0226,P022,S001,D110,2,139.39,270.7,0.029
T003719,C0268,P110,S001,D201,2,177.41,347.72,0.02
T003720,C0413,P102,S001,D095,2,110.72,182.02,0.178
T003721,C0343,P078,S001,D186,1,203.16,200.93,0.011
T003722,C0093,P019,S001,D073,3,35.83,102.44,0.047
T003723,C0051,P051,S001,D034,2,81.22,159.03,0.021
T003724,C0015,P100,S001,D296,1,111.5,90.87,0.185
T003725,C0130,P055,S001,D228,1,59.15,53.35,0.098
T003726,C0181,P072,S001,D199,2,136.25,269.23,0.012
T003727,C0229,P092,S001,D110,2,106.61,197.65,0.073
T003728,C0358,P148,S001,D181,1,1085.44,948.67,0.126
T003729,C0407,P155,S001,D293,1,77.14,74.98,0.028
T003730,C0443,P125,S001,D098,2,334.15,657.61,0.016
T003731,C0206,P030,S001,D115,1,102.63,98.63,0.039
T003732,C0089,P087,S001,D125,1,159.02,141.53,0.11
T003733,C0171,P117,S001,D186,1,191.37,174.53,0.088
T003734,C0413,P060,S001,D002,3,54.22,142.65,0.123
T003735,C0425,P001,S001,D332,3,75.15,199.75,0.114
T003736,C0047,P115,S001,D170,1,184.45,181.5,0.016
T003737,C0255,P126,S001,D126,3,355.86,1027.01,0.038
T003738,C0104,P104,S001,D337,2,109.77,211.86,0.035
T003739,C0180,P051,S001,D220,3,81.44,238.94,0.022
T003740,C0186,P126,S001,D258,2,358.3,632.76,0.117
T003741,C0166,P003,S001,D118,2,77.04,152.69,0.009
T003742,C0159,P165,S001,D147,1,30.35,25.19,0.17
T003743,C0287,P127,S001,D213,2,288.96,561.74,0.028
T003744,C0092,P083,S001,D078,3,143.52,415.49,0.035
T003745,C0102,P044,S001,D239,1,182.54,175.97,0.036
T003746,C0469,P081,S001,D007,2,218.66,403.21,0.078
T003747,C0135,P128,S001,D137,2,330.09,611.33,0.074
T003748,C0182,P157,S001,D042,5,89.04,424.72,0.046
T003749,C0054,P114,S001,D357,1,169.19,151.93,0.102
T003750,C0449,P094,S001,D112,1,293.15,288.75,0.015
T003751,C0292,P026,S001,D295,3,152.13,449.09,0.016
T003752,C0116,P041,S001,D280,2,158.18,283.46,0.104
T003753,C0281,P033,S001,D208,5,61.06,268.97,0.119
T003754,C0014,P146,S001,D146,2,124.79,222.63,0.108
T003755,C0113,P036,S001,D249,2,142.47,266.13,0.066
T003756,C0332,P103,S001,D140,1,106.71,105.96,0.007
T003757,C0152,P084,S001,D308,1,138.33,138.19,0.001
T003758,C0314,P122,S001,D285,1,192.72,188.48,0.022
T003759,C0285,P138,S001,D123,2,271.43,527.66,0.028
T003760,C0212,P147,S001,D357,1,130.58,119.35,0.086
T003761,C0205,P109,S001,D180,2,126.96,205.93,0.189
T003762,C0199,P075,S001,D182,1,140.07,135.17,0.035
T003763,C0187,P067,S001,D202,4,74.9,261.85,0.126
T003764,C0190,P028,S001,D284,2,98.09,187.16,0.046
T003765,C0121,P139,S001,D332,2,271.47,469.1,0.136
T003766,C0491,P086,S001,D251,1,149.4,138.49,0.073
T003767,C0424,P085,S001,D193,3,151.85,398.61,0.125
T003768,C0276,P095,S001,D127,1,298.85,281.82,0.057
T003769,C0470,P074,S001,D176,4,149.15,545.29,0.086
T003770,C0244,P050,S001,D022,1,84.95,75.61,0.11
T003771,C0424,P059,S001,D284,1,56.59,46.86,0.172
T003772,C0368,P115,S001,D094,2,185.14,352.14,0.049
T003773,C0421,P113,S001,D326,1,177.65,173.56,0.023
T003774,C0295,P112,S001,D103,3,184.83,509.02,0.082
T003775,C0225,P060,S001,D098,1,53.14,51.97,0.022
T003776,C0489,P071,S001,D070,3,83.23,249.44,0.001
T003777,C0230,P157,S001,D075,1,89.92,85.06,0.054
T003778,C0178,P070,S001,D278,5,74.53,359.61,0.035
T003779,C0033,P153,S001,D305,2,81.48,162.47,0.003
T003780,C0369,P161,S001,D333,1,38.69,38.19,0.013
T003781,C0460,P103,S001,D234,1,106.18,102.36,0.036
T003782,C0252,P002,S001,D222,2,78.02,150.11,0.038
T003783,C0069,P105,S001,D365,2,131.04,230.11,0.122
T003784,C0232,P097,S001,D122,1,299.14,248.29,0.17
T003785,C0156,P081,S001,D035,2,211.65,411.45,0.028
T003786,C0449,P094,S001,D017,2,286.63,561.79,0.02
T003787,C0393,P082,S001,D067,3,208.73,564.82,0.098
T003788,C0162,P108,S001,D140,5,133.71,635.79,0.049
T003789,C0028,P094,S001,D207,1,290.14,284.92,0.018
T003790,C0062,P070,S001,D056,2,75.86,143.38,0.055
T003791,C0033,P025,S001,D358,1,128.53,123.77,0.037
T003792,C0376,P116,S001,D170,4,175.22,617.48,0.119
T003793,C0397,P041,S001,D148,2,161.19,319.48,0.009
T003794,C0093,P158,S001,D296,1,36.66,34.97,0.046
T003795,C0374,P064,S001,D282,2,317.81,600.03,0.056
T003796,C0485,P083,S001,D151,1,143.56,129.35,0.099
T003797,C0351,P146,S001,D315,1,123.99,121.51,0.02
T003798,C0357,P116,S001,D356,1,178.22,170.73,0.042
T003799,C0094,P055,S001,D173,2,58.21,107.69,0.075
T003800,C0363,P022,S001,D192,2,135.94,253.39,0.068
T003801,C0047,P034,S001,D258,4,62.31,244.26,0.02
T003802,C0117,P155,S001,D147,2,78.04,141.25,0.095
T003803,C0042,P095,S001,D121,2,294.58,566.77,0.038
T003804,C0269,P106,S001,D033,1,120.54,107.04,0.112
T003805,C0032,P028,S001,D124,3,101.75,304.33,0.003
T003806,C0192,P126,S001,D054,1,344.34,344.34,0.0
T003807,C0271,P093,S001,D203,2,93.43,183.87,0.016
T003808,C0157,P104,S001,D290,1,108.18,103.31,0.045
T003809,C0289,P121,S001,D063,2,195.71,349.54,0.107
T003810,C0089,P136,S001,D242,3,166.97,454.33,0.093
T003811,C0094,P086,S001,D164,1,148.0,130.54,0.118
T003812,C0050,P163,S001,D195,2,28.55,54.47,0.046
T003813,C0308,P126,S001,D046,1,350.25,347.1,0.009
T003814,C0226,P001,S001,D344,1,76.98,73.59,0.044
T003815,C0091,P086,S001,D032,5,147.75,708.46,0.041
T003816,C0228,P106,S001,D118,1,118.87,118.63,0.002
T003817,C0276,P160,S001,D247,4,40.94,146.4,0.106
T003818,C0062,P034,S001,D002,1,64.68,60.02,0.072
T003819,C0150,P086,S001,D294,2,144.21,278.61,0.034
T003820,C0303,P070,S001,D054,1,74.71,66.27,0.113
T003821,C0255,P115,S001,D267,4,179.55,712.45,0.008
T003822,C0314,P146,S001,D321,3,127.98,365.89,0.047
T003823,C0476,P013,S001,D356,1,91.82,81.9,0.108
T003824,C0402,P092,S001,D084,1,104.5,98.44,0.058
T003825,C0284,P082,S001,D114,5,202.81,946.11,0.067
T003826,C0073,P088,S001,D348,1,147.35,120.53,0.182
T003827,C0097,P010,S001,D198,4,93.44,373.01,0.002
T003828,C0031,P010,S001,D252,1,94.12,89.79,0.046
T003829,C0416,P017,S001,D181,4,87.7,292.57,0.166
T003830,C0387,P058,S001,D121,2,53.29,94.86,0.11
T003831,C0267,P022,S001,D254,2,133.16,257.53,0.033
T003832,C0467,P039,S001,D292,1,145.8,141.57,0.029
T003833,C0273,P095,S001,D116,2,297.83,490.82,0.176
T003834,C0330,P078,S001,D201,5,194.74,845.17,0.132
T003835,C0230,P016,S001,D038,2,89.12,165.58,0.071
T003836,C0321,P016,S001,D245,2,87.34,170.84,0.022
T003837,C0043,P028,S001,D188,1,98.83,96.36,0.025
T003838,C0165,P012,S001,D218,1,86.4,83.81,0.03
T003839,C0157,P058,S001,D147,3,52.22,150.55,0.039
T003840,C0148,P080,S001,D361,1,207.77,200.5,0.035
T003841,C0271,P083,S001,D272,1,147.27,145.94,0.009
T003842,C0046,P101,S001,D027,2,106.0,192.71,0.091
T003843,C0461,P071,S001,D358,3,81.18,241.35,0.009
T003844,C0161,P070,S001,D212,1,75.7,73.66,0.027
T003845,C0025,P157,S001,D027,1,92.11,90.36,0.019
T003846,C0181,P001,S001,D133,1,78.16,77.93,0.003
T003847,C0423,P155,S001,D043,1,79.61,77.86,0.022
T003848,C0261,P141,S001,D194,5,264.41,1310.15,0.009
T003849,C0190,P070,S001,D047,1,75.44,75.29,0.002
T003850,C0110,P054,S001,D060,1,80.35,71.03,0.116
T003851,C0457,P104,S001,D269,2,109.48,190.06,0.132
T003852,C0366,P010,S001,D259,1,90.19,84.42,0.064
T003853,C0328,P145,S001,D229,2,124.68,248.86,0.002
T003854,C0196,P155,S001,D306,1,77.35,74.72,0.034
T003855,C0474,P077,S001,D090,2,146.52,279.85,0.045
T003856,C0338,P033,S001,D039,3,63.52,182.56,0.042
T003857,C0091,P058,S001,D306,2,53.76,103.11,0.041
T003858,C0191,P031,S001,D154,1,94.09,92.21,0.02
T003859,C0080,P016,S001,D189,2,85.84,160.18,0.067
T003860,C0343,P138,S001,D030,3,266.67,763.21,0.046
T003861,C0349,P087,S001,D124,1,156.46,149.73,0.043
T003862,C0321,P154,S001,D101,1,92.06,87.73,0.047
T003863,C0335,P053,S001,D244,5,94.18,438.41,0.069
T003864,C0354,P087,S001,D080,4,151.22,580.08,0.041
T003865,C0194,P108,S001,D017,1,129.12,123.31,0.045
T003866,C0419,P088,S001,D311,5,152.2,751.11,0.013
T003867,C0006,P155,S001,D168,5,79.34,388.77,0.02
T003868,C0357,P162,S001,D051,2,27.91,55.49,0.006
T003869,C0354,P102,S001,D306,2,108.05,209.18,0.032
T003870,C0060,P047,S001,D296,5,208.31,999.89,0.04
T003871,C0035,P054,S001,D140,2,80.77,149.75,0.073
T003872,C0484,P129,S001,D337,3,99.2,262.78,0.117
T003873,C0367,P043,S001,D261,4,209.4,820.85,0.02
T003874,C0275,P008,S001,D139,4,73.87,282.77,0.043
T003875,C0134,P125,S001,D172,1,325.37,323.42,0.006
T003876,C0422,P008,S001,D299,4,76.56,269.49,0.12
T003877,C0045,P021,S001,D023,2,34.76,67.78,0.025
T003878,C0066,P106,S001,D009,3,122.45,348.25,0.052
T003879,C0246,P124,S001,D317,1,342.4,338.63,0.011
T003880,C0427,P141,S001,D219,4,262.26,990.29,0.056
T003881,C0356,P094,S001,D246,1,291.76,288.26,0.012
T003882,C0316,P127,S001,D009,4,290.27,1118.12,0.037
T003883,C0227,P155,S001,D132,1,79.2,79.04,0.002
T003884,C0479,P143,S001,D293,1,127.28,102.21,0.197
T003885,C0394,P088,S001,D339,1,147.09,144.74,0.016
T003886,C0292,P150,S001,D028,3,1140.35,3393.68,0.008
T003887,C0441,P103,S001,D278,3,107.58,307.89,0.046
T003888,C0180,P097,S001,D140,1,301.9,288.31,0.045
T003889,C0029,P024,S001,D045,3,133.39,354.15,0.115
T003890,C0150,P058,S001,D261,3,52.25,155.03,0.011
T003891,C0322,P144,S001,D215,1,135.6,131.13,0.033
T003892,C0225,P018,S001,D304,1,33.58,32.84,0.022
T003893,C0432,P094,S001,D285,2,282.12,549.57,0.026
T003894,C0286,P073,S001,D339,5,128.55,625.4,0.027
T003895,C0163,P129,S001,D353,2,95.19,171.72,0.098
T003896,C0210,P004,S001,D011,3,75.69,226.84,0.001
T003897,C0369,P033,S001,D114,1,61.12,58.25,0.047
T003898,C0190,P017,S001,D330,1,83.55,79.79,0.045
T003899,C0351,P012,S001,D019,2,84.7,166.18,0.019
T003900,C0289,P052,S001,D232,2,81.3,140.0,0.139
T003901,C0291,P016,S001,D089,5,85.73,423.93,0.011
T003902,C0322,P136,S001,D047,1,165.4,160.93,0.027
T003903,C0011,P102,S001,D078,1,110.86,105.76,0.046
T003904,C0480,P144,S001,D292,3,138.72,358.31,0.139
T003905,C0352,P023,S001,D035,2,145.51,267.45,0.081
T003906,C0384,P005,S001,D132,2,84.38,154.58,0.084
T003907,C0129,P137,S001,D153,1,157.81,126.41,0.199
T003908,C0233,P141,S001,D144,3,263.7,640.79,0.19
T003909,C0233,P082,S001,D338,2,208.7,360.63,0.136
T003910,C0074,P149,S001,D249,1,1178.54,1134.93,0.037
T003911,C0494,P089,S001,D240,1,106.89,94.06,0.12
T003912,C0452,P095,S001,D157,3,291.38,841.8,0.037
T003913,C0222,P011,S001,D275,3,93.9,279.73,0.007
T003914,C0236,P002,S001,D197,3,77.93,189.84,0.188
T003915,C0437,P102,S001,D001,4,108.08,423.67,0.02
T003916,C0431,P029,S001,D117,2,92.45,162.53,0.121
T003917,C0208,P120,S001,D193,2,210.83,361.78,0.142
T003918,C0376,P149,S001,D188,3,1190.39,3153.34,0.117
T003919,C0238,P083,S001,D096,2,143.22,248.34,0.133
T003920,C0205,P064,S001,D354,2,318.07,538.81,0.153
T003921,C0126,P132,S001,D107,3,90.69,269.35,0.01
T003922,C0100,P112,S001,D294,2,186.04,358.69,0.036
T003923,C0402,P030,S001,D031,3,101.81,270.92,0.113
T003924,C0281,P012,S001,D035,1,87.95,78.72,0.105
T003925,C0192,P118,S001,D303,2,215.74,426.73,0.011
T003926,C0073,P064,S001,D128,2,324.65,549.31,0.154
T003927,C0232,P074,S001,D048,4,144.89,473.5,0.183
T003928,C0397,P086,S001,D144,1,150.97,147.8,0.021
T003929,C0103,P146,S001,D229,3,122.71,335.37,0.089
T003930,C0081,P004,S001,D034,3,76.33,218.23,0.047
T003931,C0222,P015,S001,D354,1,77.2,75.5,0.022
T003932,C0356,P113,S001,D182,3,169.59,494.52,0.028
T003933,C0089,P101,S001,D048,5,105.78,474.95,0.102
T003934,C0289,P047,S001,D251,1,216.1,180.66,0.164
T003935,C0295,P118,S001,D025,2,217.51,407.18,0.064
T003936,C0211,P129,S001,D270,3,96.71,286.65,0.012
T003937,C0379,P083,S001,D087,1,141.2,124.96,0.115
T003938,C0162,P155,S001,D272,2,79.26,152.5,0.038
T003939,C0272,P151,S001,D320,2,1118.54,2138.65,0.044
T003940,C0347,P107,S001,D192,2,121.88,243.03,0.003
T003941,C0011,P096,S001,D278,2,268.63,514.16,0.043
T003942,C0028,P080,S001,D342,1,202.38,201.57,0.004
T003943,C0477,P103,S001,D050,3,107.28,301.24,0.064
T003944,C0078,P057,S001,D200,2,60.05,111.45,0.072
T003945,C0034,P119,S001,D076,3,196.71,522.86,0.114
T003946,C0299,P061,S001,D255,2,51.81,101.34,0.022
T003947,C0174,P104,S001,D288,4,112.7,444.49,0.014
T003948,C0052,P050,S001,D335,3,86.31,243.14,0.061
T003949,C0451,P135,S001,D311,1,154.94,151.69,0.021
T003950,C0273,P008,S001,D161,2,76.67,131.72,0.141
T003951,C0288,P053,S001,D248,3,93.15,256.26,0.083
T003952,C0144,P146,S001,D302,1,126.25,120.57,0.045
T003953,C0500,P161,S001,D092,2,38.31,73.02,0.047
T003954,C0466,P100,S001,D303,2,109.63,210.93,0.038
T003955,C0070,P062,S001,D283,1,300.17,292.97,0.024
T003956,C0245,P144,S001,D133,1,135.4,128.49,0.051
T003957,C0353,P142,S001,D088,2,236.66,464.8,0.018
T003958,C0226,P028,S001,D078,1,99.39,98.5,0.009
T003959,C0458,P091,S001,D132,2,108.4,184.5,0.149
T003960,C0344,P025,S001,D043,2,128.81,208.93,0.189
T003961,C0044,P117,S001,D308,2,197.57,393.95,0.003
T003962,C0070,P096,S001,D217,4,278.85,1077.48,0.034
T003963,C0470,P074,S001,D022,1,143.57,126.34,0.12
T003964,C0405,P026,S001,D169,4,152.04,535.18,0.12
T003965,C0325,P132,S001,D183,1,91.27,87.98,0.036
T003966,C0486,P040,S001,D307,2,142.11,279.1,0.018
T003967,C0410,P059,S001,D303,3,56.22,163.43,0.031
T003968,C0303,P016,S001,D287,4,87.3,327.55,0.062
T003969,C0436,P064,S001,D206,3,320.4,936.21,0.026
T003970,C0267,P004,S001,D221,2,77.44,154.73,0.001
T003971,C0164,P138,S001,D203,3,277.19,786.67,0.054
T003972,C0123,P121,S001,D014,2,199.56,371.98,0.068
T003973,C0222,P096,S001,D028,1,274.09,270.25,0.014
T003974,C0389,P151,S001,D164,3,1113.34,3019.38,0.096
T003975,C0171,P160,S001,D079,1,40.13,37.76,0.059
T003976,C0475,P113,S001,D086,1,173.92,167.48,0.037
T003977,C0010,P138,S001,D136,1,267.4,264.73,0.01
T003978,C0241,P060,S001,D070,2,52.77,105.33,0.002
T003979,C0345,P011,S001,D036,2,90.94,178.42,0.019
T003980,C0188,P050,S001,D012,3,86.31,247.8,0.043
T003981,C0402,P069,S001,D033,5,77.14,347.13,0.1
T003982,C0068,P132,S001,D175,1,94.71,91.3,0.036
T003983,C0283,P038,S001,D123,2,165.66,326.68,0.014
T003984,C0043,P135,S001,D305,3,162.16,464.1,0.046
T003985,C0044,P002,S001,D087,3,79.79,228.36,0.046
T003986,C0442,P073,S001,D286,1,131.29,123.68,0.058
T003987,C0416,P042,S001,D160,4,207.88,685.17,0.176
T003988,C0125,P117,S001,D237,3,188.16,553.75,0.019
T003989,C0079,P015,S001,D114,2,79.05,156.2,0.012
T003990,C0045,P001,S001,D124,1,77.7,77.7,0.0
T003991,C0007,P092,S001,D261,1,106.32,104.51,0.017
T003992,C0466,P042,S001,D078,2,214.12,424.81,0.008
T003993,C0321,P062,S001,D349,1,301.67,287.19,0.048
T003994,C0324,P005,S001,D115,2,87.65,156.89,0.105
T003995,C0055,P027,S001,D190,1,92.75,87.74,0.054
T003996,C0072,P045,S001,D288,1,188.2,181.24,0.037
T003997,C0042,P091,S001,D006,3,109.51,316.7,0.036
T003998,C0047,P048,S001,D255,1,88.44,84.9,0.04
T003999,C0120,P157,S001,D108,5,88.04,396.18,0.1
T004000,C0199,P053,S001,D043,1,91.86,89.47,0.026
T004001,C0244,P153,S001,D365,2,82.14,136.19,0.171
T004002,C0254,P025,S001,D142,1,129.11,127.95,0.009
T004003,C0148,P001,S001,D223,1,77.1,74.79,0.03
T004004,C0441,P076,S001,D053,3,128.29,381.41,0.009
T004005,C0004,P017,S001,D028,5,83.76,369.38,0.118
T004006,C0135,P156,S001,D144,3,86.23,235.93,0.088
T004007,C0499,P157,S001,D067,2,87.93,165.48,0.059
T004008,C0390,P063,S001,D123,4,264.56,1048.72,0.009
T004009,C0165,P114,S001,D247,2,168.31,332.92,0.011
T004010,C0203,P009,S001,D334,2,75.62,146.7,0.03
T004011,C0308,P111,S001,D173,1,156.68,151.67,0.032
T004012,C0112,P040,S001,D114,1,139.09,133.39,0.041
T004013,C0377,P121,S001,D173,5,194.12,922.07,0.05
T004014,C0456,P068,S001,D177,1,78.96,69.09,0.125
T004015,C0387,P051,S001,D056,2,80.57,144.06,0.106
T004016,C0253,P120,S001,D139,2,209.85,347.09,0.173
T004017,C0318,P151,S001,D088,1,1119.89,1095.25,0.022
T004018,C0346,P056,S001,D274,1,59.12,53.21,0.1
T004019,C0007,P060,S001,D081,4,54.67,211.24,0.034
T004020,C0164,P007,S001,D094,1,63.46,56.23,0.114
T004021,C0186,P122,S001,D086,1,195.2,177.24,0.092
T004022,C0492,P052,S001,D067,1,81.33,80.27,0.013
T004023,C0430,P063,S001,D165,1,268.52,263.69,0.018
T004024,C0416,P102,S001,D209,1,109.75,93.29,0.15
T004025,C0391,P019,S001,D242,1,36.86,35.86,0.027
T004026,C0382,P075,S001,D030,4,135.47,526.17,0.029
T004027,C0022,P141,S001,D031,3,267.05,785.13,0.02
T004028,C0451,P049,S001,D191,1,90.69,86.52,0.046
T004029,C0434,P039,S001,D302,2,149.45,292.92,0.02
T004030,C0445,P105,S001,D287,2,130.38,254.76,0.023
T004031,C0073,P045,S001,D107,2,194.4,334.76,0.139
T004032,C0487,P131,S001,D361,1,94.49,93.83,0.007
T004033,C0163,P118,S001,D313,2,212.37,377.59,0.111
T004034,C0077,P118,S001,D011,3,212.6,573.38,0.101
T004035,C0406,P019,S001,D179,4,37.58,143.56,0.045
T004036,C0078,P062,S001,D115,2,295.11,553.04,0.063
T004037,C0049,P003,S001,D152,1,77.04,75.19,0.024
T004038,C0139,P109,S001,D094,1,124.77,124.65,0.001
T004039,C0201,P078,S001,D039,1,194.23,186.27,0.041
T004040,C0438,P093,S001,D163,2,96.52,190.92,0.011
T004041,C0250,P052,S001,D182,4,84.05,307.62,0.085
T004042,C0223,P111,S001,D288,5,161.74,802.23,0.008
T004043,C0497,P013,S001,D273,4,91.86,360.83,0.018
T004044,C0055,P140,S001,D361,4,263.94,978.69,0.073
T004045,C0245,P026,S001,D238,3,148.91,419.93,0.06
T004046,C0266,P024,S001,D070,1,137.84,132.33,0.04
T004047,C0214,P065,S001,D085,2,326.25,576.16,0.117
T004048,C0324,P164,S001,D323,4,30.18,109.37,0.094
T004049,C0351,P004,S001,D322,1,76.15,73.79,0.031
T004050,C0307,P091,S001,D005,2,109.14,215.22,0.014
T004051,C0372,P044,S001,D265,1,185.69,179.38,0.034
T004052,C0066,P048,S001,D311,4,90.44,319.07,0.118
T004053,C0033,P013,S001,D331,1,88.33,86.65,0.019
T004054,C0127,P062,S001,D262,1,288.35,250.0,0.133
T004055,C0120,P097,S001,D317,2,310.04,550.01,0.113
T004056,C0325,P030,S001,D281,1,103.61,98.53,0.049
T004057,C0403,P080,S001,D191,3,201.76,560.49,0.074
T004058,C0407,P065,S001,D095,3,323.13,959.7,0.01
T004059,C0066,P123,S001,D304,1,309.4,276.91,0.105
T004060,C0294,P139,S001,D189,3,282.19,790.7,0.066
T004061,C0304,P051,S001,D153,1,82.78,79.39,0.041
T004062,C0128,P016,S001,D217,2,87.67,160.79,0.083
T004063,C0010,P060,S001,D103,2,52.56,100.49,0.044
T004064,C0197,P144,S001,D029,2,140.2,271.71,0.031
T004065,C0042,P010,S001,D126,3,91.98,269.59,0.023
T004066,C0462,P089,S001,D055,2,106.41,187.92,0.117
T004067,C0137,P022,S001,D130,4,132.96,490.89,0.077
T004068,C0099,P058,S001,D263,4,53.14,209.58,0.014
T004069,C0074,P157,S001,D233,1,88.87,85.4,0.039
T004070,C0243,P052,S001,D177,1,82.24,79.61,0.032
T004071,C0168,P051,S001,D281,2,81.53,158.01,0.031
T004072,C0288,P072,S001,D288,1,129.68,120.73,0.069
T004073,C0164,P166,S001,D240,5,27.49,127.55,0.072
T004074,C0453,P026,S001,D004,2,148.27,242.57,0.182
T004075,C0331,P157,S001,D059,2,87.92,167.75,0.046
T004076,C0310,P096,S001,D195,3,270.49,729.51,0.101
T004077,C0377,P066,S001,D083,2,297.29,542.85,0.087
T004078,C0259,P159,S001,D258,3,38.67,111.37,0.04
T004079,C0217,P094,S001,D364,4,289.94,1032.19,0.11
T004080,C0153,P063,S001,D279,4,267.58,1006.1,0.06
T004081,C0013,P054,S001,D244,4,80.0,309.76,0.032
T004082,C0216,P059,S001,D234,3,54.82,160.68,0.023
T004083,C0466,P147,S001,D056,2,137.03,268.03,0.022
T004084,C0196,P056,S001,D203,1,58.39,56.64,0.03
T004085,C0389,P096,S001,D231,3,273.7,725.85,0.116
T004086,C0234,P132,S001,D123,1,91.02,87.83,0.035
T004087,C0233,P160,S001,D224,3,39.49,99.63,0.159
T004088,C0166,P064,S001,D035,1,334.13,332.13,0.006
T004089,C0445,P061,S001,D280,3,50.05,146.55,0.024
T004090,C0073,P165,S001,D135,1,29.29,24.25,0.172
T004091,C0282,P079,S001,D356,2,193.9,379.27,0.022
T004092,C0166,P089,S001,D138,1,103.32,101.67,0.016
T004093,C0429,P142,S001,D033,1,233.52,195.22,0.164
T004094,C0166,P035,S001,D110,2,65.12,126.59,0.028
T004095,C0453,P121,S001,D339,3,197.33,490.17,0.172
T004096,C0366,P139,S001,D078,3,268.37,761.63,0.054
T004097,C0035,P123,S001,D195,3,294.49,833.11,0.057
T004098,C0084,P010,S001,D272,2,94.24,186.22,0.012
T004099,C0387,P049,S001,D091,3,90.14,233.64,0.136
T004100,C0042,P008,S001,D328,1,74.44,71.61,0.038
T004101,C0253,P113,S001,D219,4,171.6,613.64,0.106
T004102,C0214,P116,S001,D249,1,180.01,165.97,0.078
T004103,C0080,P147,S001,D304,1,133.47,126.0,0.056
T004104,C0107,P095,S001,D136,1,296.52,294.74,0.006
T004105,C0467,P006,S001,D222,2,69.79,138.04,0.011
T004106,C0029,P094,S001,D106,3,288.98,731.7,0.156
T004107,C0027,P159,S001,D199,2,39.52,76.27,0.035
T004108,C0246,P034,S001,D022,2,61.77,122.18,0.011
T004109,C0120,P113,S001,D009,1,177.29,156.55,0.117
T004110,C0071,P061,S001,D037,1,50.58,43.9,0.132
T004111,C0388,P109,S001,D133,1,127.02,117.11,0.078
T004112,C0262,P055,S001,D104,1,60.61,55.52,0.084
T004113,C0343,P091,S001,D324,2,113.06,221.37,0.021
T004114,C0035,P091,S001,D288,4,108.54,394.65,0.091
T004115,C0107,P041,S001,D161,1,156.15,152.25,0.025
T004116,C0179,P133,S001,D319,1,83.64,81.21,0.029
T004117,C0189,P134,S001,D174,2,146.57,281.12,0.041
T004118,C0204,P066,S001,D322,1,285.57,277.86,0.027
T004119,C0469,P019,S001,D283,1,37.16,33.67,0.094
T004120,C0137,P114,S001,D163,4,166.32,608.07,0.086
T004121,C0082,P037,S001,D128,3,157.61,454.86,0.038
T004122,C0132,P090,S001,D028,3,113.35,315.23,0.073
T004123,C0134,P030,S001,D068,2,100.44,194.25,0.033
T004124,C0232,P061,S001,D047,1,49.15,41.29,0.16
T004125,C0334,P163,S001,D020,1,28.22,25.29,0.104
T004126,C0105,P115,S001,D102,5,179.46,849.74,0.053
T004127,C0412,P104,S001,D316,2,108.71,207.2,0.047
T004128,C0106,P100,S001,D067,1,108.01,104.88,0.029
T004129,C0383,P118,S001,D263,2,211.31,381.2,0.098
T004130,C0110,P050,S001,D256,2,86.74,154.92,0.107
T004131,C0185,P042,S001,D051,3,212.16,616.11,0.032
T004132,C0118,P065,S001,D081,2,327.75,626.66,0.044
T004133,C0130,P081,S001,D146,2,210.19,398.52,0.052
T004134,C0007,P097,S001,D264,2,297.44,589.53,0.009
T004135,C0171,P049,S001,D298,1,89.3,78.94,0.116
T004136,C0199,P137,S001,D216,2,161.39,315.36,0.023
T004137,C0201,P078,S001,D279,1,199.51,197.91,0.008
T004138,C0252,P151,S001,D251,1,1101.66,1068.61,0.03
T004139,C0408,P074,S001,D145,3,150.93,433.32,0.043
T004140,C0128,P073,S001,D157,1,127.89,120.47,0.058
T004141,C0001,P085,S001,D184,4,150.67,584.0,0.031
T004142,C0439,P153,S001,D264,4,78.24,291.37,0.069
T004143,C0001,P149,S001,D273,1,1179.73,1157.32,0.019
T004144,C0291,P106,S001,D210,1,125.7,125.07,0.005
T004145,C0189,P015,S001,D182,1,77.37,76.6,0.01
T004146,C0217,P144,S001,D119,3,140.13,388.44,0.076
T004147,C0144,P133,S001,D017,2,82.23,164.3,0.001
T004148,C0395,P102,S001,D268,1,106.81,106.17,0.006
T004149,C0073,P118,S001,D174,2,210.84,340.3,0.193
T004150,C0455,P095,S001,D118,4,306.06,1167.92,0.046
T004151,C0062,P069,S001,D055,1,79.44,71.34,0.102
T004152,C0350,P006,S001,D132,1,69.48,61.7,0.112
T004153,C0478,P063,S001,D344,1,271.09,257.26,0.051
T004154,C0045,P029,S001,D037,3,92.99,272.55,0.023
T004155,C0454,P113,S001,D200,1,173.46,168.6,0.028
T004156,C0139,P065,S001,D262,2,317.09,616.42,0.028
T004157,C0033,P010,S001,D027,3,93.1,277.07,0.008
T004158,C0034,P138,S001,D050,1,268.94,248.5,0.076
T004159,C0020,P133,S001,D359,3,82.63,237.48,0.042
T004160,C0212,P150,S001,D063,1,1151.69,1092.95,0.051
T004161,C0460,P110,S001,D121,2,177.49,353.92,0.003
T004162,C0395,P103,S001,D335,2,107.12,206.74,0.035
T004163,C0369,P156,S001,D063,2,88.0,168.96,0.04
T004164,C0013,P026,S001,D154,1,149.47,142.3,0.048
T004165,C0097,P080,S001,D143,2,201.2,393.55,0.022
T004166,C0001,P110,S001,D352,1,187.91,187.53,0.002
T004167,C0289,P007,S001,D331,2,64.4,110.25,0.144
T004168,C0488,P128,S001,D267,2,341.37,655.43,0.04
T004169,C0367,P010,S001,D284,4,93.74,374.21,0.002
T004170,C0187,P007,S001,D219,3,61.57,159.4,0.137
T004171,C0421,P154,S001,D195,1,92.97,92.23,0.008
T004172,C0338,P093,S001,D229,3,98.56,285.04,0.036
T004173,C0277,P033,S001,D043,1,61.02,54.86,0.101
T004174,C0178,P144,S001,D333,4,137.36,533.51,0.029
T004175,C0191,P123,S001,D032,3,300.4,885.88,0.017
T004176,C0150,P007,S001,D365,1,61.8,59.7,0.034
T004177,C0456,P137,S001,D287,3,159.24,404.15,0.154
T004178,C0185,P135,S001,D094,2,162.62,323.94,0.004
T004179,C0130,P042,S001,D097,1,217.53,201.65,0.073
T004180,C0184,P018,S001,D278,2,34.86,68.12,0.023
T004181,C0277,P050,S001,D223,2,86.61,162.65,0.061
T004182,C0022,P104,S001,D119,1,110.29,105.22,0.046
T004183,C0321,P114,S001,D252,2,162.23,318.94,0.017
T004184,C0324,P094,S001,D279,1,292.2,274.38,0.061
T004185,C0409,P019,S001,D262,1,37.04,35.23,0.049
T004186,C0406,P112,S001,D181,1,177.97,171.74,0.035
T004187,C0042,P056,S001,D036,1,59.33,56.72,0.044
T004188,C0257,P101,S001,D138,2,107.52,196.55,0.086
T004189,C0295,P075,S001,D362,1,133.92,118.52,0.115
T004190,C0341,P048,S001,D057,1,93.57,90.11,0.037
T004191,C0351,P074,S001,D338,4,148.5,583.9,0.017
T004192,C0060,P132,S001,D254,4,91.29,349.82,0.042
T004193,C0192,P090,S001,D290,4,114.82,450.09,0.02
T004194,C0337,P068,S001,D236,5,78.27,387.05,0.011
T004195,C0180,P144,S001,D187,2,140.2,270.87,0.034
T004196,C0055,P026,S001,D334,1,145.52,131.7,0.095
T004197,C0080,P048,S001,D095,2,92.98,164.95,0.113
T004198,C0097,P111,S001,D280,1,159.55,152.37,0.045
T004199,C0497,P012,S001,D113,2,86.1,171.34,0.005
T004200,C0074,P122,S001,D055,1,197.72,190.8,0.035
T004201,C0157,P127,S001,D034,1,288.01,282.25,0.02
T004202,C0423,P146,S001,D050,2,122.65,237.45,0.032
T004203,C0488,P080,S001,D268,1,208.31,208.1,0.001
T004204,C0016,P004,S001,D364,3,74.68,209.7,0.064
T004205,C0424,P076,S001,D034,2,133.94,239.22,0.107
T004206,C0130,P159,S001,D298,2,39.07,73.61,0.058
T004207,C0484,P157,S001,D185,1,88.83,81.9,0.078
T004208,C0358,P041,S001,D202,2,159.66,276.53,0.134
T004209,C0192,P009,S001,D115,2,73.7,144.3,0.021
T004210,C0302,P098,S001,D201,4,101.32,367.18,0.094
T004211,C0304,P098,S001,D056,1,96.11,93.71,0.025
T004212,C0017,P018,S001,D017,5,34.56,169.69,0.018
T004213,C0131,P010,S001,D035,4,92.93,330.83,0.11
T004214,C0197,P112,S001,D337,1,183.92,176.93,0.038
T004215,C0217,P155,S001,D195,2,79.63,144.45,0.093
T004216,C0180,P157,S001,D197,2,92.01,177.76,0.034
T004217,C0014,P147,S001,D218,1,132.13,116.67,0.117
T004218,C0389,P008,S001,D087,1,76.65,70.29,0.083
T004219,C0279,P144,S001,D341,1,134.75,125.72,0.067
T004220,C0426,P009,S001,D341,3,75.98,217.45,0.046
T004221,C0233,P147,S001,D001,2,132.13,228.85,0.134
T004222,C0310,P128,S001,D241,1,347.05,329.0,0.052
T004223,C0159,P112,S001,D240,2,181.74,301.69,0.17
T004224,C0232,P073,S001,D324,1,128.99,110.8,0.141
T004225,C0006,P038,S001,D007,3,170.63,496.53,0.03
T004226,C0346,P166,S001,D026,2,27.98,49.52,0.115
T004227,C0228,P153,S001,D224,1,78.52,77.81,0.009
T004228,C0141,P145,S001,D212,2,125.3,231.3,0.077
T004229,C0474,P135,S001,D301,4,158.58,611.48,0.036
T004230,C0130,P010,S001,D237,3,92.29,249.46,0.099
T004231,C0252,P047,S001,D190,2,208.5,407.41,0.023
T004232,C0438,P014,S001,D194,2,84.4,166.27,0.015
T004233,C0170,P147,S001,D138,2,132.5,220.22,0.169
T004234,C0496,P060,S001,D126,3,54.23,152.28,0.064
T004235,C0249,P046,S001,D340,3,208.1,612.44,0.019
T004236,C0382,P138,S001,D303,5,275.58,1315.89,0.045
T004237,C0396,P049,S001,D097,1,90.23,78.5,0.13
T004238,C0115,P127,S001,D096,1,289.73,261.34,0.098
T004239,C0433,P131,S001,D354,3,97.23,281.19,0.036
T004240,C0414,P010,S001,D154,1,92.93,75.18,0.191
T004241,C0052,P114,S001,D041,3,162.42,458.51,0.059
T004242,C0485,P149,S001,D236,1,1201.35,1138.88,0.052
T004243,C0255,P118,S001,D214,1,212.18,204.75,0.035
T004244,C0011,P143,S001,D166,3,128.84,369.13,0.045
T004245,C0189,P074,S001,D208,4,147.84,588.4,0.005
T004246,C0243,P051,S001,D214,4,79.94,312.73,0.022
T004247,C0360,P104,S001,D332,2,110.82,220.98,0.003
T004248,C0135,P145,S001,D324,4,126.65,457.46,0.097
T004249,C0244,P083,S001,D175,1,143.55,115.99,0.192
T004250,C0465,P009,S001,D359,1,76.94,76.4,0.007
T004251,C0013,P153,S001,D097,5,78.97,383.4,0.029
T004252,C0341,P047,S001,D299,3,208.79,605.7,0.033
T004253,C0280,P159,S001,D032,5,38.88,169.91,0.126
T004254,C0035,P049,S001,D282,4,93.47,337.99,0.096
T004255,C0299,P060,S001,D243,2,52.87,102.78,0.028
T004256,C0119,P087,S001,D313,1,153.02,150.72,0.015
T004257,C0383,P023,S001,D032,1,146.25,138.79,0.051
T004258,C0031,P029,S001,D034,1,91.81,91.72,0.001
T004259,C0269,P112,S001,D358,3,182.97,498.96,0.091
T004260,C0005,P074,S001,D363,1,144.92,138.98,0.041
T004261,C0164,P082,S001,D362,2,213.5,380.03,0.11
T004262,C0411,P165,S001,D214,1,29.11,28.15,0.033
T004263,C0245,P128,S001,D295,1,336.83,317.63,0.057
T004264,C0199,P071,S001,D204,2,81.09,157.15,0.031
T004265,C0440,P027,S001,D292,2,93.81,186.31,0.007
T004266,C0066,P018,S001,D180,1,35.3,33.18,0.06
T004267,C0390,P010,S001,D096,1,89.44,87.11,0.026
T004268,C0038,P078,S001,D048,2,199.09,371.5,0.067
T004269,C0386,P100,S001,D123,2,109.42,212.06,0.031
T004270,C0481,P153,S001,D055,3,79.27,221.64,0.068
T004271,C0031,P077,S001,D290,2,150.64,300.68,0.002
T004272,C0165,P161,S001,D244,2,39.88,79.68,0.001
T004273,C0344,P006,S001,D247,3,69.21,179.18,0.137
T004274,C0231,P125,S001,D207,1,335.33,320.91,0.043
T004275,C0384,P163,S001,D261,1,28.61,26.21,0.084
T004276,C0487,P130,S001,D053,3,89.01,255.28,0.044
T004277,C0331,P134,S001,D249,1,149.76,144.97,0.032
T004278,C0124,P057,S001,D163,3,58.79,164.02,0.07
T004279,C0396,P064,S001,D170,2,316.94,532.46,0.16
T004280,C0214,P162,S001,D016,5,26.76,126.31,0.056
T004281,C0457,P034,S001,D219,4,64.57,212.56,0.177
T004282,C0021,P032,S001,D217,1,60.89,59.67,0.02
T004283,C0238,P026,S001,D072,1,149.28,119.57,0.199
T004284,C0175,P149,S001,D298,2,1179.73,1996.1,0.154
T004285,C0168,P025,S001,D170,2,131.53,251.75,0.043
T004286,C0241,P011,S001,D246,2,92.27,181.03,0.019
T004287,C0447,P120,S001,D071,2,216.15,419.76,0.029
T004288,C0287,P090,S001,D360,2,117.4,227.76,0.03
T004289,C0339,P035,S001,D311,1,65.97,65.51,0.007
T004290,C0173,P120,S001,D084,2,206.63,403.34,0.024
T004291,C0176,P035,S001,D135,3,64.99,188.93,0.031
T004292,C0033,P147,S001,D041,2,131.11,258.81,0.013
T004293,C0139,P036,S001,D345,2,147.93,286.98,0.03
T004294,C0117,P032,S001,D049,1,60.68,53.82,0.113
T004295,C0465,P138,S001,D250,1,266.37,263.71,0.01
T004296,C0498,P136,S001,D288,2,168.17,300.02,0.108
T004297,C0266,P127,S001,D032,2,295.63,582.98,0.014
T004298,C0307,P066,S001,D167,1,289.25,279.7,0.033
T004299,C0394,P049,S001,D152,1,91.52,87.95,0.039
T004300,C0411,P007,S001,D140,3,64.15,189.56,0.015
T004301,C0352,P068,S001,D126,1,77.66,69.89,0.1
T004302,C0284,P037,S001,D349,3,152.85,409.94,0.106
T004303,C0298,P062,S001,D083,3,293.82,876.17,0.006
T004304,C0371,P094,S001,D137,1,292.96,244.91,0.164
T004305,C0106,P152,S001,D115,1,1224.74,1185.55,0.032
T004306,C0173,P114,S001,D028,2,162.61,314.81,0.032
T004307,C0255,P110,S001,D339,1,181.11,177.49,0.02
T004308,C0368,P027,S001,D305,2,90.86,176.63,0.028
T004309,C0276,P107,S001,D225,3,123.71,345.89,0.068
T004310,C0037,P024,S001,D057,5,132.28,629.65,0.048
T004311,C0417,P043,S001,D209,1,204.75,188.78,0.078
T004312,C0035,P022,S001,D298,2,133.96,237.11,0.115
T004313,C0476,P156,S001,D044,4,88.08,311.8,0.115
T004314,C0282,P043,S001,D153,1,205.15,202.28,0.014
T004315,C0291,P157,S001,D240,2,89.17,176.02,0.013
T004316,C0219,P006,S001,D351,4,68.8,252.08,0.084
T004317,C0056,P002,S001,D014,1,78.24,76.75,0.019
T004318,C0062,P116,S001,D343,3,174.63,492.98,0.059
T004319,C0390,P041,S001,D191,4,161.6,644.46,0.003
T004320,C0434,P023,S001,D261,1,140.77,140.07,0.005
T004321,C0275,P072,S001,D210,1,130.65,125.55,0.039
T004322,C0474,P037,S001,D295,1,156.76,153.47,0.021
T004323,C0021,P043,S001,D041,1,208.92,203.07,0.028
T004324,C0006,P164,S001,D317,1,30.09,28.62,0.049
T004325,C0369,P076,S001,D222,1,130.0,127.27,0.021
T004326,C0119,P079,S001,D239,4,196.23,761.37,0.03
T004327,C0385,P145,S001,D110,2,122.11,237.38,0.028
T004328,C0431,P022,S001,D031,5,134.35,603.23,0.102
T004329,C0300,P101,S001,D072,1,106.06,99.17,0.065
T004330,C0413,P094,S001,D230,2,294.51,507.74,0.138
T004331,C0278,P096,S001,D106,3,278.72,738.33,0.117
T004332,C0047,P016,S001,D318,1,88.1,85.37,0.031
T004333,C0499,P146,S001,D093,2,123.11,225.54,0.084
T004334,C0049,P094,S001,D323,5,282.13,1382.44,0.02
T004335,C0124,P038,S001,D175,2,168.36,315.84,0.062
T004336,C0089,P138,S001,D025,1,277.38,257.96,0.07
T004337,C0002,P012,S001,D104,2,84.73,166.92,0.015
T004338,C0297,P119,S001,D262,5,202.63,970.6,0.042
T004339,C0229,P154,S001,D058,1,91.52,86.3,0.057
T004340,C0042,P115,S001,D063,2,181.92,355.84,0.022
T004341,C0077,P104,S001,D251,3,112.94,292.06,0.138
T004342,C0315,P012,S001,D206,4,87.37,313.83,0.102
T004343,C0392,P052,S001,D324,3,82.37,236.24,0.044
T004344,C0252,P023,S001,D003,1,143.95,137.62,0.044
T004345,C0176,P142,S001,D241,4,227.48,887.17,0.025
T004346,C0316,P040,S001,D224,3,138.77,407.15,0.022
T004347,C0106,P088,S001,D004,1,148.55,143.35,0.035
T004348,C0308,P122,S001,D101,3,196.81,570.36,0.034
T004349,C0087,P073,S001,D273,1,133.49,132.16,0.01
T004350,C0161,P049,S001,D202,2,90.1,177.68,0.014
T004351,C0367,P135,S001,D262,1,156.25,154.38,0.012
T004352,C0308,P029,S001,D152,2,93.83,178.65,0.048
T004353,C0352,P028,S001,D136,4,101.47,378.69,0.067
T004354,C0358,P046,S001,D153,5,205.76,852.88,0.171
T004355,C0012,P104,S001,D022,4,110.6,434.88,0.017
T004356,C0196,P126,S001,D258,1,342.76,335.22,0.022
T004357,C0229,P071,S001,D320,4,82.81,312.69,0.056
T004358,C0131,P150,S001,D064,3,1163.89,3250.74,0.069
T004359,C0467,P146,S001,D148,1,128.55,125.46,0.024
T004360,C0087,P064,S001,D349,5,319.75,1552.39,0.029
T004361,C0265,P069,S001,D168,4,77.95,299.02,0.041
T004362,C0434,P114,S001,D322,1,161.15,158.09,0.019
T004363,C0025,P063,S001,D252,2,275.72,549.23,0.004
T004364,C0469,P014,S001,D339,1,84.38,76.53,0.093
T004365,C0284,P059,S001,D251,1,54.72,51.66,0.056
T004366,C0478,P032,S001,D296,3,60.47,170.53,0.06
T004367,C0073,P160,S001,D207,1,40.87,35.64,0.128
T004368,C0469,P058,S001,D170,4,51.25,188.8,0.079
T004369,C0086,P019,S001,D287,3,36.93,109.46,0.012
T004370,C0048,P109,S001,D333,1,126.91,123.23,0.029
T004371,C0401,P117,S001,D340,1,196.38,186.95,0.048
T004372,C0483,P127,S001,D290,2,296.77,551.99,0.07
T004373,C0241,P062,S001,D291,1,301.25,287.69,0.045
T004374,C0121,P002,S001,D180,1,76.08,61.17,0.196
T004375,C0309,P071,S001,D097,4,81.86,326.46,0.003
T004376,C0052,P008,S001,D096,4,73.79,264.17,0.105
T004377,C0274,P015,S001,D010,3,76.93,225.48,0.023
T004378,C0390,P161,S001,D242,2,38.91,77.12,0.009
T004379,C0274,P024,S001,D091,1,137.75,136.1,0.012
T004380,C0005,P163,S001,D117,5,27.64,136.96,0.009
T004381,C0140,P040,S001,D108,1,139.82,139.68,0.001
T004382,C0259,P122,S001,D058,5,197.48,967.65,0.02
T004383,C0086,P083,S001,D254,1,140.49,139.37,0.008
T004384,C0068,P141,S001,D099,2,259.94,504.28,0.03
T004385,C0189,P108,S001,D061,1,131.44,129.6,0.014
T004386,C0126,P124,S001,D331,1,349.67,337.08,0.036
T004387,C0366,P111,S001,D259,3,155.13,421.18,0.095
T004388,C0387,P043,S001,D044,2,198.52,318.43,0.198
T004389,C0070,P083,S001,D326,4,140.07,547.39,0.023
T004390,C0410,P032,S001,D025,1,61.33,59.0,0.038
T004391,C0282,P069,S001,D298,2,77.68,152.25,0.02
T004392,C0269,P150,S001,D060,2,1172.24,2121.75,0.095
T004393,C0267,P098,S001,D107,1,97.96,95.02,0.03
T004394,C0368,P087,S001,D155,4,158.96,623.12,0.02
T004395,C0129,P161,S001,D156,1,39.28,33.74,0.141
T004396,C0258,P149,S001,D360,5,1219.45,6060.67,0.006
T004397,C0019,P139,S001,D311,2,269.6,523.02,0.03
T004398,C0189,P165,S001,D098,1,30.23,30.05,0.006
T004399,C0463,P116,S001,D169,1,177.55,174.18,0.019
T004400,C0192,P151,S001,D136,2,1071.46,2091.49,0.024
T004401,C0385,P138,S001,D024,1,262.74,256.96,0.022
T004402,C0327,P007,S001,D111,1,64.08,58.89,0.081
T004403,C0303,P005,S001,D050,2,87.22,156.65,0.102
T004404,C0333,P049,S001,D083,3,92.5,271.95,0.02
T004405,C0073,P114,S001,D079,2,160.95,282.31,0.123
T004406,C0225,P151,S001,D196,2,1086.62,2129.78,0.02
T004407,C0365,P011,S001,D363,3,92.02,263.91,0.044
T004408,C0238,P019,S001,D088,1,36.06,28.99,0.196
T004409,C0126,P072,S001,D125,2,136.05,259.86,0.045
T004410,C0473,P111,S001,D095,3,153.74,452.46,0.019
T004411,C0180,P090,S001,D095,2,114.25,224.16,0.019
T004412,C0335,P146,S001,D219,3,127.62,361.8,0.055
T004413,C0151,P091,S001,D156,3,110.65,323.32,0.026
T004414,C0245,P036,S001,D055,1,140.69,123.95,0.119
T004415,C0434,P035,S001,D294,3,64.78,190.84,0.018
T004416,C0100,P107,S001,D043,1,123.48,120.39,0.025
T004417,C0006,P096,S001,D037,1,284.96,282.97,0.007
T004418,C0365,P115,S001,D049,2,183.6,366.1,0.003
T004419,C0261,P027,S001,D167,2,90.57,176.43,0.026
T004420,C0013,P055,S001,D028,4,59.48,233.88,0.017
T004421,C0314,P076,S001,D019,1,131.45,127.38,0.031
T004422,C0146,P009,S001,D146,1,74.42,71.44,0.04
T004423,C0300,P067,S001,D340,3,71.9,198.23,0.081
T004424,C0250,P144,S001,D179,1,137.58,125.75,0.086
T004425,C0342,P092,S001,D059,2,106.59,191.65,0.101
T004426,C0290,P076,S001,D048,3,131.81,375.66,0.05
T004427,C0079,P129,S001,D318,5,100.33,492.12,0.019
T004428,C0339,P077,S001,D085,1,150.3,144.74,0.037
T004429,C0326,P021,S001,D286,2,34.17,64.24,0.06
T004430,C0469,P072,S001,D014,1,130.08,117.98,0.093
T004431,C0142,P064,S001,D031,1,323.17,306.04,0.053
T004432,C0156,P040,S001,D189,1,135.62,134.67,0.007
T004433,C0215,P073,S001,D201,1,131.77,121.36,0.079
T004434,C0423,P106,S001,D275,1,125.13,122.5,0.021
T004435,C0291,P131,S001,D254,3,95.84,274.29,0.046
T004436,C0001,P147,S001,D256,1,137.01,135.91,0.008
T004437,C0020,P145,S001,D100,1,122.1,119.17,0.024
T004438,C0034,P104,S001,D218,1,109.46,96.98,0.114
T004439,C0085,P117,S001,D260,1,198.01,181.18,0.085
T004440,C0041,P060,S001,D164,3,53.69,154.47,0.041
T004441,C0176,P129,S001,D297,2,98.48,187.31,0.049
T004442,C0436,P056,S001,D121,1,58.09,55.3,0.048
T004443,C0296,P157,S001,D016,2,89.91,159.68,0.112
T004444,C0417,P125,S001,D161,2,338.04,612.53,0.094
T004445,C0168,P084,S001,D026,1,140.72,136.08,0.033
T004446,C0428,P018,S001,D222,5,35.01,170.5,0.026
T004447,C0143,P073,S001,D042,1,133.63,128.42,0.039
T004448,C0126,P137,S001,D106,4,156.67,626.05,0.001
T004449,C0248,P003,S001,D342,4,78.26,298.33,0.047
T004450,C0154,P034,S001,D014,3,63.51,171.29,0.101
T004451,C0208,P106,S001,D008,1,119.03,100.1,0.159
T004452,C0411,P083,S001,D359,4,147.55,587.25,0.005
T004453,C0076,P033,S001,D352,1,62.56,55.74,0.109
T004454,C0113,P153,S001,D293,3,82.44,230.75,0.067
T004455,C0464,P075,S001,D237,2,135.16,254.91,0.057
T004456,C0278,P107,S001,D148,1,124.94,115.07,0.079
T004457,C0205,P026,S001,D024,1,147.23,127.65,0.133
T004458,C0042,P081,S001,D047,4,210.52,815.98,0.031
T004459,C0486,P115,S001,D048,2,187.62,374.11,0.003
T004460,C0161,P070,S001,D211,1,76.54,76.31,0.003
T004461,C0208,P069,S001,D010,4,78.95,279.48,0.115
T004462,C0243,P013,S001,D357,2,93.57,183.96,0.017
T004463,C0190,P107,S001,D281,1,122.04,120.58,0.012
T004464,C0451,P073,S001,D311,1,135.14,128.92,0.046
T004465,C0203,P166,S001,D166,2,27.67,54.23,0.02
T004466,C0435,P100,S001,D164,2,108.24,201.98,0.067
T004467,C0412,P056,S001,D322,2,57.03,113.15,0.008
T004468,C0168,P068,S001,D241,1,77.23,73.91,0.043
T004469,C0052,P094,S001,D007,3,279.31,749.11,0.106
T004470,C0005,P162,S001,D166,1,26.89,26.33,0.021
T004471,C0460,P162,S001,D122,2,26.8,50.97,0.049
T004472,C0414,P118,S001,D266,4,216.42,766.13,0.115
T004473,C0027,P127,S001,D005,3,283.8,843.74,0.009
T004474,C0069,P158,S001,D294,3,37.26,91.21,0.184
T004475,C0348,P078,S001,D209,2,200.51,357.71,0.108
T004476,C0183,P096,S001,D278,5,279.55,1319.48,0.056
T004477,C0085,P146,S001,D269,1,127.77,118.44,0.073
T004478,C0020,P092,S001,D329,2,107.95,215.04,0.004
T004479,C0021,P080,S001,D234,1,205.85,197.41,0.041
T004480,C0099,P050,S001,D146,1,86.24,82.36,0.045
T004481,C0422,P156,S001,D333,5,90.72,403.25,0.111
T004482,C0304,P038,S001,D302,2,166.66,319.32,0.042
T004483,C0037,P025,S001,D241,1,130.85,129.02,0.014
T004484,C0034,P124,S001,D024,3,349.83,934.05,0.11
T004485,C0081,P111,S001,D156,4,158.87,613.24,0.035
T004486,C0050,P116,S001,D196,1,178.45,176.49,0.011
T004487,C0146,P138,S001,D325,1,263.0,251.69,0.043
T004488,C0341,P163,S001,D213,2,27.36,53.41,0.024
T004489,C0232,P011,S001,D234,2,91.43,155.25,0.151
T004490,C0151,P094,S001,D003,4,289.13,1109.1,0.041
T004491,C0215,P041,S001,D254,1,161.65,150.98,0.066
T004492,C0434,P073,S001,D108,5,129.72,638.22,0.016
T004493,C0124,P119,S001,D231,4,197.88,713.16,0.099
T004494,C0019,P087,S001,D221,1,151.87,147.47,0.029
T004495,C0061,P090,S001,D025,1,112.07,98.62,0.12
T004496,C0065,P082,S001,D134,1,203.86,203.04,0.004
T004497,C0395,P015,S001,D329,4,77.92,306.69,0.016
T004498,C0123,P160,S001,D012,2,40.53,74.58,0.08
T004499,C0063,P116,S001,D119,2,183.09,330.66,0.097
T004500,C0344,P075,S001,D013,3,138.46,349.33,0.159
T004501,C0480,P104,S001,D364,2,112.74,182.64,0.19
T004502,C0336,P004,S001,D276,1,73.5,72.91,0.008
T004503,C0099,P011,S001,D066,1,91.35,91.17,0.002
T004504,C0431,P018,S001,D125,1,35.29,30.88,0.125
T004505,C0096,P129,S001,D184,5,99.62,486.64,0.023
T004506,C0495,P032,S001,D195,2,60.99,117.71,0.035
T004507,C0166,P147,S001,D212,2,132.69,254.5,0.041
T004508,C0382,P060,S001,D331,1,54.64,53.49,0.021
T004509,C0162,P149,S001,D277,5,1226.62,5900.04,0.038
T004510,C0445,P042,S001,D358,1,215.17,215.17,0.0
T004511,C0402,P055,S001,D267,4,58.46,217.94,0.068
T004512,C0048,P019,S001,D311,4,36.85,140.18,0.049
T004513,C0076,P122,S001,D289,4,187.61,705.41,0.06
T004514,C0263,P075,S001,D279,1,138.89,122.64,0.117
T004515,C0465,P001,S001,D160,2,74.68,148.02,0.009
T004516,C0020,P022,S001,D006,4,138.73,537.16,0.032
T004517,C0365,P041,S001,D274,1,157.23,152.36,0.031
T004518,C0173,P082,S001,D056,1,202.03,197.18,0.024
T004519,C0423,P021,S001,D321,1,35.63,35.27,0.01
T004520,C0076,P074,S001,D157,3,145.18,393.73,0.096
T004521,C0378,P115,S001,D053,1,185.6,183.0,0.014
T004522,C0201,P007,S001,D083,3,64.61,184.14,0.05
T004523,C0314,P159,S001,D314,1,40.18,39.78,0.01
T004524,C0395,P039,S001,D313,5,149.49,717.55,0.04
T004525,C0233,P035,S001,D155,1,66.67,56.07,0.159
T004526,C0149,P012,S001,D309,2,86.28,166.0,0.038
T004527,C0023,P143,S001,D003,3,125.6,376.42,0.001
T004528,C0302,P135,S001,D235,3,159.45,428.12,0.105
T004529,C0243,P072,S001,D004,1,135.11,132.27,0.021
T004530,C0238,P084,S001,D144,1,143.98,120.8,0.161
T004531,C0119,P154,S001,D311,1,95.48,91.47,0.042
T004532,C0115,P001,S001,D108,2,75.81,140.85,0.071
T004533,C0334,P074,S001,D305,1,149.75,133.73,0.107
T004534,C0343,P133,S001,D162,1,84.65,83.55,0.013
T004535,C0136,P070,S001,D334,4,72.41,270.52,0.066
T004536,C0114,P130,S001,D176,1,89.86,87.88,0.022
T004537,C0204,P025,S001,D268,2,124.47,248.44,0.002
T004538,C0039,P014,S001,D058,2,87.7,172.94,0.014
T004539,C0417,P089,S001,D018,1,106.46,94.11,0.116
T004540,C0009,P154,S001,D172,3,93.13,265.98,0.048
T004541,C0407,P090,S001,D164,1,116.32,111.78,0.039
T004542,C0394,P074,S001,D307,1,147.53,147.09,0.003
T004543,C0298,P071,S001,D259,1,79.44,76.82,0.033
T004544,C0148,P072,S001,D141,5,134.71,644.59,0.043
T004545,C0474,P113,S001,D333,3,177.7,518.17,0.028
T004546,C0169,P005,S001,D167,1,84.07,76.0,0.096
T004547,C0008,P094,S001,D206,1,289.67,288.51,0.004
T004548,C0332,P097,S001,D338,3,297.97,872.46,0.024
T004549,C0051,P134,S001,D070,3,143.24,413.82,0.037
T004550,C0133,P066,S001,D096,1,284.81,264.87,0.07
T004551,C0132,P107,S001,D021,2,124.27,220.45,0.113
T004552,C0105,P009,S001,D300,1,76.04,70.34,0.075
T004553,C0392,P008,S001,D088,5,76.77,378.09,0.015
T004554,C0278,P070,S001,D263,1,75.49,68.32,0.095
T004555,C0040,P058,S001,D074,2,53.74,102.75,0.044
T004556,C0437,P114,S001,D077,2,170.11,323.89,0.048
T004557,C0034,P046,S001,D171,5,214.81,960.2,0.106
T004558,C0484,P100,S001,D327,1,108.47,101.64,0.063
T004559,C0392,P044,S001,D031,2,186.56,370.88,0.006
T004560,C0393,P122,S001,D165,1,196.79,179.67,0.087
T004561,C0262,P089,S001,D201,2,101.61,183.51,0.097
T004562,C0143,P094,S001,D281,1,291.4,286.15,0.018
T004563,C0048,P021,S001,D261,1,34.34,33.69,0.019
T004564,C0097,P040,S001,D004,1,140.09,138.27,0.013
T004565,C0010,P157,S001,D351,1,91.81,88.96,0.031
T004566,C0497,P001,S001,D160,2,77.38,154.14,0.004
T004567,C0033,P113,S001,D328,2,169.13,332.51,0.017
T004568,C0268,P091,S001,D134,1,113.73,110.66,0.027
T004569,C0246,P091,S001,D294,2,114.91,221.09,0.038
T004570,C0180,P163,S001,D080,1,27.14,25.97,0.043
T004571,C0406,P108,S001,D212,3,132.88,396.65,0.005
T004572,C0263,P049,S001,D134,2,92.4,170.39,0.078
T004573,C0086,P133,S001,D117,2,81.1,157.01,0.032
T004574,C0397,P071,S001,D356,4,81.25,313.62,0.035
T004575,C0500,P092,S001,D172,2,107.93,213.49,0.011
T004576,C0337,P053,S001,D346,1,95.28,91.56,0.039
T004577,C0286,P072,S001,D333,4,134.64,528.33,0.019
T004578,C0329,P143,S001,D199,2,126.25,223.97,0.113
T004579,C0019,P143,S001,D040,1,126.89,126.89,0.0
T004580,C0182,P048,S001,D157,2,88.51,171.18,0.033
T004581,C0191,P111,S001,D123,1,158.92,155.58,0.021
T004582,C0429,P124,S001,D110,2,340.26,590.69,0.132
T004583,C0238,P120,S001,D153,1,206.56,168.55,0.184
T004584,C0305,P127,S001,D001,3,292.9,787.32,0.104
T004585,C0304,P084,S001,D086,1,137.42,133.98,0.025
T004586,C0283,P034,S001,D260,3,64.37,189.83,0.017
T004587,C0320,P155,S001,D297,2,80.21,154.16,0.039
T004588,C0327,P087,S001,D104,5,154.09,714.98,0.072
T004589,C0421,P060,S001,D243,1,52.91,52.8,0.002
T004590,C0055,P110,S001,D302,2,177.61,330.0,0.071
T004591,C0494,P122,S001,D321,3,198.68,537.03,0.099
T004592,C0418,P120,S001,D360,2,210.3,394.94,0.061
T004593,C0175,P046,S001,D165,1,215.71,173.0,0.198
T004594,C0500,P154,S001,D249,1,93.29,92.92,0.004
T004595,C0158,P029,S001,D137,1,93.06,91.2,0.02
T004596,C0014,P142,S001,D232,4,236.57,877.2,0.073
T004597,C0365,P045,S001,D160,2,186.98,371.34,0.007
T004598,C0269,P038,S001,D026,1,169.81,151.13,0.11
T004599,C0186,P101,S001,D271,5,104.75,461.95,0.118
T004600,C0394,P087,S001,D211,1,154.25,147.46,0.044
T004601,C0094,P020,S001,D336,1,33.93,30.84,0.091
T004602,C0041,P016,S001,D091,1,86.32,85.11,0.014
T004603,C0431,P127,S001,D275,2,297.11,490.23,0.175
T004604,C0468,P134,S001,D025,1,149.65,143.51,0.041
T004605,C0282,P070,S001,D240,3,76.58,219.63,0.044
T004606,C0280,P076,S001,D148,1,130.16,109.99,0.155
T004607,C0153,P114,S001,D042,4,161.79,596.68,0.078
T004608,C0477,P075,S001,D054,2,134.23,237.86,0.114
T004609,C0216,P108,S001,D038,1,127.66,125.49,0.017
T004610,C0380,P164,S001,D122,3,29.98,84.99,0.055
T004611,C0486,P131,S001,D022,2,99.87,199.74,0.0
T004612,C0457,P004,S001,D340,4,75.51,257.64,0.147
T004613,C0185,P011,S001,D279,1,91.69,91.23,0.005
T004614,C0082,P017,S001,D310,1,86.4,83.98,0.028
T004615,C0407,P082,S001,D187,4,205.09,806.41,0.017
T004616,C0095,P111,S001,D107,2,158.91,308.92,0.028
T004617,C0444,P048,S001,D216,2,88.98,158.92,0.107
T004618,C0241,P148,S001,D174,1,1036.57,1000.29,0.035
T004619,C0087,P082,S001,D096,1,211.21,202.55,0.041
T004620,C0350,P050,S001,D272,3,84.82,224.18,0.119
T004621,C0003,P017,S001,D291,1,86.87,83.05,0.044
T004622,C0296,P149,S001,D341,2,1214.92,2177.14,0.104
T004623,C0097,P123,S001,D064,5,300.86,1486.25,0.012
T004624,C0221,P067,S001,D087,2,72.28,130.54,0.097
T004625,C0099,P094,S001,D122,3,292.08,863.1,0.015
T004626,C0070,P157,S001,D133,1,89.09,86.42,0.03
T004627,C0467,P068,S001,D002,3,77.16,228.47,0.013
T004628,C0316,P105,S001,D177,1,130.05,129.27,0.006
T004629,C0216,P110,S001,D144,1,179.8,174.41,0.03
T004630,C0001,P072,S001,D283,1,136.29,133.56,0.02
T004631,C0098,P037,S001,D114,1,156.8,151.31,0.035
T004632,C0296,P084,S001,D353,3,137.83,374.21,0.095
T004633,C0062,P026,S001,D063,1,152.1,141.91,0.067
T004634,C0365,P083,S001,D157,1,140.42,133.4,0.05
T004635,C0382,P138,S001,D071,5,263.24,1310.94,0.004
T004636,C0203,P003,S001,D266,1,77.59,76.74,0.011
T004637,C0492,P057,S001,D347,1,57.08,57.08,0.0
T004638,C0108,P098,S001,D176,2,100.12,192.03,0.041
T004639,C0008,P128,S001,D056,4,335.51,1319.23,0.017
T004640,C0229,P077,S001,D052,3,145.22,391.66,0.101
T004641,C0403,P152,S001,D224,2,1190.05,2199.21,0.076
T004642,C0211,P053,S001,D007,3,92.18,269.35,0.026
T004643,C0141,P056,S001,D112,2,58.0,108.58,0.064
T004644,C0326,P103,S001,D205,1,102.52,94.63,0.077
T004645,C0097,P006,S001,D013,5,69.8,333.99,0.043
T004646,C0340,P064,S001,D280,1,320.21,272.5,0.149
T004647,C0141,P124,S001,D027,2,349.3,651.1,0.068
T004648,C0222,P094,S001,D155,1,285.86,285.0,0.003
T004649,C0456,P039,S001,D352,2,148.47,244.98,0.175
T004650,C0269,P023,S001,D089,1,142.67,131.4,0.079
T004651,C0452,P033,S001,D111,2,61.55,121.38,0.014
T004652,C0091,P025,S001,D329,2,127.73,255.2,0.001
T004653,C0403,P079,S001,D115,2,202.72,383.14,0.055
T004654,C0233,P105,S001,D328,2,126.17,210.96,0.164
T004655,C0231,P051,S001,D252,2,80.76,154.57,0.043
T004656,C0430,P154,S001,D149,1,92.99,91.13,0.02
T004657,C0083,P034,S001,D269,4,63.44,248.18,0.022
T004658,C0069,P030,S001,D047,2,98.16,172.17,0.123
T004659,C0249,P029,S001,D327,2,91.11,173.29,0.049
T004660,C0283,P033,S001,D195,2,62.39,118.92,0.047
T004661,C0057,P116,S001,D028,5,176.0,759.44,0.137
T004662,C0131,P026,S001,D238,1,149.64,139.31,0.069
T004663,C0338,P110,S001,D073,1,182.66,179.74,0.016
T004664,C0207,P139,S001,D128,2,266.53,485.08,0.09
T004665,C0454,P030,S001,D055,3,98.71,282.8,0.045
T004666,C0130,P130,S001,D062,1,89.12,79.94,0.103
T004667,C0343,P104,S001,D019,2,114.22,218.62,0.043
T004668,C0295,P076,S001,D077,1,134.12,122.45,0.087
T004669,C0094,P053,S001,D236,1,93.57,82.53,0.118
T004670,C0002,P015,S001,D301,3,77.05,230.92,0.001
T004671,C0394,P029,S001,D230,2,92.79,180.38,0.028
T004672,C0291,P074,S001,D134,2,145.25,283.53,0.024
T004673,C0096,P098,S001,D200,3,96.51,285.19,0.015
T004674,C0392,P145,S001,D316,3,123.28,356.9,0.035
T004675,C0140,P138,S001,D188,2,272.0,527.14,0.031
T004676,C0343,P005,S001,D063,2,87.49,169.73,0.03
T004677,C0289,P033,S001,D033,4,61.81,213.12,0.138
T004678,C0320,P161,S001,D040,1,38.51,38.05,0.012
T004679,C0024,P027,S001,D241,4,94.11,348.21,0.075
T004680,C0389,P154,S001,D088,1,91.67,84.98,0.073
T004681,C0117,P166,S001,D302,3,27.41,74.91,0.089
T004682,C0354,P101,S001,D057,1,104.51,101.58,0.028
T004683,C0071,P073,S001,D109,3,129.1,314.87,0.187
T004684,C0105,P034,S001,D158,2,63.38,115.73,0.087
T004685,C0379,P039,S001,D034,5,141.83,639.65,0.098
T004686,C0500,P041,S001,D178,1,159.19,153.46,0.036
T004687,C0114,P126,S001,D162,1,357.95,354.01,0.011
T004688,C0050,P157,S001,D329,1,87.11,87.02,0.001
T004689,C0301,P088,S001,D139,1,148.87,141.43,0.05
T004690,C0330,P165,S001,D155,3,29.78,76.39,0.145
T004691,C0108,P033,S001,D162,1,60.83,58.03,0.046
T004692,C0314,P037,S001,D116,1,150.98,144.94,0.04
T004693,C0406,P017,S001,D076,3,86.44,249.73,0.037
T004694,C0481,P014,S001,D293,1,87.49,82.85,0.053
T004695,C0353,P104,S001,D282,4,109.85,435.88,0.008
T004696,C0388,P022,S001,D219,2,138.11,262.41,0.05
T004697,C0432,P141,S001,D301,2,263.86,501.33,0.05
T004698,C0408,P042,S001,D085,1,211.49,207.89,0.017
T004699,C0046,P078,S001,D161,1,198.34,185.25,0.066
T004700,C0295,P126,S001,D049,2,348.2,640.69,0.08
T004701,C0179,P072,S001,D363,3,135.95,392.35,0.038
T004702,C0285,P014,S001,D145,2,87.15,174.13,0.001
T004703,C0050,P087,S001,D291,1,160.29,155.64,0.029
T004704,C0342,P100,S001,D163,1,108.51,101.78,0.062
T004705,C0081,P021,S001,D051,3,34.1,102.1,0.002
T004706,C0092,P039,S001,D091,1,142.9,141.47,0.01
T004707,C0068,P057,S001,D252,2,57.72,115.09,0.003
T004708,C0231,P080,S001,D327,1,201.08,199.67,0.007
T004709,C0061,P070,S001,D301,4,75.64,272.0,0.101
T004710,C0188,P030,S001,D122,2,101.86,194.76,0.044
T004711,C0154,P090,S001,D141,1,116.79,107.45,0.08
T004712,C0353,P156,S001,D017,1,85.8,81.94,0.045
T004713,C0243,P059,S001,D343,3,55.83,165.98,0.009
T004714,C0018,P041,S001,D072,2,159.04,286.91,0.098
T004715,C0458,P082,S001,D230,2,207.24,369.72,0.108
T004716,C0081,P153,S001,D283,1,79.21,78.58,0.008
T004717,C0056,P129,S001,D119,5,97.41,470.0,0.035
T004718,C0086,P107,S001,D177,3,123.15,359.84,0.026
T004719,C0285,P139,S001,D144,2,280.75,546.34,0.027
T004720,C0462,P055,S001,D314,2,61.21,108.59,0.113
T004721,C0470,P161,S001,D018,1,39.42,36.54,0.073
T004722,C0232,P133,S001,D212,1,80.94,64.75,0.2
T004723,C0273,P055,S001,D015,4,60.23,211.53,0.122
T004724,C0230,P126,S001,D333,1,351.32,318.65,0.093
T004725,C0407,P163,S001,D235,1,27.84,27.39,0.016
T004726,C0311,P105,S001,D343,1,125.15,120.52,0.037
T004727,C0396,P040,S001,D314,1,142.52,125.42,0.12
T004728,C0152,P123,S001,D254,2,298.74,581.35,0.027
T004729,C0475,P110,S001,D009,2,178.0,345.68,0.029
T004730,C0408,P088,S001,D156,4,151.44,578.5,0.045
T004731,C0118,P144,S001,D111,1,140.09,136.31,0.027
T004732,C0439,P003,S001,D161,2,77.5,141.98,0.084
T004733,C0466,P143,S001,D356,1,128.39,123.77,0.036
T004734,C0419,P134,S001,D192,2,143.28,279.11,0.026
T004735,C0276,P129,S001,D211,2,99.99,178.78,0.106
T004736,C0124,P100,S001,D243,5,112.68,514.95,0.086
T004737,C0311,P067,S001,D355,4,73.75,293.82,0.004
T004738,C0276,P013,S001,D144,1,91.25,84.5,0.074
T004739,C0276,P070,S001,D122,1,72.81,67.86,0.068
T004740,C0282,P165,S001,D325,2,28.97,57.42,0.009
T004741,C0219,P079,S001,D015,4,199.47,710.91,0.109
T004742,C0072,P139,S001,D042,3,279.42,829.04,0.011
T004743,C0326,P065,S001,D154,2,318.4,598.59,0.06
T004744,C0227,P155,S001,D180,5,76.72,369.79,0.036
T004745,C0280,P002,S001,D007,2,76.38,125.87,0.176
T004746,C0236,P064,S001,D226,3,318.69,833.69,0.128
T004747,C0434,P089,S001,D015,3,102.96,308.26,0.002
T004748,C0006,P041,S001,D156,2,161.4,310.21,0.039
T004749,C0354,P125,S001,D276,2,323.69,621.48,0.04
T004750,C0016,P006,S001,D231,1,66.57,62.44,0.062
T004751,C0381,P007,S001,D275,2,64.3,116.9,0.091
T004752,C0043,P078,S001,D154,1,200.54,195.73,0.024
T004753,C0413,P075,S001,D104,1,134.7,110.72,0.178
T004754,C0276,P026,S001,D353,3,149.26,423.6,0.054
T004755,C0323,P112,S001,D080,1,183.87,178.35,0.03
T004756,C0369,P137,S001,D055,1,155.94,153.13,0.018
T004757,C0195,P052,S001,D221,1,84.37,81.0,0.04
T004758,C0259,P160,S001,D316,1,40.36,38.83,0.038
T004759,C0134,P163,S001,D198,1,27.36,26.62,0.027
T004760,C0076,P024,S001,D134,1,135.08,122.92,0.09
T004761,C0245,P019,S001,D132,1,36.41,33.24,0.087
T004762,C0394,P059,S001,D095,1,54.81,54.32,0.009
T004763,C0391,P066,S001,D034,2,286.9,556.01,0.031
T004764,C0022,P092,S001,D166,2,103.66,202.55,0.023
T004765,C0260,P043,S001,D080,1,203.33,192.76,0.052
T004766,C0307,P072,S001,D226,5,128.9,623.23,0.033
T004767,C0454,P060,S001,D222,1,52.34,51.45,0.017
T004768,C0175,P053,S001,D130,1,90.57,74.99,0.172
T004769,C0141,P012,S001,D360,4,86.24,318.05,0.078
T004770,C0289,P138,S001,D177,1,264.48,227.19,0.141
T004771,C0409,P069,S001,D124,1,76.42,75.58,0.011
T004772,C0165,P127,S001,D086,1,290.25,289.67,0.002
T004773,C0159,P111,S001,D267,5,160.55,659.06,0.179
T004774,C0193,P151,S001,D102,1,1118.16,944.85,0.155
T004775,C0021,P047,S001,D205,2,214.26,427.23,0.003
T004776,C0107,P147,S001,D317,2,131.02,254.18,0.03
T004777,C0315,P155,S001,D227,1,79.02,66.22,0.162
T004778,C0403,P017,S001,D189,3,88.5,237.89,0.104
T004779,C0399,P059,S001,D007,3,56.7,162.11,0.047
T004780,C0474,P147,S001,D054,2,133.3,265.0,0.006
T004781,C0032,P070,S001,D011,1,73.59,73.44,0.002
T004782,C0063,P141,S001,D248,2,269.82,502.94,0.068
T004783,C0271,P077,S001,D303,1,145.04,140.98,0.028
T004784,C0271,P019,S001,D189,1,37.41,36.92,0.013
T004785,C0376,P140,S001,D238,1,267.06,237.68,0.11
T004786,C0091,P095,S001,D250,3,298.29,873.39,0.024
T004787,C0451,P048,S001,D060,1,93.51,91.08,0.026
T004788,C0194,P158,S001,D119,3,38.22,113.63,0.009
T004789,C0332,P038,S001,D104,2,164.36,324.45,0.013
T004790,C0080,P150,S001,D023,1,1186.78,1115.57,0.06
T004791,C0205,P057,S001,D092,1,58.86,51.21,0.13
T004792,C0088,P071,S001,D294,1,80.94,67.58,0.165
T004793,C0342,P071,S001,D257,2,81.95,150.95,0.079
T004794,C0082,P130,S001,D247,2,84.97,162.46,0.044
T004795,C0388,P013,S001,D125,1,92.14,85.14,0.076
T004796,C0372,P160,S001,D027,4,40.84,159.77,0.022
T004797,C0054,P146,S001,D035,3,123.4,331.7,0.104
T004798,C0043,P157,S001,D165,2,89.4,178.44,0.002
T004799,C0200,P096,S001,D356,1,273.33,219.21,0.198
T004800,C0200,P063,S001,D002,2,265.88,428.07,0.195
T004801,C0192,P085,S001,D273,1,149.83,143.39,0.043
T004802,C0022,P147,S001,D141,1,130.59,125.5,0.039
T004803,C0370,P094,S001,D121,1,289.51,268.09,0.074
T004804,C0350,P001,S001,D270,1,74.61,69.91,0.063
T004805,C0444,P088,S001,D030,2,153.39,290.83,0.052
T004806,C0044,P004,S001,D195,2,75.47,148.68,0.015
T004807,C0406,P091,S001,D284,3,110.15,325.49,0.015
T004808,C0295,P027,S001,D161,2,94.67,172.87,0.087
T004809,C0470,P025,S001,D004,4,131.52,471.37,0.104
T004810,C0375,P052,S001,D077,4,81.55,322.29,0.012
T004811,C0358,P051,S001,D192,1,82.24,72.54,0.118
T004812,C0142,P153,S001,D223,2,79.79,140.75,0.118
T004813,C0239,P048,S001,D223,3,91.75,265.62,0.035
T004814,C0345,P100,S001,D141,4,111.23,444.03,0.002
T004815,C0352,P090,S001,D322,1,115.45,101.6,0.12
T004816,C0150,P074,S001,D171,4,144.35,550.84,0.046
T004817,C0107,P084,S001,D242,1,144.45,138.53,0.041
T004818,C0100,P019,S001,D356,1,37.61,37.12,0.013
T004819,C0162,P149,S001,D133,2,1221.28,2427.9,0.006
T004820,C0373,P100,S001,D087,1,108.15,95.82,0.114
T004821,C0053,P066,S001,D163,4,283.43,939.85,0.171
T004822,C0233,P030,S001,D161,1,101.25,83.84,0.172
T004823,C0404,P116,S001,D085,1,174.46,174.11,0.002
T004824,C0500,P073,S001,D065,2,128.85,249.97,0.03
T004825,C0324,P009,S001,D269,2,75.81,138.88,0.084
T004826,C0069,P045,S001,D160,3,190.57,496.24,0.132
T004827,C0116,P007,S001,D157,4,61.38,210.9,0.141
T004828,C0018,P053,S001,D069,2,94.1,166.18,0.117
T004829,C0471,P088,S001,D276,1,151.94,146.17,0.038
T004830,C0255,P088,S001,D124,2,152.01,299.16,0.016
T004831,C0200,P110,S001,D221,1,178.05,143.15,0.196
T004832,C0440,P161,S001,D090,4,39.0,151.63,0.028
T004833,C0443,P120,S001,D029,3,212.14,636.42,0.0
T004834,C0467,P155,S001,D105,3,77.25,222.25,0.041
T004835,C0416,P054,S001,D211,2,80.01,142.26,0.111
T004836,C0399,P131,S001,D139,1,96.77,94.16,0.027
T004837,C0429,P084,S001,D293,2,141.31,228.36,0.192
T004838,C0126,P047,S001,D353,2,215.06,422.81,0.017
T004839,C0327,P011,S001,D160,2,93.33,173.97,0.068
T004840,C0146,P078,S001,D165,1,202.14,196.08,0.03
T004841,C0492,P111,S001,D312,1,159.63,156.28,0.021
T004842,C0002,P039,S001,D007,1,148.9,143.84,0.034
T004843,C0201,P040,S001,D114,1,138.6,133.06,0.04
T004844,C0069,P002,S001,D322,1,80.16,71.5,0.108
T004845,C0310,P163,S001,D305,1,27.21,25.6,0.059
T004846,C0270,P093,S001,D012,2,97.04,188.45,0.029
T004847,C0056,P106,S001,D275,1,122.61,121.26,0.011
T004848,C0204,P090,S001,D091,5,114.7,563.75,0.017
T004849,C0014,P047,S001,D115,4,213.76,766.97,0.103
T004850,C0209,P085,S001,D170,5,144.85,646.76,0.107
T004851,C0081,P123,S001,D047,1,308.97,299.7,0.03
T004852,C0259,P057,S001,D350,1,57.21,56.52,0.012
T004853,C0141,P073,S001,D172,2,129.92,239.31,0.079
T004854,C0048,P003,S001,D306,1,78.17,78.01,0.002
T004855,C0382,P159,S001,D172,3,40.02,118.26,0.015
T004856,C0267,P036,S001,D177,1,144.99,138.18,0.047
T004857,C0022,P054,S001,D319,3,83.96,243.82,0.032
T004858,C0399,P144,S001,D112,2,140.55,277.73,0.012
T004859,C0480,P135,S001,D260,2,157.25,269.21,0.144
T004860,C0405,P098,S001,D052,2,100.28,170.07,0.152
T004861,C0050,P146,S001,D333,2,121.96,242.46,0.006
T004862,C0400,P153,S001,D255,5,82.28,392.06,0.047
T004863,C0484,P008,S001,D156,1,73.45,64.71,0.119
T004864,C0267,P124,S001,D080,1,358.72,352.26,0.018
T004865,C0204,P157,S001,D181,2,91.67,182.61,0.004
T004866,C0447,P006,S001,D344,1,69.36,68.04,0.019
T004867,C0351,P164,S001,D015,3,30.73,90.71,0.016
T004868,C0382,P140,S001,D340,2,266.31,507.05,0.048
T004869,C0394,P095,S001,D357,2,292.42,558.52,0.045
T004870,C0183,P011,S001,D195,1,89.73,82.55,0.08
T004871,C0282,P052,S001,D016,3,81.92,238.63,0.029
T004872,C0249,P027,S001,D057,2,92.83,181.2,0.024
T004873,C0391,P085,S001,D119,1,148.09,141.43,0.045
T004874,C0319,P105,S001,D322,2,125.12,243.73,0.026
T004875,C0136,P036,S001,D308,1,142.86,126.15,0.117
T004876,C0060,P013,S001,D101,2,89.55,171.04,0.045
T004877,C0003,P072,S001,D348,2,134.83,256.45,0.049
T004878,C0400,P164,S001,D272,1,30.24,29.79,0.015
T004879,C0245,P150,S001,D078,2,1200.16,2126.68,0.114
T004880,C0378,P131,S001,D006,4,99.57,395.49,0.007
T004881,C0024,P150,S001,D269,1,1154.29,1044.63,0.095
T004882,C0315,P121,S001,D342,1,199.84,178.86,0.105
T004883,C0342,P026,S001,D036,3,146.8,397.24,0.098
T004884,C0010,P107,S001,D240,2,125.69,250.88,0.002
T004885,C0189,P090,S001,D192,2,117.88,228.92,0.029
T004886,C0034,P095,S001,D111,3,302.85,844.95,0.07
T004887,C0094,P038,S001,D243,4,173.17,623.41,0.1
T004888,C0232,P045,S001,D085,1,197.32,166.14,0.158
T004889,C0085,P080,S001,D254,3,203.26,553.68,0.092
T004890,C0294,P103,S001,D171,1,105.53,95.61,0.094
T004891,C0393,P151,S001,D057,1,1111.21,992.31,0.107
T004892,C0446,P135,S001,D301,4,160.9,597.9,0.071
T004893,C0283,P155,S001,D331,1,79.41,76.39,0.038
T004894,C0382,P058,S001,D054,3,52.95,153.45,0.034
T004895,C0438,P124,S001,D094,1,349.7,334.31,0.044
T004896,C0152,P115,S001,D025,1,179.03,172.05,0.039
T004897,C0297,P019,S001,D213,5,36.62,174.31,0.048
T004898,C0128,P001,S001,D362,1,74.43,67.73,0.09
T004899,C0151,P095,S001,D275,1,288.9,281.68,0.025
T004900,C0159,P102,S001,D016,1,110.34,90.59,0.179
T004901,C0439,P063,S001,D357,4,266.49,999.87,0.062
T004902,C0098,P053,S001,D077,2,90.68,173.74,0.042
T004903,C0414,P017,S001,D044,2,87.58,152.56,0.129
T004904,C0073,P114,S001,D157,1,168.51,144.41,0.143
T004905,C0289,P015,S001,D139,1,78.99,63.67,0.194
T004906,C0209,P147,S001,D025,1,134.07,127.1,0.052
T004907,C0286,P039,S001,D317,1,145.32,142.41,0.02
T004908,C0061,P074,S001,D040,1,146.27,134.71,0.079
T004909,C0457,P030,S001,D153,2,98.24,168.19,0.144
T004910,C0384,P008,S001,D212,1,73.55,67.0,0.089
T004911,C0371,P090,S001,D344,2,112.62,188.98,0.161
T004912,C0167,P145,S001,D194,2,125.1,242.69,0.03
T004913,C0186,P101,S001,D143,3,108.21,287.95,0.113
T004914,C0267,P053,S001,D349,3,90.85,260.29,0.045
T004915,C0388,P121,S001,D233,1,191.48,170.99,0.107
T004916,C0146,P037,S001,D152,1,157.55,150.46,0.045
T004917,C0492,P073,S001,D362,2,130.49,252.37,0.033
T004918,C0073,P027,S001,D024,4,94.35,318.15,0.157
T004919,C0223,P066,S001,D156,4,287.81,1120.16,0.027
T004920,C0435,P129,S001,D083,4,99.46,366.81,0.078
T004921,C0391,P028,S001,D054,1,98.05,94.72,0.034
T004922,C0223,P103,S001,D242,1,105.76,105.23,0.005
T004923,C0282,P117,S001,D011,3,191.73,564.26,0.019
T004924,C0209,P094,S001,D074,1,288.73,255.53,0.115
T004925,C0111,P098,S001,D268,2,95.95,175.78,0.084
T004926,C0219,P031,S001,D172,2,89.58,159.81,0.108
T004927,C0452,P154,S001,D144,1,91.14,90.23,0.01
T004928,C0271,P056,S001,D233,2,57.55,113.14,0.017
T004929,C0473,P159,S001,D200,1,39.77,39.25,0.013
T004930,C0099,P115,S001,D361,2,185.96,364.48,0.02
T004931,C0077,P097,S001,D016,3,297.88,732.78,0.18
T004932,C0160,P074,S001,D090,2,149.73,278.8,0.069
T004933,C0461,P158,S001,D166,1,36.69,36.65,0.001
T004934,C0492,P124,S001,D221,1,343.56,330.5,0.038
T004935,C0001,P003,S001,D042,3,76.99,221.04,0.043
T004936,C0223,P142,S001,D347,2,231.31,441.8,0.045
T004937,C0200,P014,S001,D023,1,83.88,74.99,0.106
T004938,C0427,P050,S001,D075,1,87.21,80.49,0.077
T004939,C0104,P158,S001,D054,2,36.77,71.11,0.033
T004940,C0417,P077,S001,D131,1,149.39,133.26,0.108
T004941,C0422,P119,S001,D276,2,202.56,362.58,0.105
T004942,C0034,P102,S001,D040,1,109.06,103.17,0.054
T004943,C0332,P158,S001,D068,2,37.23,73.34,0.015
T004944,C0311,P090,S001,D170,1,111.56,107.43,0.037
T004945,C0028,P057,S001,D246,3,58.28,168.02,0.039
T004946,C0442,P049,S001,D190,3,91.61,257.24,0.064
T004947,C0299,P033,S001,D108,2,64.03,123.96,0.032
T004948,C0322,P100,S001,D041,5,107.64,518.82,0.036
T004949,C0113,P157,S001,D327,1,90.34,84.11,0.069
T004950,C0459,P044,S001,D306,1,187.06,171.91,0.081
T004951,C0145,P030,S001,D145,3,100.43,300.39,0.003
T004952,C0483,P131,S001,D289,1,96.97,91.15,0.06
T004953,C0207,P077,S001,D130,3,150.73,416.47,0.079
T004954,C0067,P028,S001,D297,4,99.46,344.53,0.134
T004955,C0285,P110,S001,D325,1,185.75,178.88,0.037
T004956,C0252,P069,S001,D259,2,78.54,150.64,0.041
T004957,C0473,P070,S001,D355,3,74.11,221.89,0.002
T004958,C0083,P120,S001,D180,2,212.66,405.33,0.047
T004959,C0035,P047,S001,D078,2,216.09,402.79,0.068
T004960,C0204,P047,S001,D103,3,218.23,632.43,0.034
T004961,C0135,P148,S001,D284,1,1027.0,961.27,0.064
T004962,C0104,P135,S001,D298,1,157.8,157.17,0.004
T004963,C0068,P094,S001,D174,1,294.3,289.59,0.016
T004964,C0367,P025,S001,D264,4,131.61,521.18,0.01
T004965,C0469,P139,S001,D077,2,282.02,531.33,0.058
T004966,C0279,P056,S001,D115,2,59.69,109.59,0.082
T004967,C0105,P154,S001,D023,2,95.07,168.65,0.113
T004968,C0085,P022,S001,D036,3,137.97,390.73,0.056
T004969,C0084,P035,S001,D138,1,62.92,62.54,0.006
T004970,C0385,P083,S001,D027,1,143.72,137.83,0.041
T004971,C0343,P057,S001,D344,3,57.8,169.41,0.023
T004972,C0280,P140,S001,D303,1,272.17,235.7,0.134
T004973,C0063,P119,S001,D238,5,194.66,894.46,0.081
T004974,C0457,P088,S001,D272,2,151.2,263.09,0.13
T004975,C0136,P013,S001,D270,1,91.47,82.23,0.101
T004976,C0087,P135,S001,D267,1,161.7,159.11,0.016
T004977,C0073,P144,S001,D117,3,141.15,368.82,0.129
T004978,C0023,P115,S001,D062,2,188.11,374.34,0.005
T004979,C0142,P069,S001,D121,1,76.49,72.36,0.054
T004980,C0232,P119,S001,D061,1,194.83,170.48,0.125
T004981,C0053,P111,S001,D024,2,156.55,265.2,0.153
T004982,C0475,P129,S001,D042,2,95.69,186.98,0.023
T004983,C0405,P156,S001,D014,1,88.11,74.81,0.151
T004984,C0469,P115,S001,D226,2,179.48,340.65,0.051
T004985,C0083,P078,S001,D208,2,199.95,382.3,0.044
T004986,C0458,P088,S001,D235,1,152.57,129.07,0.154
T004987,C0094,P118,S001,D003,1,208.79,195.43,0.064
T004988,C0266,P101,S001,D358,5,110.01,538.5,0.021
T004989,C0294,P064,S001,D148,5,326.13,1465.95,0.101
T004990,C0252,P105,S001,D272,1,129.5,125.1,0.034
T004991,C0225,P033,S001,D183,1,61.35,60.06,0.021
T004992,C0424,P002,S001,D130,1,77.09,63.06,0.182
T004993,C0125,P034,S001,D286,1,64.95,62.22,0.042
T004994,C0091,P029,S001,D168,4,91.99,349.56,0.05
T004995,C0210,P111,S001,D172,2,153.06,302.75,0.011
T004996,C0385,P036,S001,D013,4,144.24,555.61,0.037
T004997,C0253,P055,S001,D314,1,60.68,51.03,0.159
T004998,C0369,P098,S001,D190,3,99.64,292.94,0.02
T004999,C0475,P108,S001,D186,1,134.74,131.64,0.023
T005000,C0359,P014,S001,D257,2,83.87,160.53,0.043
T005001,C0255,P070,S001,D148,2,73.45,143.96,0.02
T005002,C0400,P110,S001,D068,2,185.85,355.72,0.043
T005003,C0008,P033,S001,D144,2,61.85,123.7,0.0
T005004,C0277,P141,S001,D324,2,258.38,467.15,0.096
T005005,C0088,P157,S001,D295,3,87.88,220.67,0.163
T005006,C0168,P120,S001,D260,4,214.04,852.74,0.004
T005007,C0202,P137,S001,D178,4,161.0,622.75,0.033
T005008,C0008,P147,S001,D201,2,135.3,263.29,0.027
T005009,C0230,P135,S001,D334,1,162.39,146.48,0.098
T005010,C0208,P117,S001,D155,4,193.89,641.39,0.173
T005011,C0268,P153,S001,D016,4,81.33,310.03,0.047
T005012,C0038,P101,S001,D116,3,110.34,311.16,0.06
T005013,C0291,P142,S001,D002,2,228.52,446.53,0.023
T005014,C0305,P019,S001,D283,2,37.89,69.04,0.089
T005015,C0274,P022,S001,D010,1,138.74,136.94,0.013
T005016,C0221,P155,S001,D050,3,79.32,217.02,0.088
T005017,C0402,P044,S001,D101,4,187.63,712.24,0.051
T005018,C0082,P153,S001,D160,2,78.8,150.35,0.046
T005019,C0436,P110,S001,D212,2,180.63,360.54,0.002
T005020,C0310,P146,S001,D218,4,126.27,471.74,0.066
T005021,C0431,P075,S001,D289,3,138.38,332.94,0.198
T005022,C0307,P016,S001,D207,2,88.87,175.43,0.013
T005023,C0497,P081,S001,D151,1,211.15,209.88,0.006
T005024,C0452,P070,S001,D077,1,75.1,71.95,0.042
T005025,C0313,P099,S001,D150,1,92.12,83.46,0.094
T005026,C0332,P082,S001,D126,3,203.04,598.76,0.017
T005027,C0321,P064,S001,D060,4,326.12,1274.48,0.023
T005028,C0415,P106,S001,D354,3,124.16,352.74,0.053
T005029,C0336,P027,S001,D338,3,91.81,270.47,0.018
T005030,C0092,P153,S001,D052,2,79.32,154.36,0.027
T005031,C0230,P147,S001,D299,5,132.22,618.79,0.064
T005032,C0394,P141,S001,D022,1,271.51,269.07,0.009
T005033,C0479,P147,S001,D138,2,134.01,233.98,0.127
T005034,C0400,P125,S001,D279,5,324.76,1573.46,0.031
T005035,C0369,P043,S001,D295,4,205.7,782.48,0.049
T005036,C0254,P034,S001,D029,5,63.93,311.66,0.025
T005037,C0278,P135,S001,D102,1,154.92,140.36,0.094
T005038,C0469,P147,S001,D231,2,132.58,242.62,0.085
T005039,C0433,P129,S001,D002,1,95.76,91.74,0.042
T005040,C0164,P075,S001,D153,2,138.16,258.64,0.064
T005041,C0384,P094,S001,D178,1,278.55,252.09,0.095
T005042,C0163,P150,S001,D244,4,1187.39,4512.08,0.05
T005043,C0330,P030,S001,D259,2,99.19,166.04,0.163
T005044,C0122,P037,S001,D165,1,153.29,127.23,0.17
T005045,C0453,P056,S001,D236,1,56.56,45.87,0.189
T005046,C0185,P155,S001,D272,4,79.95,313.4,0.02
T005047,C0373,P163,S001,D244,1,28.13,23.38,0.169
T005048,C0292,P118,S001,D020,2,207.97,401.8,0.034
T005049,C0086,P066,S001,D341,1,286.74,279.0,0.027
T005050,C0399,P041,S001,D280,2,161.08,308.31,0.043
T005051,C0138,P165,S001,D044,3,29.18,77.47,0.115
T005052,C0202,P113,S001,D104,4,172.22,675.1,0.02
T005053,C0072,P046,S001,D159,2,209.42,401.67,0.041
T005054,C0151,P109,S001,D153,3,123.62,366.41,0.012
T005055,C0488,P091,S001,D083,3,109.16,318.64,0.027
T005056,C0295,P057,S001,D117,2,59.66,106.79,0.105
T005057,C0426,P080,S001,D219,1,208.94,199.96,0.043
T005058,C0100,P043,S001,D030,1,204.7,195.49,0.045
T005059,C0294,P085,S001,D036,2,151.4,280.39,0.074
T005060,C0085,P098,S001,D054,3,97.41,263.59,0.098
T005061,C0469,P127,S001,D350,2,289.52,528.66,0.087
T005062,C0173,P102,S001,D051,2,111.35,212.23,0.047
T005063,C0092,P106,S001,D261,5,125.36,616.14,0.017
T005064,C0086,P001,S001,D029,1,78.18,77.48,0.009
T005065,C0485,P037,S001,D088,5,155.34,690.49,0.111
T005066,C0114,P050,S001,D012,2,83.97,162.9,0.03
T005067,C0352,P157,S001,D142,1,88.9,83.03,0.066
T005068,C0482,P061,S001,D015,4,50.59,196.69,0.028
T005069,C0201,P149,S001,D007,2,1184.44,2366.51,0.001
T005070,C0331,P038,S001,D221,1,168.67,166.48,0.013
T005071,C0198,P009,S001,D037,1,77.03,70.17,0.089
T005072,C0009,P017,S001,D302,2,86.5,166.43,0.038
T005073,C0396,P101,S001,D320,3,108.4,266.01,0.182
T005074,C0115,P155,S001,D024,5,76.41,354.92,0.071
T005075,C0320,P040,S001,D209,1,136.52,131.88,0.034
T005076,C0263,P056,S001,D250,2,59.33,112.13,0.055
T005077,C0427,P160,S001,D029,2,39.08,71.59,0.084
T005078,C0248,P132,S001,D167,1,90.4,89.5,0.01
T005079,C0427,P125,S001,D068,1,337.29,306.6,0.091
T005080,C0138,P055,S001,D196,2,60.71,114.62,0.056
T005081,C0187,P065,S001,D143,1,320.76,278.74,0.131
T005082,C0167,P106,S001,D302,1,120.81,120.21,0.005
T005083,C0424,P119,S001,D147,1,196.29,174.5,0.111
T005084,C0374,P034,S001,D245,3,62.27,169.44,0.093
T005085,C0110,P115,S001,D211,3,186.41,512.81,0.083
T005086,C0434,P064,S001,D124,1,334.02,332.35,0.005
T005087,C0409,P078,S001,D189,1,197.42,188.93,0.043
T005088,C0024,P018,S001,D035,1,33.56,30.44,0.093
T005089,C0488,P132,S001,D164,2,94.18,181.77,0.035
T005090,C0330,P025,S001,D195,2,130.63,227.82,0.128
T005091,C0395,P132,S001,D129,4,93.88,374.77,0.002
T005092,C0182,P043,S001,D209,3,200.18,589.13,0.019
T005093,C0271,P059,S001,D170,4,57.75,229.61,0.006
T005094,C0303,P013,S001,D286,4,91.09,331.93,0.089
T005095,C0310,P016,S001,D185,4,88.95,334.81,0.059
T005096,C0245,P138,S001,D259,2,262.59,485.79,0.075
T005097,C0121,P048,S001,D256,1,93.04,78.8,0.153
T005098,C0439,P024,S001,D301,1,136.42,125.78,0.078
T005099,C0456,P108,S001,D290,2,128.01,221.97,0.133
T005100,C0415,P088,S001,D113,3,153.4,412.34,0.104
T005101,C0214,P082,S001,D263,1,202.72,187.92,0.073
T005102,C0396,P145,S001,D232,2,124.46,213.57,0.142
T005103,C0387,P039,S001,D076,2,145.12,248.45,0.144
T005104,C0153,P010,S001,D210,4,93.82,352.76,0.06
T005105,C0362,P105,S001,D230,1,126.09,123.95,0.017
T005106,C0380,P104,S001,D307,5,113.97,529.96,0.07
T005107,C0324,P144,S001,D014,5,136.8,621.76,0.091
T005108,C0494,P117,S001,D120,1,191.51,170.25,0.111
T005109,C0404,P046,S001,D244,1,213.98,207.35,0.031
T005110,C0092,P122,S001,D036,1,192.93,190.04,0.015
T005111,C0315,P147,S001,D350,5,136.37,547.53,0.197
T005112,C0416,P084,S001,D106,5,142.12,569.19,0.199
T005113,C0014,P013,S001,D050,5,88.97,395.92,0.11
T005114,C0452,P164,S001,D258,2,29.96,59.44,0.008
T005115,C0158,P104,S001,D068,3,110.49,327.82,0.011
T005116,C0332,P096,S001,D199,1,283.07,281.94,0.004
T005117,C0122,P137,S001,D146,2,155.76,252.95,0.188
T005118,C0453,P134,S001,D310,4,150.81,535.68,0.112
T005119,C0167,P016,S001,D096,1,89.67,89.4,0.003
T005120,C0003,P036,S001,D224,1,143.15,139.71,0.024
T005121,C0268,P133,S001,D349,4,81.17,314.29,0.032
T005122,C0285,P035,S001,D351,1,65.79,63.55,0.034
T005123,C0146,P064,S001,D354,1,321.39,307.57,0.043
T005124,C0269,P074,S001,D086,5,147.68,681.54,0.077
T005125,C0318,P132,S001,D076,1,95.0,92.62,0.025
T005126,C0256,P080,S001,D241,2,210.13,405.55,0.035
T005127,C0480,P122,S001,D268,2,189.69,324.37,0.145
T005128,C0327,P105,S001,D047,4,129.54,466.34,0.1
T005129,C0150,P129,S001,D210,2,98.63,195.88,0.007
T005130,C0004,P126,S001,D193,3,345.07,922.37,0.109
T005131,C0379,P030,S001,D311,4,102.33,362.66,0.114
T005132,C0148,P010,S001,D151,2,90.22,171.78,0.048
T005133,C0270,P066,S001,D073,3,285.67,821.87,0.041
T005134,C0363,P149,S001,D136,1,1196.92,1068.85,0.107
T005135,C0378,P128,S001,D071,3,329.85,947.99,0.042
T005136,C0065,P112,S001,D144,4,177.91,706.66,0.007
T005137,C0431,P017,S001,D240,1,86.68,72.55,0.163
T005138,C0320,P162,S001,D363,3,26.8,78.87,0.019
T005139,C0005,P081,S001,D172,1,218.77,213.08,0.026
T005140,C0213,P067,S001,D254,2,72.51,128.2,0.116
T005141,C0368,P062,S001,D066,1,294.4,289.4,0.017
T005142,C0273,P016,S001,D270,1,85.97,73.33,0.147
T005143,C0266,P027,S001,D197,2,93.27,180.38,0.033
T005144,C0091,P087,S001,D353,3,158.48,454.05,0.045
T005145,C0246,P091,S001,D194,1,111.38,109.93,0.013
T005146,C0499,P041,S001,D329,4,157.43,570.53,0.094
T005147,C0248,P081,S001,D310,1,209.15,207.48,0.008
T005148,C0293,P131,S001,D327,4,99.85,393.01,0.016
T005149,C0317,P030,S001,D235,1,98.6,88.05,0.107
T005150,C0438,P021,S001,D019,1,35.0,34.2,0.023
T005151,C0461,P155,S001,D112,2,79.48,157.05,0.012
T005152,C0053,P067,S001,D332,3,73.09,185.28,0.155
T005153,C0094,P070,S001,D264,2,75.61,133.53,0.117
T005154,C0331,P161,S001,D055,1,39.15,39.03,0.003
T005155,C0352,P132,S001,D170,1,90.68,83.33,0.081
T005156,C0368,P031,S001,D065,3,93.05,266.31,0.046
T005157,C0336,P004,S001,D151,4,75.98,301.18,0.009
T005158,C0429,P070,S001,D208,2,76.54,132.72,0.133
T005159,C0089,P065,S001,D064,1,319.69,282.29,0.117
T005160,C0466,P132,S001,D301,2,92.9,178.93,0.037
T005161,C0452,P099,S001,D166,1,90.23,89.78,0.005
T005162,C0219,P035,S001,D159,2,66.03,119.38,0.096
T005163,C0300,P121,S001,D001,5,192.17,892.63,0.071
T005164,C0284,P027,S001,D249,2,92.41,172.44,0.067
T005165,C0086,P124,S001,D038,1,346.94,340.7,0.018
T005166,C0494,P002,S001,D140,3,77.15,210.62,0.09
T005167,C0458,P046,S001,D323,2,211.79,367.67,0.132
T005168,C0482,P163,S001,D033,2,27.61,54.06,0.021
T005169,C0251,P105,S001,D024,2,129.05,252.16,0.023
T005170,C0381,P051,S001,D263,4,84.13,314.65,0.065
T005171,C0414,P152,S001,D280,1,1209.76,1058.54,0.125
T005172,C0011,P001,S001,D161,2,76.36,150.73,0.013
T005173,C0130,P061,S001,D318,2,50.82,89.75,0.117
T005174,C0256,P130,S001,D124,1,88.07,84.9,0.036
T005175,C0093,P127,S001,D078,3,299.44,871.37,0.03
T005176,C0435,P068,S001,D257,2,78.46,144.21,0.081
T005177,C0096,P001,S001,D244,1,76.36,74.68,0.022
T005178,C0083,P066,S001,D182,2,282.83,558.87,0.012
T005179,C0462,P016,S001,D192,1,88.23,79.14,0.103
T005180,C0467,P112,S001,D003,1,181.15,180.06,0.006
T005181,C0252,P019,S001,D124,2,37.34,71.62,0.041
T005182,C0071,P025,S001,D097,4,128.91,435.2,0.156
T005183,C0469,P057,S001,D086,2,58.51,110.12,0.059
T005184,C0015,P002,S001,D278,3,79.82,197.55,0.175
T005185,C0051,P056,S001,D284,1,56.92,55.9,0.018
T005186,C0374,P056,S001,D018,3,59.21,158.09,0.11
T005187,C0281,P056,S001,D127,1,57.11,54.08,0.053
T005188,C0023,P109,S001,D236,1,124.23,120.75,0.028
T005189,C0311,P023,S001,D255,4,147.19,568.74,0.034
T005190,C0239,P119,S001,D350,5,198.56,967.98,0.025
T005191,C0292,P034,S001,D236,2,63.28,122.26,0.034
T005192,C0355,P160,S001,D059,2,40.59,78.34,0.035
T005193,C0191,P013,S001,D147,2,91.87,180.43,0.018
T005194,C0122,P158,S001,D342,2,38.04,65.5,0.139
T005195,C0032,P087,S001,D076,2,158.59,302.59,0.046
T005196,C0405,P147,S001,D218,2,137.06,225.6,0.177
T005197,C0104,P150,S001,D032,1,1140.57,1084.68,0.049
T005198,C0121,P130,S001,D246,1,89.71,74.91,0.165
T005199,C0418,P068,S001,D246,2,77.13,137.91,0.106
T005200,C0165,P146,S001,D096,3,121.91,364.63,0.003
T005201,C0428,P082,S001,D244,2,212.89,405.34,0.048
T005202,C0447,P052,S001,D170,1,84.65,80.84,0.045
T005203,C0445,P086,S001,D218,1,144.09,138.47,0.039
T005204,C0330,P165,S001,D207,1,29.76,24.46,0.178
T005205,C0374,P105,S001,D059,5,130.71,586.89,0.102
T005206,C0340,P030,S001,D178,1,98.2,85.43,0.13
T005207,C0245,P134,S001,D185,1,144.53,128.49,0.111
T005208,C0262,P032,S001,D289,1,60.24,54.64,0.093
T005209,C0101,P017,S001,D351,1,88.05,74.14,0.158
T005210,C0241,P151,S001,D150,3,1075.35,3116.36,0.034
T005211,C0256,P087,S001,D247,2,151.99,289.39,0.048
T005212,C0075,P132,S001,D223,2,91.69,177.51,0.032
T005213,C0375,P059,S001,D246,2,55.06,109.02,0.01
T005214,C0061,P031,S001,D097,2,93.81,166.04,0.115
T005215,C0492,P096,S001,D220,3,276.13,809.34,0.023
T005216,C0339,P165,S001,D164,1,28.98,28.81,0.006
T005217,C0395,P127,S001,D337,1,296.86,295.67,0.004
T005218,C0058,P002,S001,D253,2,77.8,154.82,0.005
T005219,C0468,P164,S001,D289,1,30.22,30.04,0.006
T005220,C0370,P131,S001,D262,2,94.54,177.74,0.06
T005221,C0176,P138,S001,D156,1,273.23,260.66,0.046
T005222,C0390,P027,S001,D279,2,91.79,181.38,0.012
T005223,C0474,P010,S001,D167,4,92.5,356.68,0.036
T005224,C0019,P008,S001,D239,2,73.9,146.32,0.01
T005225,C0195,P067,S001,D110,2,72.84,141.75,0.027
T005226,C0339,P058,S001,D311,4,51.22,198.12,0.033
T005227,C0341,P036,S001,D134,4,147.38,566.53,0.039
T005228,C0054,P098,S001,D285,1,96.75,86.59,0.105
T005229,C0091,P002,S001,D210,2,76.47,150.8,0.014
T005230,C0405,P090,S001,D162,1,114.89,98.92,0.139
T005231,C0269,P003,S001,D080,1,77.63,71.89,0.074
T005232,C0005,P049,S001,D013,1,91.32,89.86,0.016
T005233,C0069,P018,S001,D345,3,33.83,88.4,0.129
T005234,C0066,P111,S001,D085,1,152.95,136.43,0.108
T005235,C0100,P119,S001,D018,1,200.73,197.12,0.018
T005236,C0496,P080,S001,D168,2,202.61,374.02,0.077
T005237,C0405,P018,S001,D160,3,33.66,83.41,0.174
T005238,C0336,P019,S001,D036,2,35.78,68.2,0.047
T005239,C0367,P048,S001,D346,1,92.06,89.3,0.03
T005240,C0066,P070,S001,D191,1,75.88,68.97,0.091
T005241,C0422,P099,S001,D261,1,89.38,79.55,0.11
T005242,C0497,P082,S001,D108,1,207.66,206.21,0.007
T005243,C0098,P016,S001,D132,3,87.33,257.27,0.018
T005244,C0168,P117,S001,D058,1,193.55,189.87,0.019
T005245,C0391,P102,S001,D124,2,112.68,222.88,0.011
T005246,C0014,P086,S001,D042,3,145.56,412.66,0.055
T005247,C0381,P023,S001,D057,1,146.91,139.27,0.052
T005248,C0247,P010,S001,D083,2,94.19,173.31,0.08
T005249,C0186,P020,S001,D035,1,34.01,31.15,0.084
T005250,C0286,P072,S001,D206,1,132.45,132.05,0.003
T005251,C0307,P130,S001,D157,3,88.12,258.54,0.022
T005252,C0370,P104,S001,D206,3,114.44,315.85,0.08
T005253,C0442,P151,S001,D064,1,1108.98,1021.37,0.079
T005254,C0067,P085,S001,D060,1,144.24,125.78,0.128
T005255,C0333,P045,S001,D247,1,196.78,195.8,0.005
T005256,C0164,P017,S001,D026,2,84.7,150.77,0.11
T005257,C0424,P154,S001,D171,2,95.24,159.43,0.163
T005258,C0004,P039,S001,D141,3,143.13,386.45,0.1
T005259,C0147,P041,S001,D253,1,154.28,153.82,0.003
T005260,C0009,P023,S001,D048,3,145.51,416.89,0.045
T005261,C0208,P011,S001,D250,2,94.74,159.92,0.156
T005262,C0394,P054,S001,D260,2,83.02,163.05,0.018
T005263,C0458,P097,S001,D130,2,307.8,515.87,0.162
T005264,C0190,P051,S001,D316,5,81.96,395.87,0.034
T005265,C0179,P052,S001,D029,3,82.87,243.39,0.021
T005266,C0089,P119,S001,D222,4,203.64,759.17,0.068
T005267,C0431,P158,S001,D308,1,36.84,30.06,0.184
T005268,C0129,P130,S001,D062,3,87.29,235.68,0.1
T005269,C0023,P100,S001,D109,3,110.35,318.47,0.038
T005270,C0409,P045,S001,D156,1,194.92,193.75,0.006
T005271,C0107,P079,S001,D185,2,193.91,369.98,0.046
T005272,C0406,P019,S001,D161,1,36.69,36.29,0.011
T005273,C0231,P162,S001,D107,2,27.3,52.53,0.038
T005274,C0047,P063,S001,D346,2,271.29,531.19,0.021
T005275,C0022,P116,S001,D036,2,178.97,348.63,0.026
T005276,C0416,P039,S001,D179,2,147.54,254.65,0.137
T005277,C0055,P065,S001,D192,1,319.55,302.93,0.052
T005278,C0369,P103,S001,D316,2,102.29,201.1,0.017
T005279,C0032,P098,S001,D205,3,98.61,292.87,0.01
T005280,C0022,P162,S001,D052,4,27.32,108.73,0.005
T005281,C0028,P121,S001,D365,2,196.74,389.15,0.011
T005282,C0041,P130,S001,D171,1,89.95,86.26,0.041
T005283,C0148,P126,S001,D290,2,349.97,681.04,0.027
T005284,C0142,P128,S001,D332,1,337.1,315.53,0.064
T005285,C0206,P074,S001,D318,2,143.79,277.51,0.035
T005286,C0013,P068,S001,D132,3,74.58,218.82,0.022
T005287,C0179,P122,S001,D360,5,193.28,941.27,0.026
T005288,C0182,P009,S001,D042,2,74.77,144.31,0.035
T005289,C0306,P112,S001,D162,4,178.49,676.83,0.052
T005290,C0062,P046,S001,D158,2,212.06,393.16,0.073
T005291,C0344,P023,S001,D014,2,147.13,241.88,0.178
T005292,C0311,P037,S001,D126,3,153.61,441.94,0.041
T005293,C0471,P109,S001,D238,4,129.32,493.49,0.046
T005294,C0430,P158,S001,D134,1,37.59,36.84,0.02
T005295,C0422,P071,S001,D068,4,79.13,273.79,0.135
T005296,C0033,P076,S001,D281,2,131.95,252.82,0.042
T005297,C0359,P130,S001,D236,2,89.35,178.52,0.001
T005298,C0030,P035,S001,D082,1,66.73,65.4,0.02
T005299,C0218,P101,S001,D184,1,104.67,99.65,0.048
T005300,C0321,P146,S001,D224,3,125.5,362.19,0.038
T005301,C0408,P057,S001,D181,2,57.1,111.69,0.022
T005302,C0249,P132,S001,D274,1,93.18,92.62,0.006
T005303,C0130,P004,S001,D329,2,73.51,132.02,0.102
T005304,C0135,P122,S001,D070,1,193.9,176.84,0.088
T005305,C0483,P123,S001,D239,1,301.93,269.62,0.107
T005306,C0289,P148,S001,D200,1,1070.66,871.52,0.186
T005307,C0324,P145,S001,D144,3,125.3,342.07,0.09
T005308,C0162,P131,S001,D106,1,95.81,91.02,0.05
T005309,C0034,P140,S001,D356,1,268.0,251.38,0.062
T005310,C0131,P024,S001,D211,1,135.16,123.67,0.085
T005311,C0414,P075,S001,D130,4,138.77,463.49,0.165
T005312,C0307,P113,S001,D110,2,175.96,335.73,0.046
T005313,C0203,P052,S001,D104,3,84.93,248.17,0.026
T005314,C0253,P020,S001,D066,3,34.06,85.32,0.165
T005315,C0102,P038,S001,D043,2,168.4,329.39,0.022
T005316,C0062,P086,S001,D349,4,150.47,555.54,0.077
T005317,C0285,P013,S001,D202,4,92.32,367.43,0.005
T005318,C0465,P152,S001,D110,1,1208.95,1202.91,0.005
T005319,C0111,P152,S001,D143,2,1216.47,2148.29,0.117
T005320,C0249,P132,S001,D120,1,92.15,90.95,0.013
T005321,C0120,P147,S001,D089,2,135.73,243.5,0.103
T005322,C0224,P011,S001,D300,1,90.46,81.23,0.102
T005323,C0496,P053,S001,D069,3,92.95,253.47,0.091
T005324,C0149,P145,S001,D197,1,124.46,118.73,0.046
T005325,C0313,P079,S001,D166,3,198.93,566.35,0.051
T005326,C0365,P068,S001,D134,1,78.29,77.27,0.013
T005327,C0453,P023,S001,D063,1,143.9,115.26,0.199
T005328,C0339,P062,S001,D089,3,287.12,851.89,0.011
T005329,C0027,P165,S001,D247,1,29.65,28.43,0.041
T005330,C0277,P060,S001,D254,2,54.25,102.32,0.057
T005331,C0211,P159,S001,D254,3,38.13,113.47,0.008
T005332,C0341,P017,S001,D106,5,86.75,419.87,0.032
T005333,C0339,P071,S001,D141,2,81.45,162.09,0.005
T005334,C0477,P045,S001,D316,4,196.28,716.03,0.088
T005335,C0499,P054,S001,D321,3,83.81,234.84,0.066
T005336,C0351,P078,S001,D172,1,200.7,194.48,0.031
T005337,C0263,P034,S001,D029,2,63.87,113.43,0.112
T005338,C0400,P102,S001,D209,2,110.44,210.94,0.045
T005339,C0460,P036,S001,D022,4,141.31,537.54,0.049
T005340,C0493,P114,S001,D119,2,161.01,286.92,0.109
T005341,C0258,P153,S001,D327,1,81.21,77.31,0.048
T005342,C0476,P032,S001,D344,1,61.96,58.74,0.052
T005343,C0421,P023,S001,D208,4,147.55,561.28,0.049
T005344,C0476,P006,S001,D137,3,67.87,189.76,0.068
T005345,C0274,P041,S001,D060,3,155.28,448.14,0.038
T005346,C0232,P113,S001,D264,2,177.26,287.87,0.188
T005347,C0268,P052,S001,D313,2,83.58,159.47,0.046
T005348,C0293,P019,S001,D044,3,37.95,108.27,0.049
T005349,C0192,P121,S001,D242,1,196.45,196.25,0.001
T005350,C0089,P059,S001,D016,1,54.76,51.91,0.052
T005351,C0277,P032,S001,D134,1,59.7,54.74,0.083
T005352,C0243,P043,S001,D295,4,206.17,790.87,0.041
T005353,C0093,P072,S001,D005,1,135.21,132.64,0.019
T005354,C0044,P017,S001,D181,1,84.9,83.2,0.02
T005355,C0392,P081,S001,D249,3,215.72,644.57,0.004
T005356,C0081,P032,S001,D278,3,61.41,179.62,0.025
T005357,C0419,P049,S001,D061,2,91.39,175.47,0.04
T005358,C0308,P105,S001,D063,3,128.63,375.09,0.028
T005359,C0259,P034,S001,D293,2,62.18,119.88,0.036
T005360,C0201,P024,S001,D339,5,134.9,640.78,0.05
T005361,C0477,P091,S001,D265,1,113.95,102.9,0.097
T005362,C0026,P037,S001,D106,3,152.35,443.8,0.029
T005363,C0118,P053,S001,D279,2,94.05,185.65,0.013
T005364,C0405,P020,S001,D313,3,32.95,83.23,0.158
T005365,C0058,P116,S001,D213,2,176.93,353.15,0.002
T005366,C0461,P129,S001,D332,1,98.09,96.91,0.012
T005367,C0250,P091,S001,D064,2,110.17,195.44,0.113
T005368,C0354,P039,S001,D241,3,146.02,433.24,0.011
T005369,C0371,P012,S001,D324,1,85.45,75.97,0.111
T005370,C0477,P004,S001,D321,3,75.43,202.3,0.106
T005371,C0413,P119,S001,D263,4,200.23,669.57,0.164
T005372,C0094,P143,S001,D109,1,125.67,119.01,0.053
T005373,C0310,P159,S001,D058,5,40.18,181.01,0.099
T005374,C0145,P057,S001,D035,4,59.61,233.91,0.019
T005375,C0280,P118,S001,D187,1,210.66,184.12,0.126
T005376,C0314,P085,S001,D190,1,146.92,145.01,0.013
T005377,C0262,P102,S001,D348,1,108.64,102.66,0.055
T005378,C0006,P093,S001,D125,1,94.24,92.64,0.017
T005379,C0198,P116,S001,D263,5,174.66,769.38,0.119
T005380,C0183,P155,S001,D164,4,79.12,295.28,0.067
T005381,C0323,P038,S001,D081,1,167.82,163.29,0.027
T005382,C0065,P074,S001,D007,2,142.25,270.84,0.048
T005383,C0492,P098,S001,D198,3,100.55,298.33,0.011
T005384,C0274,P057,S001,D021,2,58.09,112.11,0.035
T005385,C0117,P037,S001,D152,1,155.57,138.15,0.112
T005386,C0071,P057,S001,D199,3,60.14,155.16,0.14
T005387,C0078,P012,S001,D106,1,88.61,79.48,0.103
T005388,C0228,P083,S001,D322,1,145.28,144.84,0.003
T005389,C0012,P086,S001,D232,1,148.78,148.33,0.003
T005390,C0154,P158,S001,D307,2,36.77,64.72,0.12
T005391,C0058,P102,S001,D339,2,110.45,212.51,0.038
T005392,C0372,P132,S001,D195,4,90.87,351.49,0.033
T005393,C0308,P029,S001,D178,1,92.52,91.78,0.008
T005394,C0421,P073,S001,D226,1,134.16,129.33,0.036
T005395,C0056,P062,S001,D091,3,288.76,845.49,0.024
T005396,C0209,P037,S001,D143,1,158.17,146.47,0.074
T005397,C0128,P139,S001,D062,1,266.92,248.77,0.068
T005398,C0285,P130,S001,D134,2,87.55,171.6,0.02
T005399,C0400,P106,S001,D212,4,124.74,498.46,0.001
T005400,C0085,P135,S001,D181,1,156.91,138.55,0.117
T005401,C0385,P015,S001,D304,2,77.78,154.47,0.007
T005402,C0064,P044,S001,D123,1,188.42,184.46,0.021
T005403,C0333,P075,S001,D086,1,134.15,132.81,0.01
T005404,C0149,P148,S001,D314,1,1040.06,999.5,0.039
T005405,C0214,P018,S001,D117,1,34.36,32.5,0.054
T005406,C0387,P118,S001,D334,1,216.97,175.75,0.19
T005407,C0477,P136,S001,D002,3,172.68,464.16,0.104
T005408,C0065,P047,S001,D326,2,215.21,417.51,0.03
T005409,C0294,P163,S001,D201,4,28.35,102.74,0.094
T005410,C0280,P050,S001,D310,1,84.98,68.75,0.191
T005411,C0002,P165,S001,D060,2,30.27,59.15,0.023
T005412,C0283,P003,S001,D249,2,77.65,153.13,0.014
T005413,C0227,P129,S001,D037,1,96.45,93.94,0.026
T005414,C0054,P042,S001,D056,2,216.28,385.41,0.109
T005415,C0319,P108,S001,D296,2,128.38,251.62,0.02
T005416,C0193,P021,S001,D112,1,35.58,30.07,0.155
T005417,C0316,P083,S001,D244,1,145.81,141.29,0.031
T005418,C0469,P055,S001,D273,1,58.76,51.83,0.118
T005419,C0203,P041,S001,D012,1,160.6,156.26,0.027
T005420,C0160,P094,S001,D112,2,293.89,542.52,0.077
T005421,C0160,P025,S001,D159,1,129.75,115.35,0.111
T005422,C0168,P120,S001,D057,1,209.8,207.07,0.013
T005423,C0161,P107,S001,D304,4,127.18,507.7,0.002
T005424,C0064,P064,S001,D169,1,327.45,315.66,0.036
T005425,C0348,P056,S001,D277,1,57.08,50.86,0.109
T005426,C0400,P164,S001,D051,1,30.77,30.22,0.018
T005427,C0357,P118,S001,D117,2,219.39,419.47,0.044
T005428,C0023,P030,S001,D123,2,100.19,199.58,0.004
T005429,C0041,P132,S001,D040,1,91.83,88.52,0.036
T005430,C0117,P027,S001,D113,1,93.97,85.7,0.088
T005431,C0395,P044,S001,D246,2,187.73,367.95,0.02
T005432,C0216,P054,S001,D035,1,81.41,79.7,0.021
T005433,C0364,P089,S001,D328,1,104.89,104.37,0.005
T005434,C0297,P003,S001,D090,2,78.2,153.43,0.019
T005435,C0029,P109,S001,D076,4,125.09,449.82,0.101
T005436,C0013,P022,S001,D006,1,137.28,132.75,0.033
T005437,C0155,P096,S001,D082,2,281.89,555.32,0.015
T005438,C0498,P024,S001,D020,2,134.92,252.84,0.063
T005439,C0151,P166,S001,D267,1,28.21,26.8,0.05
T005440,C0350,P104,S001,D107,3,113.78,305.5,0.105
T005441,C0380,P160,S001,D241,2,40.88,74.16,0.093
T005442,C0221,P080,S001,D313,1,204.42,193.38,0.054
T005443,C0405,P133,S001,D095,1,82.32,72.77,0.116
T005444,C0420,P095,S001,D105,1,302.62,297.78,0.016
T005445,C0217,P059,S001,D361,3,57.47,157.93,0.084
T005446,C0227,P012,S001,D304,2,85.25,162.83,0.045
T005447,C0293,P155,S001,D339,4,78.51,298.97,0.048
T005448,C0394,P125,S001,D029,1,329.58,325.95,0.011
T005449,C0401,P091,S001,D199,5,111.66,541.55,0.03
T005450,C0218,P109,S001,D266,1,123.21,117.91,0.043
T005451,C0190,P051,S001,D074,1,81.05,79.43,0.02
T005452,C0196,P070,S001,D017,2,75.9,145.27,0.043
T005453,C0095,P137,S001,D162,1,161.87,159.12,0.017
T005454,C0149,P118,S001,D183,1,208.17,204.01,0.02
T005455,C0172,P046,S001,D327,3,212.59,626.93,0.017
T005456,C0474,P156,S001,D190,2,85.75,165.5,0.035
T005457,C0346,P120,S001,D356,1,210.88,187.68,0.11
T005458,C0061,P153,S001,D002,2,79.03,146.84,0.071
T005459,C0494,P034,S001,D076,5,64.51,296.1,0.082
T005460,C0494,P018,S001,D202,2,35.35,63.7,0.099
T005461,C0243,P031,S001,D093,3,90.75,270.34,0.007
T005462,C0162,P157,S001,D213,4,90.21,353.62,0.02
T005463,C0054,P108,S001,D358,1,127.55,118.62,0.07
T005464,C0052,P144,S001,D266,2,134.75,238.78,0.114
T005465,C0437,P159,S001,D347,1,39.19,37.31,0.048
T005466,C0274,P150,S001,D022,4,1195.51,4629.01,0.032
T005467,C0031,P126,S001,D102,1,342.45,327.04,0.045
T005468,C0275,P146,S001,D034,1,121.2,118.29,0.024
T005469,C0265,P120,S001,D095,2,217.96,425.46,0.024
T005470,C0254,P012,S001,D337,2,88.62,176.18,0.006
T005471,C0448,P149,S001,D365,1,1163.66,1129.91,0.029
T005472,C0452,P082,S001,D167,2,213.76,418.11,0.022
T005473,C0403,P160,S001,D114,2,40.96,72.5,0.115
T005474,C0140,P071,S001,D286,3,80.57,229.62,0.05
T005475,C0210,P140,S001,D252,3,275.74,791.65,0.043
T005476,C0327,P037,S001,D321,1,157.4,148.74,0.055
T005477,C0374,P019,S001,D315,1,36.02,33.79,0.062
T005478,C0105,P063,S001,D101,2,271.94,507.98,0.066
T005479,C0389,P045,S001,D159,1,196.08,181.57,0.074
T005480,C0221,P032,S001,D220,4,60.8,221.07,0.091
T005481,C0198,P126,S001,D117,1,360.67,329.29,0.087
T005482,C0237,P092,S001,D012,1,105.17,100.02,0.049
T005483,C0326,P014,S001,D267,2,84.43,148.77,0.119
T005484,C0486,P086,S001,D008,1,147.81,145.59,0.015
T005485,C0064,P062,S001,D341,1,296.49,286.11,0.035
T005486,C0120,P144,S001,D291,1,138.16,122.69,0.112
T005487,C0186,P152,S001,D130,2,1239.26,2183.58,0.119
T005488,C0138,P145,S001,D040,1,120.48,108.79,0.097
T005489,C0220,P129,S001,D105,2,96.35,174.2,0.096
T005490,C0147,P079,S001,D323,2,201.4,395.95,0.017
T005491,C0075,P116,S001,D267,2,182.45,349.57,0.042
T005492,C0040,P115,S001,D354,2,178.66,340.53,0.047
T005493,C0079,P067,S001,D008,1,75.48,71.78,0.049
T005494,C0147,P005,S001,D103,1,87.12,84.42,0.031
T005495,C0378,P045,S001,D063,2,194.32,378.92,0.025
T005496,C0482,P062,S001,D261,3,295.6,850.44,0.041
T005497,C0044,P065,S001,D085,3,325.48,932.5,0.045
T005498,C0204,P068,S001,D223,1,78.02,77.08,0.012
T005499,C0151,P019,S001,D333,5,37.2,179.68,0.034
T005500,C0086,P157,S001,D072,1,89.54,89.36,0.002
T005501,C0445,P087,S001,D009,2,158.91,309.24,0.027
T005502,C0351,P098,S001,D167,2,96.87,192.97,0.004
T005503,C0244,P146,S001,D013,2,123.73,222.47,0.101
T005504,C0278,P102,S001,D311,4,106.98,381.28,0.109
T005505,C0311,P133,S001,D056,1,84.05,80.02,0.048
T005506,C0424,P111,S001,D081,2,153.18,265.61,0.133
T005507,C0326,P103,S001,D145,3,102.83,284.74,0.077
T005508,C0406,P004,S001,D218,3,77.78,229.61,0.016
T005509,C0280,P158,S001,D270,2,37.74,66.88,0.114
T005510,C0320,P105,S001,D213,3,130.34,384.37,0.017
T005511,C0118,P146,S001,D120,1,127.68,127.55,0.001
T005512,C0440,P067,S001,D346,1,75.42,72.78,0.035
T005513,C0325,P130,S001,D175,5,88.75,432.21,0.026
T005514,C0367,P101,S001,D324,3,109.64,321.68,0.022
T005515,C0259,P147,S001,D304,1,131.39,125.48,0.045
T005516,C0432,P150,S001,D258,4,1169.3,4448.02,0.049
T005517,C0143,P006,S001,D079,1,67.27,64.18,0.046
T005518,C0490,P010,S001,D097,2,91.05,169.72,0.068
T005519,C0028,P001,S001,D357,4,77.53,306.71,0.011
T005520,C0274,P043,S001,D246,4,208.77,806.69,0.034
T005521,C0244,P068,S001,D339,4,77.27,271.37,0.122
T005522,C0361,P165,S001,D032,3,30.13,89.94,0.005
T005523,C0329,P004,S001,D190,1,76.45,68.58,0.103
T005524,C0410,P113,S001,D187,1,174.97,172.17,0.016
T005525,C0330,P135,S001,D049,1,159.15,140.85,0.115
T005526,C0234,P026,S001,D241,1,152.04,148.09,0.026
T005527,C0131,P147,S001,D335,1,136.08,122.34,0.101
T005528,C0412,P046,S001,D129,2,212.83,413.32,0.029
T005529,C0301,P038,S001,D119,1,169.05,162.46,0.039
T005530,C0454,P115,S001,D258,4,187.16,722.44,0.035
T005531,C0032,P063,S001,D244,4,268.31,1020.65,0.049
T005532,C0247,P086,S001,D244,5,148.39,698.17,0.059
T005533,C0246,P016,S001,D247,1,85.65,82.05,0.042
T005534,C0349,P029,S001,D189,4,89.75,352.18,0.019
T005535,C0019,P032,S001,D157,5,62.51,299.11,0.043
T005536,C0307,P041,S001,D202,2,159.12,302.96,0.048
T005537,C0364,P058,S001,D170,1,51.45,50.78,0.013
T005538,C0464,P141,S001,D171,1,259.34,236.26,0.089
T005539,C0116,P105,S001,D256,1,128.04,113.19,0.116
T005540,C0121,P143,S001,D214,1,125.25,102.83,0.179
T005541,C0078,P015,S001,D090,2,80.96,142.65,0.119
T005542,C0338,P134,S001,D262,2,146.93,293.27,0.002
T005543,C0472,P129,S001,D256,1,99.65,88.09,0.116
T005544,C0291,P125,S001,D313,1,327.4,324.45,0.009
T005545,C0444,P131,S001,D348,3,97.36,276.6,0.053
T005546,C0296,P150,S001,D145,3,1178.61,3306.0,0.065
T005547,C0075,P048,S001,D275,1,89.08,85.43,0.041
T005548,C0008,P095,S001,D305,1,291.82,289.19,0.009
T005549,C0002,P002,S001,D133,1,76.08,73.42,0.035
T005550,C0198,P010,S001,D197,1,91.61,84.56,0.077
T005551,C0024,P149,S001,D345,1,1223.18,1117.99,0.086
T005552,C0324,P100,S001,D353,3,110.63,295.05,0.111
T005553,C0471,P127,S001,D114,2,297.84,581.38,0.024
T005554,C0198,P009,S001,D267,2,73.31,133.72,0.088
T005555,C0419,P051,S001,D058,2,81.23,159.37,0.019
T005556,C0408,P155,S001,D055,1,76.82,76.59,0.003
T005557,C0371,P141,S001,D064,3,259.84,658.69,0.155
T005558,C0476,P016,S001,D006,3,86.78,242.9,0.067
T005559,C0484,P151,S001,D296,1,1075.51,983.02,0.086
T005560,C0025,P040,S001,D364,5,142.11,700.6,0.014
T005561,C0401,P079,S001,D154,1,202.59,193.88,0.043
T005562,C0329,P057,S001,D052,2,57.17,106.11,0.072
T005563,C0210,P052,S001,D251,2,85.35,165.75,0.029
T005564,C0427,P130,S001,D053,3,88.42,250.14,0.057
T005565,C0002,P048,S001,D194,2,89.5,172.02,0.039
T005566,C0009,P051,S001,D212,4,82.03,315.65,0.038
T005567,C0469,P121,S001,D010,1,193.43,178.73,0.076
T005568,C0418,P099,S001,D017,2,90.83,168.4,0.073
T005569,C0381,P043,S001,D008,1,205.21,188.59,0.081
T005570,C0039,P047,S001,D109,2,210.51,402.07,0.045
T005571,C0024,P130,S001,D358,1,87.15,76.87,0.118
T005572,C0343,P147,S001,D288,1,132.21,130.49,0.013
T005573,C0038,P145,S001,D258,4,120.22,435.2,0.095
T005574,C0470,P043,S001,D257,1,202.55,180.07,0.111
T005575,C0363,P047,S001,D056,1,207.43,184.82,0.109
T005576,C0483,P071,S001,D017,1,79.5,73.93,0.07
T005577,C0414,P143,S001,D035,1,126.85,110.11,0.132
T005578,C0205,P109,S001,D327,3,126.86,307.51,0.192
T005579,C0303,P053,S001,D023,1,91.57,83.05,0.093
T005580,C0022,P023,S001,D176,1,144.7,144.56,0.001
T005581,C0396,P156,S001,D231,1,88.44,77.92,0.119
T005582,C0215,P052,S001,D210,1,83.75,77.8,0.071
T005583,C0073,P166,S001,D128,3,27.32,67.78,0.173
T005584,C0290,P011,S001,D292,2,92.88,184.27,0.008
T005585,C0311,P022,S001,D145,3,136.18,408.13,0.001
T005586,C0120,P119,S001,D040,4,198.82,724.5,0.089
T005587,C0267,P012,S001,D161,2,88.13,171.32,0.028
T005588,C0242,P093,S001,D139,2,96.41,186.26,0.034
T005589,C0329,P089,S001,D015,1,103.88,94.22,0.093
T005590,C0187,P130,S001,D072,4,85.03,278.9,0.18
T005591,C0220,P059,S001,D154,2,55.16,101.27,0.082
T005592,C0040,P016,S001,D189,1,88.1,84.14,0.045
T005593,C0012,P162,S001,D190,1,27.79,27.46,0.012
T005594,C0012,P081,S001,D345,2,219.51,435.95,0.007
T005595,C0452,P002,S001,D066,4,79.3,301.66,0.049
T005596,C0233,P134,S001,D175,4,149.56,500.73,0.163
T005597,C0296,P129,S001,D353,1,98.14,87.25,0.111
T005598,C0195,P022,S001,D331,4,132.54,504.18,0.049
T005599,C0284,P077,S001,D102,2,151.55,271.88,0.103
T005600,C0460,P153,S001,D148,3,80.95,231.44,0.047
T005601,C0482,P027,S001,D110,2,89.77,175.41,0.023
T005602,C0172,P102,S001,D110,1,109.95,104.56,0.049
T005603,C0061,P021,S001,D119,1,34.57,31.74,0.082
T005604,C0362,P104,S001,D215,3,108.6,313.75,0.037
T005605,C0250,P023,S001,D032,2,142.74,259.22,0.092
T005606,C0402,P149,S001,D116,1,1163.34,1060.97,0.088
T005607,C0409,P095,S001,D351,2,303.41,589.83,0.028
T005608,C0144,P046,S001,D240,2,206.11,397.38,0.036
T005609,C0207,P142,S001,D250,4,236.0,867.54,0.081
T005610,C0091,P050,S001,D224,1,83.05,80.56,0.03
T005611,C0245,P135,S001,D228,3,156.67,427.24,0.091
T005612,C0231,P097,S001,D313,1,294.48,284.17,0.035
T005613,C0468,P032,S001,D171,3,62.78,181.56,0.036
T005614,C0188,P099,S001,D253,1,90.76,90.12,0.007
T005615,C0422,P071,S001,D029,2,81.09,134.93,0.168
T005616,C0191,P062,S001,D223,2,293.23,561.83,0.042
T005617,C0164,P164,S001,D253,1,30.69,28.08,0.085
T005618,C0002,P099,S001,D330,1,93.96,93.3,0.007
T005619,C0433,P067,S001,D345,1,75.19,73.31,0.025
T005620,C0001,P012,S001,D354,2,87.17,174.17,0.001
T005621,C0376,P046,S001,D127,5,205.57,931.23,0.094
T005622,C0113,P048,S001,D190,1,93.48,82.92,0.113
T005623,C0210,P151,S001,D195,2,1088.09,2169.65,0.003
T005624,C0088,P042,S001,D295,2,208.94,370.24,0.114
T005625,C0434,P063,S001,D129,2,277.41,527.08,0.05
T005626,C0258,P107,S001,D228,4,122.37,475.77,0.028
T005627,C0168,P058,S001,D086,2,53.44,102.18,0.044
T005628,C0144,P150,S001,D116,3,1139.71,3405.45,0.004
T005629,C0267,P132,S001,D318,4,93.1,355.27,0.046
T005630,C0265,P097,S001,D330,2,296.83,573.48,0.034
T005631,C0368,P006,S001,D056,1,68.09,67.75,0.005
T005632,C0215,P023,S001,D287,1,140.79,124.46,0.116
T005633,C0278,P053,S001,D305,2,95.22,170.25,0.106
T005634,C0192,P152,S001,D278,1,1181.5,1177.96,0.003
T005635,C0403,P005,S001,D232,1,84.97,77.41,0.089
T005636,C0358,P051,S001,D061,3,83.49,223.92,0.106
T005637,C0060,P145,S001,D140,1,124.39,118.29,0.049
T005638,C0313,P008,S001,D129,1,73.38,67.36,0.082
T005639,C0414,P043,S001,D006,2,199.34,326.12,0.182
T005640,C0045,P141,S001,D337,2,261.1,511.23,0.021
T005641,C0383,P114,S001,D185,1,169.54,152.25,0.102
T005642,C0117,P156,S001,D185,2,90.47,161.04,0.11
T005643,C0226,P012,S001,D126,5,83.77,407.12,0.028
T005644,C0103,P141,S001,D077,2,256.8,471.48,0.082
T005645,C0415,P012,S001,D078,4,85.72,318.19,0.072
T005646,C0008,P032,S001,D125,1,59.55,58.12,0.024
T005647,C0464,P035,S001,D022,2,65.64,115.66,0.119
T005648,C0045,P083,S001,D360,3,147.67,430.16,0.029
T005649,C0160,P066,S001,D182,5,291.66,1351.84,0.073
T005650,C0151,P146,S001,D145,3,122.79,356.58,0.032
T005651,C0409,P054,S001,D220,1,82.66,80.76,0.023
T005652,C0304,P047,S001,D236,2,213.37,422.05,0.011
T005653,C0440,P077,S001,D073,3,147.61,439.73,0.007
T005654,C0132,P100,S001,D039,1,108.53,99.52,0.083
T005655,C0060,P153,S001,D100,3,80.18,231.64,0.037
T005656,C0492,P064,S001,D356,1,327.66,315.86,0.036
T005657,C0474,P126,S001,D205,4,345.31,1348.09,0.024
T005658,C0413,P030,S001,D327,1,99.94,84.55,0.154
T005659,C0110,P064,S001,D142,2,333.07,598.86,0.101
T005660,C0037,P008,S001,D093,4,72.74,286.01,0.017
T005661,C0079,P049,S001,D194,2,90.09,175.13,0.028
T005662,C0313,P058,S001,D337,1,51.93,46.84,0.098
T005663,C0036,P108,S001,D116,2,130.61,257.3,0.015
T005664,C0498,P124,S001,D190,5,358.65,1604.96,0.105
T005665,C0185,P074,S001,D123,1,146.1,142.3,0.026
T005666,C0452,P113,S001,D298,1,175.98,172.99,0.017
T005667,C0471,P030,S001,D088,3,98.98,289.22,0.026
T005668,C0208,P085,S001,D150,2,150.76,241.82,0.198
T005669,C0223,P160,S001,D286,1,38.9,38.08,0.021
T005670,C0100,P005,S001,D240,4,86.18,340.93,0.011
T005671,C0368,P018,S001,D168,5,35.59,169.94,0.045
T005672,C0477,P086,S001,D267,1,148.06,138.58,0.064
T005673,C0156,P026,S001,D245,3,152.1,449.0,0.016
T005674,C0117,P155,S001,D120,2,78.19,137.77,0.119
T005675,C0465,P022,S001,D338,3,137.58,395.4,0.042
T005676,C0208,P001,S001,D232,2,77.93,131.86,0.154
T005677,C0170,P003,S001,D262,1,78.55,67.16,0.145
T005678,C0228,P106,S001,D164,2,125.45,242.12,0.035
T005679,C0202,P018,S001,D101,4,34.27,132.83,0.031
T005680,C0181,P139,S001,D213,2,267.52,509.36,0.048
T005681,C0082,P127,S001,D106,1,287.38,284.79,0.009
T005682,C0423,P151,S001,D094,1,1070.53,1068.39,0.002
T005683,C0480,P046,S001,D286,2,209.17,344.29,0.177
T005684,C0055,P099,S001,D229,1,89.52,81.11,0.094
T005685,C0159,P011,S001,D298,1,93.49,77.88,0.167
T005686,C0308,P034,S001,D052,1,61.99,61.25,0.012
T005687,C0487,P017,S001,D290,1,83.78,83.36,0.005
T005688,C0399,P027,S001,D218,1,92.17,90.42,0.019
T005689,C0308,P102,S001,D078,2,113.09,225.95,0.001
T005690,C0169,P091,S001,D018,1,113.67,102.42,0.099
T005691,C0228,P080,S001,D188,1,206.68,206.06,0.003
T005692,C0360,P165,S001,D134,1,29.05,28.12,0.032
T005693,C0208,P042,S001,D339,4,215.39,743.53,0.137
T005694,C0120,P128,S001,D168,2,333.52,591.0,0.114
T005695,C0138,P072,S001,D064,3,134.07,379.69,0.056
T005696,C0091,P028,S001,D133,4,101.85,389.07,0.045
T005697,C0342,P076,S001,D302,1,128.88,118.44,0.081
T005698,C0161,P145,S001,D316,1,125.96,120.29,0.045
T005699,C0183,P073,S001,D067,4,134.15,507.62,0.054
T005700,C0081,P160,S001,D175,2,40.87,78.63,0.038
T005701,C0359,P088,S001,D241,4,153.45,611.34,0.004
T005702,C0057,P022,S001,D075,4,135.18,440.15,0.186
T005703,C0477,P123,S001,D225,2,295.27,524.99,0.111
T005704,C0495,P144,S001,D133,2,140.6,271.64,0.034
T005705,C0302,P097,S001,D125,1,298.23,270.2,0.094
T005706,C0317,P138,S001,D269,1,268.0,246.29,0.081
T005707,C0023,P084,S001,D241,2,144.33,281.44,0.025
T005708,C0392,P018,S001,D231,1,34.44,34.1,0.01
T005709,C0067,P111,S001,D139,1,157.17,132.81,0.155
T005710,C0477,P029,S001,D353,4,90.95,326.69,0.102
T005711,C0346,P097,S001,D322,2,300.16,569.1,0.052
T005712,C0119,P098,S001,D009,1,99.82,95.73,0.041
T005713,C0025,P059,S001,D044,1,54.59,53.5,0.02
T005714,C0491,P121,S001,D085,2,199.29,372.67,0.065
T005715,C0156,P153,S001,D304,1,81.92,81.84,0.001
T005716,C0354,P129,S001,D276,1,100.12,99.52,0.006
T005717,C0143,P125,S001,D134,1,330.17,314.65,0.047
T005718,C0450,P138,S001,D341,1,265.96,265.43,0.002
T005719,C0314,P027,S001,D291,4,93.23,358.75,0.038
T005720,C0033,P005,S001,D001,1,83.53,82.28,0.015
T005721,C0315,P103,S001,D314,4,107.33,345.17,0.196
T005722,C0335,P074,S001,D110,2,145.21,263.41,0.093
T005723,C0457,P091,S001,D208,3,109.44,277.43,0.155
T005724,C0178,P003,S001,D003,1,80.58,79.61,0.012
T005725,C0192,P099,S001,D154,2,93.08,183.0,0.017
T005726,C0024,P166,S001,D290,2,27.29,51.58,0.055
T005727,C0031,P142,S001,D225,5,228.65,1115.81,0.024
T005728,C0482,P136,S001,D317,2,170.94,330.94,0.032
T005729,C0204,P085,S001,D352,1,148.18,141.22,0.047
T005730,C0466,P051,S001,D295,5,83.84,417.94,0.003
T005731,C0280,P003,S001,D156,1,78.8,67.45,0.144
T005732,C0135,P069,S001,D173,4,75.37,271.63,0.099
T005733,C0124,P046,S001,D247,1,217.57,199.08,0.085
T005734,C0356,P030,S001,D186,2,102.18,197.0,0.036
T005735,C0490,P120,S001,D026,1,208.24,194.91,0.064
T005736,C0435,P005,S001,D215,1,84.64,76.94,0.091
T005737,C0494,P058,S001,D356,1,53.75,47.84,0.11
T005738,C0011,P110,S001,D188,2,177.04,345.23,0.025
T005739,C0194,P073,S001,D050,1,133.26,127.66,0.042
T005740,C0172,P106,S001,D120,2,121.06,239.46,0.011
T005741,C0325,P089,S001,D146,1,103.02,102.92,0.001
T005742,C0253,P137,S001,D235,2,156.54,269.87,0.138
T005743,C0131,P019,S001,D284,2,36.06,66.57,0.077
T005744,C0147,P009,S001,D110,1,73.24,71.26,0.027
T005745,C0095,P158,S001,D175,1,37.92,36.74,0.031
T005746,C0339,P056,S001,D155,3,59.76,173.01,0.035
T005747,C0077,P103,S001,D137,3,102.98,271.25,0.122
T005748,C0170,P071,S001,D283,2,82.56,147.45,0.107
T005749,C0378,P144,S001,D239,3,140.51,409.31,0.029
T005750,C0330,P016,S001,D069,1,89.81,77.06,0.142
T005751,C0347,P132,S001,D257,1,89.75,88.67,0.012
T005752,C0327,P086,S001,D089,2,150.03,273.65,0.088
T005753,C0468,P108,S001,D207,1,130.18,128.49,0.013
T005754,C0008,P123,S001,D256,1,294.7,281.44,0.045
T005755,C0046,P078,S001,D229,2,196.92,361.94,0.081
T005756,C0407,P027,S001,D131,1,90.12,85.97,0.046
T005757,C0145,P053,S001,D025,1,95.07,93.45,0.017
T005758,C0500,P155,S001,D129,4,80.74,315.53,0.023
T005759,C0387,P095,S001,D324,1,304.16,256.71,0.156
T005760,C0405,P013,S001,D350,3,93.59,240.06,0.145
T005761,C0439,P153,S001,D073,2,80.92,151.64,0.063
T005762,C0088,P045,S001,D358,3,192.73,486.26,0.159
T005763,C0217,P096,S001,D155,2,273.66,504.63,0.078
T005764,C0119,P012,S001,D222,3,88.42,262.08,0.012
T005765,C0344,P064,S001,D286,2,331.16,584.17,0.118
T005766,C0005,P055,S001,D060,3,61.04,181.84,0.007
T005767,C0190,P102,S001,D241,1,108.92,107.94,0.009
T005768,C0131,P139,S001,D297,1,273.8,251.35,0.082
T005769,C0013,P106,S001,D166,2,123.75,246.02,0.006
T005770,C0465,P156,S001,D032,1,87.82,87.38,0.005
T005771,C0177,P142,S001,D014,2,234.65,411.58,0.123
T005772,C0385,P164,S001,D079,1,30.9,30.62,0.009
T005773,C0221,P124,S001,D184,2,354.84,665.68,0.062
T005774,C0332,P050,S001,D066,2,86.27,166.33,0.036
T005775,C0088,P079,S001,D071,3,194.4,471.81,0.191
T005776,C0269,P071,S001,D003,1,82.22,75.07,0.087
T005777,C0466,P037,S001,D037,1,154.41,154.41,0.0
T005778,C0188,P119,S001,D230,2,199.12,389.48,0.022
T005779,C0396,P128,S001,D229,1,329.41,281.97,0.144
T005780,C0275,P161,S001,D193,2,38.92,75.66,0.028
T005781,C0042,P046,S001,D147,4,214.2,819.1,0.044
T005782,C0292,P161,S001,D308,3,39.81,115.25,0.035
T005783,C0241,P101,S001,D002,3,105.1,304.26,0.035
T005784,C0196,P131,S001,D194,2,97.6,194.81,0.002
T005785,C0026,P054,S001,D083,2,83.57,160.62,0.039
T005786,C0470,P151,S001,D040,1,1085.52,991.08,0.087
T005787,C0414,P129,S001,D182,2,98.96,161.11,0.186
T005788,C0035,P072,S001,D154,1,132.87,122.77,0.076
T005789,C0483,P126,S001,D038,3,345.6,918.6,0.114
T005790,C0246,P025,S001,D095,3,131.37,378.35,0.04
T005791,C0142,P038,S001,D033,3,167.07,445.07,0.112
T005792,C0444,P027,S001,D036,1,89.66,84.55,0.057
T005793,C0264,P154,S001,D102,2,91.1,175.64,0.036
T005794,C0245,P140,S001,D308,2,265.49,502.31,0.054
T005795,C0283,P039,S001,D232,1,143.06,140.91,0.015
T005796,C0066,P068,S001,D230,1,77.38,68.95,0.109
T005797,C0118,P123,S001,D327,1,294.4,280.56,0.047
T005798,C0031,P130,S001,D228,3,86.19,254.95,0.014
T005799,C0250,P036,S001,D119,4,148.91,538.46,0.096
T005800,C0375,P090,S001,D087,1,111.96,107.82,0.037
T005801,C0269,P116,S001,D132,1,181.14,171.18,0.055
T005802,C0499,P005,S001,D361,3,88.06,244.37,0.075
T005803,C0309,P009,S001,D069,1,75.96,73.3,0.035
T005804,C0345,P090,S001,D196,5,111.92,542.25,0.031
T005805,C0007,P149,S001,D331,2,1167.13,2259.56,0.032
T005806,C0026,P059,S001,D068,4,55.49,213.97,0.036
T005807,C0077,P066,S001,D061,1,285.68,253.4,0.113
T005808,C0368,P038,S001,D054,1,168.15,165.12,0.018
T005809,C0477,P005,S001,D118,1,83.81,74.51,0.111
T005810,C0125,P131,S001,D328,1,96.53,95.56,0.01
T005811,C0461,P008,S001,D138,2,76.07,151.08,0.007
T005812,C0048,P070,S001,D272,1,74.26,70.99,0.044
T005813,C0209,P027,S001,D043,1,90.77,84.96,0.064
T005814,C0350,P137,S001,D227,3,163.92,465.2,0.054
T005815,C0367,P012,S001,D337,1,87.59,86.54,0.012
T005816,C0425,P040,S001,D147,2,139.21,255.59,0.082
T005817,C0204,P031,S001,D112,3,94.01,280.62,0.005
T005818,C0276,P046,S001,D046,2,207.78,372.34,0.104
T005819,C0351,P121,S001,D242,2,191.55,380.04,0.008
T005820,C0307,P079,S001,D333,1,194.67,188.05,0.034
T005821,C0417,P072,S001,D295,3,133.97,360.92,0.102
T005822,C0241,P128,S001,D235,2,333.18,637.71,0.043
T005823,C0021,P031,S001,D307,1,93.78,93.03,0.008
T005824,C0384,P122,S001,D181,4,198.19,741.23,0.065
T005825,C0484,P019,S001,D277,4,37.51,139.84,0.068
T005826,C0432,P148,S001,D090,5,1083.82,5272.78,0.027
T005827,C0142,P101,S001,D318,1,104.45,96.41,0.077
T005828,C0084,P003,S001,D007,2,77.68,154.74,0.004
T005829,C0445,P111,S001,D074,3,154.7,461.32,0.006
T005830,C0250,P020,S001,D068,3,32.79,93.06,0.054
T005831,C0208,P119,S001,D097,2,199.02,343.51,0.137
T005832,C0431,P156,S001,D308,5,87.67,352.0,0.197
T005833,C0202,P047,S001,D054,1,212.16,204.1,0.038
T005834,C0457,P149,S001,D155,1,1160.9,1018.11,0.123
T005835,C0202,P005,S001,D073,3,87.94,262.76,0.004
T005836,C0263,P003,S001,D061,2,80.79,149.46,0.075
T005837,C0031,P018,S001,D209,2,34.15,67.34,0.014
T005838,C0391,P159,S001,D233,5,39.85,196.26,0.015
T005839,C0019,P120,S001,D062,4,211.08,825.74,0.022
T005840,C0101,P055,S001,D357,5,60.32,253.34,0.16
T005841,C0097,P016,S001,D092,1,88.87,86.38,0.028
T005842,C0177,P099,S001,D158,4,89.34,298.4,0.165
T005843,C0193,P012,S001,D217,1,84.36,74.32,0.119
T005844,C0434,P124,S001,D345,1,343.66,341.25,0.007
T005845,C0452,P134,S001,D225,1,149.43,148.83,0.004
T005846,C0496,P039,S001,D029,3,142.48,399.66,0.065
T005847,C0211,P146,S001,D220,2,126.07,240.54,0.046
T005848,C0379,P087,S001,D066,5,154.34,697.62,0.096
T005849,C0357,P050,S001,D058,2,83.86,162.02,0.034
T005850,C0052,P073,S001,D131,3,132.63,354.12,0.11
T005851,C0326,P027,S001,D117,2,94.27,178.55,0.053
T005852,C0377,P018,S001,D107,1,34.55,30.44,0.119
T005853,C0487,P133,S001,D258,3,83.57,249.46,0.005
T005854,C0319,P029,S001,D043,1,94.12,93.46,0.007
T005855,C0123,P086,S001,D326,2,149.68,265.23,0.114
T005856,C0365,P108,S001,D145,1,127.6,123.77,0.03
T005857,C0350,P112,S001,D339,1,179.87,168.18,0.065
T005858,C0287,P047,S001,D319,1,210.6,208.07,0.012
T005859,C0069,P001,S001,D279,2,77.04,123.88,0.196
T005860,C0145,P049,S001,D062,3,93.34,266.3,0.049
T005861,C0096,P133,S001,D210,1,84.57,81.78,0.033
T005862,C0187,P012,S001,D040,1,86.24,75.72,0.122
T005863,C0134,P136,S001,D138,1,174.74,166.53,0.047
T005864,C0018,P134,S001,D231,1,149.21,139.21,0.067
T005865,C0041,P019,S001,D310,1,37.34,36.67,0.018
T005866,C0343,P118,S001,D228,3,214.26,629.92,0.02
T005867,C0192,P150,S001,D123,1,1208.43,1192.72,0.013
T005868,C0443,P071,S001,D159,4,80.67,311.06,0.036
T005869,C0470,P112,S001,D096,4,183.23,661.83,0.097
T005870,C0256,P116,S001,D278,2,176.68,345.23,0.023
T005871,C0301,P122,S001,D077,2,195.37,376.67,0.036
T005872,C0138,P149,S001,D116,1,1209.69,1069.37,0.116
T005873,C0470,P015,S001,D060,3,79.35,210.44,0.116
T005874,C0185,P029,S001,D330,2,94.32,184.49,0.022
T005875,C0289,P136,S001,D075,2,169.87,276.55,0.186
T005876,C0202,P116,S001,D014,2,177.28,341.8,0.036
T005877,C0398,P027,S001,D148,1,92.15,87.73,0.048
T005878,C0033,P032,S001,D017,1,61.12,58.37,0.045
T005879,C0065,P091,S001,D205,3,108.8,320.85,0.017
T005880,C0190,P080,S001,D115,1,198.59,191.64,0.035
T005881,C0005,P022,S001,D315,1,137.11,130.8,0.046
T005882,C0480,P029,S001,D200,1,92.4,74.47,0.194
T005883,C0261,P138,S001,D105,2,263.9,518.83,0.017
T005884,C0390,P024,S001,D256,5,133.46,662.63,0.007
T005885,C0403,P015,S001,D032,2,80.79,147.04,0.09
T005886,C0204,P086,S001,D216,3,145.94,428.19,0.022
T005887,C0058,P030,S001,D319,4,103.23,407.96,0.012
T005888,C0233,P010,S001,D109,2,93.86,163.69,0.128
T005889,C0123,P024,S001,D332,4,133.21,479.56,0.1
T005890,C0061,P021,S001,D114,2,34.16,63.06,0.077
T005891,C0478,P036,S001,D203,3,147.4,418.32,0.054
T005892,C0342,P141,S001,D220,1,271.22,245.18,0.096
T005893,C0299,P082,S001,D019,3,204.43,588.76,0.04
T005894,C0081,P002,S001,D108,1,80.42,77.12,0.041
T005895,C0155,P082,S001,D357,5,211.7,1011.93,0.044
T005896,C0110,P125,S001,D086,1,337.57,319.34,0.054
T005897,C0291,P145,S001,D170,1,123.19,119.12,0.033
T005898,C0235,P162,S001,D218,2,27.02,51.45,0.048
T005899,C0349,P165,S001,D077,5,30.34,151.55,0.001
T005900,C0331,P036,S001,D055,1,146.3,145.42,0.006
T005901,C0482,P111,S001,D261,2,157.8,309.92,0.018
T005902,C0086,P119,S001,D274,5,194.08,964.58,0.006
T005903,C0189,P049,S001,D016,4,92.15,360.49,0.022
T005904,C0470,P162,S001,D293,1,28.18,26.21,0.07
T005905,C0081,P049,S001,D201,3,89.31,256.94,0.041
T005906,C0337,P146,S001,D276,1,123.18,117.64,0.045
T005907,C0222,P008,S001,D020,1,76.58,74.67,0.025
T005908,C0236,P082,S001,D151,2,205.24,334.95,0.184
T005909,C0334,P038,S001,D258,2,172.72,316.08,0.085
T005910,C0058,P137,S001,D147,1,159.26,154.16,0.032
T005911,C0084,P019,S001,D104,4,37.7,143.71,0.047
T005912,C0347,P142,S001,D236,2,223.38,435.14,0.026
T005913,C0408,P002,S001,D319,1,77.6,74.73,0.037
T005914,C0076,P061,S001,D206,2,49.74,91.42,0.081
T005915,C0232,P099,S001,D323,1,90.02,77.15,0.143
T005916,C0350,P034,S001,D121,3,62.84,176.64,0.063
T005917,C0240,P122,S001,D092,3,187.16,553.62,0.014
T005918,C0032,P103,S001,D293,1,105.67,105.46,0.002
T005919,C0391,P039,S001,D321,3,146.69,432.15,0.018
T005920,C0079,P020,S001,D343,1,34.42,32.8,0.047
T005921,C0033,P095,S001,D135,1,288.96,275.38,0.047
T005922,C0167,P120,S001,D224,2,213.72,413.33,0.033
T005923,C0024,P095,S001,D223,1,289.17,256.2,0.114
T005924,C0248,P043,S001,D129,2,208.49,413.23,0.009
T005925,C0066,P017,S001,D255,3,83.69,235.25,0.063
T005926,C0238,P156,S001,D287,3,88.97,214.86,0.195
T005927,C0062,P038,S001,D273,1,168.01,152.55,0.092
T005928,C0117,P055,S001,D003,4,61.33,221.28,0.098
T005929,C0064,P153,S001,D280,1,81.9,81.0,0.011
T005930,C0204,P026,S001,D131,1,148.21,143.62,0.031
T005931,C0045,P102,S001,D074,3,109.84,326.88,0.008
T005932,C0018,P064,S001,D197,1,319.35,298.91,0.064
T005933,C0319,P087,S001,D039,2,154.36,297.91,0.035
T005934,C0266,P029,S001,D283,2,93.27,184.86,0.009
T005935,C0370,P018,S001,D224,2,33.58,60.78,0.095
T005936,C0295,P113,S001,D153,2,174.97,311.45,0.11
T005937,C0402,P108,S001,D227,2,128.87,242.53,0.059
T005938,C0192,P051,S001,D232,3,84.54,249.05,0.018
T005939,C0458,P083,S001,D102,4,147.52,490.95,0.168
T005940,C0466,P092,S001,D018,1,103.16,102.33,0.008
T005941,C0328,P104,S001,D184,2,112.63,216.02,0.041
T005942,C0117,P067,S001,D347,1,74.44,69.75,0.063
T005943,C0268,P056,S001,D229,1,58.56,58.03,0.009
T005944,C0148,P067,S001,D034,5,72.96,356.04,0.024
T005945,C0356,P008,S001,D325,1,76.3,73.32,0.039
T005946,C0114,P114,S001,D197,2,168.56,333.41,0.011
T005947,C0117,P040,S001,D150,4,139.07,525.13,0.056
T005948,C0180,P151,S001,D159,4,1134.21,4432.49,0.023
T005949,C0047,P102,S001,D107,1,112.57,109.42,0.028
T005950,C0236,P043,S001,D123,1,198.56,174.93,0.119
T005951,C0311,P127,S001,D251,1,292.5,278.46,0.048
T005952,C0392,P111,S001,D067,4,157.56,625.2,0.008
T005953,C0438,P114,S001,D038,1,162.78,162.45,0.002
T005954,C0008,P123,S001,D320,1,300.83,298.42,0.008
T005955,C0052,P123,S001,D307,5,298.36,1329.19,0.109
T005956,C0422,P084,S001,D088,2,144.54,253.81,0.122
T005957,C0493,P119,S001,D018,2,199.03,362.63,0.089
T005958,C0493,P076,S001,D230,1,129.25,122.01,0.056
T005959,C0440,P165,S001,D251,1,29.61,28.43,0.04
T005960,C0323,P088,S001,D213,1,149.1,143.88,0.035
T005961,C0135,P073,S001,D220,3,131.49,367.65,0.068
T005962,C0207,P046,S001,D339,3,211.01,586.82,0.073
T005963,C0386,P145,S001,D288,2,122.08,242.45,0.007
T005964,C0497,P163,S001,D194,4,28.71,109.21,0.049
T005965,C0079,P038,S001,D114,3,165.14,491.46,0.008
T005966,C0365,P079,S001,D112,2,199.68,386.58,0.032
T005967,C0387,P060,S001,D064,1,53.49,46.8,0.125
T005968,C0079,P070,S001,D226,5,73.94,351.22,0.05
T005969,C0440,P093,S001,D272,2,97.63,193.7,0.008
T005970,C0418,P060,S001,D354,4,53.68,193.68,0.098
T005971,C0441,P021,S001,D205,2,33.99,65.46,0.037
T005972,C0182,P031,S001,D315,1,91.27,89.54,0.019
T005973,C0421,P070,S001,D130,1,76.37,72.55,0.05
T005974,C0173,P147,S001,D036,5,130.78,632.32,0.033
T005975,C0461,P001,S001,D165,1,75.54,72.37,0.042
T005976,C0326,P018,S001,D221,1,35.16,32.21,0.084
T005977,C0409,P022,S001,D223,1,134.42,128.64,0.043
T005978,C0059,P093,S001,D169,1,96.42,84.17,0.127
T005979,C0351,P014,S001,D042,2,87.65,172.85,0.014
T005980,C0424,P046,S001,D003,3,207.94,530.87,0.149
T005981,C0162,P067,S001,D049,3,72.36,211.0,0.028
T005982,C0157,P109,S001,D225,2,128.06,247.67,0.033
T005983,C0166,P007,S001,D229,2,61.8,118.16,0.044
T005984,C0037,P146,S001,D353,2,122.73,240.8,0.019
T005985,C0206,P110,S001,D230,3,184.24,538.9,0.025
T005986,C0147,P148,S001,D171,2,1064.75,2106.08,0.011
T005987,C0425,P090,S001,D218,2,116.0,209.73,0.096
T005988,C0198,P091,S001,D121,3,108.7,293.16,0.101
T005989,C0405,P039,S001,D032,3,145.35,376.75,0.136
T005990,C0129,P136,S001,D047,2,170.85,280.19,0.18
T005991,C0480,P087,S001,D332,3,156.98,420.55,0.107
T005992,C0045,P053,S001,D249,1,92.46,89.13,0.036
T005993,C0037,P103,S001,D230,2,102.09,196.42,0.038
T005994,C0345,P107,S001,D019,1,123.72,121.12,0.021
T005995,C0009,P124,S001,D270,2,352.08,680.22,0.034
T005996,C0296,P158,S001,D173,2,38.23,69.5,0.091
T005997,C0109,P115,S001,D243,1,183.92,179.69,0.023
T005998,C0255,P046,S001,D236,2,209.48,415.19,0.009
T005999,C0245,P081,S001,D075,1,217.71,194.42,0.107
T006000,C0010,P053,S001,D123,2,91.49,178.95,0.022
T006001,C0082,P008,S001,D169,2,75.58,150.56,0.004
T006002,C0444,P047,S001,D188,1,214.6,202.37,0.057
T006003,C0374,P069,S001,D048,4,78.24,294.18,0.06
T006004,C0038,P158,S001,D215,4,38.73,140.98,0.09
T006005,C0385,P033,S001,D077,3,63.16,180.95,0.045
T006006,C0318,P035,S001,D315,3,64.48,188.22,0.027
T006007,C0332,P008,S001,D038,3,74.62,223.41,0.002
T006008,C0489,P051,S001,D093,3,82.35,244.33,0.011
T006009,C0085,P065,S001,D220,2,325.0,576.55,0.113
T006010,C0119,P039,S001,D038,1,141.89,137.63,0.03
T006011,C0395,P114,S001,D248,3,162.63,477.16,0.022
T006012,C0200,P011,S001,D302,1,93.18,83.58,0.103
T006013,C0492,P006,S001,D211,1,67.62,65.66,0.029
T006014,C0272,P007,S001,D236,2,63.26,123.48,0.024
T006015,C0279,P162,S001,D057,1,27.34,25.51,0.067
T006016,C0327,P126,S001,D048,3,362.14,960.4,0.116
T006017,C0351,P166,S001,D317,1,27.64,26.37,0.046
T006018,C0355,P145,S001,D098,3,122.42,365.06,0.006
T006019,C0047,P109,S001,D192,2,126.98,249.13,0.019
T006020,C0159,P022,S001,D304,1,133.96,107.84,0.195
T006021,C0345,P068,S001,D047,3,77.84,226.75,0.029
T006022,C0172,P088,S001,D110,1,146.83,145.95,0.006
T006023,C0024,P114,S001,D121,1,162.36,147.59,0.091
T006024,C0181,P071,S001,D153,1,82.49,79.27,0.039
T006025,C0249,P027,S001,D230,1,93.83,92.52,0.014
T006026,C0145,P082,S001,D177,3,209.03,612.67,0.023
T006027,C0472,P145,S001,D264,2,122.24,232.26,0.05
T006028,C0026,P140,S001,D133,1,262.87,257.35,0.021
T006029,C0288,P058,S001,D089,1,52.12,48.42,0.071
T006030,C0279,P137,S001,D217,2,160.87,296.0,0.08
T006031,C0206,P070,S001,D350,3,73.72,216.29,0.022
T006032,C0231,P037,S001,D015,5,158.43,757.3,0.044
T006033,C0046,P115,S001,D272,3,182.04,511.17,0.064
T006034,C0456,P128,S001,D220,1,334.18,277.7,0.169
T006035,C0018,P078,S001,D319,2,195.41,362.29,0.073
T006036,C0012,P080,S001,D164,1,203.31,199.65,0.018
T006037,C0358,P071,S001,D059,5,79.47,349.67,0.12
T006038,C0302,P153,S001,D075,3,81.76,216.34,0.118
T006039,C0290,P121,S001,D090,5,196.32,972.77,0.009
T006040,C0238,P023,S001,D032,3,143.99,384.02,0.111
T006041,C0326,P020,S001,D259,1,33.91,31.37,0.075
T006042,C0292,P147,S001,D185,2,134.65,266.34,0.011
T006043,C0106,P152,S001,D266,3,1184.66,3486.45,0.019
T006044,C0239,P134,S001,D017,2,148.42,294.17,0.009
T006045,C0180,P111,S001,D340,2,153.83,299.66,0.026
T006046,C0237,P040,S001,D277,3,138.99,412.8,0.01
T006047,C0154,P154,S001,D356,4,91.64,346.4,0.055
T006048,C0161,P136,S001,D024,4,171.31,653.72,0.046
T006049,C0318,P048,S001,D029,1,93.06,89.15,0.042
T006050,C0391,P142,S001,D082,3,227.66,669.32,0.02
T006051,C0473,P006,S001,D010,1,67.39,65.17,0.033
T006052,C0127,P154,S001,D284,3,91.99,239.27,0.133
T006053,C0135,P165,S001,D170,1,30.29,26.78,0.116
T006054,C0150,P103,S001,D292,2,106.29,209.39,0.015
T006055,C0132,P110,S001,D194,1,185.61,166.12,0.105
T006056,C0157,P039,S001,D156,2,146.54,287.22,0.02
T006057,C0476,P033,S001,D263,1,62.74,58.54,0.067
T006058,C0312,P013,S001,D220,2,89.55,172.83,0.035
T006059,C0440,P016,S001,D312,4,86.46,335.81,0.029
T006060,C0146,P140,S001,D302,4,266.53,1019.21,0.044
T006061,C0450,P089,S001,D119,4,103.41,413.23,0.001
T006062,C0389,P144,S001,D019,2,139.59,252.38,0.096
T006063,C0288,P104,S001,D098,1,109.14,101.94,0.066
T006064,C0304,P130,S001,D306,2,86.59,169.54,0.021
T006065,C0310,P154,S001,D190,3,94.37,254.52,0.101
T006066,C0112,P095,S001,D154,4,306.15,1184.19,0.033
T006067,C0273,P047,S001,D072,2,214.48,348.32,0.188
T006068,C0299,P013,S001,D082,1,92.91,91.7,0.013
T006069,C0128,P042,S001,D018,2,208.25,367.35,0.118
T006070,C0458,P149,S001,D164,3,1212.45,3109.93,0.145
T006071,C0032,P078,S001,D015,1,200.58,199.38,0.006
T006072,C0246,P006,S001,D331,1,69.35,67.69,0.024
T006073,C0155,P053,S001,D002,1,95.08,92.61,0.026
T006074,C0099,P126,S001,D287,2,348.4,672.41,0.035
T006075,C0212,P076,S001,D092,4,130.74,479.55,0.083
T006076,C0300,P153,S001,D018,2,78.82,141.25,0.104
T006077,C0020,P008,S001,D060,2,73.68,147.07,0.002
T006078,C0143,P159,S001,D219,4,39.34,150.75,0.042
T006079,C0196,P078,S001,D182,2,203.4,403.95,0.007
T006080,C0313,P115,S001,D141,1,179.88,170.17,0.054
T006081,C0015,P011,S001,D029,1,90.23,74.53,0.174
T006082,C0183,P116,S001,D064,2,174.28,311.96,0.105
T006083,C0105,P136,S001,D273,1,172.54,158.39,0.082
T006084,C0440,P137,S001,D049,1,158.27,155.42,0.018
T006085,C0362,P040,S001,D023,1,140.51,139.1,0.01
T006086,C0299,P086,S001,D303,2,146.25,282.56,0.034
T006087,C0242,P040,S001,D025,2,143.6,279.16,0.028
T006088,C0221,P108,S001,D226,2,134.56,254.05,0.056
T006089,C0294,P126,S001,D296,1,355.23,314.02,0.116
T006090,C0134,P069,S001,D294,1,78.45,76.25,0.028
T006091,C0097,P145,S001,D249,2,122.05,240.19,0.016
T006092,C0199,P126,S001,D102,1,347.01,345.62,0.004
T006093,C0479,P061,S001,D242,3,50.71,131.29,0.137
T006094,C0454,P105,S001,D075,2,125.07,238.88,0.045
T006095,C0098,P101,S001,D350,1,109.36,108.49,0.008
T006096,C0344,P152,S001,D328,1,1235.17,1107.95,0.103
T006097,C0128,P119,S001,D317,1,194.71,178.74,0.082
T006098,C0094,P070,S001,D011,3,73.58,206.39,0.065
T006099,C0056,P043,S001,D166,3,198.24,587.58,0.012
T006100,C0231,P098,S001,D350,1,100.1,98.0,0.021
T006101,C0380,P034,S001,D072,4,64.25,229.76,0.106
T006102,C0203,P086,S001,D047,2,150.18,292.25,0.027
T006103,C0015,P049,S001,D068,1,88.35,72.54,0.179
T006104,C0487,P110,S001,D305,1,184.13,177.5,0.036
T006105,C0460,P025,S001,D328,5,125.54,600.71,0.043
T006106,C0196,P014,S001,D312,1,87.45,83.25,0.048
T006107,C0079,P089,S001,D348,2,106.38,205.74,0.033
T006108,C0332,P091,S001,D094,1,112.71,110.0,0.024
T006109,C0456,P116,S001,D037,4,176.2,601.19,0.147
T006110,C0097,P159,S001,D346,2,40.34,79.47,0.015
T006111,C0431,P066,S001,D022,1,287.42,254.08,0.116
T006112,C0275,P029,S001,D070,2,93.37,178.9,0.042
T006113,C0485,P073,S001,D294,1,127.65,119.86,0.061
T006114,C0287,P129,S001,D099,3,98.43,291.16,0.014
T006115,C0201,P107,S001,D082,2,123.69,241.94,0.022
T006116,C0173,P092,S001,D020,1,106.28,102.24,0.038
T006117,C0389,P080,S001,D278,4,200.27,749.81,0.064
T006118,C0267,P022,S001,D113,2,140.56,272.41,0.031
T006119,C0120,P046,S001,D015,1,205.06,194.6,0.051
T006120,C0170,P051,S001,D170,1,81.75,65.48,0.199
T006121,C0111,P153,S001,D263,5,79.17,375.66,0.051
T006122,C0012,P157,S001,D200,2,88.09,173.89,0.013
T006123,C0240,P037,S001,D262,2,153.96,296.53,0.037
T006124,C0063,P051,S001,D314,2,83.08,152.87,0.08
T006125,C0234,P061,S001,D048,1,50.17,48.11,0.041
T006126,C0225,P065,S001,D017,1,333.41,331.08,0.007
T006127,C0245,P034,S001,D005,5,63.93,296.0,0.074
T006128,C0417,P078,S001,D365,3,196.1,521.82,0.113
T006129,C0030,P017,S001,D263,1,84.25,81.55,0.032
T006130,C0108,P067,S001,D251,2,71.6,136.47,0.047
T006131,C0089,P113,S001,D110,1,176.88,159.02,0.101
T006132,C0285,P124,S001,D054,2,356.29,683.36,0.041
T006133,C0088,P153,S001,D150,1,79.32,69.64,0.122
T006134,C0367,P009,S001,D166,1,76.89,73.81,0.04
T006135,C0024,P115,S001,D163,1,178.83,166.13,0.071
T006136,C0035,P131,S001,D284,4,99.88,357.17,0.106
T006137,C0415,P032,S001,D155,1,62.26,54.79,0.12
T006138,C0395,P073,S001,D233,5,127.41,622.4,0.023
T006139,C0084,P085,S001,D332,1,151.6,146.6,0.033
T006140,C0068,P046,S001,D207,2,208.65,398.94,0.044
T006141,C0030,P115,S001,D058,2,182.25,348.46,0.044
T006142,C0212,P129,S001,D207,3,100.23,280.24,0.068
T006143,C0453,P074,S001,D244,1,147.06,121.62,0.173
T006144,C0491,P112,S001,D171,3,176.84,470.04,0.114
T006145,C0329,P040,S001,D218,2,140.85,257.76,0.085
T006146,C0423,P085,S001,D350,5,145.43,723.51,0.005
T006147,C0403,P087,S001,D096,1,158.91,140.48,0.116
T006148,C0094,P014,S001,D210,1,88.34,83.57,0.054
T006149,C0185,P024,S001,D128,3,135.4,401.73,0.011
T006150,C0447,P048,S001,D238,1,93.45,92.7,0.008
T006151,C0347,P091,S001,D255,2,111.41,221.26,0.007
T006152,C0259,P122,S001,D364,2,197.22,393.26,0.003
T006153,C0080,P094,S001,D346,2,283.34,536.65,0.053
T006154,C0490,P106,S001,D001,1,122.94,110.89,0.098
T006155,C0198,P046,S001,D108,2,209.94,383.35,0.087
T006156,C0365,P004,S001,D358,1,74.5,72.64,0.025
T006157,C0379,P139,S001,D037,1,268.62,250.62,0.067
T006158,C0128,P059,S001,D234,3,56.67,156.07,0.082
T006159,C0394,P043,S001,D039,4,209.53,804.6,0.04
T006160,C0052,P073,S001,D104,2,128.31,242.25,0.056
T006161,C0025,P099,S001,D014,1,89.95,87.88,0.023
T006162,C0263,P001,S001,D186,1,73.95,66.63,0.099
T006163,C0353,P034,S001,D125,3,63.71,183.48,0.04
T006164,C0381,P158,S001,D344,3,37.99,102.91,0.097
T006165,C0457,P129,S001,D048,4,100.58,359.27,0.107
T006166,C0438,P015,S001,D262,3,76.58,220.32,0.041
T006167,C0150,P137,S001,D365,1,161.14,154.69,0.04
T006168,C0478,P079,S001,D138,4,196.29,737.27,0.061
T006169,C0054,P062,S001,D275,2,295.02,535.17,0.093
T006170,C0129,P155,S001,D285,1,79.66,70.26,0.118
T006171,C0163,P166,S001,D164,2,27.91,49.51,0.113
T006172,C0057,P081,S001,D139,3,213.74,566.2,0.117
T006173,C0073,P042,S001,D187,5,217.79,876.6,0.195
T006174,C0384,P035,S001,D039,2,63.9,119.49,0.065
T006175,C0233,P165,S001,D340,2,29.05,52.17,0.102
T006176,C0439,P163,S001,D118,5,27.58,129.63,0.06
T006177,C0193,P031,S001,D335,1,90.01,74.89,0.168
T006178,C0351,P029,S001,D145,1,93.46,90.66,0.03
T006179,C0331,P085,S001,D107,5,146.51,697.39,0.048
T006180,C0466,P013,S001,D188,2,89.3,171.99,0.037
T006181,C0355,P103,S001,D045,3,105.0,311.85,0.01
T006182,C0500,P129,S001,D250,1,96.56,95.11,0.015
T006183,C0450,P161,S001,D340,1,40.17,40.13,0.001
T006184,C0258,P060,S001,D037,2,54.24,105.77,0.025
T006185,C0307,P083,S001,D205,2,145.09,285.25,0.017
T006186,C0139,P052,S001,D129,2,83.33,159.99,0.04
T006187,C0006,P050,S001,D284,2,86.6,167.83,0.031
T006188,C0194,P046,S001,D028,1,214.65,207.35,0.034
T006189,C0037,P034,S001,D148,4,63.94,244.51,0.044
T006190,C0098,P125,S001,D111,3,338.96,994.51,0.022
T006191,C0132,P159,S001,D204,1,39.47,35.01,0.113
T006192,C0204,P067,S001,D155,2,73.24,141.65,0.033
T006193,C0082,P094,S001,D234,3,294.18,856.06,0.03
T006194,C0163,P022,S001,D335,1,135.81,126.44,0.069
T006195,C0232,P165,S001,D173,2,30.37,51.81,0.147
T006196,C0407,P038,S001,D357,4,165.43,631.28,0.046
T006197,C0291,P101,S001,D097,1,105.01,102.8,0.021
T006198,C0454,P066,S001,D233,5,288.83,1405.16,0.027
T006199,C0073,P113,S001,D047,1,175.84,155.97,0.113
T006200,C0335,P115,S001,D217,4,181.48,652.6,0.101
T006201,C0081,P019,S001,D232,2,36.11,71.21,0.014
T006202,C0037,P087,S001,D327,1,154.14,147.51,0.043
T006203,C0476,P129,S001,D045,2,99.37,185.82,0.065
T006204,C0078,P135,S001,D270,1,159.11,147.65,0.072
T006205,C0341,P076,S001,D160,4,133.35,522.73,0.02
T006206,C0224,P138,S001,D364,1,266.45,240.6,0.097
T006207,C0416,P158,S001,D132,1,36.95,31.74,0.141
T006208,C0424,P152,S001,D281,2,1226.51,2134.13,0.13
T006209,C0392,P157,S001,D319,2,92.04,183.71,0.002
T006210,C0194,P114,S001,D153,4,161.54,624.84,0.033
T006211,C0320,P148,S001,D059,5,1055.29,5107.6,0.032
T006212,C0283,P160,S001,D111,1,39.63,39.23,0.01
T006213,C0371,P086,S001,D011,2,144.21,240.83,0.165
T006214,C0390,P047,S001,D083,3,217.14,650.12,0.002
T006215,C0294,P051,S001,D067,2,82.41,146.69,0.11
T006216,C0361,P017,S001,D052,1,87.76,87.5,0.003
T006217,C0329,P153,S001,D135,1,78.59,69.95,0.11
T006218,C0049,P096,S001,D155,2,284.26,563.4,0.009
T006219,C0040,P126,S001,D257,3,350.2,1034.84,0.015
T006220,C0340,P025,S001,D012,2,131.47,233.75,0.111
T006221,C0191,P049,S001,D059,1,91.11,87.19,0.043
T006222,C0279,P126,S001,D285,1,351.16,321.31,0.085
T006223,C0206,P070,S001,D149,4,73.73,294.92,0.0
T006224,C0391,P072,S001,D067,2,133.15,259.11,0.027
T006225,C0135,P149,S001,D188,3,1197.84,3399.47,0.054
T006226,C0159,P049,S001,D167,1,93.57,77.2,0.175
T006227,C0429,P164,S001,D354,4,31.43,113.15,0.1
T006228,C0407,P121,S001,D262,2,195.87,380.38,0.029
T006229,C0258,P013,S001,D065,1,93.23,90.9,0.025
T006230,C0327,P055,S001,D116,1,59.75,55.75,0.067
T006231,C0161,P123,S001,D317,2,301.37,579.23,0.039
T006232,C0492,P086,S001,D046,2,146.7,287.53,0.02
T006233,C0485,P039,S001,D358,3,148.79,400.84,0.102
T006234,C0397,P153,S001,D134,1,81.79,79.34,0.03
T006235,C0371,P123,S001,D306,4,294.3,1024.16,0.13
T006236,C0093,P094,S001,D160,1,279.82,277.86,0.007
T006237,C0477,P073,S001,D280,3,130.72,368.63,0.06
T006238,C0039,P161,S001,D094,5,38.5,192.31,0.001
T006239,C0354,P119,S001,D226,2,193.15,380.89,0.014
T006240,C0314,P054,S001,D027,1,81.11,80.22,0.011
T006241,C0498,P094,S001,D060,1,279.83,251.57,0.101
T006242,C0481,P158,S001,D097,4,37.76,134.12,0.112
T006243,C0396,P075,S001,D130,1,141.03,114.66,0.187
T006244,C0047,P164,S001,D186,4,30.76,119.23,0.031
T006245,C0079,P027,S001,D056,2,93.93,184.1,0.02
T006246,C0313,P015,S001,D184,4,79.15,287.16,0.093
T006247,C0295,P159,S001,D296,4,39.63,149.48,0.057
T006248,C0083,P128,S001,D266,4,337.54,1336.66,0.01
T006249,C0377,P134,S001,D068,2,146.93,277.99,0.054
T006250,C0449,P136,S001,D190,1,169.46,166.07,0.02
T006251,C0378,P013,S001,D337,1,91.99,91.25,0.008
T006252,C0002,P099,S001,D120,2,89.63,176.21,0.017
T006253,C0101,P125,S001,D106,1,338.16,286.08,0.154
T006254,C0100,P152,S001,D157,1,1220.78,1209.79,0.009
T006255,C0050,P009,S001,D346,1,72.78,70.45,0.032
T006256,C0168,P117,S001,D151,1,196.68,193.93,0.014
T006257,C0454,P076,S001,D164,1,131.99,130.41,0.012
T006258,C0364,P053,S001,D229,2,90.08,176.92,0.018
T006259,C0353,P076,S001,D232,2,129.09,252.76,0.021
T006260,C0415,P056,S001,D212,3,58.6,158.92,0.096
T006261,C0290,P165,S001,D252,3,30.1,90.03,0.003
T006262,C0231,P057,S001,D125,5,58.08,280.24,0.035
T006263,C0084,P021,S001,D352,1,35.32,33.98,0.038
T006264,C0478,P141,S001,D129,3,259.98,728.46,0.066
T006265,C0433,P019,S001,D357,1,37.0,35.37,0.044
T006266,C0452,P057,S001,D054,3,59.74,173.84,0.03
T006267,C0198,P154,S001,D353,1,94.09,83.55,0.112
T006268,C0105,P166,S001,D233,3,27.05,74.33,0.084
T006269,C0461,P016,S001,D017,4,89.03,347.22,0.025
T006270,C0326,P060,S001,D199,1,51.92,47.04,0.094
T006271,C0278,P096,S001,D304,4,283.65,1017.74,0.103
T006272,C0394,P033,S001,D268,2,61.99,121.5,0.02
T006273,C0054,P151,S001,D027,1,1086.28,989.6,0.089
T006274,C0495,P124,S001,D087,2,356.45,712.9,0.0
T006275,C0039,P014,S001,D220,4,84.54,327.0,0.033
T006276,C0406,P110,S001,D267,2,178.72,341.36,0.045
T006277,C0368,P160,S001,D095,2,40.27,80.14,0.005
T006278,C0277,P132,S001,D349,1,94.19,84.68,0.101
T006279,C0115,P054,S001,D213,2,81.59,152.9,0.063
T006280,C0378,P017,S001,D293,1,86.45,82.73,0.043
T006281,C0271,P159,S001,D146,2,39.13,75.52,0.035
T006282,C0392,P143,S001,D225,1,129.05,124.53,0.035
T006283,C0208,P124,S001,D039,2,360.14,613.68,0.148
T006284,C0198,P018,S001,D183,1,33.72,31.93,0.053
T006285,C0387,P060,S001,D129,2,53.56,92.44,0.137
T006286,C0298,P111,S001,D209,1,154.36,149.42,0.032
T006287,C0479,P112,S001,D257,4,181.59,646.46,0.11
T006288,C0335,P071,S001,D199,2,82.35,153.67,0.067
T006289,C0039,P070,S001,D322,2,75.17,146.88,0.023
T006290,C0228,P115,S001,D023,2,187.93,373.6,0.006
T006291,C0471,P130,S001,D062,1,87.51,86.98,0.006
T006292,C0497,P143,S001,D013,2,127.96,248.5,0.029
T006293,C0274,P124,S001,D069,1,353.63,344.08,0.027
T006294,C0154,P110,S001,D334,4,180.84,661.87,0.085
T006295,C0377,P108,S001,D233,2,132.24,233.01,0.119
T006296,C0421,P041,S001,D112,2,160.94,310.61,0.035
T006297,C0193,P004,S001,D271,2,75.01,120.77,0.195
T006298,C0205,P139,S001,D270,1,274.99,226.59,0.176
T006299,C0314,P050,S001,D225,1,86.65,84.14,0.029
T006300,C0049,P120,S001,D128,4,207.23,810.68,0.022
T006301,C0158,P141,S001,D220,1,265.88,257.9,0.03
T006302,C0457,P090,S001,D303,2,117.6,203.68,0.134
T006303,C0115,P093,S001,D267,2,96.83,174.87,0.097
T006304,C0322,P141,S001,D362,1,266.19,256.07,0.038
T006305,C0378,P079,S001,D266,1,197.16,195.78,0.007
T006306,C0442,P018,S001,D242,3,34.78,95.89,0.081
T006307,C0322,P016,S001,D279,1,87.6,84.27,0.038
T006308,C0211,P139,S001,D233,4,273.16,1039.1,0.049
T006309,C0156,P023,S001,D084,1,140.71,137.61,0.022
T006310,C0317,P075,S001,D243,3,137.17,390.11,0.052
T006311,C0002,P158,S001,D275,3,37.85,110.14,0.03
T006312,C0158,P142,S001,D291,4,232.5,906.75,0.025
T006313,C0287,P161,S001,D160,2,38.87,75.33,0.031
T006314,C0293,P149,S001,D003,3,1178.35,3485.56,0.014
T006315,C0489,P166,S001,D333,1,27.53,26.43,0.04
T006316,C0411,P083,S001,D071,3,144.44,426.82,0.015
T006317,C0211,P072,S001,D304,2,132.19,260.68,0.014
T006318,C0235,P150,S001,D227,1,1175.93,1139.48,0.031
T006319,C0106,P108,S001,D206,2,130.06,252.58,0.029
T006320,C0414,P015,S001,D073,1,78.87,63.1,0.2
T006321,C0150,P032,S001,D021,1,62.39,60.71,0.027
T006322,C0136,P123,S001,D178,2,297.2,564.09,0.051
T006323,C0310,P008,S001,D293,1,73.33,66.36,0.095
T006324,C0413,P007,S001,D057,3,62.73,169.18,0.101
T006325,C0495,P090,S001,D186,3,112.23,322.55,0.042
T006326,C0017,P108,S001,D195,2,128.22,254.64,0.007
T006327,C0235,P031,S001,D107,1,89.25,87.46,0.02
T006328,C0284,P154,S001,D296,2,93.69,177.26,0.054
T006329,C0431,P052,S001,D258,3,83.73,219.29,0.127
T006330,C0427,P054,S001,D229,1,81.11,74.13,0.086
T006331,C0395,P099,S001,D363,2,90.51,175.95,0.028
T006332,C0277,P120,S001,D265,2,212.76,398.71,0.063
T006333,C0341,P139,S001,D320,1,279.44,274.97,0.016
T006334,C0157,P024,S001,D307,1,135.61,131.95,0.027
T006335,C0122,P119,S001,D142,5,199.75,824.97,0.174
T006336,C0135,P034,S001,D030,2,64.78,116.34,0.102
T006337,C0055,P027,S001,D031,1,92.42,85.12,0.079
T006338,C0444,P028,S001,D222,1,97.33,91.49,0.06
T006339,C0492,P141,S001,D108,3,263.19,774.57,0.019
T006340,C0007,P113,S001,D084,2,167.94,332.19,0.011
T006341,C0348,P155,S001,D225,1,78.01,72.0,0.077
T006342,C0348,P094,S001,D169,2,284.83,517.82,0.091
T006343,C0446,P145,S001,D243,5,125.91,582.33,0.075
T006344,C0105,P132,S001,D289,1,89.59,79.02,0.118
T006345,C0184,P076,S001,D038,2,130.87,260.43,0.005
T006346,C0134,P053,S001,D274,2,94.35,186.81,0.01
T006347,C0225,P145,S001,D085,2,127.4,246.39,0.033
T006348,C0460,P163,S001,D340,1,28.75,28.12,0.022
T006349,C0292,P079,S001,D341,2,194.21,373.66,0.038
T006350,C0468,P005,S001,D143,2,86.87,173.57,0.001
T006351,C0061,P004,S001,D154,4,75.75,284.52,0.061
T006352,C0450,P101,S001,D122,2,108.16,215.89,0.002
T006353,C0058,P004,S001,D161,2,76.2,150.88,0.01
T006354,C0191,P116,S001,D146,2,182.65,363.11,0.006
T006355,C0119,P116,S001,D283,1,176.04,173.4,0.015
T006356,C0487,P121,S001,D112,2,202.74,402.64,0.007
T006357,C0305,P058,S001,D025,1,53.6,49.42,0.078
T006358,C0141,P031,S001,D104,1,92.7,81.85,0.117
T006359,C0287,P160,S001,D066,1,40.98,40.16,0.02
T006360,C0470,P063,S001,D135,3,269.42,750.87,0.071
T006361,C0020,P062,S001,D041,2,291.32,559.92,0.039
T006362,C0065,P135,S001,D271,1,154.6,147.49,0.046
T006363,C0313,P039,S001,D206,4,146.41,520.63,0.111
T006364,C0071,P067,S001,D351,2,72.75,124.69,0.143
T006365,C0092,P018,S001,D319,2,33.91,64.9,0.043
T006366,C0064,P125,S001,D165,2,335.38,659.36,0.017
T006367,C0111,P055,S001,D019,1,61.21,55.4,0.095
T006368,C0151,P046,S001,D131,4,210.51,841.2,0.001
T006369,C0256,P141,S001,D119,1,260.98,249.24,0.045
T006370,C0156,P049,S001,D019,1,91.12,88.02,0.034
T006371,C0167,P033,S001,D262,2,61.87,122.38,0.011
T006372,C0224,P085,S001,D303,1,146.01,137.69,0.057
T006373,C0422,P164,S001,D299,1,31.4,26.6,0.153
T006374,C0161,P093,S001,D193,3,93.39,268.4,0.042
T006375,C0497,P003,S001,D340,5,77.61,381.45,0.017
T006376,C0179,P090,S001,D124,3,112.55,334.95,0.008
T006377,C0425,P067,S001,D177,1,75.16,68.25,0.092
T006378,C0002,P010,S001,D010,1,93.15,91.29,0.02
T006379,C0338,P086,S001,D170,2,144.9,288.35,0.005
T006380,C0445,P150,S001,D287,2,1144.14,2205.9,0.036
T006381,C0242,P107,S001,D231,2,122.93,236.27,0.039
T006382,C0074,P106,S001,D362,1,123.3,120.46,0.023
T006383,C0081,P127,S001,D353,1,291.23,287.15,0.014
T006384,C0329,P139,S001,D232,3,275.18,770.23,0.067
T006385,C0178,P138,S001,D084,3,271.5,785.18,0.036
T006386,C0165,P104,S001,D346,1,111.7,110.69,0.009
T006387,C0300,P159,S001,D174,1,39.58,37.13,0.062
T006388,C0431,P001,S001,D205,3,75.34,187.37,0.171
T006389,C0161,P013,S001,D103,1,88.78,88.25,0.006
T006390,C0258,P115,S001,D228,4,181.03,711.09,0.018
T006391,C0044,P160,S001,D244,1,39.89,39.77,0.003
T006392,C0470,P017,S001,D140,1,83.62,74.42,0.11
T006393,C0025,P142,S001,D302,1,228.04,221.2,0.03
T006394,C0133,P097,S001,D319,1,301.65,279.93,0.072
T006395,C0242,P159,S001,D045,3,38.55,113.57,0.018
T006396,C0110,P091,S001,D295,2,110.66,208.04,0.06
T006397,C0225,P102,S001,D073,3,112.34,324.55,0.037
T006398,C0437,P067,S001,D286,1,74.59,74.14,0.006
T006399,C0405,P116,S001,D354,1,182.18,161.78,0.112
T006400,C0298,P121,S001,D303,1,194.83,187.04,0.04
T006401,C0293,P059,S001,D299,1,56.1,55.37,0.013
T006402,C0434,P107,S001,D243,2,127.91,253.26,0.01
T006403,C0171,P099,S001,D345,2,90.57,165.56,0.086
T006404,C0016,P097,S001,D093,1,297.55,279.99,0.059
T006405,C0112,P049,S001,D195,1,90.47,86.49,0.044
T006406,C0036,P106,S001,D006,1,123.7,122.22,0.012
T006407,C0330,P003,S001,D219,2,79.44,133.46,0.16
T006408,C0094,P120,S001,D351,3,210.9,599.17,0.053
T006409,C0243,P036,S001,D016,1,144.73,138.36,0.044
T006410,C0416,P074,S001,D196,3,150.29,402.63,0.107
T006411,C0407,P134,S001,D332,3,143.63,419.26,0.027
T006412,C0101,P106,S001,D120,2,118.72,193.99,0.183
T006413,C0223,P019,S001,D085,3,36.18,104.85,0.034
T006414,C0161,P103,S001,D223,3,102.75,301.47,0.022
T006415,C0157,P079,S001,D102,1,198.49,190.15,0.042
T006416,C0109,P133,S001,D159,1,84.76,81.71,0.036
T006417,C0248,P086,S001,D261,2,150.46,289.18,0.039
T006418,C0026,P005,S001,D273,1,83.68,81.34,0.028
T006419,C0055,P085,S001,D124,1,146.28,131.94,0.098
T006420,C0097,P053,S001,D335,2,91.7,175.51,0.043
T006421,C0255,P058,S001,D179,3,50.94,149.15,0.024
T006422,C0381,P004,S001,D191,5,75.06,352.41,0.061
T006423,C0415,P048,S001,D137,1,90.59,80.17,0.115
T006424,C0159,P040,S001,D129,1,137.4,112.53,0.181
T006425,C0070,P035,S001,D174,2,65.2,126.62,0.029
T006426,C0455,P058,S001,D226,2,51.84,99.53,0.04
T006427,C0135,P026,S001,D159,1,152.14,140.88,0.074
T006428,C0313,P053,S001,D017,1,93.35,84.86,0.091
T006429,C0015,P093,S001,D164,4,97.33,346.11,0.111
T006430,C0273,P129,S001,D151,1,98.35,85.17,0.134
T006431,C0117,P013,S001,D044,2,91.38,166.86,0.087
T006432,C0120,P052,S001,D336,2,85.18,153.66,0.098
T006433,C0175,P133,S001,D057,2,80.97,134.41,0.17
T006434,C0277,P035,S001,D316,2,65.23,117.94,0.096
T006435,C0149,P056,S001,D198,1,59.61,59.07,0.009
T006436,C0151,P070,S001,D331,1,74.14,71.4,0.037
T006437,C0264,P145,S001,D260,2,125.89,248.0,0.015
T006438,C0385,P075,S001,D175,2,141.67,271.44,0.042
T006439,C0315,P054,S001,D264,2,83.44,140.51,0.158
T006440,C0225,P064,S001,D279,2,318.8,608.27,0.046
T006441,C0190,P123,S001,D043,2,306.84,586.68,0.044
T006442,C0169,P096,S001,D274,3,279.03,761.75,0.09
T006443,C0387,P033,S001,D257,3,62.42,150.74,0.195
T006444,C0380,P139,S001,D227,2,268.03,487.28,0.091
T006445,C0092,P033,S001,D282,5,61.02,298.39,0.022
T006446,C0299,P016,S001,D184,1,87.53,85.17,0.027
T006447,C0339,P147,S001,D041,3,136.26,391.61,0.042
T006448,C0430,P094,S001,D333,1,279.17,277.22,0.007
T006449,C0271,P136,S001,D067,2,170.56,330.2,0.032
T006450,C0465,P094,S001,D347,2,292.68,559.02,0.045
T006451,C0237,P024,S001,D185,1,130.36,128.27,0.016
T006452,C0298,P007,S001,D219,1,63.24,60.33,0.046
T006453,C0135,P074,S001,D086,1,150.39,134.3,0.107
T006454,C0405,P027,S001,D015,1,90.84,73.31,0.193
T006455,C0218,P027,S001,D356,1,92.11,88.06,0.044
T006456,C0268,P005,S001,D346,2,88.28,167.91,0.049
T006457,C0054,P114,S001,D259,2,161.61,290.57,0.101
T006458,C0327,P014,S001,D293,1,83.71,76.43,0.087
T006459,C0175,P082,S001,D332,2,211.39,344.57,0.185
T006460,C0059,P002,S001,D025,3,79.64,201.17,0.158
T006461,C0313,P012,S001,D241,4,88.59,324.59,0.084
T006462,C0276,P064,S001,D074,3,317.03,840.76,0.116
T006463,C0173,P163,S001,D238,3,28.06,80.48,0.044
T006464,C0012,P005,S001,D089,1,86.95,84.25,0.031
T006465,C0470,P158,S001,D019,1,38.56,34.36,0.109
T006466,C0294,P085,S001,D206,5,148.7,697.4,0.062
T006467,C0054,P120,S001,D189,1,211.13,192.13,0.09
T006468,C0190,P077,S001,D299,4,146.75,570.56,0.028
T006469,C0218,P116,S001,D088,1,183.04,177.73,0.029
T006470,C0114,P058,S001,D237,4,53.24,208.91,0.019
T006471,C0322,P160,S001,D362,4,40.8,160.59,0.016
T006472,C0259,P110,S001,D168,1,182.9,182.72,0.001
T006473,C0370,P127,S001,D053,1,291.92,262.14,0.102
T006474,C0394,P108,S001,D351,3,133.5,394.09,0.016
T006475,C0065,P096,S001,D203,2,279.67,558.78,0.001
T006476,C0382,P049,S001,D063,3,88.84,258.79,0.029
T006477,C0404,P116,S001,D065,2,179.39,358.42,0.001
T006478,C0491,P145,S001,D041,1,126.5,119.04,0.059
T006479,C0294,P097,S001,D331,2,311.39,577.94,0.072
T006480,C0331,P053,S001,D145,1,94.9,93.29,0.017
T006481,C0125,P088,S001,D212,1,151.7,151.4,0.002
T006482,C0031,P077,S001,D031,1,150.08,147.68,0.016
T006483,C0274,P120,S001,D094,2,215.61,412.68,0.043
T006484,C0368,P001,S001,D127,1,74.32,73.28,0.014
T006485,C0032,P132,S001,D248,2,94.36,185.89,0.015
T006486,C0366,P132,S001,D003,2,92.04,169.72,0.078
T006487,C0464,P147,S001,D292,4,131.84,475.15,0.099
T006488,C0403,P147,S001,D057,2,133.34,249.61,0.064
T006489,C0388,P034,S001,D289,3,63.14,167.83,0.114
T006490,C0041,P027,S001,D255,1,90.57,89.03,0.017
T006491,C0369,P165,S001,D317,2,29.8,57.93,0.028
T006492,C0108,P127,S001,D235,2,289.96,556.72,0.04
T006493,C0031,P003,S001,D118,2,80.31,155.64,0.031
T006494,C0279,P148,S001,D096,1,1043.1,927.32,0.111
T006495,C0385,P147,S001,D046,3,135.82,398.5,0.022
T006496,C0188,P009,S001,D028,2,75.61,148.95,0.015
T006497,C0341,P144,S001,D019,1,136.03,131.54,0.033
T006498,C0441,P103,S001,D044,3,104.03,306.16,0.019
T006499,C0300,P028,S001,D289,3,98.81,277.75,0.063
T006500,C0178,P018,S001,D209,1,35.16,34.95,0.006
T006501,C0195,P072,S001,D178,2,130.82,256.41,0.02
T006502,C0348,P078,S001,D089,3,199.65,541.45,0.096
T006503,C0430,P087,S001,D095,5,155.88,770.05,0.012
T006504,C0249,P075,S001,D303,1,135.39,135.25,0.001
T006505,C0082,P061,S001,D143,1,50.72,49.65,0.021
T006506,C0393,P136,S001,D286,4,171.68,632.47,0.079
T006507,C0176,P068,S001,D268,1,78.71,77.53,0.015
T006508,C0267,P163,S001,D235,3,27.23,78.42,0.04
T006509,C0132,P129,S001,D240,1,95.26,85.83,0.099
T006510,C0212,P006,S001,D283,3,66.55,177.09,0.113
T006511,C0320,P157,S001,D280,1,92.28,90.16,0.023
T006512,C0486,P089,S001,D191,2,102.87,196.48,0.045
T006513,C0172,P032,S001,D103,2,61.5,117.96,0.041
T006514,C0471,P052,S001,D324,1,82.51,79.13,0.041
T006515,C0022,P051,S001,D302,1,84.59,80.53,0.048
T006516,C0020,P065,S001,D019,2,320.35,622.76,0.028
T006517,C0001,P155,S001,D017,2,77.02,146.49,0.049
T006518,C0005,P097,S001,D106,2,298.31,582.3,0.024
T006519,C0107,P042,S001,D135,1,211.63,201.68,0.047
T006520,C0261,P123,S001,D330,5,307.71,1518.55,0.013
T006521,C0133,P065,S001,D294,4,329.9,1211.39,0.082
T006522,C0271,P066,S001,D310,1,295.03,291.78,0.011
T006523,C0163,P086,S001,D255,4,150.3,532.06,0.115
T006524,C0295,P162,S001,D158,4,27.32,97.7,0.106
T006525,C0215,P048,S001,D346,3,91.12,254.77,0.068
T006526,C0388,P013,S001,D249,3,92.93,252.03,0.096
T006527,C0311,P009,S001,D002,1,75.58,72.93,0.035
T006528,C0002,P147,S001,D160,3,133.65,397.34,0.009
T006529,C0275,P129,S001,D095,2,99.34,195.9,0.014
T006530,C0315,P125,S001,D273,3,333.38,823.12,0.177
T006531,C0447,P025,S001,D110,1,126.91,120.82,0.048
T006532,C0058,P007,S001,D332,2,64.48,127.41,0.012
T006533,C0426,P008,S001,D103,2,76.03,147.95,0.027
T006534,C0458,P121,S001,D106,2,196.64,320.52,0.185
T006535,C0064,P066,S001,D027,1,289.77,277.02,0.044
T006536,C0011,P056,S001,D024,1,58.7,57.47,0.021
T006537,C0284,P077,S001,D060,3,152.48,403.0,0.119
T006538,C0404,P086,S001,D270,2,144.2,282.92,0.019
T006539,C0427,P084,S001,D044,2,143.19,256.6,0.104
T006540,C0393,P148,S001,D126,1,1075.19,1006.38,0.064
T006541,C0485,P148,S001,D195,1,1035.92,947.87,0.085
T006542,C0268,P039,S001,D177,4,149.06,581.33,0.025
T006543,C0106,P043,S001,D215,1,204.72,200.22,0.022
T006544,C0383,P164,S001,D010,5,30.55,139.61,0.086
T006545,C0375,P005,S001,D312,1,84.36,82.67,0.02
T006546,C0390,P166,S001,D199,3,27.48,82.36,0.001
T006547,C0129,P092,S001,D032,3,102.28,254.06,0.172
T006548,C0310,P025,S001,D044,4,124.55,441.41,0.114
T006549,C0483,P083,S001,D065,3,148.31,416.45,0.064
T006550,C0423,P021,S001,D333,4,34.93,136.79,0.021
T006551,C0012,P140,S001,D116,5,265.88,1321.42,0.006
T006552,C0069,P049,S001,D188,2,90.07,147.89,0.179
T006553,C0497,P006,S001,D257,1,66.39,65.53,0.013
T006554,C0336,P093,S001,D127,4,98.25,376.1,0.043
T006555,C0120,P132,S001,D317,5,94.44,428.29,0.093
T006556,C0371,P102,S001,D255,2,110.88,189.6,0.145
T006557,C0069,P101,S001,D313,4,104.07,343.01,0.176
T006558,C0034,P074,S001,D261,1,142.42,128.18,0.1
T006559,C0254,P085,S001,D317,1,149.23,142.96,0.042
T006560,C0140,P084,S001,D223,2,137.12,271.22,0.011
T006561,C0139,P046,S001,D348,4,209.65,805.89,0.039
T006562,C0431,P116,S001,D303,1,179.03,159.69,0.108
T006563,C0319,P012,S001,D308,2,85.99,166.65,0.031
T006564,C0051,P027,S001,D024,1,94.64,90.29,0.046
T006565,C0074,P083,S001,D088,3,146.57,427.84,0.027
T006566,C0239,P039,S001,D137,3,141.44,408.62,0.037
T006567,C0286,P021,S001,D150,1,34.6,33.32,0.037
T006568,C0131,P150,S001,D331,2,1200.35,2184.64,0.09
T006569,C0105,P098,S001,D303,1,96.95,89.58,0.076
T006570,C0254,P015,S001,D183,3,80.33,231.35,0.04
T006571,C0095,P043,S001,D283,1,201.55,198.93,0.013
T006572,C0456,P101,S001,D126,2,108.49,180.74,0.167
T006573,C0089,P084,S001,D203,2,139.81,263.4,0.058
T006574,C0425,P143,S001,D065,1,128.18,121.51,0.052
T006575,C0157,P120,S001,D051,4,210.34,822.85,0.022
T006576,C0353,P040,S001,D144,1,138.72,138.3,0.003
T006577,C0007,P128,S001,D365,5,330.16,1617.78,0.02
T006578,C0356,P044,S001,D317,3,188.83,564.79,0.003
T006579,C0477,P027,S001,D002,1,90.2,85.51,0.052
T006580,C0305,P114,S001,D288,1,164.12,146.89,0.105
T006581,C0201,P134,S001,D154,3,149.95,440.4,0.021
T006582,C0070,P109,S001,D326,1,122.75,120.54,0.018
T006583,C0210,P022,S001,D021,4,140.26,544.77,0.029
T006584,C0006,P057,S001,D354,4,57.88,225.96,0.024
T006585,C0161,P151,S001,D211,1,1071.87,1066.51,0.005
T006586,C0125,P107,S001,D035,3,122.18,348.95,0.048
T006587,C0289,P049,S001,D248,1,93.44,83.82,0.103
T006588,C0237,P002,S001,D360,1,77.02,75.25,0.023
T006589,C0098,P087,S001,D068,1,158.16,157.84,0.002
T006590,C0232,P094,S001,D306,3,280.85,750.71,0.109
T006591,C0105,P122,S001,D352,2,193.38,356.98,0.077
T006592,C0022,P128,S001,D317,1,342.18,333.97,0.024
T006593,C0039,P159,S001,D341,4,39.54,154.21,0.025
T006594,C0096,P120,S001,D128,1,207.0,198.72,0.04
T006595,C0130,P131,S001,D275,3,96.2,255.41,0.115
T006596,C0397,P159,S001,D345,2,38.66,75.77,0.02
T006597,C0058,P152,S001,D159,1,1254.01,1246.49,0.006
T006598,C0086,P105,S001,D330,1,127.69,121.31,0.05
T006599,C0036,P065,S001,D071,4,325.93,1303.72,0.0
T006600,C0132,P132,S001,D168,2,91.19,168.15,0.078
T006601,C0075,P005,S001,D265,3,87.4,252.24,0.038
T006602,C0151,P084,S001,D160,3,143.5,410.27,0.047
T006603,C0068,P161,S001,D082,2,38.48,76.42,0.007
T006604,C0332,P108,S001,D007,2,130.05,258.28,0.007
T006605,C0093,P027,S001,D098,4,90.55,351.7,0.029
T006606,C0387,P096,S001,D159,2,269.85,434.46,0.195
T006607,C0468,P161,S001,D295,2,40.25,77.52,0.037
T006608,C0299,P042,S001,D360,1,209.71,201.95,0.037
T006609,C0229,P162,S001,D164,5,27.96,128.2,0.083
T006610,C0093,P013,S001,D027,5,90.28,450.95,0.001
T006611,C0346,P087,S001,D106,5,152.83,691.56,0.095
T006612,C0181,P130,S001,D280,3,86.52,256.7,0.011
T006613,C0067,P071,S001,D155,4,80.69,287.9,0.108
T006614,C0239,P013,S001,D289,2,91.52,180.29,0.015
T006615,C0286,P088,S001,D081,1,145.42,138.29,0.049
T006616,C0069,P131,S001,D092,1,95.93,83.08,0.134
T006617,C0355,P062,S001,D251,1,290.99,283.13,0.027
T006618,C0058,P153,S001,D188,5,80.03,397.35,0.007
T006619,C0055,P017,S001,D025,3,86.32,243.94,0.058
T006620,C0490,P048,S001,D335,4,93.5,339.97,0.091
T006621,C0431,P073,S001,D025,2,128.0,209.66,0.181
T006622,C0277,P055,S001,D339,1,61.02,53.7,0.12
T006623,C0360,P116,S001,D229,4,176.19,683.62,0.03
T006624,C0275,P048,S001,D078,1,93.25,92.04,0.013
T006625,C0285,P146,S001,D206,1,124.29,118.82,0.044
T006626,C0264,P083,S001,D360,2,145.91,290.07,0.006
T006627,C0238,P023,S001,D063,2,143.45,256.49,0.106
T006628,C0005,P020,S001,D247,2,33.78,66.68,0.013
T006629,C0234,P038,S001,D025,3,166.33,486.02,0.026
T006630,C0119,P019,S001,D236,3,36.74,106.58,0.033
T006631,C0500,P047,S001,D075,1,207.41,201.6,0.028
T006632,C0293,P129,S001,D276,1,95.05,93.62,0.015
T006633,C0434,P056,S001,D284,5,58.43,290.98,0.004
T006634,C0154,P119,S001,D099,3,192.91,533.59,0.078
T006635,C0378,P067,S001,D156,2,74.56,145.24,0.026
T006636,C0422,P033,S001,D122,1,63.35,51.06,0.194
T006637,C0104,P039,S001,D164,3,144.63,413.06,0.048
T006638,C0321,P154,S001,D066,3,91.04,270.39,0.01
T006639,C0167,P128,S001,D273,1,346.97,342.11,0.014
T006640,C0138,P091,S001,D347,2,111.69,207.97,0.069
T006641,C0484,P043,S001,D062,3,209.65,575.49,0.085
T006642,C0061,P166,S001,D351,1,27.06,23.87,0.118
T006643,C0211,P091,S001,D135,1,110.4,107.97,0.022
T006644,C0076,P016,S001,D143,2,88.86,168.66,0.051
T006645,C0034,P025,S001,D365,2,132.13,247.35,0.064
T006646,C0373,P074,S001,D283,2,146.58,236.29,0.194
T006647,C0076,P048,S001,D154,4,93.15,344.66,0.075
T006648,C0169,P004,S001,D183,2,73.35,137.16,0.065
T006649,C0112,P114,S001,D258,3,160.81,481.95,0.001
T006650,C0281,P133,S001,D140,3,82.73,231.56,0.067
T006651,C0150,P034,S001,D050,4,64.44,244.87,0.05
T006652,C0233,P071,S001,D034,1,79.57,70.74,0.111
T006653,C0003,P049,S001,D162,1,88.19,85.9,0.026
T006654,C0394,P028,S001,D283,3,100.54,286.54,0.05
T006655,C0063,P164,S001,D322,1,30.35,27.98,0.078
T006656,C0002,P095,S001,D290,5,288.93,1375.31,0.048
T006657,C0436,P002,S001,D268,3,76.43,222.87,0.028
T006658,C0380,P089,S001,D261,5,104.77,467.8,0.107
T006659,C0072,P059,S001,D343,3,56.87,168.9,0.01
T006660,C0234,P121,S001,D121,4,200.06,777.03,0.029
T006661,C0273,P072,S001,D261,3,136.03,343.61,0.158
T006662,C0236,P058,S001,D309,5,52.98,221.99,0.162
T006663,C0199,P161,S001,D094,2,38.06,73.08,0.04
T006664,C0173,P007,S001,D097,2,62.37,118.63,0.049
T006665,C0487,P028,S001,D324,1,96.41,92.26,0.043
T006666,C0466,P149,S001,D268,1,1197.22,1168.49,0.024
T006667,C0133,P107,S001,D248,2,124.06,234.97,0.053
T006668,C0012,P061,S001,D304,1,51.86,49.73,0.041
T006669,C0498,P062,S001,D348,5,295.05,1373.46,0.069
T006670,C0113,P025,S001,D118,4,126.37,476.16,0.058
T006671,C0050,P117,S001,D351,1,195.67,193.32,0.012
T006672,C0229,P113,S001,D085,2,168.31,317.43,0.057
T006673,C0452,P063,S001,D356,4,264.71,1053.55,0.005
T006674,C0310,P044,S001,D265,1,187.73,173.46,0.076
T006675,C0133,P021,S001,D050,1,34.3,32.24,0.06
T006676,C0294,P086,S001,D195,1,151.79,140.86,0.072
T006677,C0499,P145,S001,D273,1,120.26,108.84,0.095
T006678,C0413,P141,S001,D295,3,269.54,726.95,0.101
T006679,C0186,P022,S001,D211,1,134.08,120.27,0.103
T006680,C0143,P077,S001,D199,1,147.61,147.46,0.001
T006681,C0165,P047,S001,D024,1,211.07,204.95,0.029
T006682,C0306,P036,S001,D351,1,142.51,129.54,0.091
T006683,C0361,P021,S001,D026,1,34.18,33.5,0.02
T006684,C0227,P036,S001,D215,4,141.63,564.82,0.003
T006685,C0030,P077,S001,D269,2,148.84,293.81,0.013
T006686,C0330,P131,S001,D251,1,98.56,80.72,0.181
T006687,C0362,P098,S001,D226,2,100.43,191.62,0.046
T006688,C0353,P105,S001,D207,4,127.38,486.08,0.046
T006689,C0335,P088,S001,D357,1,147.2,135.28,0.081
T006690,C0473,P071,S001,D280,2,82.13,156.38,0.048
T006691,C0077,P085,S001,D248,3,151.63,391.66,0.139
T006692,C0018,P040,S001,D325,2,139.97,256.15,0.085
T006693,C0036,P134,S001,D326,1,146.46,141.48,0.034
T006694,C0464,P001,S001,D343,1,74.38,69.47,0.066
T006695,C0468,P029,S001,D362,4,90.97,346.05,0.049
T006696,C0211,P141,S001,D086,1,261.04,248.51,0.048
T006697,C0114,P130,S001,D285,1,86.67,84.68,0.023
T006698,C0005,P055,S001,D310,2,58.92,116.9,0.008
T006699,C0049,P026,S001,D265,4,152.32,592.22,0.028
T006700,C0072,P152,S001,D005,5,1221.34,6002.89,0.017
T006701,C0282,P122,S001,D171,5,188.47,922.56,0.021
T006702,C0036,P091,S001,D171,1,112.48,108.09,0.039
T006703,C0499,P066,S001,D357,1,287.57,261.69,0.09
T006704,C0147,P147,S001,D265,3,134.41,385.08,0.045
T006705,C0059,P152,S001,D302,2,1245.58,2227.1,0.106
T006706,C0309,P166,S001,D339,3,26.98,80.7,0.003
T006707,C0219,P072,S001,D341,1,131.76,124.64,0.054
T006708,C0066,P075,S001,D110,1,138.54,126.49,0.087
T006709,C0235,P142,S001,D258,2,224.23,446.67,0.004
T006710,C0451,P140,S001,D114,1,274.97,272.5,0.009
T006711,C0463,P141,S001,D289,2,258.12,497.14,0.037
T006712,C0474,P164,S001,D054,1,31.05,30.96,0.003
T006713,C0046,P105,S001,D134,3,124.47,337.56,0.096
T006714,C0136,P040,S001,D102,4,143.45,516.42,0.1
T006715,C0006,P157,S001,D251,5,89.59,438.54,0.021
T006716,C0385,P119,S001,D155,1,196.26,186.84,0.048
T006717,C0396,P114,S001,D105,2,169.65,274.49,0.191
T006718,C0387,P125,S001,D225,3,328.37,849.16,0.138
T006719,C0024,P137,S001,D139,2,163.79,304.32,0.071
T006720,C0091,P157,S001,D071,2,91.72,174.45,0.049
T006721,C0215,P105,S001,D038,3,131.05,349.9,0.11
T006722,C0154,P070,S001,D257,2,74.11,130.73,0.118
T006723,C0055,P036,S001,D291,1,145.74,135.1,0.073
T006724,C0004,P008,S001,D067,1,74.23,66.81,0.1
T006725,C0409,P163,S001,D333,2,28.14,55.72,0.01
T006726,C0375,P127,S001,D115,1,289.19,277.04,0.042
T006727,C0133,P097,S001,D284,5,297.78,1356.39,0.089
T006728,C0216,P003,S001,D248,1,77.36,73.49,0.05
T006729,C0274,P129,S001,D343,1,95.85,91.35,0.047
T006730,C0388,P026,S001,D028,1,144.41,130.26,0.098
T006731,C0423,P107,S001,D244,2,124.59,237.22,0.048
T006732,C0202,P086,S001,D243,2,147.27,294.54,0.0
T006733,C0201,P039,S001,D040,4,148.59,573.56,0.035
T006734,C0199,P119,S001,D134,4,203.52,775.82,0.047
T006735,C0401,P156,S001,D313,2,87.58,173.76,0.008
T006736,C0067,P078,S001,D169,3,195.64,523.53,0.108
T006737,C0475,P081,S001,D098,1,215.38,210.64,0.022
T006738,C0210,P067,S001,D278,1,75.11,73.46,0.022
T006739,C0439,P160,S001,D319,5,40.84,182.76,0.105
T006740,C0151,P138,S001,D239,5,270.17,1295.47,0.041
T006741,C0340,P107,S001,D067,5,122.35,546.9,0.106
T006742,C0107,P069,S001,D114,2,76.85,153.39,0.002
T006743,C0500,P147,S001,D013,2,136.54,262.16,0.04
T006744,C0156,P133,S001,D274,1,82.64,80.66,0.024
T006745,C0155,P131,S001,D355,2,100.03,198.86,0.006
T006746,C0161,P109,S001,D270,1,128.75,123.47,0.041
T006747,C0158,P003,S001,D240,1,77.22,74.44,0.036
T006748,C0450,P142,S001,D271,2,233.23,457.6,0.019
T006749,C0079,P004,S001,D025,2,77.64,154.04,0.008
T006750,C0173,P025,S001,D234,1,130.54,127.67,0.022
T006751,C0130,P065,S001,D344,2,328.49,589.31,0.103
T006752,C0084,P035,S001,D307,2,64.3,124.87,0.029
T006753,C0089,P002,S001,D082,3,76.08,210.44,0.078
T006754,C0354,P038,S001,D088,1,166.51,164.18,0.014
T006755,C0420,P007,S001,D164,2,61.57,122.4,0.006
T006756,C0344,P165,S001,D257,2,29.99,51.04,0.149
T006757,C0101,P111,S001,D038,2,157.95,281.78,0.108
T006758,C0076,P006,S001,D308,1,68.13,64.72,0.05
T006759,C0343,P156,S001,D244,1,87.73,86.41,0.015
T006760,C0173,P077,S001,D178,1,149.97,144.12,0.039
T006761,C0257,P082,S001,D091,1,212.92,194.82,0.085
T006762,C0092,P067,S001,D043,2,74.55,145.22,0.026
T006763,C0142,P109,S001,D138,2,126.66,233.31,0.079
T006764,C0012,P081,S001,D280,3,220.15,647.24,0.02
T006765,C0444,P116,S001,D097,2,181.43,336.01,0.074
T006766,C0051,P115,S001,D291,3,186.39,531.21,0.05
T006767,C0094,P081,S001,D179,3,208.57,558.76,0.107
T006768,C0190,P074,S001,D031,1,144.99,140.21,0.033
T006769,C0143,P119,S001,D018,1,193.37,186.41,0.036
T006770,C0127,P099,S001,D015,1,94.06,83.53,0.112
T006771,C0206,P017,S001,D134,1,83.61,81.02,0.031
T006772,C0487,P124,S001,D259,1,351.21,351.21,0.0
T006773,C0485,P071,S001,D262,3,79.57,224.39,0.06
T006774,C0366,P059,S001,D213,2,57.02,101.38,0.111
T006775,C0198,P133,S001,D205,1,80.42,76.08,0.054
T006776,C0084,P135,S001,D031,1,154.09,148.7,0.035
T006777,C0054,P151,S001,D252,3,1109.24,3031.55,0.089
T006778,C0304,P036,S001,D174,2,145.75,278.09,0.046
T006779,C0026,P140,S001,D304,1,264.15,253.58,0.04
T006780,C0017,P093,S001,D153,1,98.77,97.78,0.01
T006781,C0471,P004,S001,D023,2,77.59,148.82,0.041
T006782,C0124,P009,S001,D199,1,73.24,66.06,0.098
T006783,C0383,P064,S001,D049,1,317.4,283.12,0.108
T006784,C0391,P001,S001,D056,3,76.73,225.36,0.021
T006785,C0400,P084,S001,D001,1,142.59,136.32,0.044
T006786,C0388,P023,S001,D256,1,143.53,127.02,0.115
T006787,C0390,P138,S001,D331,4,278.52,1094.03,0.018
T006788,C0367,P146,S001,D278,3,125.71,362.8,0.038
T006789,C0027,P133,S001,D354,1,83.74,82.65,0.013
T006790,C0298,P145,S001,D209,1,124.94,119.69,0.042
T006791,C0326,P145,S001,D110,2,123.59,225.68,0.087
T006792,C0445,P064,S001,D176,2,322.59,645.18,0.0
T006793,C0062,P019,S001,D214,1,35.94,31.74,0.117
T006794,C0175,P154,S001,D188,5,91.57,387.8,0.153
T006795,C0362,P138,S001,D235,2,264.42,516.15,0.024
T006796,C0086,P070,S001,D031,2,74.89,144.69,0.034
T006797,C0429,P150,S001,D215,2,1170.62,1933.86,0.174
T006798,C0242,P059,S001,D043,1,55.02,53.75,0.023
T006799,C0390,P141,S001,D076,5,257.0,1270.86,0.011
T006800,C0058,P152,S001,D339,1,1250.12,1243.87,0.005
T006801,C0015,P085,S001,D305,1,148.02,125.67,0.151
T006802,C0399,P140,S001,D339,1,272.86,259.49,0.049
T006803,C0080,P123,S001,D004,1,294.3,275.46,0.064
T006804,C0306,P020,S001,D022,1,34.55,31.41,0.091
T006805,C0197,P145,S001,D042,1,121.99,118.94,0.025
T006806,C0062,P134,S001,D099,3,146.8,403.41,0.084
T006807,C0429,P165,S001,D258,2,29.13,49.81,0.145
T006808,C0215,P118,S001,D008,4,214.66,809.7,0.057
T006809,C0463,P023,S001,D105,5,140.23,673.1,0.04
T006810,C0281,P078,S001,D063,5,192.53,865.42,0.101
T006811,C0282,P024,S001,D182,2,133.19,261.59,0.018
T006812,C0444,P056,S001,D189,5,59.84,283.64,0.052
T006813,C0087,P087,S001,D312,1,157.21,152.02,0.033
T006814,C0151,P143,S001,D362,2,124.91,240.33,0.038
T006815,C0110,P025,S001,D121,2,131.2,231.7,0.117
T006816,C0084,P011,S001,D017,5,94.81,471.21,0.006
T006817,C0300,P036,S001,D219,5,140.67,618.95,0.12
T006818,C0309,P040,S001,D073,1,141.13,138.45,0.019
T006819,C0181,P135,S001,D094,2,161.53,318.86,0.013
T006820,C0342,P077,S001,D155,2,148.14,273.47,0.077
T006821,C0227,P047,S001,D277,4,214.99,844.48,0.018
T006822,C0224,P052,S001,D150,4,84.11,316.93,0.058
T006823,C0296,P157,S001,D289,1,91.48,81.05,0.114
T006824,C0187,P058,S001,D219,1,52.85,42.6,0.194
T006825,C0483,P134,S001,D274,1,143.34,132.88,0.073
T006826,C0377,P066,S001,D212,2,283.88,523.47,0.078
T006827,C0153,P077,S001,D075,2,151.27,279.24,0.077
T006828,C0003,P143,S001,D171,2,127.1,254.2,0.0
T006829,C0102,P023,S001,D113,3,143.32,408.89,0.049
T006830,C0489,P110,S001,D338,2,185.91,362.15,0.026
T006831,C0133,P021,S001,D345,1,35.47,33.31,0.061
T006832,C0435,P085,S001,D062,1,145.0,130.21,0.102
T006833,C0058,P066,S001,D340,2,292.67,560.17,0.043
T006834,C0296,P086,S001,D106,1,144.47,131.76,0.088
T006835,C0150,P023,S001,D243,5,144.53,714.7,0.011
T006836,C0006,P068,S001,D129,2,75.88,151.0,0.005
T006837,C0218,P069,S001,D275,2,77.96,149.68,0.04
T006838,C0417,P046,S001,D022,2,205.14,365.15,0.11
T006839,C0024,P090,S001,D218,1,112.07,103.55,0.076
T006840,C0037,P020,S001,D270,5,33.53,161.61,0.036
T006841,C0391,P010,S001,D335,3,93.51,272.68,0.028
T006842,C0199,P157,S001,D329,5,90.67,444.28,0.02
T006843,C0407,P093,S001,D241,1,94.77,91.64,0.033
T006844,C0480,P116,S001,D235,4,179.72,623.27,0.133
T006845,C0159,P132,S001,D245,2,92.54,164.91,0.109
T006846,C0167,P097,S001,D147,2,293.82,584.11,0.006
T006847,C0390,P045,S001,D273,1,189.09,184.36,0.025
T006848,C0133,P147,S001,D114,2,135.24,253.98,0.061
T006849,C0259,P133,S001,D294,1,84.23,81.79,0.029
T006850,C0218,P139,S001,D030,4,280.28,1114.39,0.006
T006851,C0242,P072,S001,D153,5,130.48,641.31,0.017
T006852,C0382,P075,S001,D189,1,140.22,134.19,0.043
T006853,C0071,P059,S001,D016,1,56.4,50.31,0.108
T006854,C0230,P137,S001,D071,1,163.19,151.28,0.073
T006855,C0051,P058,S001,D252,3,51.08,148.64,0.03
T006856,C0392,P144,S001,D294,2,138.65,270.37,0.025
T006857,C0175,P117,S001,D085,3,191.49,508.41,0.115
T006858,C0438,P162,S001,D159,2,28.19,56.27,0.002
T006859,C0344,P122,S001,D244,5,196.52,839.14,0.146
T006860,C0117,P157,S001,D276,4,90.86,344.9,0.051
T006861,C0152,P141,S001,D072,1,268.57,262.66,0.022
T006862,C0378,P101,S001,D194,1,109.44,107.47,0.018
T006863,C0144,P093,S001,D152,3,95.79,280.76,0.023
T006864,C0073,P014,S001,D352,1,83.75,74.87,0.106
T006865,C0053,P124,S001,D343,4,340.68,1199.19,0.12
T006866,C0424,P028,S001,D303,5,98.89,439.07,0.112
T006867,C0197,P096,S001,D294,3,281.86,813.45,0.038
T006868,C0247,P034,S001,D331,3,63.63,172.76,0.095
T006869,C0118,P085,S001,D189,4,147.38,568.3,0.036
T006870,C0111,P140,S001,D085,2,264.44,490.8,0.072
T006871,C0117,P013,S001,D134,2,91.12,163.29,0.104
T006872,C0455,P164,S001,D086,2,30.7,58.88,0.041
T006873,C0431,P147,S001,D013,1,131.51,107.18,0.185
T006874,C0362,P155,S001,D085,1,78.55,77.84,0.009
T006875,C0026,P147,S001,D318,2,130.39,258.43,0.009
T006876,C0133,P036,S001,D045,1,147.03,135.56,0.078
T006877,C0271,P124,S001,D228,2,348.58,692.28,0.007
T006878,C0231,P098,S001,D192,2,96.97,188.9,0.026
T006879,C0154,P165,S001,D147,3,30.5,84.09,0.081
T006880,C0220,P063,S001,D320,1,267.41,253.77,0.051
T006881,C0335,P093,S001,D221,1,98.51,88.86,0.098
T006882,C0074,P028,S001,D118,2,98.76,196.93,0.003
T006883,C0428,P013,S001,D113,1,92.09,87.76,0.047
T006884,C0107,P007,S001,D216,2,63.99,121.84,0.048
T006885,C0206,P014,S001,D265,2,86.02,166.02,0.035
T006886,C0184,P097,S001,D311,1,304.47,301.12,0.011
T006887,C0271,P030,S001,D204,1,100.67,98.15,0.025
T006888,C0244,P149,S001,D345,4,1201.5,4128.35,0.141
T006889,C0344,P095,S001,D132,1,300.9,246.74,0.18
T006890,C0265,P152,S001,D331,3,1248.14,3647.07,0.026
T006891,C0202,P078,S001,D245,3,199.39,590.99,0.012
T006892,C0030,P157,S001,D268,4,90.64,348.42,0.039
T006893,C0399,P097,S001,D198,1,297.78,297.78,0.0
T006894,C0404,P113,S001,D007,1,167.71,163.35,0.026
T006895,C0428,P162,S001,D202,2,27.64,54.89,0.007
T006896,C0103,P037,S001,D162,2,155.23,278.79,0.102
T006897,C0490,P148,S001,D121,3,1079.99,2941.89,0.092
T006898,C0231,P093,S001,D200,1,95.83,94.58,0.013
T006899,C0005,P108,S001,D097,2,129.4,250.0,0.034
T006900,C0378,P164,S001,D046,3,30.48,89.34,0.023
T006901,C0378,P025,S001,D054,4,128.1,497.03,0.03
T006902,C0238,P054,S001,D013,4,82.33,285.19,0.134
T006903,C0131,P070,S001,D331,5,73.1,325.3,0.11
T006904,C0301,P074,S001,D059,1,148.45,148.3,0.001
T006905,C0426,P160,S001,D066,1,40.69,40.16,0.013
T006906,C0433,P144,S001,D297,3,135.49,402.0,0.011
T006907,C0207,P135,S001,D084,4,160.61,604.54,0.059
T006908,C0374,P066,S001,D148,1,285.46,270.05,0.054
T006909,C0091,P074,S001,D162,1,143.79,139.19,0.032
T006910,C0247,P004,S001,D057,2,73.81,132.42,0.103
T006911,C0428,P054,S001,D014,3,82.16,241.8,0.019
T006912,C0455,P023,S001,D184,1,144.41,140.08,0.03
T006913,C0496,P130,S001,D269,1,87.45,80.45,0.08
T006914,C0030,P049,S001,D303,2,92.42,183.36,0.008
T006915,C0453,P049,S001,D214,5,91.14,405.12,0.111
T006916,C0138,P121,S001,D221,3,201.18,556.46,0.078
T006917,C0284,P141,S001,D335,2,259.8,480.11,0.076
T006918,C0482,P113,S001,D306,3,168.52,494.94,0.021
T006919,C0297,P013,S001,D274,2,88.27,171.42,0.029
T006920,C0413,P116,S001,D052,1,175.05,157.02,0.103
T006921,C0093,P103,S001,D228,1,106.3,100.98,0.05
T006922,C0292,P101,S001,D010,1,109.14,109.03,0.001
T006923,C0456,P017,S001,D195,2,84.72,140.97,0.168
T006924,C0138,P157,S001,D324,3,89.58,253.96,0.055
T006925,C0217,P125,S001,D008,3,334.13,891.12,0.111
T006926,C0231,P127,S001,D227,2,291.92,558.15,0.044
T006927,C0010,P163,S001,D360,3,28.64,82.48,0.04
T006928,C0042,P007,S001,D058,1,62.75,62.12,0.01
T006929,C0455,P092,S001,D281,3,106.58,305.67,0.044
T006930,C0351,P039,S001,D332,1,141.29,141.01,0.002
T006931,C0299,P138,S001,D289,2,265.7,526.62,0.009
T006932,C0428,P150,S001,D130,2,1171.69,2312.92,0.013
T006933,C0144,P060,S001,D211,2,52.76,104.36,0.011
T006934,C0058,P142,S001,D199,1,234.94,229.77,0.022
T006935,C0289,P032,S001,D076,5,60.55,259.15,0.144
T006936,C0124,P074,S001,D030,1,150.31,142.79,0.05
T006937,C0114,P035,S001,D171,1,66.64,66.51,0.002
T006938,C0204,P088,S001,D075,1,151.99,149.56,0.016
T006939,C0032,P154,S001,D363,2,91.2,179.3,0.017
T006940,C0374,P151,S001,D132,1,1110.43,978.29,0.119
T006941,C0167,P043,S001,D130,2,199.34,386.72,0.03
T006942,C0378,P151,S001,D055,1,1109.9,1103.24,0.006
T006943,C0359,P115,S001,D066,3,179.17,517.08,0.038
T006944,C0093,P165,S001,D199,2,29.69,59.14,0.004
T006945,C0459,P102,S001,D043,3,110.36,295.32,0.108
T006946,C0114,P011,S001,D342,1,91.37,91.19,0.002
T006947,C0500,P138,S001,D101,1,275.02,263.74,0.041
T006948,C0031,P016,S001,D114,1,85.76,83.87,0.022
T006949,C0215,P121,S001,D243,1,196.63,177.95,0.095
T006950,C0422,P061,S001,D119,1,49.58,40.36,0.186
T006951,C0284,P145,S001,D006,4,124.91,462.17,0.075
T006952,C0106,P023,S001,D286,3,145.26,430.11,0.013
T006953,C0384,P093,S001,D131,1,96.97,89.6,0.076
T006954,C0232,P039,S001,D130,3,147.51,375.71,0.151
T006955,C0280,P091,S001,D162,1,111.18,90.95,0.182
T006956,C0215,P018,S001,D174,1,35.07,30.86,0.12
T006957,C0386,P119,S001,D084,3,197.3,565.86,0.044
T006958,C0087,P085,S001,D286,2,143.52,286.75,0.001
T006959,C0367,P005,S001,D278,2,87.9,170.88,0.028
T006960,C0432,P064,S001,D245,4,331.95,1287.97,0.03
T006961,C0085,P041,S001,D068,1,155.74,147.17,0.055
T006962,C0191,P086,S001,D286,1,150.14,143.08,0.047
T006963,C0452,P026,S001,D217,1,150.74,146.07,0.031
T006964,C0144,P086,S001,D276,4,145.55,565.32,0.029
T006965,C0018,P156,S001,D260,2,88.56,166.14,0.062
T006966,C0081,P095,S001,D344,1,294.74,291.79,0.01
T006967,C0106,P007,S001,D161,2,61.89,117.84,0.048
T006968,C0126,P048,S001,D041,1,90.37,90.19,0.002
T006969,C0415,P047,S001,D253,1,211.06,190.8,0.096
T006970,C0170,P088,S001,D262,1,148.29,119.08,0.197
T006971,C0059,P126,S001,D328,2,355.41,587.85,0.173
T006972,C0173,P133,S001,D244,2,81.57,156.61,0.04
T006973,C0350,P152,S001,D301,1,1246.61,1164.33,0.066
T006974,C0208,P075,S001,D109,2,138.7,227.19,0.181
T006975,C0414,P056,S001,D026,5,58.41,242.4,0.17
T006976,C0107,P117,S001,D341,1,194.52,187.13,0.038
T006977,C0126,P073,S001,D304,1,128.8,127.77,0.008
T006978,C0436,P109,S001,D183,1,124.08,118.37,0.046
T006979,C0304,P102,S001,D124,4,109.4,437.6,0.0
T006980,C0276,P076,S001,D245,2,128.02,233.0,0.09
T006981,C0380,P076,S001,D338,2,132.06,239.03,0.095
T006982,C0063,P030,S001,D010,4,98.82,348.64,0.118
T006983,C0138,P049,S001,D282,4,92.28,348.45,0.056
T006984,C0451,P054,S001,D310,3,82.72,242.7,0.022
T006985,C0171,P111,S001,D246,1,159.89,147.58,0.077
T006986,C0465,P022,S001,D048,2,139.58,270.79,0.03
T006987,C0069,P165,S001,D209,2,30.42,54.03,0.112
T006988,C0125,P107,S001,D035,2,128.4,251.66,0.02
T006989,C0039,P042,S001,D029,3,212.38,627.58,0.015
T006990,C0191,P122,S001,D221,2,190.34,379.54,0.003
T006991,C0008,P052,S001,D127,2,82.93,160.88,0.03
T006992,C0444,P111,S001,D167,1,155.32,146.47,0.057
T006993,C0105,P052,S001,D120,3,85.52,237.57,0.074
T006994,C0408,P071,S001,D155,2,78.88,156.66,0.007
T006995,C0203,P112,S001,D128,1,180.59,174.27,0.035
T006996,C0052,P092,S001,D211,3,104.71,293.4,0.066
T006997,C0206,P028,S001,D089,4,96.68,378.6,0.021
T006998,C0487,P092,S001,D092,2,103.41,203.51,0.016
T006999,C0342,P015,S001,D128,1,80.38,72.82,0.094
T007000,C0205,P014,S001,D226,2,84.86,151.05,0.11
T007001,C0464,P118,S001,D108,2,209.29,396.81,0.052
T007002,C0318,P147,S001,D143,1,132.5,129.58,0.022
T007003,C0393,P101,S001,D275,5,105.49,501.08,0.05
T007004,C0304,P159,S001,D282,3,38.38,110.88,0.037
T007005,C0273,P098,S001,D303,4,101.22,351.44,0.132
T007006,C0071,P097,S001,D056,3,298.42,788.72,0.119
T007007,C0362,P161,S001,D064,3,38.29,112.8,0.018
T007008,C0118,P024,S001,D329,1,137.17,134.7,0.018
T007009,C0163,P114,S001,D334,2,161.72,302.42,0.065
T007010,C0396,P144,S001,D156,2,135.14,227.58,0.158
T007011,C0054,P057,S001,D211,1,57.74,52.14,0.097
T007012,C0026,P085,S001,D209,5,147.7,722.25,0.022
T007013,C0470,P125,S001,D348,3,335.02,909.58,0.095
T007014,C0134,P120,S001,D352,1,211.4,201.04,0.049
T007015,C0192,P142,S001,D039,1,232.58,229.56,0.013
T007016,C0068,P108,S001,D230,1,128.14,127.5,0.005
T007017,C0280,P045,S001,D178,2,188.63,308.6,0.182
T007018,C0322,P066,S001,D135,1,295.77,291.04,0.016
T007019,C0478,P063,S001,D360,4,272.12,1025.35,0.058
T007020,C0093,P043,S001,D065,1,207.02,197.08,0.048
T007021,C0155,P102,S001,D190,1,111.67,108.99,0.024
T007022,C0022,P142,S001,D231,4,228.98,886.61,0.032
T007023,C0425,P128,S001,D191,1,338.77,299.13,0.117
T007024,C0451,P081,S001,D030,2,210.41,417.03,0.009
T007025,C0302,P148,S001,D221,1,1085.14,998.33,0.08
T007026,C0049,P158,S001,D087,1,37.41,36.25,0.031
T007027,C0030,P129,S001,D081,5,95.83,468.13,0.023
T007028,C0278,P111,S001,D120,1,159.07,140.46,0.117
T007029,C0141,P082,S001,D134,2,202.71,370.55,0.086
T007030,C0326,P166,S001,D041,3,27.53,73.92,0.105
T007031,C0377,P061,S001,D108,2,50.66,94.94,0.063
T007032,C0379,P103,S001,D354,4,105.01,370.48,0.118
T007033,C0165,P088,S001,D035,1,151.48,146.03,0.036
T007034,C0245,P152,S001,D008,1,1190.9,1065.86,0.105
T007035,C0010,P057,S001,D299,3,59.28,175.53,0.013
T007036,C0247,P100,S001,D279,1,107.52,97.74,0.091
T007037,C0087,P026,S001,D227,1,146.73,139.98,0.046
T007038,C0442,P080,S001,D037,3,207.89,554.44,0.111
T007039,C0378,P133,S001,D135,1,82.01,78.81,0.039
T007040,C0201,P009,S001,D240,2,73.52,145.86,0.008
T007041,C0094,P143,S001,D129,1,130.07,123.44,0.051
T007042,C0055,P008,S001,D164,1,74.98,69.36,0.075
T007043,C0408,P140,S001,D131,2,273.64,529.77,0.032
T007044,C0087,P076,S001,D245,2,133.79,254.47,0.049
T007045,C0229,P069,S001,D060,2,75.97,139.94,0.079
T007046,C0302,P022,S001,D202,1,138.64,123.11,0.112
T007047,C0331,P043,S001,D346,1,198.16,189.64,0.043
T007048,C0087,P056,S001,D190,1,59.22,58.51,0.012
T007049,C0141,P137,S001,D214,1,155.34,141.36,0.09
T007050,C0090,P044,S001,D208,1,188.17,180.83,0.039
T007051,C0311,P102,S001,D272,1,111.21,108.87,0.021
T007052,C0088,P062,S001,D002,5,299.31,1281.05,0.144
T007053,C0069,P161,S001,D101,1,39.01,35.11,0.1
T007054,C0471,P043,S001,D255,4,208.18,818.56,0.017
T007055,C0430,P161,S001,D134,1,38.17,37.06,0.029
T007056,C0221,P064,S001,D208,4,319.26,1206.8,0.055
T007057,C0429,P157,S001,D159,5,88.44,396.21,0.104
T007058,C0368,P084,S001,D240,4,138.23,550.71,0.004
T007059,C0378,P102,S001,D004,1,111.6,108.36,0.029
T007060,C0126,P058,S001,D193,1,51.82,51.3,0.01
T007061,C0318,P027,S001,D104,2,90.35,179.25,0.008
T007062,C0429,P154,S001,D212,3,92.92,248.38,0.109
T007063,C0304,P038,S001,D323,1,165.96,158.82,0.043
T007064,C0356,P074,S001,D192,1,142.66,135.81,0.048
T007065,C0478,P025,S001,D274,4,128.52,471.93,0.082
T007066,C0338,P076,S001,D299,2,128.1,251.08,0.02
T007067,C0205,P134,S001,D001,4,143.07,475.56,0.169
T007068,C0215,P157,S001,D097,1,91.38,86.45,0.054
T007069,C0500,P140,S001,D235,2,269.94,536.64,0.006
T007070,C0145,P065,S001,D265,1,320.92,312.58,0.026
T007071,C0481,P115,S001,D211,1,181.32,172.07,0.051
T007072,C0167,P141,S001,D183,1,259.73,257.39,0.009
T007073,C0139,P108,S001,D088,4,130.26,509.58,0.022
T007074,C0218,P093,S001,D186,4,97.16,371.93,0.043
T007075,C0345,P131,S001,D057,2,95.0,180.69,0.049
T007076,C0454,P014,S001,D338,2,84.58,165.61,0.021
T007077,C0007,P123,S001,D043,1,303.57,291.43,0.04
T007078,C0133,P155,S001,D017,4,77.72,293.16,0.057
T007079,C0223,P164,S001,D353,3,30.44,87.03,0.047
T007080,C0367,P040,S001,D104,2,136.35,268.06,0.017
T007081,C0461,P039,S001,D013,2,148.33,294.88,0.006
T007082,C0384,P074,S001,D134,1,143.98,134.91,0.063
T007083,C0241,P023,S001,D156,2,145.87,286.2,0.019
T007084,C0186,P145,S001,D331,2,123.67,227.8,0.079
T007085,C0471,P109,S001,D251,2,127.91,250.45,0.021
T007086,C0355,P107,S001,D346,1,122.71,121.11,0.013
T007087,C0150,P163,S001,D278,4,27.39,104.19,0.049
T007088,C0420,P036,S001,D035,3,142.75,419.26,0.021
T007089,C0036,P146,S001,D280,1,124.63,119.27,0.043
T007090,C0052,P155,S001,D275,5,78.79,362.04,0.081
T007091,C0045,P156,S001,D324,4,89.89,350.57,0.025
T007092,C0316,P026,S001,D079,4,148.52,588.73,0.009
T007093,C0358,P034,S001,D066,1,62.3,50.59,0.188
T007094,C0147,P041,S001,D234,4,159.3,623.18,0.022
T007095,C0137,P082,S001,D163,1,211.63,199.99,0.055
T007096,C0255,P087,S001,D297,2,152.7,301.43,0.013
T007097,C0220,P111,S001,D262,1,160.16,143.18,0.106
T007098,C0257,P096,S001,D089,2,282.17,513.55,0.09
T007099,C0230,P140,S001,D344,1,272.12,239.47,0.12
T007100,C0085,P155,S001,D246,1,78.07,72.53,0.071
T007101,C0275,P051,S001,D271,3,81.6,242.11,0.011
T007102,C0432,P007,S001,D068,2,64.12,125.55,0.021
T007103,C0291,P021,S001,D249,5,33.7,162.77,0.034
T007104,C0089,P158,S001,D024,3,37.05,102.26,0.08
T007105,C0362,P146,S001,D346,3,123.08,357.06,0.033
T007106,C0491,P081,S001,D360,3,207.45,576.3,0.074
T007107,C0257,P155,S001,D321,1,80.51,72.94,0.094
T007108,C0161,P012,S001,D077,1,85.99,81.95,0.047
T007109,C0090,P124,S001,D334,1,342.02,329.71,0.036
T007110,C0121,P094,S001,D138,1,283.42,238.36,0.159
T007111,C0009,P105,S001,D005,1,129.89,129.63,0.002
T007112,C0400,P145,S001,D039,2,121.76,236.94,0.027
T007113,C0135,P092,S001,D294,3,105.91,300.89,0.053
T007114,C0251,P137,S001,D126,2,162.6,314.79,0.032
T007115,C0378,P087,S001,D164,2,152.0,300.66,0.011
T007116,C0259,P127,S001,D087,4,300.55,1170.94,0.026
T007117,C0142,P112,S001,D125,1,178.04,168.43,0.054
T007118,C0373,P134,S001,D037,2,145.39,246.0,0.154
T007119,C0232,P035,S001,D156,1,66.2,53.22,0.196
T007120,C0180,P103,S001,D270,1,107.13,105.74,0.013
T007121,C0213,P074,S001,D028,2,149.72,265.6,0.113
T007122,C0449,P129,S001,D072,2,97.13,191.93,0.012
T007123,C0284,P069,S001,D282,2,79.46,140.96,0.113
T007124,C0401,P075,S001,D097,2,134.45,260.03,0.033
T007125,C0452,P114,S001,D050,1,167.69,163.33,0.026
T007126,C0419,P063,S001,D008,5,271.76,1318.04,0.03
T007127,C0018,P020,S001,D081,2,34.67,65.18,0.06
T007128,C0244,P140,S001,D146,4,277.88,981.47,0.117
T007129,C0432,P008,S001,D265,1,73.08,70.23,0.039
T007130,C0158,P154,S001,D110,1,92.2,88.97,0.035
T007131,C0333,P090,S001,D338,1,116.83,113.56,0.028
T007132,C0011,P163,S001,D093,5,27.58,136.25,0.012
T007133,C0211,P063,S001,D341,1,275.59,269.8,0.021
T007134,C0173,P090,S001,D166,2,117.23,231.88,0.011
T007135,C0127,P163,S001,D037,3,27.84,67.57,0.191
T007136,C0304,P063,S001,D168,1,271.62,268.63,0.011
T007137,C0203,P077,S001,D356,2,148.24,289.96,0.022
T007138,C0109,P004,S001,D298,2,73.44,143.94,0.02
T007139,C0359,P156,S001,D190,1,89.65,85.62,0.045
T007140,C0281,P020,S001,D354,2,34.66,64.95,0.063
T007141,C0094,P098,S001,D244,1,98.36,87.34,0.112
T007142,C0244,P108,S001,D048,2,134.09,224.2,0.164
T007143,C0398,P064,S001,D241,5,317.06,1583.71,0.001
T007144,C0263,P052,S001,D139,4,83.27,301.44,0.095
T007145,C0221,P118,S001,D288,1,211.7,193.71,0.085
T007146,C0169,P042,S001,D308,2,214.87,383.76,0.107
T007147,C0024,P027,S001,D343,2,91.51,164.17,0.103
T007148,C0294,P061,S001,D004,3,50.32,140.24,0.071
T007149,C0417,P161,S001,D167,1,38.44,35.13,0.086
T007150,C0317,P084,S001,D058,1,143.6,131.39,0.085
T007151,C0247,P027,S001,D005,2,94.82,179.78,0.052
T007152,C0433,P052,S001,D008,4,82.58,313.8,0.05
T007153,C0166,P022,S001,D239,3,139.36,400.52,0.042
T007154,C0327,P063,S001,D089,5,268.26,1260.82,0.06
T007155,C0425,P013,S001,D153,1,88.87,81.58,0.082
T007156,C0135,P043,S001,D198,2,205.94,375.22,0.089
T007157,C0392,P102,S001,D084,2,111.2,221.51,0.004
T007158,C0443,P082,S001,D258,2,207.01,399.12,0.036
T007159,C0016,P073,S001,D274,4,130.49,488.55,0.064
T007160,C0430,P020,S001,D260,2,32.89,65.58,0.003
T007161,C0391,P141,S001,D111,3,258.69,739.59,0.047
T007162,C0347,P115,S001,D172,1,187.27,187.08,0.001
T007163,C0099,P055,S001,D158,1,61.25,59.47,0.029
T007164,C0091,P123,S001,D252,4,305.81,1192.66,0.025
T007165,C0316,P079,S001,D024,5,194.55,924.11,0.05
T007166,C0418,P066,S001,D182,1,291.22,273.46,0.061
T007167,C0062,P039,S001,D118,2,146.1,269.12,0.079
T007168,C0166,P002,S001,D186,1,80.54,77.48,0.038
T007169,C0396,P041,S001,D138,1,161.63,138.03,0.146
T007170,C0235,P064,S001,D029,2,329.87,629.39,0.046
T007171,C0274,P106,S001,D093,2,121.75,233.27,0.042
T007172,C0313,P032,S001,D078,3,60.5,167.34,0.078
T007173,C0150,P013,S001,D306,3,89.09,264.6,0.01
T007174,C0357,P028,S001,D341,4,99.43,384.2,0.034
T007175,C0341,P071,S001,D269,3,79.54,228.12,0.044
T007176,C0346,P100,S001,D120,4,111.78,394.81,0.117
T007177,C0155,P022,S001,D078,4,138.04,534.49,0.032
T007178,C0355,P011,S001,D346,2,89.55,176.59,0.014
T007179,C0397,P139,S001,D172,1,275.51,262.01,0.049
T007180,C0231,P113,S001,D353,1,167.73,164.54,0.019
T007181,C0092,P104,S001,D131,2,108.42,213.15,0.017
T007182,C0276,P125,S001,D270,1,331.98,315.38,0.05
T007183,C0133,P008,S001,D338,3,77.06,211.07,0.087
T007184,C0491,P148,S001,D216,1,1085.97,1014.3,0.066
T007185,C0468,P161,S001,D243,1,39.25,37.72,0.039
T007186,C0338,P035,S001,D352,2,65.97,126.53,0.041
T007187,C0358,P090,S001,D267,2,112.06,182.21,0.187
T007188,C0348,P104,S001,D278,2,113.49,214.5,0.055
T007189,C0372,P037,S001,D052,2,154.87,303.24,0.021
T007190,C0258,P042,S001,D137,3,217.21,651.63,0.0
T007191,C0325,P088,S001,D236,2,148.58,287.65,0.032
T007192,C0340,P062,S001,D026,1,288.57,256.54,0.111
T007193,C0453,P068,S001,D245,3,77.47,195.69,0.158
T007194,C0387,P098,S001,D151,4,100.36,324.36,0.192
T007195,C0053,P156,S001,D189,3,87.47,213.86,0.185
T007196,C0452,P137,S001,D264,1,161.89,154.44,0.046
T007197,C0337,P149,S001,D070,4,1168.16,4476.39,0.042
T007198,C0262,P005,S001,D101,2,83.64,158.92,0.05
T007199,C0482,P130,S001,D206,1,87.22,87.05,0.002
T007200,C0244,P040,S001,D240,2,135.97,228.43,0.16
T007201,C0080,P152,S001,D262,1,1211.16,1125.17,0.071
T007202,C0229,P020,S001,D010,2,34.55,64.68,0.064
T007203,C0263,P065,S001,D042,1,328.97,311.86,0.052
T007204,C0328,P077,S001,D068,3,151.94,433.94,0.048
T007205,C0034,P059,S001,D049,2,56.09,103.43,0.078
T007206,C0271,P149,S001,D220,1,1169.86,1114.88,0.047
T007207,C0282,P149,S001,D047,1,1170.45,1118.95,0.044
T007208,C0152,P097,S001,D274,1,308.63,295.67,0.042
T007209,C0168,P002,S001,D177,3,79.54,238.14,0.002
T007210,C0436,P058,S001,D151,3,50.72,151.09,0.007
T007211,C0260,P065,S001,D333,3,329.57,872.04,0.118
T007212,C0488,P055,S001,D271,3,59.89,173.92,0.032
T007213,C0240,P005,S001,D105,2,86.41,172.13,0.004
T007214,C0215,P130,S001,D285,2,87.7,161.37,0.08
T007215,C0304,P065,S001,D271,2,330.07,636.37,0.036
T007216,C0453,P063,S001,D304,2,277.89,452.4,0.186
T007217,C0088,P005,S001,D330,1,87.27,74.96,0.141
T007218,C0068,P141,S001,D192,5,256.36,1279.24,0.002
T007219,C0069,P010,S001,D143,3,93.7,246.24,0.124
T007220,C0062,P024,S001,D144,1,133.92,121.33,0.094
T007221,C0412,P091,S001,D169,1,109.44,104.41,0.046
T007222,C0100,P062,S001,D276,2,296.51,566.93,0.044
T007223,C0144,P140,S001,D048,1,267.23,262.95,0.016
T007224,C0305,P146,S001,D029,4,123.94,448.17,0.096
T007225,C0329,P046,S001,D121,1,208.15,183.17,0.12
T007226,C0349,P025,S001,D151,1,130.77,127.63,0.024
T007227,C0004,P114,S001,D258,1,161.6,153.36,0.051
T007228,C0383,P016,S001,D056,3,86.65,234.99,0.096
T007229,C0337,P065,S001,D049,3,319.44,950.65,0.008
T007230,C0449,P078,S001,D044,2,196.8,385.73,0.02
T007231,C0010,P038,S001,D323,5,169.64,808.33,0.047
T007232,C0080,P099,S001,D209,1,94.57,86.82,0.082
T007233,C0128,P052,S001,D204,1,81.05,73.84,0.089
T007234,C0137,P135,S001,D081,2,158.9,293.01,0.078
T007235,C0418,P029,S001,D072,4,94.1,356.07,0.054
T007236,C0313,P135,S001,D134,1,157.07,140.89,0.103
T007237,C0001,P164,S001,D138,4,30.13,115.94,0.038
T007238,C0125,P164,S001,D045,3,30.58,91.1,0.007
T007239,C0392,P056,S001,D317,4,59.57,234.71,0.015
T007240,C0181,P137,S001,D218,1,157.9,152.37,0.035
T007241,C0218,P043,S001,D102,2,201.14,386.99,0.038
T007242,C0359,P091,S001,D104,2,111.84,218.76,0.022
T007243,C0189,P067,S001,D028,3,74.79,221.23,0.014
T007244,C0009,P076,S001,D141,1,135.48,129.52,0.044
T007245,C0424,P090,S001,D110,5,115.88,472.79,0.184
T007246,C0461,P137,S001,D233,1,159.39,158.27,0.007
T007247,C0181,P153,S001,D013,1,82.41,80.1,0.028
T007248,C0256,P103,S001,D137,2,103.17,202.63,0.018
T007249,C0481,P156,S001,D168,3,89.23,246.54,0.079
T007250,C0102,P109,S001,D163,1,129.48,127.93,0.012
T007251,C0020,P088,S001,D296,4,148.62,570.7,0.04
T007252,C0310,P137,S001,D185,1,161.92,142.81,0.118
T007253,C0209,P145,S001,D256,1,122.23,115.51,0.055
T007254,C0191,P125,S001,D168,5,334.83,1627.27,0.028
T007255,C0249,P076,S001,D034,1,135.46,129.64,0.043
T007256,C0342,P037,S001,D201,1,158.27,148.93,0.059
T007257,C0026,P040,S001,D295,1,143.49,142.2,0.009
T007258,C0269,P095,S001,D077,1,295.42,277.1,0.062
T007259,C0211,P042,S001,D070,4,213.43,848.6,0.006
T007260,C0197,P032,S001,D267,3,61.06,182.45,0.004
T007261,C0233,P097,S001,D231,2,310.74,523.91,0.157
T007262,C0209,P005,S001,D315,1,84.07,74.65,0.112
T007263,C0194,P108,S001,D148,3,131.73,383.33,0.03
T007264,C0456,P110,S001,D082,1,187.38,156.27,0.166
T007265,C0080,P052,S001,D340,3,83.95,226.16,0.102
T007266,C0406,P128,S001,D080,2,346.39,674.07,0.027
T007267,C0111,P114,S001,D172,2,163.98,298.77,0.089
T007268,C0245,P164,S001,D070,1,31.49,29.03,0.078
T007269,C0264,P059,S001,D190,2,56.12,109.43,0.025
T007270,C0313,P045,S001,D275,1,188.06,166.62,0.114
T007271,C0223,P140,S001,D117,5,263.05,1307.36,0.006
T007272,C0131,P021,S001,D296,2,34.7,65.72,0.053
T007273,C0486,P026,S001,D129,1,151.21,149.24,0.013
T007274,C0312,P029,S001,D177,2,93.47,186.01,0.005
T007275,C0103,P099,S001,D069,1,92.62,83.17,0.102
T007276,C0500,P050,S001,D112,1,86.11,85.77,0.004
T007277,C0065,P003,S001,D155,2,78.88,157.6,0.001
T007278,C0460,P098,S001,D193,3,96.26,284.45,0.015
T007279,C0335,P004,S001,D208,1,77.78,70.08,0.099
T007280,C0477,P141,S001,D066,3,262.43,701.48,0.109
T007281,C0371,P140,S001,D250,1,275.0,245.58,0.107
T007282,C0406,P107,S001,D355,2,123.44,238.73,0.033
T007283,C0117,P142,S001,D156,1,234.8,208.74,0.111
T007284,C0375,P066,S001,D126,3,298.18,890.96,0.004
T007285,C0154,P066,S001,D173,2,283.92,531.5,0.064
T007286,C0416,P067,S001,D291,4,73.89,256.55,0.132
T007287,C0462,P060,S001,D064,1,53.58,48.86,0.088
T007288,C0068,P045,S001,D332,2,186.29,361.03,0.031
T007289,C0223,P020,S001,D360,2,34.07,65.28,0.042
T007290,C0197,P049,S001,D061,2,89.79,172.94,0.037
T007291,C0342,P101,S001,D103,2,110.07,207.15,0.059
T007292,C0466,P076,S001,D336,2,127.9,247.87,0.031
T007293,C0364,P127,S001,D273,2,295.15,588.53,0.003
T007294,C0094,P059,S001,D354,1,55.34,49.36,0.108
T007295,C0016,P149,S001,D114,4,1198.84,4392.55,0.084
T007296,C0219,P131,S001,D148,1,96.85,85.62,0.116
T007297,C0053,P047,S001,D222,1,214.22,187.23,0.126
T007298,C0464,P025,S001,D093,1,129.23,121.61,0.059
T007299,C0481,P021,S001,D018,3,34.79,92.05,0.118
T007300,C0398,P041,S001,D057,2,159.16,302.72,0.049
T007301,C0419,P076,S001,D031,2,128.08,243.61,0.049
T007302,C0190,P109,S001,D178,3,125.26,373.15,0.007
T007303,C0003,P030,S001,D291,1,98.57,95.32,0.033
T007304,C0126,P068,S001,D187,2,77.39,154.78,0.0
T007305,C0316,P027,S001,D240,3,91.62,273.49,0.005
T007306,C0270,P037,S001,D104,1,153.87,151.25,0.017
T007307,C0246,P049,S001,D189,1,89.01,85.63,0.038
T007308,C0469,P048,S001,D302,5,92.42,408.03,0.117
T007309,C0149,P073,S001,D304,1,133.97,133.97,0.0
T007310,C0127,P130,S001,D069,3,89.04,232.13,0.131
T007311,C0132,P063,S001,D021,1,265.29,249.11,0.061
T007312,C0116,P116,S001,D232,1,183.46,153.01,0.166
T007313,C0247,P022,S001,D035,3,137.82,383.69,0.072
T007314,C0208,P165,S001,D172,1,28.9,25.87,0.105
T007315,C0251,P112,S001,D176,1,181.13,175.33,0.032
T007316,C0038,P122,S001,D015,3,192.87,510.33,0.118
T007317,C0032,P144,S001,D351,1,135.86,135.32,0.004
T007318,C0295,P026,S001,D235,1,150.27,140.8,0.063
T007319,C0024,P160,S001,D355,1,39.16,36.3,0.073
T007320,C0319,P028,S001,D183,5,100.34,487.15,0.029
T007321,C0370,P015,S001,D315,1,76.68,71.77,0.064
T007322,C0248,P006,S001,D315,3,67.02,196.44,0.023
T007323,C0098,P064,S001,D154,1,321.29,318.4,0.009
T007324,C0151,P147,S001,D014,1,135.9,133.73,0.016
T007325,C0434,P078,S001,D280,1,197.69,192.35,0.027
T007326,C0001,P113,S001,D316,3,175.53,513.43,0.025
T007327,C0014,P092,S001,D335,3,104.48,276.77,0.117
T007328,C0213,P149,S001,D263,2,1220.03,2008.17,0.177
T007329,C0162,P049,S001,D334,1,93.55,89.25,0.046
T007330,C0454,P165,S001,D325,5,28.74,137.66,0.042
T007331,C0212,P085,S001,D039,1,145.97,130.79,0.104
T007332,C0312,P096,S001,D293,5,269.67,1315.99,0.024
T007333,C0018,P070,S001,D144,3,76.77,207.74,0.098
T007334,C0437,P153,S001,D140,1,81.96,80.48,0.018
T007335,C0248,P155,S001,D174,3,79.66,227.51,0.048
T007336,C0086,P136,S001,D246,2,173.86,337.29,0.03
T007337,C0041,P161,S001,D017,2,38.67,75.87,0.019
T007338,C0498,P087,S001,D184,1,153.52,139.4,0.092
T007339,C0038,P158,S001,D196,1,37.86,35.02,0.075
T007340,C0001,P091,S001,D187,2,110.58,215.19,0.027
T007341,C0041,P052,S001,D284,1,84.66,81.27,0.04
T007342,C0165,P047,S001,D153,3,217.7,638.08,0.023
T007343,C0139,P114,S001,D032,3,167.93,488.17,0.031
T007344,C0343,P052,S001,D211,5,82.84,401.77,0.03
T007345,C0060,P121,S001,D300,1,202.18,201.78,0.002
T007346,C0252,P006,S001,D252,2,69.6,139.2,0.0
T007347,C0146,P010,S001,D233,2,89.13,176.12,0.012
T007348,C0425,P001,S001,D188,1,77.41,69.67,0.1
T007349,C0164,P011,S001,D142,2,94.38,177.81,0.058
T007350,C0142,P072,S001,D328,1,136.34,119.98,0.12
T007351,C0128,P046,S001,D141,1,212.6,190.28,0.105
T007352,C0280,P016,S001,D296,2,85.89,153.23,0.108
T007353,C0277,P127,S001,D196,1,284.19,265.72,0.065
T007354,C0196,P078,S001,D362,2,197.03,390.91,0.008
T007355,C0482,P121,S001,D218,1,200.01,199.61,0.002
T007356,C0264,P075,S001,D312,4,136.97,525.42,0.041
T007357,C0284,P061,S001,D185,2,50.27,88.88,0.116
T007358,C0322,P113,S001,D093,1,177.52,170.95,0.037
T007359,C0338,P151,S001,D228,3,1099.32,3208.92,0.027
T007360,C0078,P157,S001,D012,2,89.02,167.18,0.061
T007361,C0358,P069,S001,D088,1,76.74,61.62,0.197
T007362,C0196,P111,S001,D244,2,155.45,304.06,0.022
T007363,C0308,P005,S001,D074,2,84.22,166.76,0.01
T007364,C0122,P003,S001,D086,4,78.59,269.72,0.142
T007365,C0103,P084,S001,D212,3,136.74,384.38,0.063
T007366,C0240,P138,S001,D064,2,267.35,511.71,0.043
T007367,C0258,P093,S001,D133,2,98.6,188.33,0.045
T007368,C0391,P024,S001,D284,1,136.43,133.43,0.022
T007369,C0022,P128,S001,D348,3,337.37,963.53,0.048
T007370,C0286,P064,S001,D262,1,324.9,309.3,0.048
T007371,C0306,P119,S001,D308,1,194.39,171.26,0.119
T007372,C0367,P009,S001,D267,2,73.29,141.45,0.035
T007373,C0048,P117,S001,D328,1,193.56,186.59,0.036
T007374,C0355,P126,S001,D088,2,355.65,676.45,0.049
T007375,C0444,P105,S001,D114,2,125.21,236.4,0.056
T007376,C0349,P060,S001,D248,2,54.29,107.82,0.007
T007377,C0200,P088,S001,D343,2,148.6,264.51,0.11
T007378,C0276,P127,S001,D112,3,288.6,801.73,0.074
T007379,C0025,P123,S001,D330,5,298.15,1431.12,0.04
T007380,C0124,P055,S001,D307,3,58.54,165.43,0.058
T007381,C0305,P025,S001,D337,2,129.5,245.53,0.052
T007382,C0233,P049,S001,D349,2,92.53,154.15,0.167
T007383,C0082,P109,S001,D109,2,123.33,242.71,0.016
T007384,C0308,P157,S001,D271,4,91.78,354.64,0.034
T007385,C0244,P031,S001,D035,4,91.67,320.11,0.127
T007386,C0365,P155,S001,D042,2,77.69,151.65,0.024
T007387,C0358,P101,S001,D152,2,110.19,197.02,0.106
T007388,C0273,P098,S001,D103,1,99.89,83.11,0.168
T007389,C0071,P030,S001,D261,1,103.63,83.94,0.19
T007390,C0041,P132,S001,D144,5,91.95,458.37,0.003
T007391,C0200,P049,S001,D318,1,92.24,75.45,0.182
T007392,C0294,P055,S001,D315,2,59.08,110.24,0.067
T007393,C0140,P106,S001,D155,3,121.74,350.61,0.04
T007394,C0412,P142,S001,D047,1,228.38,223.81,0.02
T007395,C0447,P065,S001,D146,1,324.63,320.73,0.012
T007396,C0360,P035,S001,D257,2,65.87,129.24,0.019
T007397,C0002,P160,S001,D042,1,39.68,37.74,0.049
T007398,C0071,P049,S001,D035,2,92.26,164.78,0.107
T007399,C0274,P137,S001,D219,1,157.39,156.45,0.006
T007400,C0249,P023,S001,D132,1,147.21,140.59,0.045
T007401,C0004,P010,S001,D070,2,90.26,166.62,0.077
T007402,C0206,P053,S001,D184,1,90.34,86.18,0.046
T007403,C0027,P137,S001,D020,3,158.27,473.86,0.002
T007404,C0203,P012,S001,D248,2,84.73,162.51,0.041
T007405,C0190,P030,S001,D044,1,98.32,94.68,0.037
T007406,C0455,P082,S001,D105,4,210.0,813.12,0.032
T007407,C0220,P107,S001,D210,2,123.15,233.74,0.051
T007408,C0280,P151,S001,D268,2,1108.78,1993.59,0.101
T007409,C0111,P052,S001,D017,5,83.94,381.51,0.091
T007410,C0085,P019,S001,D002,2,35.9,64.48,0.102
T007411,C0328,P040,S001,D140,2,135.76,266.63,0.018
T007412,C0012,P086,S001,D132,1,148.65,146.12,0.017
T007413,C0353,P049,S001,D043,1,89.26,85.06,0.047
T007414,C0388,P005,S001,D358,2,85.07,156.02,0.083
T007415,C0306,P072,S001,D277,1,131.43,116.97,0.11
T007416,C0295,P155,S001,D027,4,79.45,297.78,0.063
T007417,C0201,P118,S001,D098,2,208.01,403.12,0.031
T007418,C0274,P022,S001,D200,3,135.94,404.97,0.007
T007419,C0496,P077,S001,D103,1,148.06,131.18,0.114
T007420,C0486,P115,S001,D174,5,182.84,900.49,0.015
T007421,C0165,P105,S001,D318,1,125.48,123.72,0.014
T007422,C0323,P148,S001,D035,2,1060.11,2105.38,0.007
T007423,C0164,P037,S001,D135,2,152.52,277.89,0.089
T007424,C0310,P070,S001,D244,1,73.65,68.49,0.07
T007425,C0169,P143,S001,D313,1,125.15,118.14,0.056
T007426,C0286,P033,S001,D274,1,60.54,58.84,0.028
T007427,C0368,P082,S001,D217,2,208.84,409.74,0.019
T007428,C0323,P089,S001,D094,2,103.04,203.81,0.011
T007429,C0454,P123,S001,D064,1,307.11,302.81,0.014
T007430,C0170,P138,S001,D002,1,268.95,231.03,0.141
T007431,C0444,P105,S001,D308,4,124.79,446.25,0.106
T007432,C0190,P085,S001,D268,4,144.45,563.35,0.025
T007433,C0254,P089,S001,D168,1,101.18,97.64,0.035
T007434,C0195,P117,S001,D355,2,187.44,356.89,0.048
T007435,C0210,P075,S001,D253,1,134.74,131.91,0.021
T007436,C0072,P036,S001,D158,2,143.03,280.05,0.021
T007437,C0230,P028,S001,D133,2,95.99,176.43,0.081
T007438,C0328,P144,S001,D109,2,135.26,264.84,0.021
T007439,C0472,P042,S001,D083,5,211.42,994.73,0.059
T007440,C0181,P098,S001,D056,1,100.61,100.31,0.003
T007441,C0259,P003,S001,D356,1,78.7,78.39,0.004
T007442,C0489,P026,S001,D308,2,145.28,290.56,0.0
T007443,C0226,P037,S001,D306,1,152.01,146.54,0.036
T007444,C0487,P132,S001,D195,2,89.99,175.48,0.025
T007445,C0049,P010,S001,D159,1,90.81,90.54,0.003
T007446,C0270,P042,S001,D352,2,211.86,422.45,0.003
T007447,C0067,P049,S001,D082,5,89.15,387.8,0.13
T007448,C0108,P113,S001,D144,2,169.99,334.54,0.016
T007449,C0227,P050,S001,D085,3,85.11,254.56,0.003
T007450,C0193,P156,S001,D089,5,90.59,374.59,0.173
T007451,C0188,P011,S001,D021,1,90.63,87.55,0.034
T007452,C0164,P070,S001,D245,4,75.5,266.06,0.119
T007453,C0240,P019,S001,D176,5,37.06,182.34,0.016
T007454,C0236,P117,S001,D033,2,188.72,304.59,0.193
T007455,C0041,P097,S001,D256,2,307.28,585.68,0.047
T007456,C0327,P075,S001,D239,1,138.66,127.84,0.078
T007457,C0494,P106,S001,D007,4,124.11,461.19,0.071
T007458,C0368,P036,S001,D019,3,143.85,426.8,0.011
T007459,C0170,P124,S001,D175,1,348.27,309.26,0.112
T007460,C0121,P067,S001,D038,1,72.21,62.68,0.132
T007461,C0311,P037,S001,D060,1,154.46,149.67,0.031
T007462,C0287,P101,S001,D363,2,106.98,208.18,0.027
T007463,C0004,P035,S001,D166,3,64.37,177.08,0.083
T007464,C0396,P094,S001,D274,1,281.09,246.23,0.124
T007465,C0382,P073,S001,D239,3,132.75,381.52,0.042
T007466,C0411,P082,S001,D301,2,211.13,410.86,0.027
T007467,C0126,P163,S001,D324,2,28.53,54.78,0.04
T007468,C0052,P123,S001,D281,2,302.14,567.42,0.061
T007469,C0309,P029,S001,D230,1,90.98,88.8,0.024
T007470,C0112,P002,S001,D214,1,76.89,73.74,0.041
T007471,C0354,P036,S001,D057,2,146.47,282.69,0.035
T007472,C0109,P111,S001,D200,3,160.21,477.27,0.007
T007473,C0290,P138,S001,D165,2,278.69,546.23,0.02
T007474,C0133,P087,S001,D359,1,151.5,134.68,0.111
T007475,C0472,P013,S001,D132,2,88.96,166.0,0.067
T007476,C0084,P095,S001,D102,1,303.07,288.83,0.047
T007477,C0459,P008,S001,D034,1,76.91,71.06,0.076
T007478,C0441,P149,S001,D173,1,1200.52,1189.72,0.009
T007479,C0085,P036,S001,D080,2,144.15,255.43,0.114
T007480,C0319,P045,S001,D201,5,196.64,975.33,0.008
T007481,C0370,P019,S001,D198,1,36.96,34.22,0.074
T007482,C0073,P113,S001,D357,1,167.94,147.12,0.124
T007483,C0094,P139,S001,D116,1,266.55,251.36,0.057
T007484,C0353,P068,S001,D349,3,79.07,236.5,0.003
T007485,C0316,P086,S001,D084,4,144.93,557.69,0.038
T007486,C0090,P009,S001,D150,2,75.08,147.91,0.015
T007487,C0109,P026,S001,D036,1,152.05,148.25,0.025
T007488,C0037,P166,S001,D341,2,27.69,53.94,0.026
T007489,C0456,P056,S001,D207,3,58.58,144.11,0.18
T007490,C0248,P082,S001,D345,1,206.13,202.83,0.016
T007491,C0044,P028,S001,D263,2,97.87,193.2,0.013
T007492,C0176,P148,S001,D084,1,1030.77,1011.19,0.019
T007493,C0469,P038,S001,D193,1,173.08,160.45,0.073
T007494,C0292,P126,S001,D248,3,356.93,1037.6,0.031
T007495,C0104,P092,S001,D044,2,105.15,207.99,0.011
T007496,C0016,P078,S001,D035,1,192.4,171.62,0.108
T007497,C0404,P071,S001,D141,3,79.78,236.47,0.012
T007498,C0345,P021,S001,D135,5,33.93,163.03,0.039
T007499,C0222,P097,S001,D317,1,311.54,300.32,0.036
T007500,C0078,P048,S001,D270,1,93.41,85.56,0.084
T007501,C0240,P087,S001,D108,1,155.49,153.94,0.01
T007502,C0039,P059,S001,D064,1,55.95,53.94,0.036
T007503,C0359,P070,S001,D254,5,76.69,365.04,0.048
T007504,C0206,P139,S001,D253,2,281.49,542.15,0.037
T007505,C0015,P162,S001,D204,2,28.17,48.23,0.144
T007506,C0107,P121,S001,D037,1,197.88,197.29,0.003
T007507,C0194,P108,S001,D255,1,133.2,130.94,0.017
T007508,C0161,P076,S001,D022,4,129.15,503.68,0.025
T007509,C0156,P161,S001,D114,2,38.36,75.65,0.014
T007510,C0373,P137,S001,D307,2,162.39,271.52,0.164
T007511,C0406,P057,S001,D337,4,59.17,228.16,0.036
T007512,C0068,P038,S001,D340,4,172.8,681.52,0.014
T007513,C0346,P128,S001,D242,1,340.25,313.03,0.08
T007514,C0401,P146,S001,D067,3,126.77,370.8,0.025
T007515,C0220,P045,S001,D349,1,191.12,179.65,0.06
T007516,C0292,P120,S001,D195,2,217.24,416.23,0.042
T007517,C0221,P096,S001,D155,2,282.28,535.77,0.051
T007518,C0021,P104,S001,D010,2,109.64,214.89,0.02
T007519,C0413,P121,S001,D349,4,197.29,632.91,0.198
T007520,C0325,P162,S001,D228,3,28.04,80.76,0.04
T007521,C0207,P123,S001,D199,1,307.91,275.27,0.106
T007522,C0485,P034,S001,D156,1,63.17,59.7,0.055
T007523,C0294,P061,S001,D205,2,50.42,93.58,0.072
T007524,C0249,P013,S001,D200,3,91.76,272.53,0.01
T007525,C0268,P062,S001,D122,1,300.96,286.21,0.049
T007526,C0358,P012,S001,D118,1,87.47,72.78,0.168
T007527,C0384,P156,S001,D032,4,88.5,322.85,0.088
T007528,C0143,P164,S001,D050,2,31.44,60.99,0.03
T007529,C0040,P060,S001,D085,1,52.38,49.97,0.046
T007530,C0260,P108,S001,D104,2,130.29,236.87,0.091
T007531,C0318,P042,S001,D194,2,217.58,417.32,0.041
T007532,C0008,P046,S001,D151,4,215.93,837.81,0.03
T007533,C0410,P126,S001,D185,2,356.34,707.69,0.007
T007534,C0214,P039,S001,D129,5,147.96,679.88,0.081
T007535,C0111,P125,S001,D237,2,325.75,585.05,0.102
T007536,C0500,P101,S001,D103,1,107.82,102.97,0.045
T007537,C0052,P008,S001,D234,2,73.17,137.41,0.061
T007538,C0281,P079,S001,D098,3,200.61,532.62,0.115
T007539,C0274,P069,S001,D150,2,78.91,157.19,0.004
T007540,C0444,P131,S001,D335,1,99.66,92.38,0.073
T007541,C0148,P064,S001,D313,1,326.45,320.9,0.017
T007542,C0129,P059,S001,D229,1,54.61,45.33,0.17
T007543,C0094,P016,S001,D020,1,88.7,81.52,0.081
T007544,C0358,P142,S001,D094,2,236.66,384.34,0.188
T007545,C0071,P036,S001,D348,1,148.24,121.26,0.182
T007546,C0498,P162,S001,D199,1,27.52,24.38,0.114
T007547,C0481,P076,S001,D211,1,131.74,123.57,0.062
T007548,C0456,P070,S001,D225,1,76.55,67.67,0.116
T007549,C0204,P161,S001,D241,4,39.73,153.04,0.037
T007550,C0357,P114,S001,D132,1,165.68,158.72,0.042
T007551,C0397,P129,S001,D345,2,97.8,194.23,0.007
T007552,C0495,P031,S001,D150,1,89.75,87.69,0.023
T007553,C0330,P130,S001,D244,1,87.73,74.75,0.148
T007554,C0169,P029,S001,D089,1,92.62,81.69,0.118
T007555,C0149,P059,S001,D305,1,54.78,53.36,0.026
T007556,C0197,P142,S001,D166,1,232.66,221.26,0.049
T007557,C0103,P154,S001,D131,4,94.23,351.29,0.068
T007558,C0329,P093,S001,D027,2,95.49,177.42,0.071
T007559,C0383,P074,S001,D216,3,150.87,410.97,0.092
T007560,C0498,P087,S001,D313,1,159.26,148.27,0.069
T007561,C0013,P122,S001,D124,5,195.84,963.53,0.016
T007562,C0220,P148,S001,D307,2,1066.19,1931.94,0.094
T007563,C0291,P077,S001,D145,1,150.84,147.97,0.019
T007564,C0453,P082,S001,D226,1,210.47,184.37,0.124
T007565,C0002,P030,S001,D288,2,103.25,197.62,0.043
T007566,C0228,P113,S001,D014,2,169.05,331.34,0.02
T007567,C0062,P073,S001,D217,1,127.68,116.44,0.088
T007568,C0294,P166,S001,D127,1,28.15,25.93,0.079
T007569,C0197,P071,S001,D185,2,80.35,160.7,0.0
T007570,C0215,P082,S001,D363,3,206.02,548.22,0.113
T007571,C0376,P031,S001,D187,2,91.51,167.46,0.085
T007572,C0487,P059,S001,D099,2,55.49,108.21,0.025
T007573,C0475,P106,S001,D186,2,122.49,240.08,0.02
T007574,C0168,P127,S001,D362,2,296.96,583.23,0.018
T007575,C0253,P069,S001,D216,3,76.8,184.55,0.199
T007576,C0089,P046,S001,D116,5,208.17,957.58,0.08
T007577,C0003,P076,S001,D241,1,127.86,125.43,0.019
T007578,C0229,P002,S001,D048,2,77.59,138.89,0.105
T007579,C0213,P083,S001,D141,4,147.07,478.86,0.186
T007580,C0150,P061,S001,D170,4,51.14,200.88,0.018
T007581,C0213,P161,S001,D180,2,38.94,68.07,0.126
T007582,C0055,P069,S001,D313,3,75.88,202.14,0.112
T007583,C0442,P152,S001,D122,4,1203.14,4547.87,0.055
T007584,C0263,P116,S001,D323,1,179.44,164.55,0.083
T007585,C0152,P074,S001,D231,4,142.29,546.39,0.04
T007586,C0427,P128,S001,D258,1,331.22,302.4,0.087
T007587,C0468,P120,S001,D206,1,212.27,207.81,0.021
T007588,C0263,P143,S001,D314,3,129.35,345.75,0.109
T007589,C0421,P050,S001,D069,2,84.62,168.9,0.002
T007590,C0033,P010,S001,D280,2,91.56,174.33,0.048
T007591,C0210,P014,S001,D240,5,84.56,404.2,0.044
T007592,C0153,P016,S001,D018,1,89.36,83.19,0.069
T007593,C0470,P056,S001,D179,1,57.19,51.76,0.095
T007594,C0032,P126,S001,D006,5,345.99,1660.75,0.04
T007595,C0171,P096,S001,D203,4,280.63,1023.74,0.088
T007596,C0377,P094,S001,D194,2,287.09,544.32,0.052
T007597,C0312,P069,S001,D209,1,78.78,77.68,0.014
T007598,C0036,P010,S001,D062,1,90.24,87.26,0.033
T007599,C0007,P049,S001,D267,2,91.36,178.7,0.022
T007600,C0034,P004,S001,D008,1,77.08,70.68,0.083
T007601,C0249,P066,S001,D181,1,297.0,283.34,0.046
T007602,C0459,P110,S001,D066,4,183.31,671.65,0.084
T007603,C0431,P030,S001,D165,4,99.71,319.47,0.199
T007604,C0285,P044,S001,D258,1,184.51,182.66,0.01
T007605,C0200,P162,S001,D098,4,27.65,93.68,0.153
T007606,C0153,P025,S001,D138,1,126.9,120.17,0.053
T007607,C0105,P163,S001,D265,2,27.69,49.62,0.104
T007608,C0385,P038,S001,D044,1,170.71,168.15,0.015
T007609,C0261,P073,S001,D313,5,134.95,674.08,0.001
T007610,C0165,P010,S001,D185,3,91.81,266.62,0.032
T007611,C0115,P143,S001,D249,1,127.81,115.41,0.097
T007612,C0455,P090,S001,D136,1,113.37,108.72,0.041
T007613,C0390,P028,S001,D035,2,99.18,196.97,0.007
T007614,C0222,P085,S001,D072,1,143.13,137.98,0.036
T007615,C0129,P149,S001,D226,2,1177.35,1966.17,0.165
T007616,C0415,P166,S001,D355,1,28.11,25.13,0.106
T007617,C0497,P151,S001,D292,4,1075.84,4105.41,0.046
T007618,C0308,P033,S001,D230,1,64.13,63.68,0.007
T007619,C0267,P110,S001,D225,1,180.08,172.52,0.042
T007620,C0009,P018,S001,D335,1,34.49,33.04,0.042
T007621,C0079,P151,S001,D205,3,1072.59,3201.68,0.005
T007622,C0381,P146,S001,D274,1,124.38,114.18,0.082
T007623,C0147,P102,S001,D110,2,110.09,215.12,0.023
T007624,C0313,P128,S001,D015,4,334.53,1182.9,0.116
T007625,C0337,P131,S001,D143,1,96.15,93.65,0.026
T007626,C0218,P037,S001,D072,2,156.71,297.75,0.05
T007627,C0352,P090,S001,D310,4,114.65,430.63,0.061
T007628,C0002,P162,S001,D088,5,27.47,132.13,0.038
T007629,C0067,P054,S001,D195,2,84.01,145.84,0.132
T007630,C0329,P128,S001,D058,2,337.66,622.65,0.078
T007631,C0264,P023,S001,D330,2,147.15,290.18,0.014
T007632,C0293,P156,S001,D213,4,87.69,346.55,0.012
T007633,C0393,P057,S001,D254,1,57.46,50.68,0.118
T007634,C0220,P063,S001,D275,3,263.83,716.3,0.095
T007635,C0370,P135,S001,D284,2,158.7,285.66,0.1
T007636,C0388,P008,S001,D194,1,73.84,67.79,0.082
T007637,C0430,P067,S001,D057,2,73.47,140.18,0.046
T007638,C0108,P068,S001,D314,1,74.95,71.28,0.049
T007639,C0099,P085,S001,D329,1,149.32,146.48,0.019
T007640,C0094,P012,S001,D287,1,87.85,82.14,0.065
T007641,C0495,P058,S001,D226,1,52.68,50.89,0.034
T007642,C0191,P070,S001,D061,3,72.8,209.45,0.041
T007643,C0473,P024,S001,D096,1,137.44,132.22,0.038
T007644,C0240,P019,S001,D344,2,36.97,73.42,0.007
T007645,C0399,P055,S001,D097,1,58.4,57.29,0.019
T007646,C0186,P101,S001,D309,1,109.31,99.58,0.089
T007647,C0213,P094,S001,D321,2,288.6,485.43,0.159
T007648,C0012,P162,S001,D020,2,28.18,53.77,0.046
T007649,C0121,P147,S001,D345,2,130.16,215.54,0.172
T007650,C0113,P023,S001,D023,1,145.83,137.37,0.058
T007651,C0320,P069,S001,D347,3,77.5,225.76,0.029
T007652,C0078,P148,S001,D184,3,1078.67,3022.43,0.066
T007653,C0348,P025,S001,D252,3,130.82,371.27,0.054
T007654,C0363,P034,S001,D297,1,64.7,58.04,0.103
T007655,C0220,P105,S001,D176,1,125.93,117.24,0.069
T007656,C0410,P131,S001,D214,2,98.52,190.93,0.031
T007657,C0230,P017,S001,D044,3,83.64,222.82,0.112
T007658,C0144,P155,S001,D210,3,80.2,228.81,0.049
T007659,C0298,P058,S001,D153,1,51.68,51.01,0.013
T007660,C0322,P064,S001,D088,3,330.91,971.88,0.021
T007661,C0161,P113,S001,D242,3,170.7,496.74,0.03
T007662,C0040,P120,S001,D194,1,218.04,208.45,0.044
T007663,C0279,P144,S001,D012,2,138.47,249.8,0.098
T007664,C0432,P047,S001,D298,4,212.05,838.87,0.011
T007665,C0264,P055,S001,D301,1,58.11,56.42,0.029
T007666,C0165,P017,S001,D068,2,85.9,171.28,0.003
T007667,C0298,P138,S001,D298,4,267.39,1042.82,0.025
T007668,C0312,P014,S001,D288,2,87.49,169.56,0.031
T007669,C0086,P041,S001,D318,4,157.83,614.27,0.027
T007670,C0259,P077,S001,D110,1,146.29,142.49,0.026
T007671,C0211,P078,S001,D060,1,194.79,194.6,0.001
T007672,C0080,P152,S001,D088,4,1251.14,4514.11,0.098
T007673,C0205,P067,S001,D121,4,71.7,251.24,0.124
T007674,C0205,P044,S001,D097,3,189.14,500.46,0.118
T007675,C0480,P097,S001,D147,1,304.98,254.05,0.167
T007676,C0015,P100,S001,D316,2,110.86,192.23,0.133
T007677,C0046,P132,S001,D317,1,92.52,82.62,0.107
T007678,C0052,P125,S001,D037,5,326.3,1484.66,0.09
T007679,C0405,P114,S001,D114,3,166.16,416.73,0.164
T007680,C0434,P093,S001,D289,2,97.14,186.9,0.038
T007681,C0262,P162,S001,D330,2,27.91,49.85,0.107
T007682,C0014,P144,S001,D176,1,139.36,127.65,0.084
T007683,C0469,P164,S001,D061,1,30.63,27.57,0.1
T007684,C0436,P161,S001,D162,1,40.32,40.24,0.002
T007685,C0061,P090,S001,D185,3,111.38,303.73,0.091
T007686,C0113,P098,S001,D258,2,98.72,185.59,0.06
T007687,C0285,P005,S001,D251,1,83.9,81.55,0.028
T007688,C0458,P157,S001,D156,4,88.15,307.82,0.127
T007689,C0362,P094,S001,D047,1,286.69,273.5,0.046
T007690,C0224,P046,S001,D298,2,213.33,386.98,0.093
T007691,C0233,P022,S001,D126,2,139.96,245.21,0.124
T007692,C0162,P087,S001,D222,4,151.54,591.01,0.025
T007693,C0236,P146,S001,D357,1,124.91,107.3,0.141
T007694,C0266,P150,S001,D159,3,1194.53,3429.5,0.043
T007695,C0499,P087,S001,D006,5,152.91,707.21,0.075
T007696,C0229,P164,S001,D328,1,29.91,27.4,0.084
T007697,C0121,P070,S001,D304,1,75.7,62.3,0.177
T007698,C0431,P020,S001,D268,1,34.4,27.86,0.19
T007699,C0112,P166,S001,D023,3,26.86,79.29,0.016
T007700,C0324,P125,S001,D257,2,324.06,577.47,0.109
T007701,C0163,P067,S001,D307,2,73.3,130.03,0.113
T007702,C0184,P070,S001,D342,1,72.96,72.6,0.005
T007703,C0245,P087,S001,D026,1,156.9,141.68,0.097
T007704,C0379,P062,S001,D275,1,288.59,268.68,0.069
T007705,C0421,P010,S001,D234,4,90.61,361.72,0.002
T007706,C0189,P131,S001,D347,1,100.08,97.38,0.027
T007707,C0054,P039,S001,D259,1,149.68,138.9,0.072
T007708,C0158,P054,S001,D073,3,84.25,240.62,0.048
T007709,C0334,P005,S001,D316,1,87.89,82.88,0.057
T007710,C0079,P015,S001,D111,2,80.77,153.62,0.049
T007711,C0407,P032,S001,D315,2,60.72,121.2,0.002
T007712,C0206,P079,S001,D284,3,200.01,586.83,0.022
T007713,C0167,P093,S001,D013,2,96.98,190.08,0.02
T007714,C0479,P091,S001,D222,3,113.47,285.94,0.16
T007715,C0381,P011,S001,D273,1,89.65,81.13,0.095
T007716,C0450,P071,S001,D333,1,82.64,80.08,0.031
T007717,C0276,P137,S001,D310,1,155.02,137.66,0.112
T007718,C0119,P129,S001,D222,2,98.6,194.24,0.015
T007719,C0399,P062,S001,D311,1,295.72,290.4,0.018
T007720,C0263,P080,S001,D286,3,201.9,557.85,0.079
T007721,C0243,P053,S001,D293,2,93.28,183.76,0.015
T007722,C0469,P049,S001,D342,1,92.33,86.24,0.066
T007723,C0396,P097,S001,D179,2,301.2,490.35,0.186
T007724,C0489,P041,S001,D320,3,156.81,469.96,0.001
T007725,C0222,P121,S001,D290,2,193.85,384.99,0.007
T007726,C0164,P161,S001,D178,1,39.17,35.14,0.103
T007727,C0260,P164,S001,D303,2,31.11,55.31,0.111
T007728,C0182,P077,S001,D171,1,149.12,145.39,0.025
T007729,C0232,P153,S001,D302,2,81.6,144.27,0.116
T007730,C0466,P058,S001,D213,1,52.87,52.5,0.007
T007731,C0225,P149,S001,D069,3,1174.72,3436.06,0.025
T007732,C0493,P059,S001,D351,2,56.44,101.37,0.102
T007733,C0364,P031,S001,D078,4,89.24,346.97,0.028
T007734,C0046,P152,S001,D021,2,1205.26,2227.32,0.076
T007735,C0362,P006,S001,D023,1,68.94,66.73,0.032
T007736,C0421,P028,S001,D025,1,97.27,96.39,0.009
T007737,C0047,P132,S001,D100,4,91.57,347.97,0.05
T007738,C0191,P024,S001,D343,2,130.8,257.15,0.017
T007739,C0379,P096,S001,D182,2,272.71,508.88,0.067
T007740,C0222,P130,S001,D198,1,89.05,88.96,0.001
T007741,C0239,P110,S001,D221,2,186.97,368.33,0.015
T007742,C0407,P149,S001,D326,4,1185.52,4628.27,0.024
T007743,C0131,P120,S001,D353,2,210.42,378.34,0.101
T007744,C0177,P166,S001,D072,3,27.92,70.61,0.157
T007745,C0279,P096,S001,D155,1,273.19,257.89,0.056
T007746,C0322,P113,S001,D010,1,172.5,166.12,0.037
T007747,C0473,P153,S001,D267,2,82.68,164.37,0.006
T007748,C0033,P042,S001,D186,4,211.88,833.11,0.017
T007749,C0486,P053,S001,D332,1,90.97,90.24,0.008
T007750,C0263,P092,S001,D121,5,105.86,488.01,0.078
T007751,C0283,P024,S001,D038,3,130.82,375.98,0.042
T007752,C0147,P109,S001,D164,1,128.96,128.32,0.005
T007753,C0404,P142,S001,D298,3,233.56,671.25,0.042
T007754,C0342,P159,S001,D293,5,39.13,176.28,0.099
T007755,C0030,P054,S001,D330,1,83.34,82.26,0.013
T007756,C0288,P022,S001,D182,1,134.08,122.82,0.084
T007757,C0231,P141,S001,D140,5,260.67,1255.13,0.037
T007758,C0066,P073,S001,D174,3,131.94,356.24,0.1
T007759,C0065,P058,S001,D100,2,52.34,103.21,0.014
T007760,C0327,P151,S001,D049,4,1135.86,4007.31,0.118
T007761,C0395,P143,S001,D042,3,130.57,375.65,0.041
T007762,C0218,P088,S001,D353,2,153.84,297.83,0.032
T007763,C0497,P119,S001,D291,5,203.49,1016.43,0.001
T007764,C0372,P072,S001,D160,1,133.65,131.11,0.019
T007765,C0420,P139,S001,D179,2,269.28,523.48,0.028
T007766,C0097,P053,S001,D246,4,92.39,361.06,0.023
T007767,C0064,P026,S001,D204,5,148.84,730.06,0.019
T007768,C0213,P100,S001,D089,1,109.42,88.08,0.195
T007769,C0001,P099,S001,D104,2,90.06,177.24,0.016
T007770,C0202,P146,S001,D247,1,127.94,126.15,0.014
T007771,C0416,P080,S001,D202,1,209.97,188.34,0.103
T007772,C0407,P095,S001,D322,1,303.67,301.85,0.006
T007773,C0349,P041,S001,D196,4,160.62,635.41,0.011
T007774,C0315,P037,S001,D315,1,155.33,139.18,0.104
T007775,C0461,P106,S001,D186,1,125.91,121.38,0.036
T007776,C0498,P097,S001,D095,4,301.2,1126.49,0.065
T007777,C0216,P129,S001,D321,5,97.72,473.45,0.031
T007778,C0009,P075,S001,D263,2,134.67,257.76,0.043
T007779,C0315,P165,S001,D026,1,28.86,25.54,0.115
T007780,C0156,P158,S001,D230,1,37.22,36.48,0.02
T007781,C0141,P085,S001,D278,2,145.72,264.34,0.093
T007782,C0109,P165,S001,D211,2,29.17,55.83,0.043
T007783,C0033,P063,S001,D182,1,270.78,259.14,0.043
T007784,C0465,P156,S001,D340,2,87.37,167.05,0.044
T007785,C0072,P098,S001,D154,1,101.02,99.1,0.019
T007786,C0027,P145,S001,D297,1,120.94,118.64,0.019
T007787,C0251,P049,S001,D324,1,92.27,90.52,0.019
T007788,C0035,P022,S001,D059,3,137.06,368.01,0.105
T007789,C0183,P139,S001,D034,2,278.3,503.72,0.095
T007790,C0458,P053,S001,D068,1,93.49,81.06,0.133
T007791,C0299,P142,S001,D035,3,233.49,678.05,0.032
T007792,C0249,P032,S001,D252,2,62.05,121.74,0.019
T007793,C0451,P030,S001,D254,1,99.65,99.15,0.005
T007794,C0312,P042,S001,D131,2,206.82,409.09,0.011
T007795,C0440,P159,S001,D257,2,40.28,76.85,0.046
T007796,C0281,P079,S001,D041,5,197.46,870.8,0.118
T007797,C0381,P041,S001,D253,5,161.6,748.21,0.074
T007798,C0374,P083,S001,D009,1,146.32,136.81,0.065
T007799,C0480,P001,S001,D294,3,77.33,202.53,0.127
T007800,C0148,P032,S001,D075,2,62.94,124.24,0.013
T007801,C0282,P088,S001,D358,2,148.79,295.5,0.007
T007802,C0274,P155,S001,D158,2,80.68,159.59,0.011
T007803,C0001,P017,S001,D227,4,84.9,326.7,0.038
T007804,C0490,P086,S001,D330,5,145.33,677.24,0.068
T007805,C0185,P119,S001,D248,1,195.67,188.43,0.037
T007806,C0357,P037,S001,D180,2,150.65,291.06,0.034
T007807,C0150,P099,S001,D296,1,92.49,91.57,0.01
T007808,C0184,P099,S001,D295,2,89.8,177.27,0.013
T007809,C0401,P085,S001,D171,1,148.33,144.47,0.026
T007810,C0239,P081,S001,D131,5,214.97,1057.65,0.016
T007811,C0033,P007,S001,D087,1,61.74,59.64,0.034
T007812,C0149,P145,S001,D119,2,120.23,236.61,0.016
T007813,C0125,P082,S001,D217,4,207.5,802.61,0.033
T007814,C0218,P108,S001,D170,1,127.68,126.4,0.01
T007815,C0358,P143,S001,D314,3,127.47,330.02,0.137
T007816,C0027,P097,S001,D203,2,294.6,567.99,0.036
T007817,C0275,P011,S001,D354,1,92.1,90.99,0.012
T007818,C0160,P160,S001,D113,4,39.3,148.4,0.056
T007819,C0048,P099,S001,D198,3,94.47,279.73,0.013
T007820,C0222,P163,S001,D136,1,27.9,27.31,0.021
T007821,C0324,P135,S001,D097,2,154.48,276.21,0.106
T007822,C0249,P162,S001,D044,3,27.96,83.54,0.004
T007823,C0234,P059,S001,D314,2,54.88,106.36,0.031
T007824,C0208,P099,S001,D021,1,92.77,80.52,0.132
T007825,C0155,P044,S001,D212,2,182.94,351.98,0.038
T007826,C0430,P133,S001,D062,2,80.42,155.69,0.032
T007827,C0334,P135,S001,D075,2,161.45,303.53,0.06
T007828,C0220,P010,S001,D020,5,93.59,423.03,0.096
T007829,C0126,P082,S001,D146,2,213.54,411.71,0.036
T007830,C0191,P066,S001,D295,2,298.29,591.21,0.009
T007831,C0381,P014,S001,D066,1,84.57,77.97,0.078
T007832,C0028,P013,S001,D226,2,89.24,177.94,0.003
T007833,C0491,P157,S001,D059,1,89.61,79.66,0.111
T007834,C0332,P056,S001,D205,2,58.87,115.74,0.017
T007835,C0357,P134,S001,D219,1,142.26,139.98,0.016
T007836,C0426,P074,S001,D022,2,143.47,282.92,0.014
T007837,C0049,P045,S001,D097,1,187.01,179.72,0.039
T007838,C0014,P125,S001,D319,1,331.28,303.45,0.084
T007839,C0053,P041,S001,D031,2,156.97,274.38,0.126
T007840,C0379,P145,S001,D171,4,124.5,468.12,0.06
T007841,C0049,P162,S001,D067,2,28.27,55.41,0.02
T007842,C0458,P089,S001,D222,1,102.41,83.46,0.185
T007843,C0266,P035,S001,D317,4,63.46,252.06,0.007
T007844,C0070,P005,S001,D025,1,84.59,84.42,0.002
T007845,C0164,P053,S001,D330,2,91.37,161.18,0.118
T007846,C0067,P051,S001,D335,5,80.68,355.8,0.118
T007847,C0191,P079,S001,D239,2,198.12,383.16,0.033
T007848,C0049,P015,S001,D117,1,80.89,77.9,0.037
T007849,C0388,P149,S001,D208,1,1161.32,1097.45,0.055
T007850,C0389,P110,S001,D239,2,179.28,327.37,0.087
T007851,C0108,P150,S001,D030,1,1155.11,1149.33,0.005
T007852,C0117,P014,S001,D050,2,86.87,160.71,0.075
T007853,C0265,P110,S001,D250,1,181.15,172.27,0.049
T007854,C0408,P013,S001,D139,1,89.4,88.33,0.012
T007855,C0307,P079,S001,D067,2,196.64,376.76,0.042
T007856,C0211,P031,S001,D200,2,92.78,182.41,0.017
T007857,C0111,P127,S001,D118,2,289.1,529.05,0.085
T007858,C0153,P028,S001,D264,2,100.51,186.75,0.071
T007859,C0227,P140,S001,D283,2,269.81,539.62,0.0
T007860,C0136,P138,S001,D264,1,271.96,250.2,0.08
T007861,C0099,P105,S001,D225,1,125.55,120.9,0.037
T007862,C0374,P026,S001,D046,1,150.7,133.07,0.117
T007863,C0127,P059,S001,D213,2,56.03,95.81,0.145
T007864,C0344,P149,S001,D287,5,1191.92,4827.28,0.19
T007865,C0421,P011,S001,D322,1,90.79,87.79,0.033
T007866,C0282,P022,S001,D047,1,137.63,135.15,0.018
T007867,C0319,P119,S001,D107,3,198.01,586.9,0.012
T007868,C0208,P001,S001,D177,1,77.57,69.11,0.109
T007869,C0353,P127,S001,D008,2,286.88,562.86,0.019
T007870,C0492,P155,S001,D365,1,78.29,75.08,0.041
T007871,C0289,P162,S001,D051,1,28.04,24.48,0.127
T007872,C0392,P006,S001,D363,4,69.91,266.22,0.048
T007873,C0190,P119,S001,D317,3,201.76,578.65,0.044
T007874,C0262,P049,S001,D173,4,88.5,313.64,0.114
T007875,C0214,P110,S001,D093,1,180.29,167.85,0.069
T007876,C0401,P114,S001,D325,5,170.66,843.91,0.011
T007877,C0208,P157,S001,D164,5,91.48,379.64,0.17
T007878,C0082,P062,S001,D232,1,289.75,283.38,0.022
T007879,C0486,P142,S001,D205,1,226.77,218.15,0.038
T007880,C0223,P055,S001,D349,3,60.45,175.37,0.033
T007881,C0174,P144,S001,D110,2,135.71,263.55,0.029
T007882,C0353,P135,S001,D186,2,160.14,313.87,0.02
T007883,C0391,P143,S001,D187,1,128.27,123.4,0.038
T007884,C0283,P048,S001,D256,2,93.27,179.64,0.037
T007885,C0079,P063,S001,D176,2,268.04,512.49,0.044
T007886,C0363,P024,S001,D325,2,136.32,251.65,0.077
T007887,C0473,P158,S001,D258,1,37.94,37.37,0.015
T007888,C0174,P061,S001,D018,5,50.5,250.48,0.008
T007889,C0235,P054,S001,D164,2,84.13,162.37,0.035
T007890,C0215,P116,S001,D215,3,183.32,493.86,0.102
T007891,C0281,P009,S001,D012,1,76.95,71.33,0.073
T007892,C0109,P112,S001,D312,4,185.95,733.39,0.014
T007893,C0281,P093,S001,D131,2,95.25,171.07,0.102
T007894,C0127,P115,S001,D201,1,184.77,165.74,0.103
T007895,C0402,P013,S001,D311,1,88.78,79.81,0.101
T007896,C0076,P070,S001,D049,1,73.72,67.6,0.083
T007897,C0328,P048,S001,D334,2,89.71,174.04,0.03
T007898,C0456,P062,S001,D313,4,298.03,978.73,0.179
T007899,C0040,P123,S001,D064,3,299.46,882.21,0.018
T007900,C0115,P055,S001,D046,4,60.28,220.62,0.085
T007901,C0052,P008,S001,D046,4,74.35,266.17,0.105
T007902,C0336,P066,S001,D070,1,285.29,278.73,0.023
T007903,C0015,P119,S001,D095,2,195.3,332.01,0.15
T007904,C0107,P099,S001,D137,2,91.91,180.33,0.019
T007905,C0242,P123,S001,D021,2,304.44,585.13,0.039
T007906,C0396,P095,S001,D140,1,288.59,256.85,0.11
T007907,C0275,P137,S001,D052,1,160.38,153.8,0.041
T007908,C0491,P069,S001,D033,3,77.74,209.9,0.1
T007909,C0285,P056,S001,D102,3,59.58,175.34,0.019
T007910,C0141,P029,S001,D147,1,92.16,86.81,0.058
T007911,C0063,P163,S001,D134,1,28.73,26.49,0.078
T007912,C0101,P079,S001,D155,1,200.68,174.59,0.13
T007913,C0396,P127,S001,D081,1,291.52,257.12,0.118
T007914,C0329,P053,S001,D359,3,91.62,258.37,0.06
T007915,C0297,P027,S001,D025,1,94.85,91.81,0.032
T007916,C0199,P001,S001,D333,1,77.6,76.44,0.015
T007917,C0385,P158,S001,D021,1,37.52,35.79,0.046
T007918,C0098,P104,S001,D018,5,111.99,547.07,0.023
T007919,C0384,P006,S001,D229,1,70.04,62.34,0.11
T007920,C0302,P144,S001,D118,1,139.21,129.33,0.071
T007921,C0111,P032,S001,D187,2,60.98,110.98,0.09
T007922,C0259,P115,S001,D269,1,186.72,185.97,0.004
T007923,C0342,P062,S001,D243,4,286.6,1037.49,0.095
T007924,C0360,P041,S001,D003,3,162.64,470.35,0.036
T007925,C0291,P072,S001,D354,1,132.17,128.07,0.031
T007926,C0232,P135,S001,D078,1,162.89,146.11,0.103
T007927,C0350,P013,S001,D085,1,93.08,86.94,0.066
T007928,C0169,P008,S001,D290,1,73.58,69.31,0.058
T007929,C0054,P136,S001,D143,1,174.8,164.66,0.058
T007930,C0180,P128,S001,D079,5,343.03,1665.41,0.029
T007931,C0059,P126,S001,D210,3,350.82,871.44,0.172
T007932,C0291,P125,S001,D328,3,335.23,968.48,0.037
T007933,C0018,P145,S001,D213,4,125.78,474.95,0.056
T007934,C0116,P118,S001,D302,1,210.45,168.99,0.197
T007935,C0111,P049,S001,D043,4,90.77,327.86,0.097
T007936,C0427,P156,S001,D154,1,88.02,78.69,0.106
T007937,C0490,P063,S001,D267,4,274.49,1002.44,0.087
T007938,C0052,P047,S001,D324,5,209.87,936.02,0.108
T007939,C0280,P155,S001,D172,1,80.14,69.96,0.127
T007940,C0373,P089,S001,D322,3,101.24,271.22,0.107
T007941,C0223,P155,S001,D005,1,78.71,77.84,0.011
T007942,C0038,P055,S001,D129,1,61.43,54.43,0.114
T007943,C0047,P047,S001,D067,1,207.6,207.39,0.001
T007944,C0145,P082,S001,D263,2,209.22,403.38,0.036
T007945,C0340,P139,S001,D316,3,277.03,683.99,0.177
T007946,C0025,P148,S001,D176,1,1076.42,1040.9,0.033
T007947,C0473,P002,S001,D040,2,76.76,146.46,0.046
T007948,C0078,P037,S001,D232,1,154.78,138.06,0.108
T007949,C0214,P037,S001,D164,3,157.78,418.91,0.115
T007950,C0207,P078,S001,D317,4,203.25,715.44,0.12
T007951,C0383,P003,S001,D193,1,81.55,72.5,0.111
T007952,C0309,P120,S001,D169,4,205.98,811.56,0.015
T007953,C0063,P146,S001,D245,1,128.24,114.9,0.104
T007954,C0133,P149,S001,D120,2,1193.95,2144.33,0.102
T007955,C0169,P101,S001,D045,2,105.97,197.53,0.068
T007956,C0080,P150,S001,D230,2,1209.57,2261.9,0.065
T007957,C0102,P038,S001,D180,1,164.46,163.97,0.003
T007958,C0245,P093,S001,D351,1,96.62,87.25,0.097
T007959,C0249,P102,S001,D002,2,112.1,213.89,0.046
T007960,C0052,P059,S001,D055,1,55.25,50.39,0.088
T007961,C0031,P101,S001,D088,2,104.54,200.93,0.039
T007962,C0051,P041,S001,D310,1,162.11,154.98,0.044
T007963,C0405,P032,S001,D097,2,61.35,107.98,0.12
T007964,C0070,P155,S001,D068,1,80.08,79.68,0.005
T007965,C0350,P061,S001,D254,2,50.0,89.1,0.109
T007966,C0009,P089,S001,D222,4,107.07,421.86,0.015
T007967,C0238,P129,S001,D054,2,98.78,177.8,0.1
T007968,C0497,P020,S001,D205,3,34.66,101.07,0.028
T007969,C0336,P140,S001,D062,1,264.29,262.97,0.005
T007970,C0068,P031,S001,D067,1,93.66,91.51,0.023
T007971,C0324,P166,S001,D201,1,27.19,25.56,0.06
T007972,C0249,P155,S001,D310,4,80.79,321.87,0.004
T007973,C0476,P134,S001,D306,1,147.44,130.04,0.118
T007974,C0244,P012,S001,D095,1,87.88,75.84,0.137
T007975,C0195,P134,S001,D200,1,144.68,141.64,0.021
T007976,C0310,P061,S001,D150,2,49.28,89.79,0.089
T007977,C0494,P044,S001,D276,2,182.39,323.2,0.114
T007978,C0256,P042,S001,D276,1,210.09,199.8,0.049
T007979,C0337,P118,S001,D324,2,220.13,437.62,0.006
T007980,C0296,P027,S001,D237,2,94.89,178.01,0.062
T007981,C0329,P142,S001,D131,2,225.13,416.94,0.074
T007982,C0450,P100,S001,D006,1,107.01,103.26,0.035
T007983,C0043,P153,S001,D350,2,82.63,163.44,0.011
T007984,C0027,P093,S001,D088,1,95.73,92.57,0.033
T007985,C0495,P037,S001,D048,4,156.01,612.18,0.019
T007986,C0209,P077,S001,D230,4,148.82,531.59,0.107
T007987,C0173,P022,S001,D183,2,133.78,263.28,0.016
T007988,C0388,P141,S001,D278,5,266.5,1196.58,0.102
T007989,C0458,P003,S001,D046,1,77.32,68.51,0.114
T007990,C0187,P022,S001,D348,2,134.73,223.11,0.172
T007991,C0034,P024,S001,D309,2,137.77,252.67,0.083
T007992,C0278,P155,S001,D131,1,79.2,71.83,0.093
T007993,C0267,P020,S001,D057,1,33.83,32.31,0.045
T007994,C0219,P063,S001,D073,1,269.69,250.81,0.07
T007995,C0292,P087,S001,D337,2,160.31,311.0,0.03
T007996,C0030,P059,S001,D329,2,54.66,108.77,0.005
T007997,C0322,P091,S001,D126,4,112.96,444.16,0.017
T007998,C0232,P001,S001,D021,1,75.35,62.84,0.166
T007999,C0206,P006,S001,D009,1,67.08,65.87,0.018
T008000,C0259,P080,S001,D107,2,201.95,401.07,0.007
T008001,C0095,P068,S001,D285,3,76.56,221.41,0.036
T008002,C0234,P060,S001,D058,1,52.05,51.01,0.02
T008003,C0390,P114,S001,D151,4,167.29,655.78,0.02
T008004,C0014,P009,S001,D190,3,73.93,197.17,0.111
T008005,C0244,P140,S001,D339,1,263.22,235.85,0.104
T008006,C0151,P070,S001,D049,2,76.24,147.45,0.033
T008007,C0141,P094,S001,D065,2,279.81,522.69,0.066
T008008,C0420,P164,S001,D094,1,30.58,29.6,0.032
T008009,C0493,P161,S001,D292,2,39.03,73.14,0.063
T008010,C0021,P098,S001,D051,2,100.53,195.83,0.026
T008011,C0399,P080,S001,D063,2,208.23,398.14,0.044
T008012,C0002,P028,S001,D149,1,101.67,96.69,0.049
T008013,C0211,P003,S001,D069,3,78.91,229.63,0.03
T008014,C0345,P085,S001,D221,1,145.53,138.4,0.049
T008015,C0389,P044,S001,D122,4,182.62,687.38,0.059
T008016,C0073,P033,S001,D060,2,60.51,103.96,0.141
T008017,C0099,P110,S001,D079,2,182.5,362.81,0.006
T008018,C0180,P152,S001,D359,1,1244.61,1203.54,0.033
T008019,C0072,P113,S001,D049,5,169.83,825.37,0.028
T008020,C0093,P039,S001,D237,1,142.72,141.58,0.008
T008021,C0007,P053,S001,D163,2,93.06,181.65,0.024
T008022,C0444,P136,S001,D236,5,166.63,780.66,0.063
T008023,C0311,P128,S001,D085,1,339.1,334.01,0.015
T008024,C0001,P160,S001,D008,2,39.46,78.76,0.002
T008025,C0385,P085,S001,D215,3,148.03,433.88,0.023
T008026,C0411,P070,S001,D170,5,72.91,357.62,0.019
T008027,C0401,P074,S001,D161,2,143.15,284.58,0.006
T008028,C0127,P018,S001,D126,2,34.24,61.43,0.103
T008029,C0437,P157,S001,D031,4,92.0,362.11,0.016
T008030,C0164,P108,S001,D343,3,134.53,356.77,0.116
T008031,C0475,P126,S001,D322,5,345.41,1661.42,0.038
T008032,C0272,P082,S001,D279,2,209.39,399.52,0.046
T008033,C0004,P051,S001,D192,2,83.68,153.8,0.081
T008034,C0061,P053,S001,D263,2,93.64,165.56,0.116
T008035,C0185,P015,S001,D040,1,80.87,78.61,0.028
T008036,C0021,P086,S001,D093,3,148.57,435.46,0.023
T008037,C0124,P086,S001,D043,2,143.52,254.03,0.115
T008038,C0009,P101,S001,D115,1,109.5,109.39,0.001
T008039,C0154,P127,S001,D129,1,285.56,265.57,0.07
T008040,C0444,P032,S001,D178,2,62.15,115.23,0.073
T008041,C0155,P152,S001,D342,3,1186.68,3499.52,0.017
T008042,C0389,P020,S001,D034,3,33.02,88.86,0.103
T008043,C0390,P001,S001,D045,2,77.89,148.61,0.046
T008044,C0135,P051,S001,D358,3,81.19,221.89,0.089
T008045,C0410,P126,S001,D272,3,351.94,1016.75,0.037
T008046,C0322,P160,S001,D090,2,39.12,78.08,0.002
T008047,C0044,P144,S001,D325,2,139.3,269.13,0.034
T008048,C0475,P063,S001,D096,4,273.27,1091.99,0.001
T008049,C0114,P145,S001,D003,4,125.74,490.39,0.025
T008050,C0468,P129,S001,D136,2,98.14,189.21,0.036
T008051,C0013,P047,S001,D134,3,214.88,637.55,0.011
T008052,C0286,P123,S001,D052,1,302.53,300.71,0.006
T008053,C0075,P102,S001,D345,4,107.23,411.33,0.041
T008054,C0318,P060,S001,D093,5,53.87,259.65,0.036
T008055,C0129,P064,S001,D047,2,333.64,540.5,0.19
T008056,C0421,P074,S001,D262,1,148.59,144.13,0.03
T008057,C0008,P026,S001,D121,2,146.34,287.7,0.017
T008058,C0166,P116,S001,D328,1,183.39,174.95,0.046
T008059,C0402,P111,S001,D208,3,156.3,426.7,0.09
T008060,C0358,P102,S001,D354,2,111.65,188.91,0.154
T008061,C0143,P125,S001,D291,2,326.93,624.44,0.045
T008062,C0001,P155,S001,D158,4,80.32,311.64,0.03
T008063,C0221,P106,S001,D299,1,122.81,116.3,0.053
T008064,C0153,P017,S001,D296,4,85.2,320.01,0.061
T008065,C0312,P001,S001,D291,1,77.41,75.78,0.021
T008066,C0194,P125,S001,D312,2,324.54,647.78,0.002
T008067,C0170,P055,S001,D347,1,59.37,52.01,0.124
T008068,C0232,P090,S001,D212,2,116.25,200.65,0.137
T008069,C0458,P027,S001,D059,1,89.61,77.06,0.14
T008070,C0074,P141,S001,D363,1,263.15,261.83,0.005
T008071,C0115,P073,S001,D174,4,130.58,475.83,0.089
T008072,C0154,P100,S001,D096,4,110.57,402.92,0.089
T008073,C0072,P153,S001,D101,3,79.91,232.06,0.032
T008074,C0263,P136,S001,D084,1,167.91,153.81,0.084
T008075,C0205,P005,S001,D102,4,86.33,305.26,0.116
T008076,C0314,P052,S001,D264,1,85.26,83.98,0.015
T008077,C0155,P160,S001,D162,2,39.91,76.47,0.042
T008078,C0441,P158,S001,D239,4,38.66,152.17,0.016
T008079,C0449,P103,S001,D254,3,106.71,311.49,0.027
T008080,C0346,P110,S001,D225,1,179.02,160.76,0.102
T008081,C0462,P115,S001,D272,2,180.18,336.94,0.065
T008082,C0263,P033,S001,D037,1,60.5,57.35,0.052
T008083,C0041,P038,S001,D103,1,168.31,167.3,0.006
T008084,C0057,P050,S001,D073,2,85.89,148.76,0.134
T008085,C0483,P150,S001,D330,2,1200.88,2180.8,0.092
T008086,C0168,P166,S001,D251,1,27.58,27.14,0.016
T008087,C0145,P045,S001,D074,2,195.64,379.93,0.029
T008088,C0015,P154,S001,D096,4,92.47,302.19,0.183
T008089,C0289,P011,S001,D150,3,93.92,253.3,0.101
T008090,C0143,P004,S001,D220,3,74.09,217.16,0.023
T008091,C0123,P042,S001,D332,1,218.96,204.73,0.065
T008092,C0337,P007,S001,D311,1,61.78,59.31,0.04
T008093,C0346,P103,S001,D338,2,105.38,194.95,0.075
T008094,C0477,P053,S001,D234,3,91.31,258.59,0.056
T008095,C0328,P051,S001,D024,2,82.43,158.1,0.041
T008096,C0269,P135,S001,D066,2,157.17,297.68,0.053
T008097,C0011,P139,S001,D091,4,281.21,1116.97,0.007
T008098,C0223,P148,S001,D126,2,1047.57,2000.86,0.045
T008099,C0354,P002,S001,D036,3,78.9,235.52,0.005
T008100,C0081,P041,S001,D063,2,154.91,305.17,0.015
T008101,C0081,P046,S001,D237,4,212.55,815.34,0.041
T008102,C0014,P160,S001,D185,2,39.53,72.81,0.079
T008103,C0278,P152,S001,D334,1,1248.81,1171.38,0.062
T008104,C0062,P010,S001,D019,4,91.04,339.76,0.067
T008105,C0091,P140,S001,D069,2,277.48,544.42,0.019
T008106,C0108,P017,S001,D220,1,85.8,81.51,0.05
T008107,C0003,P084,S001,D226,2,139.62,265.56,0.049
T008108,C0420,P060,S001,D351,1,52.69,52.58,0.002
T008109,C0111,P152,S001,D186,1,1189.89,1111.36,0.066
T008110,C0081,P033,S001,D242,2,62.35,122.83,0.015
T008111,C0400,P148,S001,D150,4,1082.07,4250.37,0.018
T008112,C0095,P044,S001,D085,1,183.19,179.34,0.021
T008113,C0344,P030,S001,D321,1,101.61,90.33,0.111
T008114,C0123,P025,S001,D260,3,129.4,362.97,0.065
T008115,C0317,P067,S001,D150,3,72.35,197.08,0.092
T008116,C0044,P058,S001,D298,2,52.55,105.1,0.0
T008117,C0331,P051,S001,D149,1,79.88,77.08,0.035
T008118,C0332,P101,S001,D071,3,106.22,317.07,0.005
T008119,C0075,P042,S001,D041,2,208.59,410.09,0.017
T008120,C0367,P147,S001,D100,1,134.83,132.94,0.014
T008121,C0253,P009,S001,D026,5,73.05,301.7,0.174
T008122,C0182,P109,S001,D004,2,129.55,255.21,0.015
T008123,C0373,P166,S001,D021,1,27.44,21.95,0.2
T008124,C0416,P076,S001,D252,2,134.91,236.63,0.123
T008125,C0147,P075,S001,D224,2,140.46,276.14,0.017
T008126,C0412,P055,S001,D254,1,61.37,60.94,0.007
T008127,C0120,P164,S001,D055,1,30.04,27.73,0.077
T008128,C0322,P090,S001,D194,1,114.28,109.02,0.046
T008129,C0274,P071,S001,D227,1,82.13,80.98,0.014
T008130,C0193,P165,S001,D065,1,29.25,24.19,0.173
T008131,C0429,P009,S001,D161,2,73.86,132.8,0.101
T008132,C0379,P074,S001,D131,2,143.29,266.23,0.071
T008133,C0388,P002,S001,D235,5,77.66,350.63,0.097
T008134,C0359,P124,S001,D077,2,359.3,685.54,0.046
T008135,C0344,P136,S001,D133,1,169.65,144.2,0.15
T008136,C0497,P032,S001,D166,4,61.08,239.19,0.021
T008137,C0030,P036,S001,D131,3,143.33,415.8,0.033
T008138,C0332,P042,S001,D256,5,217.68,1065.54,0.021
T008139,C0065,P059,S001,D144,3,54.64,159.17,0.029
T008140,C0284,P076,S001,D333,2,128.49,231.54,0.099
T008141,C0165,P073,S001,D004,2,131.04,261.29,0.003
T008142,C0340,P036,S001,D316,4,140.98,466.93,0.172
T008143,C0031,P029,S001,D202,1,89.86,88.78,0.012
T008144,C0346,P123,S001,D122,4,294.02,1078.47,0.083
T008145,C0281,P085,S001,D238,1,149.14,137.06,0.081
T008146,C0198,P158,S001,D144,2,38.02,69.73,0.083
T008147,C0219,P132,S001,D230,4,90.62,338.19,0.067
T008148,C0078,P112,S001,D160,1,177.89,162.95,0.084
T008149,C0277,P113,S001,D169,4,171.14,642.8,0.061
T008150,C0445,P143,S001,D260,1,124.49,119.39,0.041
T008151,C0265,P002,S001,D321,2,79.39,153.7,0.032
T008152,C0189,P033,S001,D217,4,62.03,236.71,0.046
T008153,C0043,P034,S001,D176,2,61.92,118.64,0.042
T008154,C0311,P093,S001,D119,1,95.15,95.05,0.001
T008155,C0015,P067,S001,D267,2,75.5,132.28,0.124
T008156,C0426,P112,S001,D114,2,179.39,342.63,0.045
T008157,C0292,P103,S001,D268,1,106.34,103.36,0.028
T008158,C0357,P040,S001,D138,5,136.76,675.59,0.012
T008159,C0358,P103,S001,D303,1,102.07,90.43,0.114
T008160,C0224,P166,S001,D115,1,27.26,24.64,0.096
T008161,C0258,P092,S001,D149,1,107.04,105.01,0.019
T008162,C0107,P062,S001,D213,2,286.9,560.03,0.024
T008163,C0494,P132,S001,D077,3,92.46,258.52,0.068
T008164,C0252,P047,S001,D161,1,214.69,212.54,0.01
T008165,C0350,P043,S001,D331,2,204.09,377.97,0.074
T008166,C0037,P040,S001,D008,3,142.92,421.47,0.017
T008167,C0108,P160,S001,D173,2,41.02,81.47,0.007
T008168,C0049,P143,S001,D052,2,124.18,244.88,0.014
T008169,C0446,P010,S001,D324,5,89.23,411.8,0.077
T008170,C0181,P024,S001,D047,1,131.56,128.8,0.021
T008171,C0150,P013,S001,D059,2,89.24,174.55,0.022
T008172,C0407,P046,S001,D071,3,216.06,619.66,0.044
T008173,C0189,P138,S001,D171,2,263.51,523.33,0.007
T008174,C0094,P129,S001,D152,1,100.69,93.44,0.072
T008175,C0177,P051,S001,D112,5,80.86,331.12,0.181
T008176,C0128,P092,S001,D041,1,104.76,93.45,0.108
T008177,C0345,P071,S001,D011,1,80.31,76.54,0.047
T008178,C0198,P006,S001,D284,1,68.75,60.64,0.118
T008179,C0134,P003,S001,D129,3,79.48,232.24,0.026
T008180,C0302,P072,S001,D014,1,131.9,123.72,0.062
T008181,C0417,P005,S001,D285,2,87.28,162.34,0.07
T008182,C0189,P081,S001,D284,3,218.06,653.53,0.001
T008183,C0209,P077,S001,D324,2,149.51,277.49,0.072
T008184,C0491,P159,S001,D061,1,38.98,36.68,0.059
T008185,C0291,P046,S001,D043,1,210.25,206.26,0.019
T008186,C0476,P043,S001,D015,2,202.09,380.74,0.058
T008187,C0420,P115,S001,D084,2,184.81,353.73,0.043
T008188,C0393,P141,S001,D195,1,258.11,237.2,0.081
T008189,C0214,P002,S001,D273,2,79.34,148.68,0.063
T008190,C0484,P092,S001,D247,3,103.14,287.14,0.072
T008191,C0012,P140,S001,D317,5,272.83,1324.59,0.029
T008192,C0111,P065,S001,D283,2,321.69,571.96,0.111
T008193,C0444,P110,S001,D231,1,178.52,167.99,0.059
T008194,C0057,P165,S001,D106,2,29.27,47.59,0.187
T008195,C0337,P110,S001,D113,3,181.07,543.21,0.0
T008196,C0076,P043,S001,D231,1,207.65,193.11,0.07
T008197,C0253,P109,S001,D258,1,125.71,100.82,0.198
T008198,C0354,P031,S001,D114,2,94.19,181.79,0.035
T008199,C0374,P052,S001,D127,2,84.51,157.19,0.07
T008200,C0177,P158,S001,D116,1,38.8,32.13,0.172
T008201,C0238,P047,S001,D223,1,217.23,192.47,0.114
T008202,C0060,P142,S001,D023,2,234.95,462.85,0.015
T008203,C0336,P038,S001,D330,1,164.23,164.07,0.001
T008204,C0118,P069,S001,D008,1,78.19,76.16,0.026
T008205,C0048,P149,S001,D089,5,1178.95,5729.7,0.028
T008206,C0431,P069,S001,D291,1,79.57,63.74,0.199
T008207,C0074,P137,S001,D183,3,161.91,480.87,0.01
T008208,C0331,P099,S001,D014,4,93.33,370.33,0.008
T008209,C0029,P099,S001,D048,1,94.41,78.36,0.17
T008210,C0139,P006,S001,D127,2,67.53,130.2,0.036
T008211,C0203,P153,S001,D322,1,80.54,77.48,0.038
T008212,C0228,P041,S001,D307,1,154.08,152.54,0.01
T008213,C0323,P072,S001,D271,1,130.26,129.35,0.007
T008214,C0442,P148,S001,D214,2,1072.34,1915.2,0.107
T008215,C0219,P150,S001,D251,4,1153.48,4346.31,0.058
T008216,C0071,P021,S001,D335,4,35.45,115.85,0.183
T008217,C0014,P025,S001,D224,1,130.78,116.52,0.109
T008218,C0457,P166,S001,D019,1,28.16,23.43,0.168
T008219,C0150,P040,S001,D341,1,139.74,137.92,0.013
T008220,C0199,P085,S001,D258,5,150.36,722.48,0.039
T008221,C0446,P034,S001,D350,1,63.67,59.6,0.064
T008222,C0386,P109,S001,D093,4,123.83,474.52,0.042
T008223,C0346,P049,S001,D237,2,91.32,173.14,0.052
T008224,C0405,P131,S001,D122,3,97.33,235.34,0.194
T008225,C0354,P071,S001,D251,4,81.03,317.64,0.02
T008226,C0371,P028,S001,D049,2,100.31,178.75,0.109
T008227,C0106,P089,S001,D356,2,103.23,197.58,0.043
T008228,C0328,P139,S001,D331,3,277.35,807.09,0.03
T008229,C0147,P156,S001,D125,2,90.18,172.42,0.044
T008230,C0307,P132,S001,D212,1,90.23,87.7,0.028
T008231,C0190,P127,S001,D116,1,299.86,295.66,0.014
T008232,C0367,P127,S001,D245,3,298.4,889.83,0.006
T008233,C0097,P064,S001,D260,1,318.31,308.44,0.031
T008234,C0391,P090,S001,D303,2,117.01,223.49,0.045
T008235,C0477,P159,S001,D297,2,38.51,72.94,0.053
T008236,C0335,P103,S001,D068,1,107.7,95.75,0.111
T008237,C0040,P020,S001,D017,1,32.99,32.43,0.017
T008238,C0201,P149,S001,D192,2,1165.86,2292.08,0.017
T008239,C0461,P103,S001,D286,1,104.94,101.27,0.035
T008240,C0363,P026,S001,D062,3,149.21,408.24,0.088
T008241,C0025,P077,S001,D336,2,145.87,284.15,0.026
T008242,C0261,P097,S001,D079,4,303.99,1169.75,0.038
T008243,C0377,P157,S001,D062,2,87.1,162.35,0.068
T008244,C0035,P065,S001,D324,2,317.85,601.37,0.054
T008245,C0124,P009,S001,D347,1,73.05,67.35,0.078
T008246,C0458,P130,S001,D019,5,87.54,390.43,0.108
T008247,C0110,P050,S001,D182,1,86.47,81.02,0.063
T008248,C0325,P123,S001,D222,2,303.78,599.05,0.014
T008249,C0331,P133,S001,D240,5,81.24,399.7,0.016
T008250,C0164,P101,S001,D297,2,106.29,201.31,0.053
T008251,C0022,P081,S001,D181,5,215.42,1076.02,0.001
T008252,C0473,P070,S001,D271,2,74.2,141.43,0.047
T008253,C0196,P083,S001,D236,5,142.51,708.99,0.005
T008254,C0431,P030,S001,D267,5,103.0,435.18,0.155
T008255,C0019,P053,S001,D077,2,90.58,172.83,0.046
T008256,C0020,P071,S001,D303,2,79.16,154.68,0.023
T008257,C0467,P123,S001,D222,2,303.83,595.51,0.02
T008258,C0311,P067,S001,D338,2,73.68,143.23,0.028
T008259,C0361,P044,S001,D282,2,183.79,354.71,0.035
T008260,C0224,P160,S001,D190,5,39.03,180.32,0.076
T008261,C0476,P093,S001,D120,1,95.6,84.22,0.119
T008262,C0265,P083,S001,D051,1,148.54,147.65,0.006
T008263,C0292,P139,S001,D354,1,275.6,264.3,0.041
T008264,C0198,P011,S001,D193,2,91.87,167.02,0.091
T008265,C0365,P123,S001,D359,3,301.37,874.27,0.033
T008266,C0082,P103,S001,D071,3,104.21,305.13,0.024
T008267,C0022,P078,S001,D284,1,200.91,192.27,0.043
T008268,C0171,P114,S001,D010,1,170.43,155.43,0.088
T008269,C0192,P038,S001,D294,4,165.63,650.59,0.018
T008270,C0277,P037,S001,D079,3,150.5,418.09,0.074
T008271,C0168,P135,S001,D252,1,157.67,156.57,0.007
T008272,C0190,P019,S001,D120,5,36.32,172.88,0.048
T008273,C0127,P093,S001,D148,2,96.69,162.63,0.159
T008274,C0390,P108,S001,D047,2,130.93,258.19,0.014
T008275,C0199,P030,S001,D109,2,100.48,199.55,0.007
T008276,C0240,P014,S001,D211,3,88.24,255.45,0.035
T008277,C0172,P131,S001,D277,5,97.62,486.64,0.003
T008278,C0170,P078,S001,D225,3,198.77,520.58,0.127
T008279,C0218,P053,S001,D348,1,92.46,90.24,0.024
T008280,C0445,P094,S001,D060,3,281.47,809.79,0.041
T008281,C0398,P041,S001,D087,2,155.9,309.31,0.008
T008282,C0264,P058,S001,D117,1,51.73,51.32,0.008
T008283,C0423,P011,S001,D162,2,92.0,179.58,0.024
T008284,C0197,P116,S001,D249,1,177.74,172.76,0.028
T008285,C0332,P057,S001,D320,1,57.47,56.55,0.016
T008286,C0327,P102,S001,D113,4,109.03,391.64,0.102
T008287,C0032,P112,S001,D173,5,177.52,882.27,0.006
T008288,C0266,P070,S001,D146,1,74.05,72.94,0.015
T008289,C0055,P014,S001,D284,1,88.56,84.13,0.05
T008290,C0279,P109,S001,D037,5,125.75,589.14,0.063
T008291,C0469,P145,S001,D242,2,120.18,212.96,0.114
T008292,C0474,P120,S001,D252,4,211.47,808.66,0.044
T008293,C0432,P127,S001,D136,2,283.9,554.74,0.023
T008294,C0425,P140,S001,D076,2,266.49,473.82,0.111
T008295,C0433,P128,S001,D089,2,330.52,645.18,0.024
T008296,C0244,P069,S001,D350,2,77.35,125.0,0.192
T008297,C0487,P030,S001,D290,2,102.64,204.05,0.006
T008298,C0390,P050,S001,D079,2,84.78,168.37,0.007
T008299,C0066,P125,S001,D132,3,337.06,926.24,0.084
T008300,C0259,P151,S001,D071,1,1130.87,1119.56,0.01
T008301,C0400,P071,S001,D158,1,81.33,81.33,0.0
T008302,C0465,P027,S001,D223,2,89.82,178.92,0.004
T008303,C0424,P132,S001,D154,3,90.28,220.46,0.186
T008304,C0073,P150,S001,D008,1,1152.99,959.29,0.168
T008305,C0251,P135,S001,D020,4,155.55,601.05,0.034
T008306,C0027,P019,S001,D088,2,36.55,70.69,0.033
T008307,C0435,P142,S001,D058,1,234.37,211.87,0.096
T008308,C0241,P108,S001,D283,2,127.67,247.42,0.031
T008309,C0476,P002,S001,D058,1,79.68,70.68,0.113
T008310,C0479,P139,S001,D262,1,268.18,225.81,0.158
T008311,C0324,P111,S001,D249,1,157.27,145.32,0.076
T008312,C0364,P055,S001,D166,1,60.05,59.03,0.017
T008313,C0205,P029,S001,D345,1,91.21,77.89,0.146
T008314,C0152,P067,S001,D156,1,71.53,69.38,0.03
T008315,C0349,P037,S001,D137,1,153.38,146.78,0.043
T008316,C0100,P018,S001,D010,2,34.12,67.35,0.013
T008317,C0009,P044,S001,D230,2,188.4,370.02,0.018
T008318,C0083,P027,S001,D104,4,94.54,362.28,0.042
T008319,C0484,P123,S001,D320,4,294.46,1063.59,0.097
T008320,C0350,P023,S001,D163,3,146.34,410.92,0.064
T008321,C0235,P048,S001,D113,1,91.83,87.42,0.048
T008322,C0094,P068,S001,D248,2,75.08,141.75,0.056
T008323,C0039,P032,S001,D278,5,62.33,307.91,0.012
T008324,C0320,P034,S001,D062,2,64.29,125.62,0.023
T008325,C0186,P101,S001,D203,3,108.48,298.43,0.083
T008326,C0125,P120,S001,D044,3,210.83,608.46,0.038
T008327,C0172,P049,S001,D285,2,90.86,175.9,0.032
T008328,C0059,P091,S001,D043,4,108.82,350.84,0.194
T008329,C0020,P161,S001,D356,1,39.8,39.6,0.005
T008330,C0036,P007,S001,D184,2,62.74,120.34,0.041
T008331,C0078,P001,S001,D021,5,75.67,358.68,0.052
T008332,C0017,P051,S001,D266,2,80.44,158.15,0.017
T008333,C0293,P052,S001,D203,2,84.6,163.62,0.033
T008334,C0433,P074,S001,D364,1,146.37,143.88,0.017
T008335,C0234,P114,S001,D068,1,169.38,161.59,0.046
T008336,C0105,P032,S001,D119,1,60.34,56.12,0.07
T008337,C0257,P072,S001,D292,5,134.19,620.63,0.075
T008338,C0458,P072,S001,D158,2,129.22,227.69,0.119
T008339,C0146,P034,S001,D209,1,63.78,62.25,0.024
T008340,C0047,P067,S001,D155,1,74.96,73.54,0.019
T008341,C0497,P102,S001,D365,1,112.49,109.68,0.025
T008342,C0212,P162,S001,D175,1,28.27,26.09,0.077
T008343,C0146,P050,S001,D052,3,85.68,253.96,0.012
T008344,C0080,P057,S001,D165,1,56.77,53.08,0.065
T008345,C0483,P102,S001,D001,2,113.14,207.05,0.085
T008346,C0072,P025,S001,D193,1,130.74,128.13,0.02
T008347,C0187,P032,S001,D267,1,60.07,50.94,0.152
T008348,C0159,P162,S001,D208,5,27.29,118.3,0.133
T008349,C0440,P151,S001,D193,1,1128.71,1077.92,0.045
T008350,C0369,P126,S001,D190,3,352.87,1052.26,0.006
T008351,C0002,P112,S001,D341,3,176.16,527.42,0.002
T008352,C0451,P105,S001,D112,4,129.12,499.44,0.033
T008353,C0011,P139,S001,D207,4,275.19,1064.43,0.033
T008354,C0045,P018,S001,D222,1,34.15,32.89,0.037
T008355,C0405,P124,S001,D128,4,340.47,1213.44,0.109
T008356,C0013,P054,S001,D049,2,82.62,162.43,0.017
T008357,C0107,P079,S001,D109,2,203.46,396.75,0.025
T008358,C0059,P096,S001,D253,3,275.14,689.23,0.165
T008359,C0374,P048,S001,D177,1,88.73,80.3,0.095
T008360,C0372,P148,S001,D178,1,1035.28,1022.86,0.012
T008361,C0461,P002,S001,D015,5,77.98,377.03,0.033
T008362,C0112,P151,S001,D319,1,1095.12,1055.7,0.036
T008363,C0427,P063,S001,D358,1,277.93,248.19,0.107
T008364,C0046,P008,S001,D250,1,76.66,72.52,0.054
T008365,C0020,P060,S001,D061,3,53.43,156.12,0.026
T008366,C0305,P038,S001,D018,1,169.67,160.34,0.055
T008367,C0228,P036,S001,D335,2,144.86,279.29,0.036
T008368,C0415,P142,S001,D265,1,236.01,210.05,0.11
T008369,C0273,P066,S001,D266,1,298.73,263.78,0.117
T008370,C0330,P151,S001,D037,1,1134.89,995.3,0.123
T008371,C0358,P139,S001,D026,5,281.87,1259.96,0.106
T008372,C0279,P057,S001,D267,3,59.78,162.84,0.092
T008373,C0093,P072,S001,D117,4,133.48,532.32,0.003
T008374,C0379,P019,S001,D293,1,36.28,32.11,0.115
T008375,C0362,P119,S001,D330,1,195.02,190.73,0.022
T008376,C0218,P001,S001,D264,4,74.16,285.07,0.039
T008377,C0202,P095,S001,D231,1,291.56,278.15,0.046
T008378,C0013,P123,S001,D245,2,301.2,577.7,0.041
T008379,C0072,P020,S001,D078,1,34.76,33.58,0.034
T008380,C0220,P110,S001,D090,2,182.7,338.36,0.074
T008381,C0443,P058,S001,D060,2,53.05,104.51,0.015
T008382,C0235,P156,S001,D186,3,90.19,257.31,0.049
T008383,C0394,P149,S001,D106,3,1190.8,3572.4,0.0
T008384,C0178,P154,S001,D276,1,95.42,94.37,0.011
T008385,C0425,P062,S001,D178,2,299.86,566.14,0.056
T008386,C0179,P035,S001,D317,4,65.56,249.91,0.047
T008387,C0346,P105,S001,D150,2,129.47,241.59,0.067
T008388,C0442,P054,S001,D068,2,82.89,151.69,0.085
T008389,C0104,P164,S001,D318,1,31.0,30.04,0.031
T008390,C0149,P115,S001,D350,2,188.17,374.46,0.005
T008391,C0300,P108,S001,D112,2,134.69,241.9,0.102
T008392,C0072,P151,S001,D314,3,1114.04,3241.86,0.03
T008393,C0243,P156,S001,D179,3,90.75,262.18,0.037
T008394,C0183,P156,S001,D290,1,88.89,79.73,0.103
T008395,C0054,P040,S001,D264,1,138.92,127.25,0.084
T008396,C0246,P112,S001,D294,5,183.24,911.62,0.005
T008397,C0254,P082,S001,D007,1,207.97,199.03,0.043
T008398,C0065,P121,S001,D246,1,199.06,193.69,0.027
T008399,C0491,P094,S001,D006,1,281.62,249.23,0.115
T008400,C0222,P164,S001,D028,2,30.89,59.0,0.045
T008401,C0342,P020,S001,D107,2,33.49,63.23,0.056
T008402,C0336,P111,S001,D255,5,156.53,752.13,0.039
T008403,C0328,P056,S001,D191,2,57.02,108.79,0.046
T008404,C0089,P099,S001,D256,1,92.56,86.73,0.063
T008405,C0222,P143,S001,D109,2,126.75,246.91,0.026
T008406,C0354,P034,S001,D153,1,63.57,61.79,0.028
T008407,C0353,P022,S001,D113,4,134.01,518.89,0.032
T008408,C0044,P082,S001,D353,2,213.86,406.76,0.049
T008409,C0167,P032,S001,D339,1,60.15,58.47,0.028
T008410,C0329,P074,S001,D056,5,147.55,655.12,0.112
T008411,C0276,P030,S001,D211,3,103.93,296.2,0.05
T008412,C0150,P082,S001,D029,1,209.25,206.74,0.012
T008413,C0163,P049,S001,D363,2,91.26,172.12,0.057
T008414,C0166,P040,S001,D091,1,138.38,135.06,0.024
T008415,C0239,P156,S001,D034,1,86.27,84.89,0.016
T008416,C0309,P106,S001,D288,4,124.79,489.68,0.019
T008417,C0013,P116,S001,D048,5,179.02,887.04,0.009
T008418,C0286,P075,S001,D070,2,136.95,263.77,0.037
T008419,C0013,P013,S001,D095,1,89.96,85.82,0.046
T008420,C0471,P009,S001,D095,2,75.96,144.78,0.047
T008421,C0064,P057,S001,D322,1,59.4,59.1,0.005
T008422,C0485,P084,S001,D251,2,142.86,264.86,0.073
T008423,C0283,P151,S001,D203,1,1108.44,1076.3,0.029
T008424,C0489,P006,S001,D236,1,69.6,67.51,0.03
T008425,C0486,P039,S001,D037,1,148.73,142.33,0.043
T008426,C0180,P149,S001,D292,3,1215.4,3547.75,0.027
T008427,C0226,P093,S001,D169,2,93.82,186.51,0.006
T008428,C0158,P158,S001,D238,1,37.79,37.71,0.002
T008429,C0447,P078,S001,D215,3,200.1,576.89,0.039
T008430,C0003,P135,S001,D292,5,160.31,794.34,0.009
T008431,C0139,P017,S001,D360,2,86.42,167.31,0.032
T008432,C0268,P118,S001,D050,3,219.64,640.47,0.028
T008433,C0456,P153,S001,D013,4,80.56,269.39,0.164
T008434,C0026,P103,S001,D314,3,105.54,306.49,0.032
T008435,C0397,P032,S001,D298,1,60.05,59.45,0.01
T008436,C0064,P069,S001,D319,2,75.64,144.62,0.044
T008437,C0175,P072,S001,D168,3,133.55,358.18,0.106
T008438,C0260,P089,S001,D009,1,103.29,93.58,0.094
T008439,C0253,P043,S001,D143,1,201.38,169.76,0.157
T008440,C0497,P086,S001,D116,2,143.46,277.45,0.033
T008441,C0308,P118,S001,D099,2,211.9,402.61,0.05
T008442,C0083,P150,S001,D210,2,1155.35,2289.9,0.009
T008443,C0310,P116,S001,D193,3,175.39,495.65,0.058
T008444,C0288,P072,S001,D080,1,128.64,120.66,0.062
T008445,C0022,P105,S001,D146,2,123.61,235.35,0.048
T008446,C0328,P141,S001,D204,3,259.21,741.08,0.047
T008447,C0416,P020,S001,D261,1,33.3,29.4,0.117
T008448,C0198,P051,S001,D227,1,82.99,76.35,0.08
T008449,C0133,P085,S001,D144,2,149.34,271.8,0.09
T008450,C0187,P091,S001,D258,3,109.87,265.34,0.195
T008451,C0377,P073,S001,D007,3,132.28,349.22,0.12
T008452,C0358,P011,S001,D023,4,93.92,319.7,0.149
T008453,C0401,P032,S001,D233,1,62.07,59.59,0.04
T008454,C0391,P139,S001,D028,4,270.76,1061.38,0.02
T008455,C0340,P030,S001,D273,2,103.89,179.31,0.137
T008456,C0209,P124,S001,D015,4,354.37,1255.89,0.114
T008457,C0131,P101,S001,D052,3,104.34,288.92,0.077
T008458,C0463,P114,S001,D281,4,165.69,656.13,0.01
T008459,C0331,P050,S001,D322,2,83.77,159.67,0.047
T008460,C0113,P030,S001,D153,1,99.6,89.54,0.101
T008461,C0144,P048,S001,D360,1,90.5,88.6,0.021
T008462,C0282,P165,S001,D351,2,30.46,58.91,0.033
T008463,C0215,P082,S001,D167,2,206.42,367.01,0.111
T008464,C0102,P116,S001,D070,1,180.27,172.34,0.044
T008465,C0260,P066,S001,D031,1,285.32,265.06,0.071
T008466,C0380,P080,S001,D060,2,208.82,377.55,0.096
T008467,C0475,P017,S001,D328,1,85.17,82.87,0.027
T008468,C0220,P133,S001,D341,2,83.28,148.24,0.11
T008469,C0427,P032,S001,D265,1,61.35,56.44,0.08
T008470,C0201,P031,S001,D012,1,93.61,91.18,0.026
T008471,C0124,P162,S001,D248,1,26.9,23.94,0.11
T008472,C0416,P056,S001,D079,1,58.06,50.16,0.136
T008473,C0242,P109,S001,D346,1,122.25,119.19,0.025
T008474,C0312,P085,S001,D197,5,145.7,722.67,0.008
T008475,C0453,P147,S001,D296,2,134.29,221.04,0.177
T008476,C0313,P008,S001,D069,1,75.1,67.89,0.096
T008477,C0333,P067,S001,D058,2,72.46,143.18,0.012
T008478,C0500,P055,S001,D230,4,60.48,229.82,0.05
T008479,C0354,P053,S001,D326,1,91.95,89.47,0.027
T008480,C0183,P084,S001,D012,1,136.48,122.7,0.101
T008481,C0157,P028,S001,D150,4,97.82,390.11,0.003
T008482,C0370,P106,S001,D269,2,118.88,223.02,0.062
T008483,C0138,P015,S001,D026,3,78.24,220.17,0.062
T008484,C0422,P060,S001,D134,2,51.58,88.1,0.146
T008485,C0144,P052,S001,D031,1,81.87,77.86,0.049
T008486,C0309,P086,S001,D240,3,149.98,437.34,0.028
T008487,C0357,P146,S001,D302,2,124.59,246.44,0.011
T008488,C0379,P024,S001,D194,1,134.19,126.14,0.06
T008489,C0498,P040,S001,D224,3,140.47,392.33,0.069
T008490,C0404,P159,S001,D338,2,40.17,77.69,0.033
T008491,C0497,P022,S001,D157,4,138.03,545.49,0.012
T008492,C0474,P153,S001,D205,5,78.32,383.38,0.021
T008493,C0172,P046,S001,D345,4,212.03,832.85,0.018
T008494,C0182,P044,S001,D087,5,181.93,903.28,0.007
T008495,C0357,P116,S001,D276,2,179.95,354.5,0.015
T008496,C0176,P097,S001,D034,2,293.93,582.57,0.009
T008497,C0288,P134,S001,D045,4,142.92,534.52,0.065
T008498,C0117,P091,S001,D350,2,114.2,214.7,0.06
T008499,C0238,P009,S001,D316,2,75.44,124.17,0.177
T008500,C0352,P011,S001,D123,1,93.16,87.01,0.066
T008501,C0115,P026,S001,D106,2,150.17,272.41,0.093
T008502,C0427,P132,S001,D010,3,93.69,263.36,0.063
T008503,C0409,P067,S001,D296,3,74.54,213.56,0.045
T008504,C0058,P006,S001,D020,1,66.81,64.61,0.033
T008505,C0295,P066,S001,D103,4,282.37,993.94,0.12
T008506,C0086,P099,S001,D205,1,91.5,90.68,0.009
T008507,C0236,P150,S001,D055,1,1196.94,1059.29,0.115
T008508,C0223,P106,S001,D165,2,124.82,244.9,0.019
T008509,C0094,P059,S001,D319,2,57.27,106.06,0.074
T008510,C0355,P038,S001,D069,1,164.22,161.26,0.018
T008511,C0115,P121,S001,D062,1,197.53,179.95,0.089
T008512,C0347,P129,S001,D255,2,96.91,190.91,0.015
T008513,C0489,P089,S001,D360,2,101.35,196.21,0.032
T008514,C0221,P044,S001,D358,2,192.46,344.12,0.106
T008515,C0422,P082,S001,D193,1,213.35,190.31,0.108
T008516,C0119,P082,S001,D078,4,206.04,820.86,0.004
T008517,C0341,P024,S001,D185,2,137.51,270.89,0.015
T008518,C0425,P031,S001,D149,2,91.01,163.27,0.103
T008519,C0113,P103,S001,D153,2,105.94,190.9,0.099
T008520,C0473,P125,S001,D165,1,338.5,336.13,0.007
T008521,C0096,P079,S001,D286,1,200.1,199.1,0.005
T008522,C0234,P075,S001,D235,1,135.54,132.56,0.022
T008523,C0198,P018,S001,D251,1,33.72,30.04,0.109
T008524,C0434,P036,S001,D304,1,141.09,138.83,0.016
T008525,C0244,P160,S001,D342,5,39.71,170.36,0.142
T008526,C0370,P009,S001,D221,1,76.19,68.42,0.102
T008527,C0390,P094,S001,D168,2,285.21,545.32,0.044
T008528,C0089,P130,S001,D359,3,88.82,252.6,0.052
T008529,C0132,P034,S001,D288,4,63.61,232.56,0.086
T008530,C0402,P035,S001,D239,3,65.46,181.26,0.077
T008531,C0008,P027,S001,D072,5,92.62,441.33,0.047
T008532,C0218,P084,S001,D075,4,141.09,562.1,0.004
T008533,C0427,P066,S001,D148,3,289.39,823.89,0.051
T008534,C0433,P161,S001,D056,4,38.6,149.61,0.031
T008535,C0173,P129,S001,D031,2,100.43,196.44,0.022
T008536,C0253,P160,S001,D032,1,41.07,35.69,0.131
T008537,C0017,P140,S001,D337,2,274.43,529.1,0.036
T008538,C0421,P018,S001,D326,1,34.75,34.51,0.007
T008539,C0421,P046,S001,D037,2,206.53,399.02,0.034
T008540,C0371,P125,S001,D189,1,331.58,290.8,0.123
T008541,C0412,P121,S001,D003,2,192.46,381.46,0.009
T008542,C0390,P085,S001,D003,1,145.03,139.37,0.039
T008543,C0424,P039,S001,D141,1,147.97,119.56,0.192
T008544,C0272,P146,S001,D320,3,128.25,378.98,0.015
T008545,C0177,P146,S001,D011,2,127.45,227.12,0.109
T008546,C0150,P006,S001,D295,2,68.9,137.39,0.003
T008547,C0190,P032,S001,D152,1,61.77,61.03,0.012
T008548,C0153,P041,S001,D229,1,157.46,140.14,0.11
T008549,C0075,P157,S001,D121,1,89.88,86.37,0.039
T008550,C0122,P152,S001,D143,2,1188.86,2078.13,0.126
T008551,C0242,P080,S001,D244,1,202.75,198.9,0.019
T008552,C0194,P069,S001,D202,2,77.33,150.02,0.03
T008553,C0033,P106,S001,D110,5,119.46,587.15,0.017
T008554,C0303,P156,S001,D197,1,85.6,79.61,0.07
T008555,C0133,P108,S001,D082,1,128.46,121.27,0.056
T008556,C0436,P110,S001,D330,2,184.75,357.68,0.032
T008557,C0128,P093,S001,D195,1,95.87,86.95,0.093
T008558,C0116,P097,S001,D077,3,310.13,829.91,0.108
T008559,C0020,P143,S001,D318,1,128.67,123.14,0.043
T008560,C0341,P137,S001,D361,3,163.89,479.87,0.024
T008561,C0061,P141,S001,D072,2,266.85,502.75,0.058
T008562,C0009,P160,S001,D140,3,39.79,115.31,0.034
T008563,C0059,P096,S001,D011,4,284.24,916.39,0.194
T008564,C0310,P160,S001,D050,2,39.11,69.38,0.113
T008565,C0492,P158,S001,D211,2,37.37,74.52,0.003
T008566,C0232,P062,S001,D106,3,288.43,764.92,0.116
T008567,C0058,P157,S001,D207,1,91.44,90.8,0.007
T008568,C0315,P082,S001,D242,2,203.03,363.42,0.105
T008569,C0258,P135,S001,D276,2,158.14,303.31,0.041
T008570,C0080,P041,S001,D106,2,155.46,282.32,0.092
T008571,C0127,P053,S001,D092,2,92.29,149.51,0.19
T008572,C0403,P102,S001,D263,1,108.71,101.64,0.065
T008573,C0236,P147,S001,D174,3,132.57,338.85,0.148
T008574,C0396,P046,S001,D177,2,205.28,363.76,0.114
T008575,C0264,P067,S001,D117,1,74.37,72.59,0.024
T008576,C0227,P114,S001,D015,2,167.19,328.7,0.017
T008577,C0305,P061,S001,D251,2,51.31,91.43,0.109
T008578,C0042,P135,S001,D057,1,157.04,155.47,0.01
T008579,C0131,P056,S001,D258,1,57.41,54.31,0.054
T008580,C0415,P027,S001,D016,1,94.83,90.09,0.05
T008581,C0398,P020,S001,D263,1,34.08,32.82,0.037
T008582,C0267,P161,S001,D114,2,38.62,75.31,0.025
T008583,C0314,P144,S001,D191,3,134.27,398.38,0.011
T008584,C0482,P101,S001,D268,3,106.02,312.65,0.017
T008585,C0029,P073,S001,D192,3,128.62,334.93,0.132
T008586,C0205,P122,S001,D084,2,192.36,330.86,0.14
T008587,C0122,P066,S001,D111,3,293.17,787.16,0.105
T008588,C0005,P015,S001,D013,2,79.2,152.7,0.036
T008589,C0106,P021,S001,D054,1,34.18,33.02,0.034
T008590,C0236,P017,S001,D346,2,86.86,151.14,0.13
T008591,C0036,P023,S001,D210,2,144.82,279.21,0.036
T008592,C0123,P154,S001,D171,4,94.73,345.58,0.088
T008593,C0050,P145,S001,D348,1,120.46,115.16,0.044
T008594,C0426,P058,S001,D183,3,52.38,156.04,0.007
T008595,C0089,P111,S001,D135,1,153.46,136.43,0.111
T008596,C0161,P010,S001,D174,1,89.62,88.54,0.012
T008597,C0193,P006,S001,D241,3,66.48,168.53,0.155
T008598,C0082,P137,S001,D264,1,155.93,155.15,0.005
T008599,C0275,P136,S001,D109,2,171.76,340.77,0.008
T008600,C0408,P074,S001,D335,1,144.33,144.04,0.002
T008601,C0282,P046,S001,D208,1,214.33,207.04,0.034
T008602,C0040,P041,S001,D121,4,162.36,627.36,0.034
T008603,C0268,P115,S001,D086,3,178.77,515.39,0.039
T008604,C0211,P166,S001,D163,3,27.06,77.77,0.042
T008605,C0122,P113,S001,D208,1,173.02,143.95,0.168
T008606,C0349,P078,S001,D300,3,193.37,552.84,0.047
T008607,C0246,P103,S001,D026,2,107.83,207.68,0.037
T008608,C0308,P075,S001,D015,3,133.99,387.1,0.037
T008609,C0304,P072,S001,D080,1,134.13,129.84,0.032
T008610,C0220,P163,S001,D174,3,27.9,79.26,0.053
T008611,C0012,P158,S001,D182,2,37.4,74.5,0.004
T008612,C0358,P083,S001,D053,1,146.28,120.24,0.178
T008613,C0495,P024,S001,D277,1,134.06,134.06,0.0
T008614,C0059,P066,S001,D207,1,289.42,252.66,0.127
T008615,C0187,P022,S001,D361,1,139.55,125.18,0.103
T008616,C0335,P068,S001,D007,1,77.59,69.13,0.109
T008617,C0165,P031,S001,D012,1,89.61,88.62,0.011
T008618,C0004,P004,S001,D054,1,75.74,71.5,0.056
T008619,C0057,P150,S001,D309,1,1201.52,1011.68,0.158
T008620,C0042,P008,S001,D197,2,75.38,144.73,0.04
T008621,C0156,P131,S001,D097,1,96.46,91.93,0.047
T008622,C0216,P046,S001,D342,4,212.62,844.53,0.007
T008623,C0203,P121,S001,D149,2,195.35,383.28,0.019
T008624,C0059,P083,S001,D027,3,145.27,372.62,0.145
T008625,C0256,P066,S001,D214,3,283.23,831.0,0.022
T008626,C0376,P095,S001,D180,4,300.73,1133.15,0.058
T008627,C0387,P028,S001,D282,2,99.93,169.88,0.15
T008628,C0385,P065,S001,D183,2,319.42,625.42,0.021
T008629,C0300,P108,S001,D206,4,129.72,489.3,0.057
T008630,C0380,P029,S001,D259,2,91.21,162.72,0.108
T008631,C0473,P006,S001,D004,1,69.41,67.54,0.027
T008632,C0482,P139,S001,D055,2,266.61,523.62,0.018
T008633,C0107,P083,S001,D262,4,144.04,570.4,0.01
T008634,C0434,P154,S001,D245,1,95.09,92.81,0.024
T008635,C0147,P047,S001,D009,1,216.78,216.35,0.002
T008636,C0374,P157,S001,D151,5,87.66,395.35,0.098
T008637,C0475,P063,S001,D021,5,275.01,1309.05,0.048
T008638,C0342,P139,S001,D074,1,272.47,257.48,0.055
T008639,C0153,P145,S001,D139,1,125.98,111.87,0.112
T008640,C0091,P144,S001,D353,2,138.08,273.4,0.01
T008641,C0112,P112,S001,D017,2,175.74,334.61,0.048
T008642,C0057,P052,S001,D364,2,81.36,138.96,0.146
T008643,C0399,P128,S001,D300,4,329.1,1296.65,0.015
T008644,C0321,P017,S001,D029,2,86.81,170.32,0.019
T008645,C0152,P031,S001,D011,1,91.85,91.3,0.006
T008646,C0204,P156,S001,D201,2,90.7,174.69,0.037
T008647,C0107,P048,S001,D254,4,93.27,365.25,0.021
T008648,C0246,P155,S001,D324,2,76.51,151.03,0.013
T008649,C0161,P103,S001,D182,2,103.98,197.77,0.049
T008650,C0199,P101,S001,D068,2,107.84,205.97,0.045
T008651,C0475,P103,S001,D008,1,101.74,99.81,0.019
T008652,C0287,P143,S001,D176,2,129.38,255.65,0.012
T008653,C0015,P132,S001,D070,3,91.03,239.77,0.122
T008654,C0350,P126,S001,D188,5,355.1,1606.83,0.095
T008655,C0206,P016,S001,D118,4,88.94,343.31,0.035
T008656,C0041,P111,S001,D340,2,160.02,310.76,0.029
T008657,C0093,P014,S001,D314,1,87.42,86.81,0.007
T008658,C0489,P158,S001,D076,3,38.2,109.21,0.047
T008659,C0059,P085,S001,D176,1,148.98,131.55,0.117
T008660,C0479,P023,S001,D305,1,140.66,121.95,0.133
T008661,C0115,P053,S001,D166,2,91.64,173.57,0.053
T008662,C0136,P035,S001,D208,3,63.11,170.02,0.102
T008663,C0352,P083,S001,D072,3,141.33,399.82,0.057
T008664,C0279,P083,S001,D165,1,143.98,135.49,0.059
T008665,C0081,P039,S001,D359,2,143.65,285.58,0.006
T008666,C0099,P013,S001,D102,2,88.34,171.91,0.027
T008667,C0229,P114,S001,D237,2,167.71,300.54,0.104
T008668,C0485,P031,S001,D263,5,91.24,431.57,0.054
T008669,C0424,P041,S001,D180,3,158.54,395.72,0.168
T008670,C0270,P127,S001,D313,2,294.52,565.48,0.04
T008671,C0373,P159,S001,D254,1,39.23,34.33,0.125
T008672,C0296,P038,S001,D025,3,168.54,470.23,0.07
T008673,C0315,P127,S001,D005,3,291.64,734.93,0.16
T008674,C0162,P088,S001,D350,4,146.65,561.38,0.043
T008675,C0055,P153,S001,D344,2,80.55,151.76,0.058
T008676,C0280,P077,S001,D269,2,151.54,248.83,0.179
T008677,C0214,P106,S001,D075,3,121.26,326.67,0.102
T008678,C0284,P161,S001,D010,3,39.5,107.12,0.096
T008679,C0482,P092,S001,D068,2,107.29,214.58,0.0
T008680,C0040,P092,S001,D045,5,104.78,507.14,0.032
T008681,C0351,P002,S001,D196,2,80.01,153.14,0.043
T008682,C0161,P013,S001,D259,2,90.45,178.73,0.012
T008683,C0209,P070,S001,D283,2,73.29,138.22,0.057
T008684,C0306,P001,S001,D068,1,75.86,66.98,0.117
T008685,C0427,P115,S001,D250,1,181.3,161.9,0.107
T008686,C0382,P036,S001,D085,1,147.86,144.75,0.021
T008687,C0215,P094,S001,D344,1,288.15,261.35,0.093
T008688,C0112,P078,S001,D230,5,198.16,963.06,0.028
T008689,C0037,P158,S001,D311,2,36.8,70.51,0.042
T008690,C0109,P036,S001,D135,1,144.9,139.97,0.034
T008691,C0303,P079,S001,D211,1,201.36,178.81,0.112
T008692,C0028,P023,S001,D322,2,143.56,273.05,0.049
T008693,C0086,P139,S001,D018,1,277.69,276.02,0.006
T008694,C0107,P008,S001,D057,1,75.47,75.39,0.001
T008695,C0040,P043,S001,D291,2,203.22,396.28,0.025
T008696,C0097,P036,S001,D064,5,147.24,710.43,0.035
T008697,C0059,P140,S001,D166,2,269.18,441.46,0.18
T008698,C0354,P110,S001,D014,2,179.13,341.78,0.046
T008699,C0411,P010,S001,D095,1,93.68,93.31,0.004
T008700,C0315,P097,S001,D025,1,309.14,268.02,0.133
T008701,C0297,P016,S001,D213,2,85.29,163.42,0.042
T008702,C0159,P080,S001,D245,1,206.77,168.93,0.183
T008703,C0125,P052,S001,D178,2,83.39,165.45,0.008
T008704,C0183,P032,S001,D349,4,62.29,230.22,0.076
T008705,C0398,P122,S001,D286,1,190.98,188.88,0.011
T008706,C0356,P051,S001,D151,4,81.85,311.68,0.048
T008707,C0445,P011,S001,D026,2,90.74,176.04,0.03
T008708,C0301,P119,S001,D080,2,198.91,381.11,0.042
T008709,C0079,P144,S001,D085,1,137.98,136.05,0.014
T008710,C0376,P057,S001,D014,2,57.45,104.1,0.094
T008711,C0075,P100,S001,D027,2,112.7,216.61,0.039
T008712,C0457,P165,S001,D183,1,29.34,25.12,0.144
T008713,C0140,P091,S001,D342,1,108.74,105.48,0.03
T008714,C0379,P097,S001,D188,2,296.86,540.88,0.089
T008715,C0450,P122,S001,D141,4,187.9,723.79,0.037
T008716,C0463,P118,S001,D196,5,219.65,1083.97,0.013
T008717,C0253,P032,S001,D208,1,62.72,50.8,0.19
T008718,C0464,P076,S001,D083,2,135.2,241.47,0.107
T008719,C0094,P100,S001,D016,3,111.35,307.99,0.078
T008720,C0020,P124,S001,D033,1,342.66,333.41,0.027
T008721,C0120,P153,S001,D114,2,80.95,150.89,0.068
T008722,C0133,P055,S001,D063,1,58.22,54.44,0.065
T008723,C0396,P089,S001,D009,3,104.31,271.62,0.132
T008724,C0049,P149,S001,D047,2,1180.48,2334.99,0.011
T008725,C0027,P072,S001,D195,2,133.31,266.62,0.0
T008726,C0396,P068,S001,D194,3,78.19,197.04,0.16
T008727,C0267,P153,S001,D180,1,81.38,80.0,0.017
T008728,C0491,P064,S001,D309,5,327.61,1480.8,0.096
T008729,C0220,P083,S001,D071,2,146.1,271.45,0.071
T008730,C0452,P018,S001,D358,2,35.16,68.42,0.027
T008731,C0070,P123,S001,D071,3,303.33,868.13,0.046
T008732,C0017,P088,S001,D303,1,150.25,144.69,0.037
T008733,C0310,P117,S001,D279,4,197.33,711.18,0.099
T008734,C0236,P147,S001,D164,2,132.96,218.59,0.178
T008735,C0097,P002,S001,D191,4,77.54,295.58,0.047
T008736,C0474,P085,S001,D131,4,143.95,564.28,0.02
T008737,C0033,P073,S001,D167,1,127.81,126.53,0.01
T008738,C0494,P108,S001,D212,1,131.82,123.52,0.063
T008739,C0220,P129,S001,D096,2,97.51,178.83,0.083
T008740,C0070,P148,S001,D038,4,1030.4,3985.59,0.033
T008741,C0362,P073,S001,D166,1,129.6,129.47,0.001
T008742,C0471,P042,S001,D035,1,208.54,207.08,0.007
T008743,C0088,P037,S001,D005,1,155.87,128.9,0.173
T008744,C0484,P065,S001,D211,4,321.94,1161.56,0.098
T008745,C0269,P144,S001,D324,5,141.28,629.4,0.109
T008746,C0118,P142,S001,D144,1,234.22,233.52,0.003
T008747,C0345,P072,S001,D257,3,135.77,403.64,0.009
T008748,C0121,P026,S001,D223,2,147.36,256.11,0.131
T008749,C0008,P147,S001,D034,2,129.85,252.69,0.027
T008750,C0333,P091,S001,D177,1,113.57,111.87,0.015
T008751,C0087,P120,S001,D035,1,209.24,198.99,0.049
T008752,C0447,P061,S001,D055,2,51.65,102.47,0.008
T008753,C0343,P060,S001,D321,2,51.65,99.68,0.035
T008754,C0126,P031,S001,D157,2,93.49,179.87,0.038
T008755,C0004,P144,S001,D180,4,139.77,518.83,0.072
T008756,C0211,P093,S001,D152,1,95.38,91.09,0.045
T008757,C0047,P003,S001,D046,2,77.52,149.3,0.037
T008758,C0219,P059,S001,D324,4,56.77,200.06,0.119
T008759,C0214,P131,S001,D217,2,100.13,190.05,0.051
T008760,C0411,P104,S001,D144,2,111.85,222.58,0.005
T008761,C0254,P114,S001,D215,4,164.28,636.75,0.031
T008762,C0318,P062,S001,D042,1,297.11,283.74,0.045
T008763,C0240,P093,S001,D314,3,93.58,276.25,0.016
T008764,C0326,P083,S001,D269,4,141.23,503.34,0.109
T008765,C0048,P105,S001,D241,4,128.74,499.0,0.031
T008766,C0261,P106,S001,D161,2,125.32,248.38,0.009
T008767,C0441,P071,S001,D069,1,78.77,75.23,0.045
T008768,C0400,P006,S001,D211,3,66.52,193.17,0.032
T008769,C0163,P121,S001,D354,3,195.81,532.8,0.093
T008770,C0093,P132,S001,D246,3,93.64,272.49,0.03
T008771,C0090,P008,S001,D250,3,72.74,207.75,0.048
T008772,C0124,P164,S001,D081,1,30.77,27.69,0.1
T008773,C0222,P123,S001,D115,1,302.49,288.27,0.047
T008774,C0217,P165,S001,D178,2,29.8,53.4,0.104
T008775,C0292,P014,S001,D109,1,85.35,84.33,0.012
T008776,C0197,P047,S001,D214,1,207.47,204.77,0.013
T008777,C0428,P147,S001,D255,2,129.62,248.61,0.041
T008778,C0401,P116,S001,D151,3,181.22,527.35,0.03
T008779,C0009,P067,S001,D051,1,75.04,72.04,0.04
T008780,C0402,P146,S001,D241,5,127.03,597.68,0.059
T008781,C0335,P031,S001,D305,1,92.51,86.96,0.06
T008782,C0002,P114,S001,D076,2,164.55,317.91,0.034
T008783,C0263,P127,S001,D097,1,296.83,276.35,0.069
T008784,C0098,P136,S001,D284,1,167.1,164.59,0.015
T008785,C0265,P115,S001,D110,2,183.35,362.3,0.012
T008786,C0122,P059,S001,D064,4,55.42,189.09,0.147
T008787,C0053,P033,S001,D032,2,63.99,105.71,0.174
T008788,C0196,P002,S001,D298,1,78.05,75.63,0.031
T008789,C0375,P041,S001,D107,1,154.32,150.92,0.022
T008790,C0414,P077,S001,D238,1,147.16,128.18,0.129
T008791,C0146,P055,S001,D245,2,58.76,114.23,0.028
T008792,C0197,P038,S001,D107,2,173.26,330.23,0.047
T008793,C0284,P124,S001,D352,1,347.04,329.34,0.051
T008794,C0138,P112,S001,D030,1,177.95,158.91,0.107
T008795,C0012,P102,S001,D127,3,110.39,325.54,0.017
T008796,C0499,P062,S001,D101,2,298.03,543.01,0.089
T008797,C0463,P166,S001,D215,2,28.24,54.22,0.04
T008798,C0192,P033,S001,D010,2,62.76,120.0,0.044
T008799,C0472,P124,S001,D227,4,350.19,1269.09,0.094
T008800,C0005,P037,S001,D269,3,152.18,446.95,0.021
T008801,C0464,P112,S001,D046,1,182.31,160.98,0.117
T008802,C0146,P079,S001,D041,2,197.51,388.7,0.016
T008803,C0050,P015,S001,D113,2,80.31,156.77,0.024
T008804,C0169,P155,S001,D046,3,76.59,210.93,0.082
T008805,C0411,P109,S001,D050,4,126.37,500.43,0.01
T008806,C0020,P032,S001,D305,1,62.33,59.84,0.04
T008807,C0175,P085,S001,D165,1,145.55,122.99,0.155
T008808,C0487,P108,S001,D299,1,130.51,124.38,0.047
T008809,C0146,P097,S001,D087,1,306.94,297.42,0.031
T008810,C0206,P038,S001,D307,1,170.46,166.03,0.026
T008811,C0223,P159,S001,D228,3,39.01,113.64,0.029
T008812,C0313,P136,S001,D118,3,170.96,470.82,0.082
T008813,C0210,P003,S001,D133,1,80.3,78.45,0.023
T008814,C0437,P057,S001,D211,1,59.69,59.63,0.001
T008815,C0443,P038,S001,D101,2,172.48,337.37,0.022
T008816,C0027,P076,S001,D069,3,128.48,380.43,0.013
T008817,C0226,P117,S001,D073,1,197.82,197.03,0.004
T008818,C0494,P015,S001,D350,1,79.93,71.46,0.106
T008819,C0134,P034,S001,D067,1,64.64,61.54,0.048
T008820,C0478,P033,S001,D064,1,64.02,60.37,0.057
T008821,C0201,P096,S001,D130,3,276.47,814.48,0.018
T008822,C0222,P004,S001,D061,1,76.64,76.64,0.0
T008823,C0174,P107,S001,D142,1,121.73,117.35,0.036
T008824,C0217,P110,S001,D118,2,187.34,337.96,0.098
T008825,C0197,P032,S001,D096,1,61.34,60.42,0.015
T008826,C0289,P018,S001,D016,2,35.36,58.84,0.168
T008827,C0105,P144,S001,D081,3,136.34,382.43,0.065
T008828,C0495,P141,S001,D250,5,261.94,1252.07,0.044
T008829,C0223,P018,S001,D223,3,34.72,102.49,0.016
T008830,C0453,P033,S001,D317,4,64.13,207.01,0.193
T008831,C0166,P077,S001,D142,1,150.7,150.55,0.001
T008832,C0172,P147,S001,D264,1,135.34,132.63,0.02
T008833,C0363,P082,S001,D157,1,209.2,184.93,0.116
T008834,C0249,P120,S001,D036,2,209.84,418.84,0.002
T008835,C0423,P005,S001,D220,1,86.82,82.91,0.045
T008836,C0462,P152,S001,D145,2,1194.04,2175.54,0.089
T008837,C0037,P049,S001,D092,2,90.75,175.15,0.035
T008838,C0301,P063,S001,D315,1,266.06,261.54,0.017
T008839,C0229,P163,S001,D203,1,27.3,24.11,0.117
T008840,C0433,P065,S001,D009,4,319.19,1272.93,0.003
T008841,C0442,P121,S001,D300,3,199.35,557.98,0.067
T008842,C0166,P136,S001,D185,1,173.94,165.24,0.05
T008843,C0220,P012,S001,D060,4,87.34,313.38,0.103
T008844,C0448,P069,S001,D001,1,79.03,76.98,0.026
T008845,C0405,P069,S001,D177,1,75.5,64.85,0.141
T008846,C0388,P090,S001,D359,1,112.77,102.06,0.095
T008847,C0294,P116,S001,D307,4,175.75,631.29,0.102
T008848,C0441,P065,S001,D089,2,327.6,653.23,0.003
T008849,C0198,P145,S001,D007,2,121.58,222.25,0.086
T008850,C0114,P062,S001,D026,2,285.0,546.06,0.042
T008851,C0012,P073,S001,D062,1,133.34,127.61,0.043
T008852,C0073,P093,S001,D081,2,95.89,161.48,0.158
T008853,C0308,P045,S001,D088,1,189.74,180.63,0.048
T008854,C0313,P161,S001,D271,2,39.57,75.18,0.05
T008855,C0151,P015,S001,D208,2,79.38,154.79,0.025
T008856,C0189,P101,S001,D069,2,104.97,200.91,0.043
T008857,C0363,P151,S001,D364,1,1102.29,1019.62,0.075
T008858,C0193,P101,S001,D211,1,108.91,97.47,0.105
T008859,C0111,P145,S001,D063,1,123.0,113.28,0.079
T008860,C0027,P038,S001,D008,2,173.28,333.74,0.037
T008861,C0111,P054,S001,D325,1,81.11,73.16,0.098
T008862,C0109,P150,S001,D139,4,1183.67,4673.13,0.013
T008863,C0261,P012,S001,D065,4,87.53,343.47,0.019
T008864,C0379,P040,S001,D056,3,141.54,396.6,0.066
T008865,C0276,P098,S001,D057,3,96.29,255.07,0.117
T008866,C0101,P063,S001,D180,1,266.95,228.51,0.144
T008867,C0216,P075,S001,D281,2,134.62,259.55,0.036
T008868,C0381,P001,S001,D245,3,77.87,214.69,0.081
T008869,C0113,P098,S001,D318,1,100.84,89.55,0.112
T008870,C0155,P150,S001,D185,5,1159.08,5691.08,0.018
T008871,C0237,P106,S001,D321,2,125.15,248.05,0.009
T008872,C0212,P011,S001,D333,2,94.37,174.21,0.077
T008873,C0483,P144,S001,D110,2,137.24,250.33,0.088
T008874,C0357,P151,S001,D272,2,1072.6,2078.7,0.031
T008875,C0466,P050,S001,D035,2,85.05,162.62,0.044
T008876,C0251,P095,S001,D184,3,303.04,897.3,0.013
T008877,C0254,P016,S001,D184,1,90.18,86.3,0.043
T008878,C0314,P036,S001,D360,2,142.71,281.42,0.014
T008879,C0123,P017,S001,D030,1,88.2,78.59,0.109
T008880,C0365,P164,S001,D145,1,30.5,29.62,0.029
T008881,C0435,P113,S001,D134,2,169.42,304.28,0.102
T008882,C0404,P121,S001,D083,1,194.28,186.31,0.041
T008883,C0015,P123,S001,D289,1,309.34,254.28,0.178
T008884,C0244,P093,S001,D063,1,95.6,82.02,0.142
T008885,C0244,P062,S001,D149,2,289.62,505.68,0.127
T008886,C0077,P027,S001,D072,2,89.49,145.51,0.187
T008887,C0216,P064,S001,D218,2,324.59,646.58,0.004
T008888,C0306,P143,S001,D184,1,126.83,118.71,0.064
T008889,C0046,P041,S001,D218,1,154.69,138.76,0.103
T008890,C0393,P029,S001,D356,1,90.14,80.77,0.104
T008891,C0031,P072,S001,D171,2,133.46,266.12,0.003
T008892,C0017,P141,S001,D095,2,266.3,531.53,0.002
T008893,C0436,P045,S001,D291,2,189.1,377.44,0.002
T008894,C0210,P032,S001,D151,3,60.9,179.41,0.018
T008895,C0260,P108,S001,D189,2,128.11,230.09,0.102
T008896,C0370,P120,S001,D233,2,208.82,389.66,0.067
T008897,C0491,P094,S001,D098,3,291.66,790.98,0.096
T008898,C0217,P157,S001,D048,1,88.88,82.3,0.074
T008899,C0093,P162,S001,D158,1,28.15,26.94,0.043
T008900,C0067,P160,S001,D194,1,41.07,35.2,0.143
T008901,C0017,P138,S001,D058,4,272.73,1040.74,0.046
T008902,C0344,P061,S001,D170,1,51.38,41.82,0.186
T008903,C0019,P032,S001,D060,2,60.49,120.86,0.001
T008904,C0293,P028,S001,D006,5,100.3,499.49,0.004
T008905,C0377,P116,S001,D029,1,175.76,163.11,0.072
T008906,C0386,P131,S001,D346,3,98.24,282.64,0.041
T008907,C0040,P146,S001,D348,2,121.67,235.07,0.034
T008908,C0307,P050,S001,D259,1,84.78,82.24,0.03
T008909,C0205,P114,S001,D131,1,169.08,135.43,0.199
T008910,C0045,P156,S001,D132,2,88.36,170.71,0.034
T008911,C0163,P028,S001,D143,2,98.9,177.62,0.102
T008912,C0230,P094,S001,D063,1,291.43,271.32,0.069
T008913,C0219,P044,S001,D184,2,182.36,327.88,0.101
T008914,C0241,P087,S001,D094,1,155.32,148.18,0.046
T008915,C0262,P141,S001,D009,3,266.29,722.98,0.095
T008916,C0262,P034,S001,D357,2,63.46,120.57,0.05
T008917,C0369,P023,S001,D077,3,144.17,419.97,0.029
T008918,C0205,P040,S001,D201,1,141.15,114.9,0.186
T008919,C0427,P019,S001,D251,1,36.62,32.52,0.112
T008920,C0363,P149,S001,D274,4,1201.98,4317.51,0.102
T008921,C0365,P105,S001,D172,2,124.53,244.08,0.02
T008922,C0308,P136,S001,D018,3,171.03,512.58,0.001
T008923,C0329,P028,S001,D144,1,99.6,92.73,0.069
T008924,C0085,P065,S001,D240,1,330.38,298.0,0.098
T008925,C0002,P136,S001,D231,1,172.5,167.5,0.029
T008926,C0096,P030,S001,D219,2,101.07,193.04,0.045
T008927,C0438,P040,S001,D112,1,135.66,133.76,0.014
T008928,C0247,P088,S001,D210,1,151.31,137.09,0.094
T008929,C0217,P133,S001,D232,3,81.03,228.26,0.061
T008930,C0130,P003,S001,D199,1,77.22,72.97,0.055
T008931,C0449,P040,S001,D234,1,136.26,133.67,0.019
T008932,C0017,P153,S001,D122,1,79.67,78.47,0.015
T008933,C0445,P024,S001,D163,1,132.2,128.5,0.028
T008934,C0430,P119,S001,D046,1,193.46,189.01,0.023
T008935,C0380,P040,S001,D083,4,139.71,524.19,0.062
T008936,C0234,P112,S001,D188,2,178.99,352.61,0.015
T008937,C0066,P119,S001,D063,4,192.42,713.49,0.073
T008938,C0135,P097,S001,D068,1,298.63,283.4,0.051
T008939,C0460,P140,S001,D118,1,274.98,265.63,0.034
T008940,C0470,P045,S001,D269,3,194.21,521.45,0.105
T008941,C0247,P036,S001,D180,2,145.94,260.07,0.109
T008942,C0043,P072,S001,D120,2,132.79,255.75,0.037
T008943,C0359,P014,S001,D363,2,87.46,171.42,0.02
T008944,C0159,P086,S001,D154,3,151.46,369.87,0.186
T008945,C0246,P149,S001,D075,3,1179.66,3503.59,0.01
T008946,C0497,P072,S001,D058,1,130.13,127.79,0.018
T008947,C0259,P027,S001,D069,1,93.09,93.09,0.0
T008948,C0182,P161,S001,D269,1,39.25,38.86,0.01
T008949,C0462,P137,S001,D095,1,163.54,150.62,0.079
T008950,C0163,P162,S001,D343,1,27.53,26.02,0.055
T008951,C0108,P023,S001,D186,1,148.41,141.43,0.047
T008952,C0398,P112,S001,D138,2,181.58,351.54,0.032
T008953,C0356,P006,S001,D153,3,66.72,194.56,0.028
T008954,C0168,P058,S001,D210,3,51.74,150.41,0.031
T008955,C0318,P140,S001,D196,1,263.79,256.14,0.029
T008956,C0156,P139,S001,D199,3,277.82,805.12,0.034
T008957,C0499,P067,S001,D061,5,71.69,336.23,0.062
T008958,C0284,P086,S001,D180,3,151.94,422.55,0.073
T008959,C0414,P001,S001,D312,1,76.13,61.74,0.189
T008960,C0444,P094,S001,D170,1,279.8,256.86,0.082
T008961,C0389,P017,S001,D207,3,86.55,242.77,0.065
T008962,C0106,P009,S001,D246,1,77.0,76.61,0.005
T008963,C0113,P090,S001,D013,1,113.19,101.53,0.103
T008964,C0293,P004,S001,D278,1,73.76,70.44,0.045
T008965,C0392,P042,S001,D058,4,206.77,824.6,0.003
T008966,C0101,P160,S001,D149,5,41.12,183.6,0.107
T008967,C0133,P124,S001,D308,2,358.32,671.49,0.063
T008968,C0066,P043,S001,D297,2,206.62,364.06,0.119
T008969,C0089,P096,S001,D200,1,273.66,256.97,0.061
T008970,C0353,P083,S001,D314,2,145.34,285.45,0.018
T008971,C0238,P090,S001,D304,3,116.17,305.29,0.124
T008972,C0391,P072,S001,D137,1,135.25,129.57,0.042
T008973,C0377,P028,S001,D161,5,101.4,475.57,0.062
T008974,C0264,P004,S001,D082,1,74.77,72.98,0.024
T008975,C0099,P034,S001,D328,1,62.73,59.59,0.05
T008976,C0152,P104,S001,D246,1,112.83,112.38,0.004
T008977,C0128,P023,S001,D347,2,140.89,250.22,0.112
T008978,C0183,P102,S001,D361,1,108.97,97.09,0.109
T008979,C0488,P075,S001,D202,3,134.41,398.79,0.011
T008980,C0098,P075,S001,D190,4,134.38,529.46,0.015
T008981,C0006,P146,S001,D057,4,124.45,484.36,0.027
T008982,C0344,P097,S001,D298,4,306.44,994.09,0.189
T008983,C0316,P159,S001,D139,1,40.35,38.86,0.037
T008984,C0185,P107,S001,D161,3,125.75,371.59,0.015
T008985,C0394,P129,S001,D154,1,96.69,94.47,0.023
T008986,C0380,P036,S001,D160,1,147.63,135.82,0.08
T008987,C0384,P071,S001,D048,1,82.29,76.28,0.073
T008988,C0454,P074,S001,D243,4,144.92,557.07,0.039
T008989,C0380,P025,S001,D079,1,131.95,119.81,0.092
T008990,C0051,P143,S001,D104,1,124.51,118.66,0.047
T008991,C0440,P097,S001,D049,3,309.94,917.73,0.013
T008992,C0079,P044,S001,D028,5,182.12,896.94,0.015
T008993,C0043,P050,S001,D114,2,86.98,165.96,0.046
T008994,C0412,P075,S001,D101,2,134.74,263.82,0.021
T008995,C0054,P025,S001,D155,4,131.52,472.42,0.102
T008996,C0329,P010,S001,D101,2,91.16,165.36,0.093
T008997,C0009,P004,S001,D093,3,73.61,212.44,0.038
T008998,C0431,P097,S001,D094,3,308.94,766.48,0.173
T008999,C0326,P054,S001,D227,3,80.51,218.34,0.096
T009000,C0069,P018,S001,D305,2,35.18,62.48,0.112
T009001,C0275,P022,S001,D166,1,133.57,128.09,0.041
T009002,C0474,P089,S001,D321,3,101.64,294.55,0.034
T009003,C0325,P053,S001,D341,1,94.59,92.89,0.018
T009004,C0327,P077,S001,D244,1,147.52,133.36,0.096
T009005,C0196,P121,S001,D241,1,201.16,195.53,0.028
T009006,C0196,P114,S001,D286,2,170.28,339.88,0.002
T009007,C0100,P072,S001,D221,1,133.53,130.19,0.025
T009008,C0410,P095,S001,D130,1,305.16,303.94,0.004
T009009,C0002,P089,S001,D168,1,100.92,98.09,0.028
T009010,C0072,P038,S001,D325,1,170.41,164.96,0.032
T009011,C0473,P031,S001,D211,4,94.2,364.74,0.032
T009012,C0253,P022,S001,D092,1,133.48,118.4,0.113
T009013,C0322,P044,S001,D186,1,186.61,180.08,0.035
T009014,C0081,P164,S001,D206,2,30.16,60.2,0.002
T009015,C0331,P087,S001,D210,1,157.31,150.07,0.046
T009016,C0137,P144,S001,D287,1,138.62,125.73,0.093
T009017,C0377,P071,S001,D173,1,79.03,70.65,0.106
T009018,C0285,P032,S001,D330,1,61.23,60.86,0.006
T009019,C0313,P101,S001,D307,3,106.27,296.17,0.071
T009020,C0096,P068,S001,D356,1,78.65,75.43,0.041
T009021,C0170,P165,S001,D301,2,29.93,50.82,0.151
T009022,C0474,P109,S001,D262,5,128.29,640.81,0.001
T009023,C0477,P121,S001,D013,1,193.02,174.88,0.094
T009024,C0265,P085,S001,D088,2,146.66,281.59,0.04
T009025,C0023,P036,S001,D250,2,142.84,285.39,0.001
T009026,C0406,P158,S001,D341,1,38.72,38.37,0.009
T009027,C0007,P029,S001,D095,1,91.3,89.66,0.018
T009028,C0154,P122,S001,D081,1,197.38,183.96,0.068
T009029,C0489,P095,S001,D162,2,302.88,584.56,0.035
T009030,C0311,P057,S001,D149,4,60.07,239.8,0.002
T009031,C0297,P057,S001,D037,4,56.77,217.09,0.044
T009032,C0325,P059,S001,D325,1,56.25,54.22,0.036
T009033,C0259,P038,S001,D030,1,167.05,163.71,0.02
T009034,C0353,P028,S001,D143,2,97.46,194.53,0.002
T009035,C0462,P162,S001,D275,1,27.29,24.72,0.094
T009036,C0182,P111,S001,D131,2,156.86,311.52,0.007
T009037,C0264,P037,S001,D116,2,155.06,301.75,0.027
T009038,C0475,P011,S001,D157,1,92.27,88.95,0.036
T009039,C0196,P153,S001,D161,2,79.86,154.13,0.035
T009040,C0467,P119,S001,D224,3,204.01,593.06,0.031
T009041,C0122,P005,S001,D306,2,83.54,143.86,0.139
T009042,C0491,P142,S001,D170,1,223.76,202.5,0.095
T009043,C0454,P103,S001,D210,2,107.44,205.86,0.042
T009044,C0012,P081,S001,D088,1,218.76,207.82,0.05
T009045,C0410,P044,S001,D189,2,189.66,375.53,0.01
T009046,C0196,P065,S001,D328,1,316.83,312.39,0.014
T009047,C0426,P131,S001,D146,1,97.79,94.56,0.033
T009048,C0229,P149,S001,D270,1,1222.64,1154.17,0.056
T009049,C0296,P035,S001,D008,1,65.31,61.06,0.065
T009050,C0009,P063,S001,D341,1,266.7,265.1,0.006
T009051,C0370,P143,S001,D068,1,129.01,114.82,0.11
T009052,C0267,P016,S001,D362,2,88.19,167.56,0.05
T009053,C0166,P162,S001,D329,2,27.85,54.14,0.028
T009054,C0487,P017,S001,D302,3,87.06,257.52,0.014
T009055,C0038,P122,S001,D010,2,193.94,347.93,0.103
T009056,C0133,P085,S001,D132,1,147.19,134.09,0.089
T009057,C0025,P073,S001,D010,1,134.82,133.2,0.012
T009058,C0226,P080,S001,D260,3,199.89,592.47,0.012
T009059,C0184,P084,S001,D341,2,143.72,273.64,0.048
T009060,C0210,P051,S001,D185,1,82.11,79.48,0.032
T009061,C0420,P156,S001,D068,4,88.45,341.06,0.036
T009062,C0065,P107,S001,D049,3,126.08,370.68,0.02
T009063,C0005,P021,S001,D353,2,35.29,69.66,0.013
T009064,C0262,P097,S001,D177,2,307.29,566.64,0.078
T009065,C0321,P003,S001,D167,5,79.48,381.9,0.039
T009066,C0428,P094,S001,D354,1,291.64,286.1,0.019
T009067,C0339,P033,S001,D353,1,61.04,58.29,0.045
T009068,C0189,P075,S001,D186,1,140.3,133.71,0.047
T009069,C0274,P100,S001,D304,2,111.07,212.37,0.044
T009070,C0082,P131,S001,D115,1,97.42,96.64,0.008
T009071,C0275,P081,S001,D253,1,218.97,210.65,0.038
T009072,C0057,P051,S001,D040,2,82.37,145.79,0.115
T009073,C0192,P111,S001,D049,1,154.77,151.37,0.022
T009074,C0262,P017,S001,D041,2,86.0,158.24,0.08
T009075,C0373,P108,S001,D150,1,129.27,104.19,0.194
T009076,C0217,P110,S001,D345,2,182.32,335.83,0.079
T009077,C0254,P041,S001,D232,1,158.75,153.83,0.031
T009078,C0205,P006,S001,D329,2,67.37,110.49,0.18
T009079,C0113,P137,S001,D274,3,159.1,444.37,0.069
T009080,C0144,P150,S001,D107,1,1179.84,1130.29,0.042
T009081,C0244,P028,S001,D032,3,97.91,262.01,0.108
T009082,C0183,P155,S001,D229,1,79.38,74.93,0.056
T009083,C0245,P014,S001,D137,1,85.22,78.91,0.074
T009084,C0404,P036,S001,D035,1,146.5,142.1,0.03
T009085,C0082,P066,S001,D143,1,297.97,287.54,0.035
T009086,C0251,P114,S001,D252,5,163.52,788.98,0.035
T009087,C0495,P050,S001,D044,1,83.63,79.62,0.048
T009088,C0033,P122,S001,D163,1,195.29,192.36,0.015
T009089,C0270,P110,S001,D066,1,181.23,173.26,0.044
T009090,C0476,P152,S001,D167,1,1192.48,1095.89,0.081
T009091,C0390,P130,S001,D189,2,85.5,164.67,0.037
T009092,C0061,P083,S001,D173,1,146.91,133.25,0.093
T009093,C0218,P045,S001,D290,4,188.87,747.17,0.011
T009094,C0314,P113,S001,D289,1,171.66,164.97,0.039
T009095,C0037,P062,S001,D118,1,298.18,286.55,0.039
T009096,C0224,P092,S001,D219,1,103.64,97.63,0.058
T009097,C0207,P013,S001,D183,5,90.64,411.51,0.092
T009098,C0122,P083,S001,D192,2,148.17,266.41,0.101
T009099,C0415,P006,S001,D008,1,66.44,58.67,0.117
T009100,C0180,P107,S001,D240,2,126.67,242.95,0.041
T009101,C0032,P001,S001,D228,4,77.57,304.07,0.02
T009102,C0099,P061,S001,D331,1,51.6,51.39,0.004
T009103,C0378,P011,S001,D300,3,91.25,267.18,0.024
T009104,C0328,P094,S001,D324,4,280.56,1070.62,0.046
T009105,C0075,P149,S001,D238,2,1167.04,2301.4,0.014
T009106,C0278,P118,S001,D025,3,217.64,610.48,0.065
T009107,C0396,P119,S001,D289,1,200.28,176.85,0.117
T009108,C0196,P165,S001,D327,1,29.46,29.4,0.002
T009109,C0322,P067,S001,D102,5,73.65,363.46,0.013
T009110,C0336,P024,S001,D104,1,135.83,129.31,0.048
T009111,C0412,P156,S001,D008,4,88.82,346.4,0.025
T009112,C0018,P054,S001,D265,1,81.22,72.61,0.106
T009113,C0101,P072,S001,D259,1,135.75,114.71,0.155
T009114,C0037,P147,S001,D209,3,135.79,400.44,0.017
T009115,C0113,P041,S001,D094,4,158.15,590.22,0.067
T009116,C0407,P087,S001,D350,4,159.36,624.69,0.02
T009117,C0383,P038,S001,D287,1,168.63,149.24,0.115
T009118,C0168,P092,S001,D333,2,103.33,202.32,0.021
T009119,C0009,P033,S001,D094,4,61.77,239.91,0.029
T009120,C0457,P081,S001,D063,2,212.45,356.07,0.162
T009121,C0224,P150,S001,D355,2,1173.5,2185.06,0.069
T009122,C0383,P156,S001,D325,1,89.83,82.82,0.078
T009123,C0359,P017,S001,D338,2,84.06,166.94,0.007
T009124,C0323,P058,S001,D112,3,51.71,153.58,0.01
T009125,C0474,P120,S001,D105,2,214.33,411.51,0.04
T009126,C0320,P080,S001,D329,1,205.35,204.32,0.005
T009127,C0354,P005,S001,D293,2,83.95,163.37,0.027
T009128,C0179,P101,S001,D150,1,106.65,102.7,0.037
T009129,C0474,P054,S001,D282,1,83.23,79.9,0.04
T009130,C0187,P132,S001,D238,4,93.58,330.52,0.117
T009131,C0044,P048,S001,D233,2,93.23,177.7,0.047
T009132,C0497,P080,S001,D059,2,202.25,386.7,0.044
T009133,C0402,P132,S001,D070,3,93.08,252.43,0.096
T009134,C0286,P038,S001,D302,1,166.2,166.03,0.001
T009135,C0255,P001,S001,D026,4,75.83,289.97,0.044
T009136,C0282,P019,S001,D103,2,36.08,68.84,0.046
T009137,C0198,P090,S001,D220,2,112.31,209.35,0.068
T009138,C0483,P102,S001,D261,2,110.59,203.93,0.078
T009139,C0329,P095,S001,D168,2,297.65,553.63,0.07
T009140,C0203,P116,S001,D076,1,173.16,168.31,0.028
T009141,C0398,P027,S001,D114,1,93.97,90.02,0.042
T009142,C0426,P017,S001,D166,5,85.12,411.56,0.033
T009143,C0458,P040,S001,D259,3,140.23,354.64,0.157
T009144,C0052,P027,S001,D145,4,92.72,350.48,0.055
T009145,C0248,P038,S001,D106,1,167.5,167.0,0.003
T009146,C0294,P082,S001,D075,2,210.46,391.88,0.069
T009147,C0050,P056,S001,D262,2,59.22,114.89,0.03
T009148,C0085,P139,S001,D040,2,271.78,490.83,0.097
T009149,C0220,P021,S001,D227,4,35.52,128.87,0.093
T009150,C0092,P077,S001,D248,2,148.57,287.04,0.034
T009151,C0126,P061,S001,D008,1,50.63,49.01,0.032
T009152,C0340,P095,S001,D061,2,298.7,521.53,0.127
T009153,C0228,P118,S001,D294,4,213.05,836.01,0.019
T009154,C0164,P028,S001,D010,4,99.38,376.45,0.053
T009155,C0010,P015,S001,D082,2,78.06,153.78,0.015
T009156,C0314,P088,S001,D300,1,147.56,141.66,0.04
T009157,C0108,P028,S001,D069,1,99.71,98.21,0.015
T009158,C0393,P067,S001,D287,2,73.26,134.36,0.083
T009159,C0253,P030,S001,D361,1,98.68,80.33,0.186
T009160,C0410,P100,S001,D344,2,110.41,210.22,0.048
T009161,C0372,P119,S001,D322,2,192.42,373.68,0.029
T009162,C0394,P099,S001,D306,3,92.67,265.5,0.045
T009163,C0250,P150,S001,D039,2,1167.89,2064.83,0.116
T009164,C0124,P164,S001,D146,1,30.44,28.67,0.058
T009165,C0108,P027,S001,D011,1,91.36,89.26,0.023
T009166,C0064,P014,S001,D184,2,88.69,171.53,0.033
T009167,C0057,P022,S001,D002,1,133.42,115.68,0.133
T009168,C0130,P033,S001,D240,1,62.21,55.37,0.11
T009169,C0393,P024,S001,D212,1,132.56,117.05,0.117
T009170,C0124,P087,S001,D267,2,157.33,280.99,0.107
T009171,C0338,P119,S001,D286,1,195.51,190.23,0.027
T009172,C0069,P008,S001,D253,2,73.36,118.26,0.194
T009173,C0240,P087,S001,D139,4,160.12,629.59,0.017
T009174,C0131,P119,S001,D162,2,193.63,358.6,0.074
T009175,C0332,P061,S001,D240,1,52.0,50.34,0.032
T009176,C0159,P008,S001,D352,1,73.01,61.84,0.153
T009177,C0449,P072,S001,D334,2,133.67,261.19,0.023
T009178,C0318,P042,S001,D177,2,214.73,426.02,0.008
T009179,C0441,P076,S001,D004,2,128.95,253.26,0.018
T009180,C0191,P020,S001,D241,1,33.48,33.45,0.001
T009181,C0397,P155,S001,D088,1,79.56,77.25,0.029
T009182,C0496,P141,S001,D115,1,269.36,246.73,0.084
T009183,C0307,P049,S001,D355,1,89.82,87.66,0.024
T009184,C0476,P048,S001,D263,1,91.16,82.41,0.096
T009185,C0207,P081,S001,D255,1,207.97,186.13,0.105
T009186,C0466,P038,S001,D217,1,169.08,161.47,0.045
T009187,C0322,P001,S001,D049,4,76.68,294.76,0.039
T009188,C0211,P055,S001,D227,1,58.47,57.83,0.011
T009189,C0377,P034,S001,D356,1,64.1,56.6,0.117
T009190,C0155,P007,S001,D234,2,62.92,123.95,0.015
T009191,C0239,P105,S001,D201,3,124.29,365.41,0.02
T009192,C0304,P125,S001,D150,1,343.14,335.59,0.022
T009193,C0367,P026,S001,D256,2,144.36,278.33,0.036
T009194,C0253,P117,S001,D019,5,195.05,829.94,0.149
T009195,C0415,P044,S001,D236,3,190.55,515.06,0.099
T009196,C0499,P051,S001,D115,2,81.21,147.96,0.089
T009197,C0366,P147,S001,D085,3,131.65,365.72,0.074
T009198,C0022,P151,S001,D005,2,1104.17,2184.05,0.011
T009199,C0481,P003,S001,D191,1,78.31,70.48,0.1
T009200,C0207,P166,S001,D272,3,26.76,73.7,0.082
T009201,C0098,P118,S001,D052,2,215.28,422.38,0.019
T009202,C0010,P137,S001,D082,1,155.26,152.62,0.017
T009203,C0348,P020,S001,D236,4,32.83,117.01,0.109
T009204,C0389,P120,S001,D071,5,206.81,928.58,0.102
T009205,C0482,P107,S001,D018,2,124.02,240.85,0.029
T009206,C0331,P113,S001,D350,3,170.24,509.7,0.002
T009207,C0279,P059,S001,D037,1,56.01,50.86,0.092
T009208,C0484,P132,S001,D347,1,92.42,85.77,0.072
T009209,C0051,P080,S001,D285,1,203.2,196.09,0.035
T009210,C0057,P068,S001,D032,1,77.95,67.27,0.137
T009211,C0415,P070,S001,D300,1,75.89,68.53,0.097
T009212,C0395,P019,S001,D300,1,37.52,36.43,0.029
T009213,C0228,P052,S001,D029,2,83.02,164.05,0.012
T009214,C0102,P013,S001,D192,3,92.55,270.99,0.024
T009215,C0123,P096,S001,D014,2,274.6,495.93,0.097
T009216,C0183,P110,S001,D129,1,184.71,167.72,0.092
T009217,C0024,P055,S001,D202,2,59.62,109.46,0.082
T009218,C0069,P095,S001,D155,4,298.05,1047.94,0.121
T009219,C0399,P070,S001,D202,1,72.77,71.97,0.011
T009220,C0411,P022,S001,D363,1,135.24,134.56,0.005
T009221,C0100,P128,S001,D129,1,339.53,338.17,0.004
T009222,C0098,P065,S001,D257,2,317.57,620.53,0.023
T009223,C0439,P103,S001,D129,1,103.56,94.86,0.084
T009224,C0159,P068,S001,D249,2,78.99,138.55,0.123
T009225,C0208,P074,S001,D111,1,149.74,120.99,0.192
T009226,C0161,P138,S001,D055,4,270.27,1038.92,0.039
T009227,C0291,P046,S001,D350,2,210.19,404.41,0.038
T009228,C0453,P080,S001,D184,1,199.08,165.44,0.169
T009229,C0267,P147,S001,D229,5,136.79,677.11,0.01
T009230,C0394,P162,S001,D119,5,28.05,133.94,0.045
T009231,C0006,P111,S001,D280,2,159.06,303.49,0.046
T009232,C0345,P157,S001,D356,2,90.79,174.32,0.04
T009233,C0397,P039,S001,D303,1,146.69,140.53,0.042
T009234,C0288,P097,S001,D099,2,308.29,569.1,0.077
T009235,C0013,P060,S001,D264,2,53.19,101.17,0.049
T009236,C0176,P142,S001,D262,1,225.54,214.26,0.05
T009237,C0213,P135,S001,D339,2,155.75,257.61,0.173
T009238,C0415,P028,S001,D213,2,99.43,185.14,0.069
T009239,C0399,P055,S001,D200,2,60.73,120.61,0.007
T009240,C0260,P159,S001,D242,2,40.04,73.11,0.087
T009241,C0220,P124,S001,D196,2,359.85,678.68,0.057
T009242,C0415,P068,S001,D258,1,75.08,70.65,0.059
T009243,C0101,P107,S001,D021,1,127.12,112.25,0.117
T009244,C0136,P043,S001,D216,2,205.68,385.86,0.062
T009245,C0444,P086,S001,D095,5,144.67,668.38,0.076
T009246,C0473,P020,S001,D120,2,32.99,64.4,0.024
T009247,C0329,P086,S001,D281,2,148.1,264.8,0.106
T009248,C0076,P121,S001,D199,1,201.25,179.72,0.107
T009249,C0443,P091,S001,D159,2,110.32,209.83,0.049
T009250,C0389,P114,S001,D166,1,163.95,144.77,0.117
T009251,C0323,P038,S001,D311,1,170.08,166.85,0.019
T009252,C0191,P096,S001,D313,3,280.11,832.77,0.009
T009253,C0352,P133,S001,D175,2,84.22,156.65,0.07
T009254,C0474,P134,S001,D111,1,142.77,139.06,0.026
T009255,C0409,P013,S001,D145,1,92.45,89.95,0.027
T009256,C0436,P089,S001,D010,1,105.62,101.92,0.035
T009257,C0044,P014,S001,D126,1,84.66,80.77,0.046
T009258,C0097,P062,S001,D327,1,293.67,293.38,0.001
T009259,C0174,P149,S001,D152,3,1168.34,3469.97,0.01
T009260,C0423,P015,S001,D362,3,79.41,231.8,0.027
T009261,C0354,P094,S001,D176,2,288.09,563.5,0.022
T009262,C0488,P021,S001,D141,2,35.11,68.39,0.026
T009263,C0400,P045,S001,D244,1,187.06,179.76,0.039
T009264,C0144,P119,S001,D165,1,202.65,193.13,0.047
T009265,C0134,P037,S001,D206,5,153.42,761.73,0.007
T009266,C0015,P033,S001,D119,3,64.02,167.86,0.126
T009267,C0268,P043,S001,D209,1,200.99,198.58,0.012
T009268,C0137,P086,S001,D108,2,151.9,269.47,0.113
T009269,C0057,P151,S001,D062,2,1082.1,1910.99,0.117
T009270,C0107,P154,S001,D038,3,95.42,285.97,0.001
T009271,C0001,P055,S001,D109,1,59.69,57.06,0.044
T009272,C0203,P107,S001,D326,3,128.05,375.31,0.023
T009273,C0248,P077,S001,D091,2,144.35,280.33,0.029
T009274,C0216,P085,S001,D245,2,148.98,290.81,0.024
T009275,C0056,P114,S001,D134,2,170.45,336.81,0.012
T009276,C0239,P040,S001,D199,1,138.68,133.55,0.037
T009277,C0192,P158,S001,D155,3,36.6,107.49,0.021
T009278,C0248,P143,S001,D203,1,128.69,128.3,0.003
T009279,C0214,P139,S001,D267,2,269.25,507.81,0.057
T009280,C0076,P043,S001,D208,3,198.52,543.15,0.088
T009281,C0433,P125,S001,D091,2,333.52,648.36,0.028
T009282,C0337,P051,S001,D238,4,81.25,316.88,0.025
T009283,C0417,P165,S001,D262,3,29.75,84.52,0.053
T009284,C0454,P120,S001,D277,2,215.99,428.52,0.008
T009285,C0433,P091,S001,D324,4,110.26,433.98,0.016
T009286,C0206,P154,S001,D211,4,91.76,359.33,0.021
T009287,C0153,P016,S001,D298,5,85.67,388.51,0.093
T009288,C0206,P026,S001,D056,2,143.84,277.32,0.036
T009289,C0351,P127,S001,D154,1,296.98,288.07,0.03
T009290,C0011,P032,S001,D260,1,60.95,58.15,0.046
T009291,C0408,P089,S001,D222,1,105.83,105.62,0.002
T009292,C0290,P058,S001,D006,2,52.92,101.82,0.038
T009293,C0331,P044,S001,D291,5,181.67,894.72,0.015
T009294,C0173,P068,S001,D080,1,78.25,74.34,0.05
T009295,C0362,P121,S001,D149,1,202.65,197.99,0.023
T009296,C0028,P076,S001,D169,1,128.78,128.39,0.003
T009297,C0443,P050,S001,D067,2,84.13,163.38,0.029
T009298,C0097,P059,S001,D114,1,55.89,54.38,0.027
T009299,C0297,P088,S001,D098,1,148.71,141.57,0.048
T009300,C0237,P097,S001,D016,1,298.55,296.76,0.006
T009301,C0171,P116,S001,D309,5,183.01,864.72,0.055
T009302,C0128,P153,S001,D322,1,81.27,74.93,0.078
T009303,C0071,P105,S001,D168,4,129.48,448.52,0.134
T009304,C0088,P096,S001,D077,3,275.15,742.9,0.1
T009305,C0090,P121,S001,D114,1,192.61,187.02,0.029
T009306,C0476,P162,S001,D013,2,27.89,50.82,0.089
T009307,C0262,P027,S001,D270,3,91.88,246.7,0.105
T009308,C0264,P099,S001,D097,1,89.35,85.51,0.043
T009309,C0476,P039,S001,D321,5,146.46,685.43,0.064
T009310,C0189,P050,S001,D101,5,85.0,408.85,0.038
T009311,C0424,P126,S001,D133,1,348.63,290.06,0.168
T009312,C0319,P140,S001,D152,1,273.24,273.24,0.0
T009313,C0186,P119,S001,D355,1,197.73,175.58,0.112
T009314,C0168,P123,S001,D328,1,307.33,299.95,0.024
T009315,C0174,P005,S001,D216,4,87.88,344.84,0.019
T009316,C0112,P062,S001,D249,2,298.25,575.62,0.035
T009317,C0063,P103,S001,D018,1,101.77,95.56,0.061
T009318,C0042,P084,S001,D172,2,138.84,265.18,0.045
T009319,C0392,P021,S001,D149,3,33.79,96.71,0.046
T009320,C0126,P152,S001,D224,1,1194.88,1160.23,0.029
T009321,C0189,P039,S001,D299,2,145.68,282.04,0.032
T009322,C0362,P030,S001,D321,2,100.98,196.1,0.029
T009323,C0478,P045,S001,D175,1,188.45,168.29,0.107
T009324,C0442,P044,S001,D090,1,188.27,177.54,0.057
T009325,C0476,P078,S001,D196,4,198.22,705.66,0.11
T009326,C0359,P099,S001,D261,1,89.44,89.26,0.002
T009327,C0211,P134,S001,D133,1,146.49,139.9,0.045
T009328,C0458,P154,S001,D200,1,93.53,83.52,0.107
T009329,C0130,P061,S001,D010,2,51.82,93.38,0.099
T009330,C0003,P129,S001,D362,1,96.79,92.14,0.048
T009331,C0130,P017,S001,D176,5,86.14,402.27,0.066
T009332,C0325,P163,S001,D094,2,28.15,54.61,0.03
T009333,C0107,P023,S001,D329,1,142.24,139.54,0.019
T009334,C0133,P022,S001,D266,1,133.36,121.49,0.089
T009335,C0392,P108,S001,D189,3,133.47,391.2,0.023
T009336,C0444,P052,S001,D207,1,84.35,75.07,0.11
T009337,C0005,P020,S001,D174,1,33.55,33.18,0.011
T009338,C0167,P120,S001,D006,2,217.44,420.53,0.033
T009339,C0366,P133,S001,D063,2,84.78,151.59,0.106
T009340,C0233,P135,S001,D246,4,159.91,532.82,0.167
T009341,C0120,P100,S001,D363,2,112.25,203.17,0.095
T009342,C0242,P108,S001,D251,1,132.9,132.63,0.002
T009343,C0116,P032,S001,D276,1,60.18,50.67,0.158
T009344,C0216,P103,S001,D005,2,106.31,204.97,0.036
T009345,C0232,P133,S001,D230,3,81.81,202.48,0.175
T009346,C0256,P018,S001,D205,5,35.38,174.6,0.013
T009347,C0445,P151,S001,D281,4,1092.4,4199.19,0.039
T009348,C0155,P099,S001,D276,2,92.29,176.27,0.045
T009349,C0440,P005,S001,D061,4,83.38,328.52,0.015
T009350,C0448,P041,S001,D283,1,163.33,157.45,0.036
T009351,C0112,P058,S001,D004,2,53.31,103.74,0.027
T009352,C0177,P033,S001,D156,4,61.93,201.64,0.186
T009353,C0433,P086,S001,D030,3,145.82,426.96,0.024
T009354,C0233,P011,S001,D040,2,92.73,151.15,0.185
T009355,C0457,P039,S001,D288,5,149.4,611.05,0.182
T009356,C0368,P134,S001,D155,2,149.92,287.85,0.04
T009357,C0212,P165,S001,D251,1,30.21,28.49,0.057
T009358,C0027,P032,S001,D351,1,61.31,58.24,0.05
T009359,C0243,P158,S001,D040,1,37.49,35.84,0.044
T009360,C0186,P147,S001,D123,1,131.41,118.01,0.102
T009361,C0215,P049,S001,D059,3,90.04,253.91,0.06
T009362,C0290,P117,S001,D103,5,196.45,974.39,0.008
T009363,C0199,P152,S001,D331,4,1230.95,4869.64,0.011
T009364,C0260,P094,S001,D180,2,283.7,501.58,0.116
T009365,C0349,P099,S001,D363,2,89.43,177.07,0.01
T009366,C0006,P125,S001,D116,4,335.38,1324.08,0.013
T009367,C0351,P095,S001,D126,1,295.3,282.6,0.043
T009368,C0380,P086,S001,D166,2,146.95,261.86,0.109
T009369,C0195,P068,S001,D122,1,77.83,75.03,0.036
T009370,C0094,P140,S001,D042,2,277.84,490.67,0.117
T009371,C0368,P127,S001,D069,4,298.91,1192.05,0.003
T009372,C0266,P108,S001,D268,1,127.97,125.41,0.02
T009373,C0281,P078,S001,D272,3,198.02,538.22,0.094
T009374,C0442,P100,S001,D307,1,109.61,100.73,0.081
T009375,C0234,P134,S001,D181,2,145.95,286.35,0.019
T009376,C0021,P083,S001,D183,5,146.63,725.82,0.01
T009377,C0290,P039,S001,D059,1,148.99,146.01,0.02
T009378,C0193,P162,S001,D329,5,27.01,115.2,0.147
T009379,C0095,P148,S001,D062,3,1078.38,3105.73,0.04
T009380,C0473,P044,S001,D342,1,186.48,180.14,0.034
T009381,C0044,P083,S001,D178,1,140.55,137.46,0.022
T009382,C0123,P060,S001,D362,4,54.71,205.93,0.059
T009383,C0284,P119,S001,D017,3,199.5,561.39,0.062
T009384,C0339,P061,S001,D251,2,51.47,100.88,0.02
T009385,C0496,P106,S001,D189,1,125.26,110.98,0.114
T009386,C0148,P045,S001,D183,1,188.23,185.97,0.012
T009387,C0351,P051,S001,D146,2,84.42,166.81,0.012
T009388,C0404,P029,S001,D166,2,89.79,174.01,0.031
T009389,C0476,P062,S001,D101,3,288.71,805.5,0.07
T009390,C0012,P110,S001,D093,3,185.63,534.06,0.041
T009391,C0456,P153,S001,D061,2,78.32,127.66,0.185
T009392,C0486,P011,S001,D178,2,91.53,174.09,0.049
T009393,C0133,P105,S001,D181,4,128.92,465.14,0.098
T009394,C0002,P106,S001,D195,1,121.58,119.51,0.017
T009395,C0067,P143,S001,D089,3,124.89,320.72,0.144
T009396,C0451,P029,S001,D109,1,91.15,87.6,0.039
T009397,C0307,P022,S001,D287,1,134.92,133.98,0.007
T009398,C0176,P037,S001,D305,5,152.12,733.22,0.036
T009399,C0025,P161,S001,D107,2,38.12,74.79,0.019
T009400,C0482,P160,S001,D003,2,39.45,76.77,0.027
T009401,C0424,P002,S001,D031,1,78.61,68.47,0.129
T009402,C0246,P047,S001,D243,4,216.23,850.22,0.017
T009403,C0055,P024,S001,D236,1,131.18,119.24,0.091
T009404,C0386,P087,S001,D129,2,158.27,308.31,0.026
T009405,C0006,P103,S001,D224,1,103.22,101.36,0.018
T009406,C0494,P102,S001,D156,3,108.63,306.34,0.06
T009407,C0411,P130,S001,D132,4,84.9,335.52,0.012
T009408,C0228,P024,S001,D084,2,133.55,253.74,0.05
T009409,C0497,P156,S001,D171,4,86.16,338.78,0.017
T009410,C0016,P162,S001,D088,2,27.44,48.84,0.11
T009411,C0488,P086,S001,D354,2,147.02,286.1,0.027
T009412,C0492,P102,S001,D293,2,109.53,214.68,0.02
T009413,C0348,P045,S001,D205,1,187.99,175.58,0.066
T009414,C0303,P073,S001,D322,1,134.77,126.41,0.062
T009415,C0128,P010,S001,D360,1,93.96,83.25,0.114
T009416,C0018,P034,S001,D254,1,65.04,61.33,0.057
T009417,C0497,P065,S001,D125,2,330.69,650.8,0.016
T009418,C0206,P155,S001,D182,1,80.93,77.21,0.046
T009419,C0488,P020,S001,D252,2,33.97,65.97,0.029
T009420,C0068,P081,S001,D337,1,214.33,209.19,0.024
T009421,C0269,P078,S001,D260,1,201.59,189.29,0.061
T009422,C0454,P148,S001,D098,2,1055.61,2090.11,0.01
T009423,C0409,P164,S001,D005,4,31.18,123.1,0.013
T009424,C0081,P008,S001,D057,1,76.2,74.07,0.028
T009425,C0409,P064,S001,D063,1,323.45,314.07,0.029
T009426,C0058,P157,S001,D002,2,89.46,173.02,0.033
T009427,C0201,P135,S001,D199,3,156.43,466.47,0.006
T009428,C0005,P122,S001,D136,4,189.84,730.5,0.038
T009429,C0278,P039,S001,D048,3,146.06,416.27,0.05
T009430,C0003,P116,S001,D302,3,173.34,517.94,0.004
T009431,C0022,P110,S001,D014,2,178.96,349.33,0.024
T009432,C0174,P051,S001,D348,2,83.15,164.97,0.008
T009433,C0011,P044,S001,D167,3,183.15,545.05,0.008
T009434,C0361,P165,S001,D312,2,29.9,59.8,0.0
T009435,C0371,P120,S001,D024,4,216.75,749.09,0.136
T009436,C0188,P153,S001,D136,1,82.76,82.51,0.003
T009437,C0142,P046,S001,D244,1,211.66,191.98,0.093
T009438,C0338,P018,S001,D137,4,35.32,140.86,0.003
T009439,C0445,P109,S001,D232,3,128.93,379.05,0.02
T009440,C0068,P122,S001,D289,2,197.24,388.17,0.016
T009441,C0379,P101,S001,D029,1,104.14,98.2,0.057
T009442,C0088,P022,S001,D002,1,135.74,112.94,0.168
T009443,C0230,P064,S001,D299,2,320.41,601.09,0.062
T009444,C0027,P058,S001,D308,1,51.38,49.53,0.036
T009445,C0029,P153,S001,D223,1,80.51,65.13,0.191
T009446,C0175,P068,S001,D042,2,75.84,128.32,0.154
T009447,C0481,P002,S001,D094,1,79.78,74.67,0.064
T009448,C0294,P124,S001,D247,1,360.46,329.46,0.086
T009449,C0253,P071,S001,D276,4,79.09,277.13,0.124
T009450,C0285,P001,S001,D071,2,74.75,145.46,0.027
T009451,C0330,P072,S001,D304,3,128.6,345.29,0.105
T009452,C0046,P045,S001,D087,2,195.85,363.11,0.073
T009453,C0305,P006,S001,D211,1,66.86,62.92,0.059
T009454,C0249,P097,S001,D139,1,294.88,283.97,0.037
T009455,C0273,P057,S001,D085,2,57.89,96.1,0.17
T009456,C0318,P134,S001,D136,1,147.67,147.67,0.0
T009457,C0187,P038,S001,D299,2,164.16,291.88,0.111
T009458,C0222,P131,S001,D272,2,97.25,184.97,0.049
T009459,C0500,P031,S001,D146,2,91.7,182.12,0.007
T009460,C0317,P015,S001,D347,1,76.96,72.73,0.055
T009461,C0067,P063,S001,D144,1,264.08,215.23,0.185
T009462,C0080,P034,S001,D170,2,63.7,114.66,0.1
T009463,C0065,P096,S001,D261,5,272.44,1314.52,0.035
T009464,C0497,P093,S001,D168,1,96.62,92.56,0.042
T009465,C0426,P070,S001,D223,2,73.59,142.47,0.032
T009466,C0102,P008,S001,D360,2,75.97,147.53,0.029
T009467,C0259,P072,S001,D224,2,129.8,247.92,0.045
T009468,C0176,P135,S001,D277,1,158.58,151.13,0.047
T009469,C0466,P117,S001,D064,2,191.61,377.09,0.016
T009470,C0064,P063,S001,D038,4,264.59,1013.91,0.042
T009471,C0411,P109,S001,D146,2,126.79,248.0,0.022
T009472,C0145,P042,S001,D128,3,213.92,610.31,0.049
T009473,C0463,P058,S001,D328,4,53.13,208.91,0.017
T009474,C0480,P130,S001,D100,2,87.28,144.88,0.17
T009475,C0057,P107,S001,D105,1,128.61,103.4,0.196
T009476,C0469,P026,S001,D347,2,145.14,264.45,0.089
T009477,C0240,P060,S001,D049,2,54.19,105.24,0.029
T009478,C0082,P064,S001,D219,2,323.0,635.02,0.017
T009479,C0041,P091,S001,D235,2,111.73,217.43,0.027
T009480,C0355,P033,S001,D300,1,60.74,59.83,0.015
T009481,C0295,P030,S001,D258,3,103.83,274.73,0.118
T009482,C0469,P002,S001,D096,2,78.21,143.75,0.081
T009483,C0389,P066,S001,D280,2,297.97,548.26,0.08
T009484,C0405,P060,S001,D205,3,53.03,140.48,0.117
T009485,C0385,P090,S001,D298,2,112.83,223.4,0.01
T009486,C0157,P067,S001,D185,4,72.23,276.21,0.044
T009487,C0441,P076,S001,D248,2,130.21,248.7,0.045
T009488,C0266,P091,S001,D215,1,111.59,108.24,0.03
T009489,C0444,P114,S001,D023,1,164.53,150.87,0.083
T009490,C0173,P113,S001,D041,1,176.81,170.09,0.038
T009491,C0436,P121,S001,D004,2,194.91,372.28,0.045
T009492,C0444,P165,S001,D078,1,29.93,28.34,0.053
T009493,C0081,P126,S001,D183,1,355.31,345.01,0.029
T009494,C0391,P019,S001,D283,1,37.56,37.03,0.014
T009495,C0274,P071,S001,D060,2,81.54,157.86,0.032
T009496,C0065,P095,S001,D141,4,293.75,1140.92,0.029
T009497,C0215,P110,S001,D349,1,187.53,169.9,0.094
T009498,C0370,P128,S001,D045,2,328.15,610.36,0.07
T009499,C0308,P061,S001,D216,2,49.26,95.07,0.035
T009500,C0248,P007,S001,D133,2,62.1,121.59,0.021
T009501,C0148,P157,S001,D365,3,91.64,269.42,0.02
T009502,C0356,P129,S001,D193,5,99.43,479.75,0.035
T009503,C0071,P096,S001,D200,2,270.58,472.97,0.126
T009504,C0079,P048,S001,D352,3,93.46,277.3,0.011
T009505,C0401,P109,S001,D079,2,126.75,252.74,0.003
T009506,C0390,P074,S001,D148,1,142.99,136.13,0.048
T009507,C0473,P020,S001,D192,2,34.45,65.52,0.049
T009508,C0468,P164,S001,D216,2,30.07,59.12,0.017
T009509,C0239,P080,S001,D083,3,201.28,575.46,0.047
T009510,C0059,P122,S001,D147,1,195.83,172.72,0.118
T009511,C0094,P161,S001,D175,3,38.98,103.61,0.114
T009512,C0133,P107,S001,D104,3,124.84,332.95,0.111
T009513,C0216,P133,S001,D300,1,82.99,79.75,0.039
T009514,C0450,P034,S001,D056,2,61.65,122.93,0.003
T009515,C0137,P125,S001,D068,3,325.72,886.28,0.093
T009516,C0115,P141,S001,D231,4,259.55,962.41,0.073
T009517,C0271,P088,S001,D284,3,154.05,455.68,0.014
T009518,C0411,P090,S001,D354,2,113.16,224.51,0.008
T009519,C0276,P048,S001,D306,3,91.9,245.92,0.108
T009520,C0493,P117,S001,D316,2,196.12,351.84,0.103
T009521,C0316,P118,S001,D055,1,212.83,208.36,0.021
T009522,C0356,P009,S001,D192,3,74.93,219.4,0.024
T009523,C0479,P042,S001,D159,2,207.29,358.61,0.135
T009524,C0442,P015,S001,D303,4,79.16,283.39,0.105
T009525,C0086,P098,S001,D012,3,98.42,281.68,0.046
T009526,C0380,P033,S001,D032,1,61.61,55.39,0.101
T009527,C0121,P011,S001,D020,3,91.67,247.23,0.101
T009528,C0369,P110,S001,D276,2,179.23,347.71,0.03
T009529,C0009,P151,S001,D075,1,1107.91,1069.13,0.035
T009530,C0326,P009,S001,D282,1,73.01,67.83,0.071
T009531,C0233,P029,S001,D289,3,91.24,222.81,0.186
T009532,C0331,P148,S001,D295,1,1042.47,1035.17,0.007
T009533,C0258,P089,S001,D361,1,103.9,99.54,0.042
T009534,C0362,P142,S001,D215,2,227.51,449.1,0.013
T009535,C0481,P124,S001,D270,2,341.21,604.62,0.114
T009536,C0091,P122,S001,D257,2,194.55,386.77,0.006
T009537,C0318,P087,S001,D354,3,155.73,463.92,0.007
T009538,C0362,P128,S001,D269,3,342.32,988.96,0.037
T009539,C0227,P070,S001,D013,1,76.65,73.51,0.041
T009540,C0138,P144,S001,D253,2,141.83,264.94,0.066
T009541,C0101,P150,S001,D094,4,1160.9,4072.44,0.123
T009542,C0295,P160,S001,D353,5,39.77,188.71,0.051
T009543,C0164,P082,S001,D237,4,212.66,763.87,0.102
T009544,C0344,P166,S001,D193,3,27.67,73.21,0.118
T009545,C0353,P136,S001,D157,2,168.59,328.41,0.026
T009546,C0286,P037,S001,D242,1,156.31,153.65,0.017
T009547,C0102,P028,S001,D272,1,97.4,93.5,0.04
T009548,C0262,P136,S001,D127,2,166.05,310.51,0.065
T009549,C0011,P087,S001,D070,1,159.86,157.94,0.012
T009550,C0175,P078,S001,D348,1,195.31,158.2,0.19
T009551,C0348,P147,S001,D137,2,130.76,245.04,0.063
T009552,C0118,P017,S001,D180,1,85.53,85.1,0.005
T009553,C0092,P018,S001,D267,4,33.84,130.22,0.038
T009554,C0478,P051,S001,D059,5,81.02,367.02,0.094
T009555,C0276,P045,S001,D160,2,190.21,342.38,0.1
T009556,C0235,P080,S001,D158,2,200.25,395.69,0.012
T009557,C0178,P103,S001,D014,1,101.89,97.2,0.046
T009558,C0205,P087,S001,D324,1,151.58,132.63,0.125
T009559,C0068,P026,S001,D210,1,146.41,140.41,0.041
T009560,C0250,P139,S001,D071,2,277.87,513.5,0.076
T009561,C0183,P037,S001,D142,1,152.88,136.06,0.11
T009562,C0028,P118,S001,D324,1,217.79,207.34,0.048
T009563,C0137,P102,S001,D133,2,110.76,199.59,0.099
T009564,C0140,P157,S001,D169,2,87.73,167.56,0.045
T009565,C0419,P118,S001,D334,4,216.29,852.18,0.015
T009566,C0175,P148,S001,D108,1,1047.63,935.53,0.107
T009567,C0304,P151,S001,D176,3,1110.95,3269.53,0.019
T009568,C0191,P048,S001,D142,5,93.1,462.24,0.007
T009569,C0120,P012,S001,D342,1,86.14,76.92,0.107
T009570,C0482,P157,S001,D001,1,89.53,87.2,0.026
T009571,C0301,P087,S001,D110,4,151.98,600.62,0.012
T009572,C0376,P029,S001,D139,1,94.36,87.38,0.074
T009573,C0011,P136,S001,D160,4,168.61,649.49,0.037
T009574,C0374,P105,S001,D212,1,128.77,116.79,0.093
T009575,C0131,P095,S001,D042,4,305.14,1076.53,0.118
T009576,C0316,P004,S001,D050,2,76.58,149.48,0.024
T009577,C0171,P035,S001,D260,2,65.61,116.79,0.11
T009578,C0161,P146,S001,D116,1,123.77,117.95,0.047
T009579,C0458,P012,S001,D365,1,88.31,75.68,0.143
T009580,C0119,P071,S001,D330,1,79.25,77.19,0.026
T009581,C0333,P138,S001,D172,4,264.62,1043.66,0.014
T009582,C0126,P042,S001,D316,2,206.46,396.82,0.039
T009583,C0062,P067,S001,D025,2,74.64,140.47,0.059
T009584,C0437,P095,S001,D081,4,289.85,1121.14,0.033
T009585,C0275,P009,S001,D079,2,75.72,144.63,0.045
T009586,C0367,P124,S001,D269,3,349.2,1030.84,0.016
T009587,C0005,P155,S001,D063,1,80.51,80.51,0.0
T009588,C0224,P112,S001,D364,2,185.95,345.12,0.072
T009589,C0149,P103,S001,D075,3,102.57,302.79,0.016
T009590,C0288,P073,S001,D270,1,132.48,121.22,0.085
T009591,C0184,P051,S001,D117,5,83.07,406.63,0.021
T009592,C0229,P033,S001,D100,1,62.2,58.78,0.055
T009593,C0098,P161,S001,D307,2,39.66,76.54,0.035
T009594,C0217,P125,S001,D117,2,323.68,572.91,0.115
T009595,C0022,P065,S001,D144,1,331.24,321.3,0.03
T009596,C0056,P145,S001,D191,2,120.45,229.82,0.046
T009597,C0392,P056,S001,D181,3,59.09,170.71,0.037
T009598,C0435,P082,S001,D197,1,202.62,189.45,0.065
T009599,C0077,P051,S001,D010,1,82.17,69.76,0.151
T009600,C0257,P106,S001,D179,4,122.74,447.76,0.088
T009601,C0107,P085,S001,D219,1,143.46,137.72,0.04
T009602,C0459,P073,S001,D026,3,130.36,368.4,0.058
T009603,C0481,P045,S001,D017,2,188.71,344.58,0.087
T009604,C0209,P027,S001,D283,1,94.71,86.85,0.083
T009605,C0275,P120,S001,D219,2,214.8,427.88,0.004
T009606,C0419,P017,S001,D243,1,86.88,82.8,0.047
T009607,C0477,P121,S001,D198,1,198.32,174.52,0.12
T009608,C0322,P142,S001,D018,3,223.52,650.44,0.03
T009609,C0172,P088,S001,D108,1,154.12,148.26,0.038
T009610,C0275,P121,S001,D326,1,200.25,196.45,0.019
T009611,C0091,P159,S001,D233,2,39.24,78.4,0.001
T009612,C0487,P028,S001,D221,3,96.85,283.58,0.024
T009613,C0422,P024,S001,D250,2,130.26,217.79,0.164
T009614,C0284,P160,S001,D067,2,39.08,70.58,0.097
T009615,C0443,P125,S001,D346,4,329.01,1305.51,0.008
T009616,C0099,P067,S001,D309,2,73.38,144.12,0.018
T009617,C0145,P127,S001,D089,1,284.08,276.69,0.026
T009618,C0373,P042,S001,D346,1,215.48,177.12,0.178
T009619,C0492,P052,S001,D341,3,83.68,250.54,0.002
T009620,C0205,P016,S001,D309,3,88.28,213.2,0.195
T009621,C0267,P150,S001,D318,3,1192.93,3475.01,0.029
T009622,C0292,P074,S001,D113,2,145.52,281.73,0.032
T009623,C0178,P121,S001,D296,1,202.83,196.75,0.03
T009624,C0105,P045,S001,D167,2,190.64,338.58,0.112
T009625,C0134,P059,S001,D233,4,55.86,220.54,0.013
T009626,C0019,P129,S001,D154,1,100.39,98.48,0.019
T009627,C0264,P001,S001,D066,3,77.06,226.09,0.022
T009628,C0036,P146,S001,D133,1,127.59,125.42,0.017
T009629,C0252,P125,S001,D121,1,341.06,339.7,0.004
T009630,C0156,P058,S001,D118,4,51.77,206.67,0.002
T009631,C0343,P166,S001,D334,1,27.7,27.2,0.018
T009632,C0206,P150,S001,D305,3,1153.96,3409.95,0.015
T009633,C0475,P062,S001,D249,1,297.88,290.43,0.025
T009634,C0470,P128,S001,D192,1,339.81,312.29,0.081
T009635,C0302,P126,S001,D118,2,362.06,687.19,0.051
T009636,C0017,P128,S001,D039,1,329.87,321.29,0.026
T009637,C0493,P058,S001,D363,3,51.75,143.92,0.073
T009638,C0405,P039,S001,D175,1,143.06,117.74,0.177
T009639,C0361,P142,S001,D343,2,229.61,440.85,0.04
T009640,C0010,P006,S001,D284,1,69.01,68.66,0.005
T009641,C0254,P092,S001,D063,3,106.01,310.4,0.024
T009642,C0304,P085,S001,D057,3,150.05,431.24,0.042
T009643,C0056,P074,S001,D219,1,145.52,141.59,0.027
T009644,C0345,P089,S001,D016,1,101.81,97.43,0.043
T009645,C0074,P161,S001,D005,3,38.66,115.63,0.003
T009646,C0489,P096,S001,D167,1,274.71,263.45,0.041
T009647,C0173,P123,S001,D067,1,297.76,287.93,0.033
T009648,C0176,P071,S001,D138,2,79.84,151.7,0.05
T009649,C0260,P108,S001,D206,2,134.73,242.51,0.1
T009650,C0341,P076,S001,D012,1,132.26,126.18,0.046
T009651,C0432,P008,S001,D340,2,73.52,140.86,0.042
T009652,C0206,P039,S001,D034,1,146.7,144.94,0.012
T009653,C0262,P154,S001,D278,1,93.0,86.3,0.072
T009654,C0050,P060,S001,D108,1,52.8,52.75,0.001
T009655,C0409,P031,S001,D183,4,93.41,368.41,0.014
T009656,C0270,P091,S001,D151,2,109.74,212.02,0.034
T009657,C0015,P094,S001,D143,2,278.41,496.68,0.108
T009658,C0115,P160,S001,D075,1,39.56,35.88,0.093
T009659,C0317,P108,S001,D243,1,134.29,118.31,0.119
T009660,C0252,P021,S001,D274,1,35.05,33.79,0.036
T009661,C0055,P123,S001,D067,1,299.86,272.87,0.09
T009662,C0493,P066,S001,D017,3,293.09,815.96,0.072
T009663,C0139,P117,S001,D316,4,192.09,753.76,0.019
T009664,C0263,P051,S001,D084,2,82.83,149.26,0.099
T009665,C0184,P006,S001,D066,3,66.64,193.92,0.03
T009666,C0194,P103,S001,D179,2,102.59,201.69,0.017
T009667,C0232,P002,S001,D353,2,79.66,133.35,0.163
T009668,C0029,P070,S001,D153,2,72.41,128.46,0.113
T009669,C0020,P142,S001,D173,2,224.82,429.41,0.045
T009670,C0147,P098,S001,D006,1,96.1,94.27,0.019
T009671,C0240,P052,S001,D204,2,83.27,159.55,0.042
T009672,C0489,P164,S001,D017,1,30.07,29.53,0.018
T009673,C0338,P152,S001,D208,4,1208.0,4696.7,0.028
T009674,C0023,P072,S001,D297,1,135.08,134.4,0.005
T009675,C0265,P146,S001,D232,1,127.46,126.44,0.008
T009676,C0442,P157,S001,D201,3,89.64,238.26,0.114
T009677,C0173,P092,S001,D349,2,102.12,200.16,0.02
T009678,C0023,P160,S001,D349,1,40.51,38.89,0.04
T009679,C0436,P122,S001,D094,5,189.2,918.57,0.029
T009680,C0250,P024,S001,D060,2,134.49,249.88,0.071
T009681,C0142,P032,S001,D213,3,61.32,166.85,0.093
T009682,C0299,P159,S001,D233,2,39.31,75.48,0.04
T009683,C0214,P133,S001,D287,3,80.57,227.21,0.06
T009684,C0201,P071,S001,D153,2,81.37,156.07,0.041
T009685,C0415,P053,S001,D275,4,94.6,336.78,0.11
T009686,C0156,P068,S001,D359,2,75.89,151.63,0.001
T009687,C0082,P049,S001,D061,2,92.53,182.65,0.013
T009688,C0285,P110,S001,D188,1,178.64,173.82,0.027
T009689,C0429,P130,S001,D286,1,86.93,71.98,0.172
T009690,C0126,P077,S001,D236,2,151.67,299.7,0.012
T009691,C0040,P061,S001,D102,4,49.97,199.48,0.002
T009692,C0483,P141,S001,D025,1,257.28,229.49,0.108
T009693,C0057,P084,S001,D077,5,143.97,645.71,0.103
T009694,C0079,P081,S001,D109,1,212.28,208.25,0.019
T009695,C0301,P154,S001,D016,1,94.86,90.5,0.046
T009696,C0404,P151,S001,D136,3,1077.92,3110.88,0.038
T009697,C0343,P116,S001,D003,1,179.28,179.28,0.0
T009698,C0044,P002,S001,D159,1,76.11,74.36,0.023
T009699,C0401,P002,S001,D053,1,79.7,76.19,0.044
T009700,C0291,P005,S001,D118,1,87.44,86.92,0.006
T009701,C0053,P010,S001,D329,2,93.55,153.42,0.18
T009702,C0316,P109,S001,D312,1,123.17,121.2,0.016
T009703,C0486,P041,S001,D019,4,157.57,609.48,0.033
T009704,C0307,P154,S001,D223,2,91.13,179.53,0.015
T009705,C0249,P077,S001,D081,2,147.58,286.9,0.028
T009706,C0398,P086,S001,D064,4,145.13,578.78,0.003
T009707,C0024,P077,S001,D084,4,145.9,551.5,0.055
T009708,C0048,P029,S001,D174,4,90.09,359.28,0.003
T009709,C0054,P075,S001,D046,3,134.81,359.94,0.11
T009710,C0438,P166,S001,D210,1,27.62,27.48,0.005
T009711,C0005,P098,S001,D065,2,101.49,199.53,0.017
T009712,C0044,P071,S001,D216,1,81.79,80.81,0.012
T009713,C0162,P046,S001,D097,1,213.01,208.32,0.022
T009714,C0301,P104,S001,D125,1,112.47,110.78,0.015
T009715,C0231,P138,S001,D307,4,263.11,1033.5,0.018
T009716,C0001,P132,S001,D313,1,92.66,91.36,0.014
T009717,C0025,P075,S001,D012,4,140.57,536.98,0.045
T009718,C0233,P107,S001,D244,1,121.9,101.66,0.166
T009719,C0258,P144,S001,D306,4,137.79,545.1,0.011
T009720,C0012,P114,S001,D233,3,162.76,481.93,0.013
T009721,C0414,P028,S001,D198,2,98.02,158.6,0.191
T009722,C0140,P010,S001,D124,5,90.8,451.28,0.006
T009723,C0392,P059,S001,D267,1,55.07,54.19,0.016
T009724,C0242,P022,S001,D178,2,137.33,263.67,0.04
T009725,C0233,P043,S001,D108,1,206.89,185.58,0.103
T009726,C0110,P123,S001,D006,3,307.45,815.36,0.116
T009727,C0136,P093,S001,D231,1,94.84,85.93,0.094
T009728,C0315,P130,S001,D361,2,89.7,151.95,0.153
T009729,C0002,P164,S001,D015,2,31.0,61.32,0.011
T009730,C0312,P062,S001,D146,2,286.54,566.78,0.011
T009731,C0383,P135,S001,D007,1,162.7,147.57,0.093
T009732,C0046,P023,S001,D095,2,141.78,256.91,0.094
T009733,C0494,P036,S001,D334,1,142.95,135.8,0.05
T009734,C0198,P085,S001,D354,1,143.27,134.39,0.062
T009735,C0389,P113,S001,D187,1,175.83,162.64,0.075
T009736,C0482,P039,S001,D252,1,141.76,137.22,0.032
T009737,C0024,P100,S001,D149,2,108.98,192.89,0.115
T009738,C0204,P054,S001,D327,2,81.05,156.59,0.034
T009739,C0019,P019,S001,D210,3,35.95,102.46,0.05
T009740,C0309,P047,S001,D136,2,211.46,415.73,0.017
T009741,C0209,P075,S001,D131,3,140.41,395.11,0.062
T009742,C0116,P139,S001,D183,2,272.72,469.62,0.139
T009743,C0148,P143,S001,D355,1,123.6,121.87,0.014
T009744,C0149,P134,S001,D218,1,150.45,147.44,0.02
T009745,C0307,P064,S001,D324,2,321.33,624.67,0.028
T009746,C0397,P024,S001,D340,1,135.36,131.43,0.029
T009747,C0266,P034,S001,D073,2,63.86,124.53,0.025
T009748,C0265,P101,S001,D199,1,104.47,104.37,0.001
T009749,C0333,P092,S001,D344,1,103.24,99.11,0.04
T009750,C0013,P150,S001,D232,2,1209.0,2306.77,0.046
T009751,C0234,P125,S001,D322,3,339.16,1017.48,0.0
T009752,C0037,P041,S001,D257,2,158.2,301.53,0.047
T009753,C0392,P144,S001,D106,2,141.13,272.95,0.033
T009754,C0161,P082,S001,D253,1,209.17,206.03,0.015
T009755,C0102,P022,S001,D036,2,139.04,266.68,0.041
T009756,C0479,P069,S001,D219,1,75.34,63.81,0.153
T009757,C0057,P163,S001,D031,1,28.65,25.58,0.107
T009758,C0055,P119,S001,D112,2,199.22,357.4,0.103
T009759,C0427,P096,S001,D194,1,269.35,255.07,0.053
T009760,C0316,P063,S001,D303,3,263.71,754.74,0.046
T009761,C0138,P105,S001,D165,5,125.7,593.3,0.056
T009762,C0498,P012,S001,D137,4,87.68,325.12,0.073
T009763,C0304,P004,S001,D084,1,75.26,74.21,0.014
T009764,C0119,P164,S001,D026,3,30.32,87.96,0.033
T009765,C0156,P025,S001,D175,1,129.56,124.77,0.037
T009766,C0360,P047,S001,D022,2,218.09,427.89,0.019
T009767,C0083,P066,S001,D051,1,285.85,271.84,0.049
T009768,C0246,P109,S001,D308,4,128.09,511.85,0.001
T009769,C0109,P027,S001,D238,4,93.38,366.8,0.018
T009770,C0465,P014,S001,D338,1,83.56,79.63,0.047
T009771,C0029,P066,S001,D183,2,287.29,477.48,0.169
T009772,C0300,P132,S001,D308,3,92.72,256.74,0.077
T009773,C0207,P134,S001,D081,1,150.71,140.91,0.065
T009774,C0198,P094,S001,D015,2,290.23,512.55,0.117
T009775,C0315,P046,S001,D200,2,211.0,344.77,0.183
T009776,C0121,P070,S001,D183,1,72.86,62.3,0.145
T009777,C0493,P104,S001,D237,1,111.79,103.85,0.071
T009778,C0219,P101,S001,D019,1,108.49,101.87,0.061
T009779,C0260,P037,S001,D133,1,154.47,138.87,0.101
T009780,C0476,P135,S001,D002,1,162.21,145.18,0.105
T009781,C0416,P019,S001,D090,1,37.01,32.01,0.135
T009782,C0270,P061,S001,D308,1,50.2,49.4,0.016
T009783,C0339,P107,S001,D322,3,122.98,357.5,0.031
T009784,C0444,P029,S001,D084,1,91.64,81.83,0.107
T009785,C0284,P051,S001,D236,2,82.01,154.83,0.056
T009786,C0360,P035,S001,D171,5,63.22,301.56,0.046
T009787,C0124,P038,S001,D094,2,166.48,311.65,0.064
T009788,C0064,P146,S001,D077,1,127.79,124.72,0.024
T009789,C0312,P078,S001,D172,4,197.0,750.96,0.047
T009790,C0221,P055,S001,D082,1,57.89,53.55,0.075
T009791,C0329,P063,S001,D061,2,264.98,471.13,0.111
T009792,C0423,P144,S001,D014,2,136.63,265.06,0.03
T009793,C0061,P053,S001,D006,2,94.98,178.75,0.059
T009794,C0070,P086,S001,D283,4,146.26,573.34,0.02
T009795,C0416,P077,S001,D124,2,149.17,250.31,0.161
T009796,C0479,P011,S001,D194,5,94.3,388.99,0.175
T009797,C0202,P117,S001,D214,2,190.8,377.78,0.01
T009798,C0304,P013,S001,D290,2,91.15,176.83,0.03
T009799,C0008,P048,S001,D036,3,88.97,262.91,0.015
T009800,C0322,P108,S001,D110,1,132.01,129.63,0.018
T009801,C0003,P013,S001,D111,1,92.85,91.74,0.012
T009802,C0368,P005,S001,D132,1,84.38,81.6,0.033
T009803,C0244,P068,S001,D080,2,77.7,124.63,0.198
T009804,C0371,P072,S001,D292,4,132.82,456.9,0.14
T009805,C0489,P101,S001,D151,3,108.83,310.82,0.048
T009806,C0186,P160,S001,D095,3,39.58,107.82,0.092
T009807,C0437,P038,S001,D338,1,170.27,167.55,0.016
T009808,C0319,P144,S001,D248,4,141.64,555.8,0.019
T009809,C0028,P164,S001,D220,3,29.9,86.74,0.033
T009810,C0402,P057,S001,D057,5,60.05,268.12,0.107
T009811,C0342,P082,S001,D132,3,211.62,600.58,0.054
T009812,C0419,P145,S001,D090,1,122.55,122.06,0.004
T009813,C0037,P075,S001,D008,4,140.9,550.64,0.023
T009814,C0288,P157,S001,D070,1,88.3,82.3,0.068
T009815,C0395,P100,S001,D237,3,111.62,324.48,0.031
T009816,C0042,P071,S001,D069,4,79.08,315.05,0.004
T009817,C0119,P060,S001,D083,2,51.56,99.61,0.034
T009818,C0285,P050,S001,D056,4,84.83,328.12,0.033
T009819,C0099,P020,S001,D079,1,33.84,33.33,0.015
T009820,C0498,P067,S001,D227,4,73.01,265.76,0.09
T009821,C0027,P070,S001,D012,1,75.81,73.23,0.034
T009822,C0456,P124,S001,D276,1,359.31,293.92,0.182
T009823,C0437,P111,S001,D142,4,156.61,622.68,0.006
T009824,C0346,P089,S001,D218,2,106.67,201.61,0.055
T009825,C0136,P145,S001,D303,3,125.07,342.57,0.087
T009826,C0253,P110,S001,D043,1,184.41,148.63,0.194
T009827,C0239,P079,S001,D259,4,204.95,809.96,0.012
T009828,C0212,P032,S001,D235,3,62.68,166.23,0.116
T009829,C0497,P092,S001,D055,1,103.68,101.5,0.021
T009830,C0311,P019,S001,D067,5,36.08,171.56,0.049
T009831,C0396,P037,S001,D044,2,159.06,268.81,0.155
T009832,C0450,P161,S001,D120,2,38.37,75.13,0.021
T009833,C0385,P027,S001,D340,2,89.82,173.17,0.036
T009834,C0204,P105,S001,D283,2,129.79,258.02,0.006
T009835,C0197,P126,S001,D269,2,343.66,666.01,0.031
T009836,C0500,P132,S001,D268,3,93.47,268.91,0.041
T009837,C0080,P039,S001,D105,2,142.85,266.27,0.068
T009838,C0060,P100,S001,D099,1,111.25,108.8,0.022
T009839,C0123,P014,S001,D038,1,85.74,80.34,0.063
T009840,C0468,P009,S001,D343,2,75.58,146.63,0.03
T009841,C0212,P028,S001,D149,1,100.95,92.87,0.08
T009842,C0008,P115,S001,D308,3,186.61,555.91,0.007
T009843,C0401,P035,S001,D126,2,65.16,129.93,0.003
T009844,C0293,P010,S001,D284,2,93.11,180.07,0.033
T009845,C0176,P051,S001,D199,1,80.46,76.84,0.045
T009846,C0077,P100,S001,D270,1,112.53,94.08,0.164
T009847,C0206,P122,S001,D284,1,196.44,187.4,0.046
T009848,C0090,P122,S001,D176,1,191.53,185.78,0.03
T009849,C0237,P084,S001,D030,4,141.19,547.82,0.03
T009850,C0320,P064,S001,D266,2,326.55,625.67,0.042
T009851,C0085,P073,S001,D195,1,134.65,124.96,0.072
T009852,C0465,P098,S001,D006,2,99.51,191.46,0.038
T009853,C0133,P066,S001,D064,2,287.12,524.86,0.086
T009854,C0390,P027,S001,D137,1,94.68,90.89,0.04
T009855,C0383,P157,S001,D333,1,90.3,80.91,0.104
T009856,C0374,P057,S001,D004,1,58.59,53.55,0.086
T009857,C0447,P012,S001,D060,2,88.52,175.98,0.006
T009858,C0159,P119,S001,D319,3,201.71,531.3,0.122
T009859,C0024,P097,S001,D362,1,301.25,285.58,0.052
T009860,C0363,P116,S001,D071,3,178.7,497.5,0.072
T009861,C0256,P032,S001,D332,4,61.29,234.86,0.042
T009862,C0163,P078,S001,D119,1,200.71,182.24,0.092
T009863,C0338,P053,S001,D241,5,94.43,470.73,0.003
T009864,C0328,P108,S001,D040,1,134.08,129.39,0.035
T009865,C0086,P074,S001,D288,2,149.11,290.17,0.027
T009866,C0476,P007,S001,D305,2,63.55,119.22,0.062
T009867,C0183,P022,S001,D155,1,137.14,123.7,0.098
T009868,C0009,P138,S001,D250,1,274.06,270.5,0.013
T009869,C0200,P110,S001,D011,1,187.45,159.89,0.147
T009870,C0060,P115,S001,D290,1,181.96,173.95,0.044
T009871,C0495,P016,S001,D348,2,87.19,168.1,0.036
T009872,C0111,P080,S001,D033,1,200.1,185.49,0.073
T009873,C0153,P100,S001,D081,3,107.17,287.43,0.106
T009874,C0090,P053,S001,D125,3,93.54,275.85,0.017
T009875,C0318,P127,S001,D005,5,294.11,1399.96,0.048
T009876,C0240,P044,S001,D211,2,190.14,366.59,0.036
T009877,C0497,P027,S001,D148,4,94.43,366.77,0.029
T009878,C0309,P030,S001,D005,4,103.1,392.19,0.049
T009879,C0437,P143,S001,D298,2,127.85,245.98,0.038
T009880,C0035,P065,S001,D261,2,327.7,593.14,0.095
T009881,C0075,P007,S001,D052,2,62.2,121.54,0.023
T009882,C0350,P086,S001,D270,2,144.02,272.2,0.055
T009883,C0346,P088,S001,D076,1,147.14,135.81,0.077
T009884,C0473,P086,S001,D121,2,147.3,291.36,0.011
T009885,C0271,P084,S001,D074,1,139.86,133.15,0.048
T009886,C0202,P005,S001,D332,4,88.09,344.26,0.023
T009887,C0221,P032,S001,D315,1,59.91,56.26,0.061
T009888,C0486,P104,S001,D167,2,111.71,215.15,0.037
T009889,C0083,P055,S001,D142,1,58.61,58.49,0.002
T009890,C0008,P066,S001,D251,2,291.33,572.17,0.018
T009891,C0490,P070,S001,D270,4,73.51,264.05,0.102
T009892,C0261,P004,S001,D209,1,76.51,74.29,0.029
T009893,C0086,P122,S001,D016,3,194.39,554.01,0.05
T009894,C0287,P037,S001,D320,2,151.17,295.39,0.023
T009895,C0493,P138,S001,D285,3,277.24,739.4,0.111
T009896,C0410,P121,S001,D335,1,192.58,184.11,0.044
T009897,C0350,P138,S001,D029,4,274.11,1001.05,0.087
T009898,C0043,P016,S001,D102,1,86.0,84.11,0.022
T009899,C0367,P145,S001,D333,5,123.3,605.4,0.018
T009900,C0471,P026,S001,D329,2,146.09,287.21,0.017
T009901,C0095,P094,S001,D121,1,277.94,275.99,0.007
T009902,C0033,P011,S001,D263,2,92.86,177.92,0.042
T009903,C0282,P044,S001,D188,4,184.81,719.28,0.027
T009904,C0130,P162,S001,D069,5,28.01,132.35,0.055
T009905,C0350,P109,S001,D273,2,127.64,233.84,0.084
T009906,C0358,P022,S001,D019,1,135.94,110.25,0.189
T009907,C0323,P070,S001,D260,1,74.16,73.94,0.003
T009908,C0320,P118,S001,D298,1,216.86,213.39,0.016
T009909,C0170,P115,S001,D349,2,178.44,295.85,0.171
T009910,C0010,P149,S001,D334,3,1226.54,3517.72,0.044
T009911,C0017,P158,S001,D087,2,37.76,73.18,0.031
T009912,C0353,P063,S001,D123,3,272.09,805.66,0.013
T009913,C0066,P017,S001,D309,1,84.02,74.69,0.111
T009914,C0107,P031,S001,D096,1,92.84,92.75,0.001
T009915,C0215,P110,S001,D159,3,177.12,487.79,0.082
T009916,C0067,P114,S001,D042,4,163.18,584.84,0.104
T009917,C0382,P010,S001,D240,2,92.67,183.12,0.012
T009918,C0362,P015,S001,D360,1,80.62,77.96,0.033
T009919,C0350,P047,S001,D064,1,208.1,185.83,0.107
T009920,C0141,P071,S001,D076,1,79.36,72.85,0.082
T009921,C0414,P157,S001,D249,2,88.01,156.48,0.111
T009922,C0223,P032,S001,D076,3,62.36,185.77,0.007
T009923,C0490,P038,S001,D027,2,169.38,301.16,0.111
T009924,C0058,P110,S001,D135,2,186.54,360.02,0.035
T009925,C0114,P158,S001,D077,3,36.88,105.99,0.042
T009926,C0402,P076,S001,D243,1,131.18,121.08,0.077
T009927,C0286,P059,S001,D033,2,56.14,108.46,0.034
T009928,C0005,P055,S001,D274,2,58.76,112.47,0.043
T009929,C0131,P137,S001,D362,3,158.08,420.18,0.114
T009930,C0033,P041,S001,D184,1,162.95,159.85,0.019
T009931,C0224,P135,S001,D077,4,157.2,571.58,0.091
T009932,C0003,P026,S001,D090,3,143.78,419.69,0.027
T009933,C0149,P059,S001,D179,2,57.21,112.47,0.017
T009934,C0015,P153,S001,D013,4,78.66,260.21,0.173
T009935,C0049,P154,S001,D100,5,93.06,458.32,0.015
T009936,C0298,P002,S001,D059,1,80.44,77.06,0.042
T009937,C0088,P015,S001,D032,2,78.78,132.51,0.159
T009938,C0152,P058,S001,D200,2,50.96,100.09,0.018
T009939,C0163,P043,S001,D167,3,208.03,564.18,0.096
T009940,C0494,P092,S001,D143,3,106.76,290.49,0.093
T009941,C0362,P033,S001,D167,2,62.03,119.47,0.037
T009942,C0396,P009,S001,D052,2,73.64,127.69,0.133
T009943,C0084,P006,S001,D022,3,69.13,203.45,0.019
T009944,C0358,P147,S001,D360,2,131.05,231.7,0.116
T009945,C0339,P089,S001,D192,1,105.8,102.84,0.028
T009946,C0025,P089,S001,D136,1,102.87,98.55,0.042
T009947,C0099,P003,S001,D138,1,81.64,79.03,0.032
T009948,C0326,P164,S001,D300,1,30.45,28.2,0.074
T009949,C0139,P157,S001,D024,1,90.89,86.53,0.048
T009950,C0436,P050,S001,D095,3,85.85,251.11,0.025
T009951,C0208,P058,S001,D212,3,51.21,133.04,0.134
T009952,C0446,P070,S001,D347,3,75.42,205.44,0.092
T009953,C0024,P016,S001,D118,1,89.16,84.17,0.056
T009954,C0469,P062,S001,D263,2,290.47,545.5,0.061
T009955,C0167,P109,S001,D179,2,124.63,240.79,0.034
T009956,C0428,P160,S001,D237,2,39.25,76.77,0.022
T009957,C0279,P065,S001,D050,1,327.46,307.16,0.062
T009958,C0021,P136,S001,D076,3,167.3,477.31,0.049
T009959,C0142,P115,S001,D041,2,183.27,347.85,0.051
T009960,C0122,P116,S001,D278,2,173.35,280.48,0.191
T009961,C0184,P107,S001,D146,4,127.17,494.95,0.027
T009962,C0409,P125,S001,D059,3,333.35,965.05,0.035
T009963,C0304,P130,S001,D360,1,87.34,83.67,0.042
T009964,C0222,P032,S001,D268,4,59.78,228.6,0.044
T009965,C0432,P077,S001,D096,2,146.69,280.18,0.045
T009966,C0092,P078,S001,D253,2,199.6,381.24,0.045
T009967,C0189,P102,S001,D226,2,112.89,222.17,0.016
T009968,C0355,P101,S001,D110,1,108.97,105.37,0.033
T009969,C0187,P034,S001,D275,2,63.88,112.68,0.118
T009970,C0167,P052,S001,D263,2,84.69,166.33,0.018
T009971,C0209,P143,S001,D187,1,126.81,116.54,0.081
T009972,C0307,P038,S001,D323,2,169.86,325.11,0.043
T009973,C0055,P059,S001,D362,1,56.85,50.88,0.105
T009974,C0304,P161,S001,D182,1,39.92,39.48,0.011
T009975,C0363,P040,S001,D129,2,138.08,256.0,0.073
T009976,C0211,P032,S001,D017,1,63.11,61.72,0.022
T009977,C0129,P124,S001,D222,4,346.94,1128.25,0.187
T009978,C0054,P114,S001,D113,3,161.66,447.64,0.077
T009979,C0282,P117,S001,D353,1,193.9,185.17,0.045
T009980,C0183,P022,S001,D018,2,140.34,255.42,0.09
T009981,C0467,P109,S001,D235,1,129.39,124.21,0.04
T009982,C0056,P146,S001,D073,2,127.66,246.89,0.033
T009983,C0494,P120,S001,D016,2,207.61,391.14,0.058
T009984,C0106,P065,S001,D337,2,320.59,618.74,0.035
T009985,C0305,P072,S001,D249,2,134.69,254.83,0.054
T009986,C0469,P157,S001,D200,3,89.68,250.48,0.069
T009987,C0222,P078,S001,D155,2,200.45,399.3,0.004
T009988,C0344,P128,S001,D357,4,337.41,1136.4,0.158
T009989,C0265,P078,S001,D091,1,199.33,192.15,0.036
T009990,C0004,P012,S001,D111,2,87.05,154.25,0.114
T009991,C0144,P130,S001,D296,2,86.91,172.95,0.005
T009992,C0060,P106,S001,D160,2,124.14,239.09,0.037
T009993,C0293,P044,S001,D170,1,188.28,182.26,0.032
T009994,C0296,P143,S001,D146,5,130.18,579.95,0.109
T009995,C0065,P033,S001,D254,2,62.22,120.46,0.032
T009996,C0476,P136,S001,D129,1,168.4,155.26,0.078
T009997,C0025,P056,S001,D294,1,59.64,57.08,0.043
T009998,C0113,P147,S001,D018,2,130.78,236.19,0.097
T009999,C0384,P152,S001,D306,4,1220.57,4462.4,0.086
T010000,C0181,P144,S001,D291,2,141.3,280.62,0.007
