antecedents,consequents,antecedent support,consequent support,support,confidence,lift,representativity,leverage,conviction,zhangs_metric,jaccard,certainty,kulczynski
"frozenset({'National Ketchup (1kg)', 'Thal Sugar (200ml)'})",frozenset({'Noodles'}),0.0348,0.2052,0.01,0.2873563218390805,1.400371938786942,1.0,0.002859040000000001,1.1152838709677417,0.29621218400331545,0.04347826086956522,0.10336728968178222,0.16804463265443303
"frozenset({'Jam', 'Frozen Paratha'})",frozenset({'Bread'}),0.0336,0.2058,0.009,0.26785714285714285,1.3015410245730945,1.0,0.0020851199999999993,1.084760975609756,0.23973509933774828,0.0390625,0.078137928553441,0.1557944606413994
"frozenset({'Noodles', 'Eggs'})",frozenset({'Pepsi 1L'}),0.036,0.2052,0.0096,0.26666666666666666,1.299545159194282,1.0,0.0022128,1.0838181818181816,0.2391078838174274,0.04145077720207253,0.07733601744673713,0.1567251461988304
"frozenset({'National Ketchup (1kg)', 'Bread'})",frozenset({'Biscuits'}),0.0368,0.1972,0.0098,0.266304347826087,1.3504277273128145,1.0,0.00254304,1.0941866666666666,0.2694080954640992,0.043710972346119537,0.0860791577305518,0.15800004409559926
"frozenset({'National Ketchup (1kg)', 'Tapal Tea (250g)'})",frozenset({'Noodles'}),0.04,0.2052,0.0104,0.26,1.267056530214425,1.0,0.0021919999999999995,1.074054054054054,0.219551282051282,0.044293015332197615,0.06894816305988931,0.1553411306042885
"frozenset({'Noodles', 'Tapal Tea (250g)'})",frozenset({'National Ketchup (1kg)'}),0.0402,0.2048,0.0104,0.25870646766169153,1.2632151741293531,1.0,0.0021670399999999986,1.0727194630872483,0.21709651049096754,0.0443307757885763,0.06778982351822374,0.15474385883084577
"frozenset({'Lux Soap', 'Tapal Tea (250g)'})",frozenset({'Nestle Water'}),0.0358,0.2062,0.0092,0.2569832402234637,1.2462814753805223,1.0,0.00181804,1.0683473684210527,0.2049502628897126,0.03951890034364261,0.06397485540874741,0.1508000585210432
"frozenset({'Biscuits', 'Bread'})",frozenset({'National Ketchup (1kg)'}),0.0382,0.2048,0.0098,0.25654450261780104,1.2526587041884816,1.0,0.00197664,1.0696,0.20970883674742513,0.04202401372212693,0.0650710545998504,0.15219803255890052
"frozenset({'Noodles', 'Thal Sugar (200ml)'})",frozenset({'National Ketchup (1kg)'}),0.0394,0.2048,0.01,0.2538071065989848,1.2392925126903556,1.0,0.0019308800000000011,1.0656761904761907,0.2010077035186343,0.04269854824935952,0.06162865517980986,0.1513176157994924
"frozenset({'Biscuits', 'National Ketchup (1kg)'})",frozenset({'Bread'}),0.0388,0.2058,0.0098,0.25257731958762886,1.2272950417280313,1.0,0.0018149599999999991,1.0625848275862069,0.19267582188930493,0.041737649063032366,0.05889866480436772,0.15009818360333824
"frozenset({'Bread', 'Thal Sugar (200ml)'})",frozenset({'Dalda Cooking Oil (500ml)'}),0.0358,0.2026,0.009,0.25139664804469275,1.2408521621159563,1.0,0.00174692,1.0651835820895523,0.20130908755675403,0.039232781168265035,0.06119469280749028,0.14790957772422197
"frozenset({'Noodles', 'Jam'})",frozenset({'Shan Biryani Masala'}),0.0352,0.2088,0.0088,0.25,1.1973180076628351,1.0,0.0014502399999999993,1.0549333333333333,0.1708126036484245,0.03741496598639456,0.05207280080889786,0.1460727969348659
"frozenset({'Noodles', 'Pepsi 1L'})",frozenset({'Eggs'}),0.0388,0.1982,0.0096,0.24742268041237112,1.2483485389120643,1.0,0.0019098399999999995,1.0654054794520549,0.20697218754334853,0.04221635883905013,0.061390222514805595,0.1479293018610796
"frozenset({'Shan Biryani Masala', 'Eggs'})",frozenset({'Pepsi 1L'}),0.0384,0.2052,0.0094,0.24479166666666669,1.1929418453541263,1.0,0.001520320000000002,1.052424827586207,0.1681948525507136,0.04013663535439795,0.04981337023989267,0.14530031676413258
"frozenset({'Biscuits', 'Jam'})",frozenset({'Bread'}),0.037,0.2058,0.009,0.24324324324324323,1.1819399574501614,1.0,0.0013853999999999993,1.0494785714285715,0.1598476981654551,0.038494439692044476,0.04714586155029365,0.1434875108344496
"frozenset({'Biscuits', 'Jam'})",frozenset({'Shan Biryani Masala'}),0.037,0.2088,0.009,0.24324324324324323,1.1649580615097854,1.0,0.0012743999999999993,1.0455142857142856,0.14704049844236752,0.03800675675675675,0.043532916131500524,0.14317334575955265
"frozenset({'Guard Rice (1kg)', 'Thal Sugar (200ml)'})",frozenset({'Lays Chips'}),0.0346,0.206,0.0084,0.24277456647398843,1.1785173129805264,1.0,0.0012724,1.0485648854961833,0.156905107184784,0.03617571059431524,0.046315574904267555,0.14177563275155733
"frozenset({'Noodles', 'National Ketchup (1kg)'})",frozenset({'Tapal Tea (250g)'}),0.043,0.1996,0.0104,0.24186046511627907,1.2117257771356666,1.0,0.0018171999999999997,1.0557423312883434,0.18258178603006187,0.04478897502153316,0.05279918180444661,0.14698233676655637
"frozenset({'Frozen Paratha', 'Nestle Water'})",frozenset({'Bread'}),0.0398,0.2058,0.0096,0.24120603015075373,1.1720409628316508,1.0,0.0014091599999999978,1.0466609271523177,0.1528717975421785,0.04067796610169491,0.044580748112256006,0.14392663023572672
"frozenset({'Frozen Paratha', 'Bread'})",frozenset({'Nestle Water'}),0.0398,0.2062,0.0096,0.24120603015075373,1.1697673625157796,1.0,0.0013932399999999987,1.046133774834437,0.1511447267930291,0.04060913705583756,0.04409930732017351,0.14388138558944089
"frozenset({'Pepsi 1L', 'Thal Sugar (200ml)'})",frozenset({'Noodles'}),0.0366,0.2052,0.0088,0.24043715846994537,1.1717210451751725,1.0,0.0012896800000000005,1.0463913669064748,0.15212221865740658,0.037768240343347644,0.04433462313782761,0.14166107436167835
"frozenset({'Chicken', 'Guard Rice (1kg)'})",frozenset({'Pepsi 1L'}),0.0366,0.2052,0.0088,0.24043715846994537,1.1717210451751725,1.0,0.0012896800000000005,1.0463913669064748,0.15212221865740658,0.037768240343347644,0.04433462313782761,0.14166107436167835
"frozenset({'Pepsi 1L', 'Guard Rice (1kg)'})",frozenset({'Chicken'}),0.0366,0.198,0.0088,0.24043715846994537,1.2143290831815423,1.0,0.0015532000000000002,1.0558705035971225,0.1832053145111065,0.03897254207263065,0.052914162680729876,0.1424408014571949
"frozenset({'Jam', 'Thal Sugar (200ml)'})",frozenset({'Shan Biryani Masala'}),0.0366,0.2088,0.0088,0.24043715846994537,1.1515189581893934,1.0,0.0011579199999999998,1.041651798561151,0.1365806707305565,0.037193575655114115,0.03998629735837381,0.14129137616983858
"frozenset({'Dalda Cooking Oil (500ml)', 'Olpers Milk (Pack of 6)'})",frozenset({'Nestle Water'}),0.035,0.2062,0.0084,0.23999999999999996,1.1639185257032005,1.0,0.0011829999999999992,1.0444736842105264,0.14594127806563031,0.03608247422680412,0.0425799949609473,0.140368574199806
"frozenset({'Dalda Cooking Oil (500ml)', 'Thal Sugar (200ml)'})",frozenset({'Bread'}),0.0378,0.2058,0.009,0.23809523809523808,1.1569253551760839,1.0,0.0012207599999999987,1.0423875,0.1409686135938473,0.038363171355498715,0.04066386060845892,0.14091350826044702
"frozenset({'Surf Excel', 'Tapal Tea (250g)'})",frozenset({'National Ketchup (1kg)'}),0.0396,0.2048,0.0094,0.23737373737373738,1.159051452020202,1.0,0.00128992,1.042712582781457,0.1428837275248788,0.04,0.04096294941365363,0.14163608743686867
"frozenset({'Lux Soap', 'Nestle Water'})",frozenset({'Tapal Tea (250g)'}),0.0388,0.1996,0.0092,0.23711340206185566,1.1879428961014813,1.0,0.0014555199999999992,1.049172972972973,0.16459498091154165,0.04013961605584642,0.04686831841811052,0.14160279321529656
"frozenset({'Olpers Milk (Pack of 6)', 'Bread'})",frozenset({'Surf Excel'}),0.0338,0.2112,0.008,0.2366863905325444,1.1206741975972745,1.0,0.0008614400000000006,1.0333891472868215,0.11144690540260824,0.03375527426160338,0.03231033282523377,0.13728258920566613
"frozenset({'Pepsi 1L', 'Olpers Milk (Pack of 6)'})",frozenset({'Chicken'}),0.0372,0.198,0.0088,0.23655913978494628,1.1947431302270013,1.0,0.0014344000000000006,1.0505070422535212,0.16929788117989206,0.038869257950530034,0.04807872791140432,0.14050179211469535
"frozenset({'Dalda Cooking Oil (500ml)', 'Guard Rice (1kg)'})",frozenset({'Lays Chips'}),0.0356,0.206,0.0084,0.23595505617977527,1.145412894076579,1.0,0.0010664000000000003,1.0392058823529413,0.13163871936165597,0.03602058319039451,0.03772677100727366,0.13836587760445074
"frozenset({'Biscuits', 'Bread'})",frozenset({'Jam'}),0.0382,0.1984,0.009,0.2356020942408377,1.1875105556493837,1.0,0.0014211199999999997,1.0486684931506849,0.16417365587671262,0.03954305799648506,0.04640979820463785,0.14048249873332208
"frozenset({'Guard Rice (1kg)', 'Surf Excel'})",frozenset({'Nestle Water'}),0.034,0.2062,0.008,0.23529411764705882,1.1410965938266675,1.0,0.0009892,1.038046153846154,0.12800207039337475,0.034453057708871665,0.036651697716123484,0.13704570091858276
"frozenset({'Pepsi 1L', 'Eggs'})",frozenset({'Noodles'}),0.0408,0.2052,0.0096,0.2352941176470588,1.1466574934067193,1.0,0.0012278399999999991,1.039353846153846,0.13334028356964128,0.04060913705583756,0.03786376150862959,0.14103887168902646
"frozenset({'National Ketchup (1kg)', 'Tapal Tea (250g)'})",frozenset({'Surf Excel'}),0.04,0.2112,0.0094,0.23500000000000001,1.112689393939394,1.0,0.0009519999999999997,1.031111111111111,0.10549645390070918,0.03887510339123243,0.03017241379310347,0.1397537878787879
"frozenset({'Lux Soap', 'Lays Chips'})",frozenset({'Frozen Paratha'}),0.0366,0.197,0.0086,0.2349726775956284,1.1927547086072507,1.0,0.0013897999999999992,1.0496357142857142,0.16774408466139773,0.03822222222222222,0.047288515063049055,0.1393137499653269
"frozenset({'National Ketchup (1kg)', 'Nestle Water'})",frozenset({'Tapal Tea (250g)'}),0.0386,0.1996,0.009,0.233160621761658,1.168139387583457,1.0,0.0012954399999999993,1.0437648648648647,0.14971684811501737,0.03926701570680628,0.04192981229592454,0.13912540106118973
"frozenset({'Noodles', 'National Ketchup (1kg)'})",frozenset({'Thal Sugar (200ml)'}),0.043,0.1964,0.01,0.23255813953488375,1.184104580116516,1.0,0.001554800000000002,1.0471151515151516,0.1624660397074192,0.043591979075850044,0.04499519603644071,0.14173731823994695
"frozenset({'Nestle Water', 'Thal Sugar (200ml)'})",frozenset({'Dalda Cooking Oil (500ml)'}),0.0344,0.2026,0.008,0.23255813953488372,1.147868408365665,1.0,0.0010305599999999998,1.0390363636363635,0.13340927920463957,0.03493449781659389,0.03756977619122613,0.13602240639133129
"frozenset({'Surf Excel', 'Tapal Tea (250g)'})",frozenset({'Noodles'}),0.0396,0.2052,0.0092,0.2323232323232323,1.132179494752594,1.0,0.0010740799999999998,1.0353315789473683,0.12156166814551905,0.03904923599320883,0.034125858484187595,0.13857877015771752
"frozenset({'Dalda Cooking Oil (500ml)', 'Surf Excel'})",frozenset({'Frozen Paratha'}),0.0388,0.197,0.009,0.23195876288659792,1.1774556491705477,1.0,0.001356399999999999,1.0455167785234898,0.15679474730660736,0.03968253968253968,0.043535196620918946,0.1388220210372076
"frozenset({'Lux Soap', 'Noodles'})",frozenset({'Shan Biryani Masala'}),0.0354,0.2088,0.0082,0.23163841807909605,1.1093793969305366,1.0,0.0008084800000000003,1.0297235294117646,0.10221347911177643,0.03474576271186441,0.02886554357823058,0.1354552243652185
"frozenset({'Pepsi 1L', 'Shan Biryani Masala'})",frozenset({'Eggs'}),0.0406,0.1982,0.0094,0.23152709359605914,1.1681488072455053,1.0,0.0013530800000000013,1.0433679487179488,0.15003614847932453,0.04097646033129904,0.04156534496889392,0.13947696758511333
"frozenset({'Lays Chips', 'Thal Sugar (200ml)'})",frozenset({'Surf Excel'}),0.0372,0.2112,0.0086,0.23118279569892475,1.0946155099380908,1.0,0.0007433600000000002,1.0259916083916083,0.08977691036801579,0.03586321934945788,0.025333158847521235,0.13595124633431085
"frozenset({'Butter', 'Bread'})",frozenset({'Noodles'}),0.0364,0.2052,0.0084,0.23076923076923075,1.1246063877642825,1.0,0.0009307199999999995,1.03324,0.11498547114985466,0.03602058319039451,0.03217064767140257,0.13585245164192533
"frozenset({'Dalda Cooking Oil (500ml)', 'Frozen Paratha'})",frozenset({'Surf Excel'}),0.039,0.2112,0.009,0.23076923076923075,1.0926573426573425,1.0,0.0007631999999999986,1.02544,0.08824141519250765,0.0373134328358209,0.024808862537057247,0.13669143356643357
"frozenset({'Lays Chips', 'Tapal Tea (250g)'})",frozenset({'National Ketchup (1kg)'}),0.039,0.2048,0.009,0.23076923076923075,1.1268028846153846,1.0,0.0010127999999999995,1.03376,0.1171002428026361,0.0383304940374787,0.032657483361708685,0.13735727163461536
"frozenset({'Frozen Paratha', 'Surf Excel'})",frozenset({'Dalda Cooking Oil (500ml)'}),0.039,0.2026,0.009,0.23076923076923075,1.1390386513782367,1.0,0.0010986,1.0366199999999999,0.12702046479361778,0.03869303525365434,0.035326349096100766,0.137595869086491
"frozenset({'Pepsi 1L', 'Eggs'})",frozenset({'Shan Biryani Masala'}),0.0408,0.2088,0.0094,0.23039215686274508,1.1034107129441815,1.0,0.0008809600000000001,1.028056050955414,0.0977055347541391,0.03913405495420483,0.027290390372529158,0.13770565697543385
"frozenset({'Lays Chips', 'Eggs'})",frozenset({'Thal Sugar (200ml)'}),0.0356,0.1964,0.0082,0.2303370786516854,1.1727957161491112,1.0,0.0012081600000000007,1.0440934306569343,0.15277538922216272,0.036639857015192144,0.042231307431166515,0.13604430307329687
"frozenset({'Chicken', 'Frozen Paratha'})",frozenset({'Nestle Water'}),0.0392,0.2062,0.009,0.22959183673469385,1.1134424671905618,1.0,0.0009169599999999997,1.0303629139072847,0.10604126191137013,0.03807106598984771,0.029468174268951697,0.13661939072428195
"frozenset({'Noodles', 'Tapal Tea (250g)'})",frozenset({'Surf Excel'}),0.0402,0.2112,0.0092,0.2288557213930348,1.0835971656867178,1.0,0.0007097600000000003,1.0228954838709676,0.08037906447901287,0.0379851362510322,0.02238301393640316,0.13620816372682043
"frozenset({'National Ketchup (1kg)', 'Bread'})",frozenset({'Dalda Cooking Oil (500ml)'}),0.0368,0.2026,0.0084,0.22826086956521738,1.1266577964719515,1.0,0.0009443199999999994,1.033250704225352,0.11671412751146963,0.03636363636363636,0.0321806741475011,0.1348609382376926
"frozenset({'Frozen Paratha', 'Thal Sugar (200ml)'})",frozenset({'Shan Biryani Masala'}),0.0368,0.2088,0.0084,0.22826086956521738,1.0932033983008493,1.0,0.0007161599999999995,1.0252169014084507,0.08851447555766487,0.03541315345699831,0.024596650107706477,0.1342453773113443
"frozenset({'Frozen Paratha', 'Shan Biryani Masala'})",frozenset({'Thal Sugar (200ml)'}),0.0368,0.1964,0.0084,0.22826086956521738,1.162224386788276,1.0,0.00117248,1.0412845070422536,0.14491377946527448,0.037366548042704624,0.039647672430584105,0.13551536349951296
"frozenset({'Noodles', 'Lays Chips'})",frozenset({'Chicken'}),0.0368,0.198,0.0084,0.22826086956521738,1.152832674571805,1.0,0.0011135999999999993,1.039211267605634,0.13763644992880864,0.03710247349823321,0.03773175756261517,0.13534255599472989
"frozenset({'Butter', 'Lays Chips'})",frozenset({'National Ketchup (1kg)'}),0.036,0.2048,0.0082,0.2277777777777778,1.1121961805555556,1.0,0.000827200000000001,1.0297553956834533,0.10464527881793353,0.0352536543422184,0.028895595797004264,0.1339084201388889
"frozenset({'Butter', 'Lays Chips'})",frozenset({'Guard Rice (1kg)'}),0.036,0.1952,0.0082,0.2277777777777778,1.1668943533697633,1.0,0.0011728000000000008,1.0421870503597124,0.14836555004554206,0.036771300448430494,0.040479346145350134,0.13489298724954463
"frozenset({'Lux Soap', 'Frozen Paratha'})",frozenset({'Lays Chips'}),0.0378,0.206,0.0086,0.2275132275132275,1.1044331432680947,1.0,0.0008132,1.027849315068493,0.0982728533931446,0.036564625850340135,0.02709474497887596,0.13463040016438074
"frozenset({'Dalda Cooking Oil (500ml)', 'Chicken'})",frozenset({'Nestle Water'}),0.0378,0.2062,0.0086,0.2275132275132275,1.1033619181048862,1.0,0.0008056399999999998,1.027590410958904,0.09735924939455606,0.03653355989804588,0.026849618938306254,0.1346101540087961
"frozenset({'Lux Soap', 'Surf Excel'})",frozenset({'Pepsi 1L'}),0.0352,0.2052,0.008,0.22727272727272727,1.1075668970405812,1.0,0.0007769600000000002,1.0285647058823528,0.10066334991708127,0.034423407917383825,0.02777142334263623,0.13312954102427788
"frozenset({'Noodles', 'Pepsi 1L'})",frozenset({'Thal Sugar (200ml)'}),0.0388,0.1964,0.0088,0.2268041237113402,1.1548071472064165,1.0,0.0011796800000000007,1.0393226666666666,0.13946581924110021,0.03886925795053004,0.03783489759997538,0.1358053205114746
"frozenset({'Frozen Paratha', 'Eggs'})",frozenset({'Lux Soap'}),0.0344,0.1936,0.0078,0.22674418604651161,1.1711993080914855,1.0,0.0011401599999999994,1.0428631578947367,0.15138189620376855,0.035422343324250684,0.04110142118863048,0.13351672112242935
"frozenset({'National Ketchup (1kg)', 'Eggs'})",frozenset({'Pepsi 1L'}),0.0344,0.2052,0.0078,0.22674418604651161,1.1049911600707194,1.0,0.0007411199999999996,1.0278616541353383,0.0984003568924861,0.03364969801553063,0.027106424316194793,0.13237794097647218
"frozenset({'Frozen Paratha', 'Eggs'})",frozenset({'Pepsi 1L'}),0.0344,0.2052,0.0078,0.22674418604651161,1.1049911600707194,1.0,0.0007411199999999996,1.0278616541353383,0.0984003568924861,0.03364969801553063,0.027106424316194793,0.13237794097647218
"frozenset({'Jam', 'Tapal Tea (250g)'})",frozenset({'National Ketchup (1kg)'}),0.0336,0.2048,0.0076,0.2261904761904762,1.1044456845238095,1.0,0.00071872,1.0276430769230769,0.09785639595677935,0.03292894280762565,0.026899492191242682,0.13164992559523808
"frozenset({'Frozen Paratha', 'Nestle Water'})",frozenset({'Chicken'}),0.0398,0.198,0.009,0.22613065326633164,1.1420740063956143,1.0,0.0011195999999999984,1.0363506493506494,0.12955634242866054,0.03933566433566433,0.03507562751412921,0.13579259936043855
"frozenset({'Frozen Paratha', 'Bread'})",frozenset({'Jam'}),0.0398,0.1984,0.009,0.22613065326633164,1.1397714378343329,1.0,0.0011036799999999992,1.0358337662337662,0.12771413362956785,0.03926701570680628,0.03459412832626203,0.13574677824606904
"frozenset({'Lays Chips', 'Thal Sugar (200ml)'})",frozenset({'Guard Rice (1kg)'}),0.0372,0.1952,0.0084,0.22580645161290322,1.156795346377578,1.0,0.0011385599999999994,1.0395333333333334,0.1407798682414386,0.0375,0.03802988520489961,0.13441961924907456
"frozenset({'Noodles', 'Butter'})",frozenset({'Bread'}),0.0372,0.2058,0.0084,0.22580645161290322,1.097213078779899,1.0,0.0007442399999999993,1.0258416666666668,0.09202326547569581,0.03580562659846547,0.025190697069885682,0.13331138907175774
"frozenset({'Nestle Water', 'Eggs'})",frozenset({'Noodles'}),0.0346,0.2052,0.0078,0.2254335260115607,1.0986039279315825,1.0,0.0007000800000000005,1.0261223880597015,0.09297062995012038,0.03362068965517241,0.025457380487620408,0.13172261095899673
"frozenset({'Butter', 'Guard Rice (1kg)'})",frozenset({'Lays Chips'}),0.0364,0.206,0.0082,0.22527472527472528,1.0935666275472102,1.0,0.000701600000000001,1.0248794326241135,0.08879304235134518,0.03501280956447481,0.02427547263819306,0.13254027525872186
"frozenset({'Nestle Water', 'Shan Biryani Masala'})",frozenset({'Jam'}),0.0382,0.1984,0.0086,0.22513089005235604,1.1347323087316332,1.0,0.0010211200000000004,1.0344972972972974,0.12345070047923715,0.03771929824561404,0.033346918727989075,0.1342388321229522
"frozenset({'National Ketchup (1kg)', 'Tapal Tea (250g)'})",frozenset({'Nestle Water'}),0.04,0.2062,0.009,0.22499999999999998,1.0911736178467506,1.0,0.0007519999999999992,1.024258064516129,0.08703703703703695,0.03794266441821248,0.02368354749307128,0.134323472356935
"frozenset({'National Ketchup (1kg)', 'Tapal Tea (250g)'})",frozenset({'Lays Chips'}),0.04,0.206,0.009,0.22499999999999998,1.0922330097087378,1.0,0.0007600000000000003,1.0245161290322582,0.087962962962963,0.0379746835443038,0.023929471032745578,0.13434466019417474
"frozenset({'National Ketchup (1kg)', 'Surf Excel'})",frozenset({'Tapal Tea (250g)'}),0.0418,0.1996,0.0094,0.22488038277511965,1.1266552243242467,1.0,0.0010567200000000006,1.0326148148148149,0.11732104078125213,0.04051724137931034,0.03158468612583665,0.1359872855759366
"frozenset({'Pepsi 1L', 'Tapal Tea (250g)'})",frozenset({'Surf Excel'}),0.0356,0.2112,0.008,0.2247191011235955,1.0640108954715697,1.0,0.0004812800000000006,1.0174376811594201,0.06238075487349655,0.03350083752093803,0.017138819882854338,0.1312989445011917
"frozenset({'Pepsi 1L', 'Tapal Tea (250g)'})",frozenset({'Nestle Water'}),0.0356,0.2062,0.008,0.2247191011235955,1.0898113536546823,1.0,0.0006592800000000008,1.0238869565217392,0.08545209456656999,0.03421727972626177,0.023329681435620437,0.1317581926568511
"frozenset({'Biscuits', 'Tapal Tea (250g)'})",frozenset({'Eggs'}),0.0356,0.1982,0.008,0.2247191011235955,1.133799702944478,1.0,0.0009440800000000008,1.0342057971014493,0.12236623807548745,0.0354295837023915,0.033074458872032315,0.13254118527420947
"frozenset({'Noodles', 'Chicken'})",frozenset({'Lays Chips'}),0.0374,0.206,0.0084,0.2245989304812834,1.0902860702974924,1.0,0.0006955999999999993,1.0239862068965517,0.08602693103004751,0.035744680851063824,0.023424345694311604,0.1326878147552048
"frozenset({'Noodles', 'Chicken'})",frozenset({'Nestle Water'}),0.0374,0.2062,0.0084,0.2245989304812834,1.089228566834546,1.0,0.0006881199999999995,1.0237282758620692,0.08510185707360021,0.03571428571428571,0.023178294886978344,0.13266803944044772
"frozenset({'Noodles', 'Surf Excel'})",frozenset({'Tapal Tea (250g)'}),0.041,0.1996,0.0092,0.224390243902439,1.1241996187496943,1.0,0.001016399999999999,1.0319622641509434,0.11520152332592817,0.03975799481417459,0.03097231871868941,0.13524121413558823
"frozenset({'Nestle Water', 'Bread'})",frozenset({'Frozen Paratha'}),0.0428,0.197,0.0096,0.22429906542056074,1.1385739361449783,1.0,0.0011684,1.0351927710843374,0.1271503691321911,0.041702867072111204,0.03399634548015036,0.1365150149437829
"frozenset({'Chicken', 'Tapal Tea (250g)'})",frozenset({'Nestle Water'}),0.0348,0.2062,0.0078,0.22413793103448276,1.0869928760159202,1.0,0.0006242400000000007,1.02312,0.0829162549013358,0.03344768439108062,0.022597544765032458,0.1309826415599184
"frozenset({'Lux Soap', 'Lays Chips'})",frozenset({'Biscuits'}),0.0366,0.1972,0.0082,0.22404371584699456,1.1361243197109259,1.0,0.0009824800000000009,1.034594366197183,0.12436644607259865,0.036347517730496465,0.033437613162673865,0.1328129329742072
"frozenset({'Biscuits', 'Dalda Cooking Oil (500ml)'})",frozenset({'Shan Biryani Masala'}),0.034,0.2088,0.0076,0.22352941176470587,1.0705431597926525,1.0,0.0005007999999999992,1.0189696969696969,0.06821401329410472,0.03231292517006802,0.018616546719800117,0.12996393959882802
"frozenset({'Lux Soap', 'Bread'})",frozenset({'Butter'}),0.0358,0.1966,0.008,0.223463687150838,1.1366413385088403,1.0,0.000961720000000001,1.0345942446043166,0.12467848993984663,0.035650623885918005,0.03343749956539458,0.13207772353472724
"frozenset({'Olpers Milk (Pack of 6)', 'Nestle Water'})",frozenset({'Dalda Cooking Oil (500ml)'}),0.0376,0.2026,0.0084,0.22340425531914893,1.102686353993825,1.0,0.0007822399999999992,1.0267890410958904,0.09676206309622758,0.0362381363244176,0.026090112012978332,0.13243263111465836
"frozenset({'Pepsi 1L', 'Chicken'})",frozenset({'Guard Rice (1kg)'}),0.0394,0.1952,0.0088,0.22335025380710663,1.1442123658150953,1.0,0.0011091200000000008,1.036245751633987,0.1312058751159314,0.03897254207263065,0.03497794956151419,0.1342161105101107
"frozenset({'Pepsi 1L', 'Chicken'})",frozenset({'Olpers Milk (Pack of 6)'}),0.0394,0.196,0.0088,0.22335025380710663,1.139542111260748,1.0,0.0010776000000000006,1.0352156862745099,0.12747714496621437,0.03883495145631068,0.03401772861580425,0.13412410649539006
"frozenset({'Pepsi 1L', 'Chicken'})",frozenset({'Lays Chips'}),0.0394,0.206,0.0088,0.22335025380710663,1.084224533044207,1.0,0.0006836000000000012,1.0223398692810457,0.08086801809475153,0.03719357565511412,0.021851705046733803,0.1330343502045242
"frozenset({'Shan Biryani Masala', 'Thal Sugar (200ml)'})",frozenset({'Jam'}),0.0394,0.1984,0.0088,0.22335025380710663,1.1257573276567876,1.0,0.000983040000000001,1.0321254901960784,0.11629095451706331,0.03842794759825328,0.031125566126630037,0.13385254625839202
"frozenset({'Noodles', 'Thal Sugar (200ml)'})",frozenset({'Pepsi 1L'}),0.0394,0.2052,0.0088,0.22335025380710663,1.0884515292743988,1.0,0.0007151200000000014,1.0233699346405227,0.08459674824446858,0.03731976251060221,0.02283625290275118,0.13311762203025898
"frozenset({'Noodles', 'Olpers Milk (Pack of 6)'})",frozenset({'Chicken'}),0.0368,0.198,0.0082,0.22282608695652176,1.1253842775581906,1.0,0.0009136000000000005,1.031944055944056,0.11567133943764692,0.03618711385701677,0.03095522064404208,0.1321201141853316
"frozenset({'Biscuits', 'Eggs'})",frozenset({'Pepsi 1L'}),0.0368,0.2052,0.0082,0.22282608695652176,1.08589710992457,1.0,0.0006486400000000007,1.0226797202797202,0.08212462523296336,0.03507271171941831,0.0221767576201834,0.13139355030087296
"frozenset({'Lux Soap', 'Shan Biryani Masala'})",frozenset({'Noodles'}),0.0368,0.2052,0.0082,0.22282608695652176,1.08589710992457,1.0,0.0006486400000000007,1.0226797202797202,0.08212462523296336,0.03507271171941831,0.0221767576201834,0.13139355030087296
"frozenset({'Jam', 'Nestle Water'})",frozenset({'Shan Biryani Masala'}),0.0386,0.2088,0.0086,0.22279792746113988,1.0670398824767235,1.0,0.0005403199999999986,1.0180106666666666,0.06535043371826922,0.036013400335008376,0.017692021563624708,0.1319928334623707
"frozenset({'Butter', 'Tapal Tea (250g)'})",frozenset({'Surf Excel'}),0.036,0.2112,0.008,0.22222222222222224,1.0521885521885523,1.0,0.00039680000000000097,1.0141714285714285,0.05145228215767647,0.033444816053511704,0.013973405454135699,0.13005050505050506
"frozenset({'Frozen Paratha', 'Tapal Tea (250g)'})",frozenset({'Surf Excel'}),0.0324,0.2112,0.0072,0.22222222222222224,1.0521885521885523,1.0,0.00035711999999999983,1.0141714285714285,0.051260851591566736,0.030456852791878177,0.013973405454135699,0.12815656565656566
"frozenset({'Nestle Water', 'Tapal Tea (250g)'})",frozenset({'Lux Soap'}),0.0414,0.1936,0.0092,0.2222222222222222,1.147842056932966,1.0,0.0011849600000000005,1.0368,0.13436261214270817,0.04074402125775022,0.03549382716049382,0.1348714416896235
"frozenset({'Chicken', 'Olpers Milk (Pack of 6)'})",frozenset({'Pepsi 1L'}),0.0396,0.2052,0.0088,0.2222222222222222,1.0829542993285683,1.0,0.0006740800000000005,1.0218857142857143,0.07975843398583929,0.03728813559322034,0.021416988201084824,0.13255360623781676
"frozenset({'Biscuits', 'National Ketchup (1kg)'})",frozenset({'Lays Chips'}),0.0388,0.206,0.0086,0.22164948453608246,1.0759683715343809,1.0,0.0006072000000000004,1.0201059602649007,0.07345469326133036,0.03640982218458933,0.019709678257030825,0.13169852867580822
"frozenset({'Biscuits', 'Lays Chips'})",frozenset({'National Ketchup (1kg)'}),0.0388,0.2048,0.0086,0.22164948453608246,1.08227287371134,1.0,0.0006537599999999998,1.0216476821192053,0.07908718752721886,0.03659574468085106,0.021188989607749564,0.13182083601804123
"frozenset({'Butter', 'National Ketchup (1kg)'})",frozenset({'Lays Chips'}),0.037,0.206,0.0082,0.22162162162162166,1.0758331146680664,1.0,0.0005780000000000013,1.0200694444444445,0.07319605906339453,0.03492333901192505,0.01967458642521621,0.13071372343217005
"frozenset({'Noodles', 'Jam'})",frozenset({'Bread'}),0.0352,0.2058,0.0078,0.22159090909090906,1.0767293930559234,1.0,0.0005558399999999984,1.0202861313868612,0.0738614619211632,0.03344768439108061,0.019882786566241564,0.1297458918632388
"frozenset({'Biscuits', 'Nestle Water'})",frozenset({'Bread'}),0.0352,0.2058,0.0078,0.22159090909090906,1.0767293930559234,1.0,0.0005558399999999984,1.0202861313868612,0.0738614619211632,0.03344768439108061,0.019882786566241564,0.1297458918632388
"frozenset({'Lays Chips', 'Olpers Milk (Pack of 6)'})",frozenset({'Chicken'}),0.0362,0.198,0.008,0.22099447513812154,1.1161337128187956,1.0,0.0008323999999999996,1.029517730496454,0.10795808258974886,0.03536693191865606,0.02867141538419143,0.13069925777108096
"frozenset({'Dalda Cooking Oil (500ml)', 'Frozen Paratha'})",frozenset({'Bread'}),0.039,0.2058,0.0086,0.2205128205128205,1.0714908674092347,1.0,0.0005737999999999993,1.018875,0.06942864748445167,0.036409822184589324,0.018525334314807976,0.13115048217089031
"frozenset({'Lays Chips', 'Thal Sugar (200ml)'})",frozenset({'Eggs'}),0.0372,0.1982,0.0082,0.22043010752688175,1.1121599774312905,1.0,0.0008269600000000016,1.0285158620689656,0.10474530586602104,0.036091549295774655,0.027725252590274082,0.13090122934366288
"frozenset({'Chicken', 'National Ketchup (1kg)'})",frozenset({'Surf Excel'}),0.0354,0.2112,0.0078,0.22033898305084745,1.0432717000513612,1.0,0.0003235199999999999,1.0117217391304347,0.042999090894591606,0.032663316582914576,0.01158593185959363,0.12863540061633283
"frozenset({'Jam', 'Frozen Paratha'})",frozenset({'Lux Soap'}),0.0336,0.1936,0.0074,0.22023809523809526,1.1375934671389218,1.0,0.0008950400000000006,1.0341618320610686,0.12515661356720967,0.03366696997270246,0.033033352229780835,0.1292306178669815
"frozenset({'Jam', 'Frozen Paratha'})",frozenset({'Chicken'}),0.0336,0.198,0.0074,0.22023809523809526,1.1123136123136124,1.0,0.0007472000000000008,1.0285190839694658,0.10448362269554333,0.03300624442462088,0.0277282983018644,0.1288059163059163
"frozenset({'Noodles', 'Shan Biryani Masala'})",frozenset({'Jam'}),0.04,0.1984,0.0088,0.22,1.1088709677419355,1.0,0.0008640000000000002,1.0276923076923077,0.10227272727272729,0.038327526132404185,0.02694610778443115,0.1321774193548387
"frozenset({'Butter', 'Bread'})",frozenset({'Lux Soap'}),0.0364,0.1936,0.008,0.21978021978021978,1.1352284079556807,1.0,0.0009529600000000001,1.0335549295774649,0.1236197592361976,0.03603603603603604,0.03246555032269318,0.13055126691490326
"frozenset({'Noodles', 'Dalda Cooking Oil (500ml)'})",frozenset({'Nestle Water'}),0.0364,0.2062,0.008,0.21978021978021978,1.065859455772162,1.0,0.0004943200000000003,1.017405633802817,0.06412411789124123,0.03410059676044331,0.017107860645275613,0.12928875198516324
"frozenset({'Nestle Water', 'Eggs'})",frozenset({'Lays Chips'}),0.0346,0.206,0.0076,0.21965317919075145,1.066277568887143,1.0,0.0004724000000000004,1.0174962962962963,0.0643856378048914,0.03261802575107296,0.017195439786840627,0.1282731915371233
"frozenset({'Nestle Water', 'Eggs'})",frozenset({'Tapal Tea (250g)'}),0.0346,0.1996,0.0076,0.21965317919075145,1.1004668296129831,1.0,0.0006938400000000003,1.0256977777777778,0.09456674626279811,0.03353927625772286,0.025053947014931844,0.12886466574768032
"frozenset({'Chicken', 'Nestle Water'})",frozenset({'Frozen Paratha'}),0.041,0.197,0.009,0.2195121951219512,1.1142751021418842,1.0,0.0009229999999999985,1.0288437499999998,0.1069400996408294,0.03930131004366812,0.028035112231570593,0.1325987371548842
"frozenset({'Noodles', 'Surf Excel'})",frozenset({'National Ketchup (1kg)'}),0.041,0.2048,0.009,0.2195121951219512,1.0718368902439022,1.0,0.0006031999999999982,1.01885,0.06988761441316164,0.03800675675675675,0.018501251410904404,0.1317287538109756
"frozenset({'Biscuits', 'Butter'})",frozenset({'Shan Biryani Masala'}),0.031,0.2088,0.0068,0.2193548387096774,1.050549993820294,1.0,0.00032719999999999885,1.0135206611570249,0.04965701450858965,0.029184549356223173,0.013340291594637744,0.12596094425905324
"frozenset({'Biscuits', 'Butter'})",frozenset({'Pepsi 1L'}),0.031,0.2052,0.0068,0.2193548387096774,1.0689806954662642,1.0,0.0004387999999999996,1.0181322314049586,0.0665938201906149,0.02964254577157803,0.017809308894913695,0.12624662013456578
"frozenset({'Butter', 'Jam'})",frozenset({'Shan Biryani Masala'}),0.0374,0.2088,0.0082,0.21925133689839574,1.050054295490401,1.0,0.0003908799999999997,1.013386301369863,0.049520353919516716,0.034453781512605045,0.013209475351865172,0.12926168377486835
"frozenset({'Noodles', 'Chicken'})",frozenset({'Olpers Milk (Pack of 6)'}),0.0374,0.196,0.0082,0.21925133689839574,1.1186292698897742,1.0,0.0008695999999999999,1.0297808219178082,0.11016910501538008,0.036412078152753116,0.028919573256711104,0.13054403579613666
"frozenset({'Dalda Cooking Oil (500ml)', 'Guard Rice (1kg)'})",frozenset({'Chicken'}),0.0356,0.198,0.0078,0.2191011235955056,1.1065713312904322,1.0,0.0007511999999999996,1.027021582733813,0.09986280828255108,0.03454384410983171,0.02631062792457056,0.12924753149472248
"frozenset({'Butter', 'Nestle Water'})",frozenset({'Lux Soap'}),0.0366,0.1936,0.008,0.2185792349726776,1.1290249740324256,1.0,0.0009142400000000002,1.0319664335664336,0.11862154868175213,0.036003600360036005,0.030976233845086302,0.12995077451113218
"frozenset({'Chicken', 'Surf Excel'})",frozenset({'National Ketchup (1kg)'}),0.0358,0.2048,0.0078,0.21787709497206703,1.063853002793296,1.0,0.0004681599999999996,1.0167199999999998,0.0622490280237635,0.03350515463917526,0.016445038948776435,0.12798151623603352
"frozenset({'Dalda Cooking Oil (500ml)', 'National Ketchup (1kg)'})",frozenset({'Bread'}),0.0386,0.2058,0.0084,0.2176165803108808,1.0574177857671565,1.0,0.0004561199999999991,1.0151033112582781,0.05648013313917193,0.035593220338983045,0.014878595203828742,0.12921645342074653
"frozenset({'Noodles', 'Bread'})",frozenset({'Butter'}),0.0386,0.1966,0.0084,0.2176165803108808,1.1069002050400853,1.0,0.0008112399999999995,1.0268622516556292,0.10045370342853176,0.037037037037037035,0.026159547312522777,0.13017146411271405
"frozenset({'National Ketchup (1kg)', 'Nestle Water'})",frozenset({'Noodles'}),0.0386,0.2052,0.0084,0.2176165803108808,1.0605096506378207,1.0,0.0004792799999999986,1.0158701986754965,0.05934797467978229,0.0356839422259983,0.015622270144540519,0.12927612641275033
"frozenset({'Biscuits', 'Eggs'})",frozenset({'Lux Soap'}),0.0368,0.1936,0.008,0.2173913043478261,1.1228889687387713,1.0,0.0008755200000000003,1.0304000000000002,0.11362126245847179,0.03597122302158274,0.029503105590062147,0.12935680919870646
"frozenset({'Biscuits', 'Eggs'})",frozenset({'Tapal Tea (250g)'}),0.0368,0.1996,0.008,0.2173913043478261,1.0891347913217742,1.0,0.0006547200000000001,1.0227333333333335,0.08496677740863788,0.03502626970227671,0.022228016426569353,0.1287357323342337
"frozenset({'Lux Soap', 'Pepsi 1L'})",frozenset({'Surf Excel'}),0.0368,0.2112,0.008,0.2173913043478261,1.0293148880105403,1.0,0.00022784,1.0079111111111112,0.029568106312292355,0.03333333333333333,0.00784901666813655,0.127635046113307
"frozenset({'Lux Soap', 'Butter'})",frozenset({'Nestle Water'}),0.0368,0.2062,0.008,0.2173913043478261,1.0542740269050732,1.0,0.0004118400000000001,1.0143000000000002,0.053446843853820605,0.03404255319148936,0.014098392980380592,0.1280942942689664
"frozenset({'Noodles', 'Lays Chips'})",frozenset({'National Ketchup (1kg)'}),0.0368,0.2048,0.008,0.2173913043478261,1.0614809782608696,1.0,0.00046336000000000033,1.016088888888889,0.06013289036544854,0.03424657534246575,0.015834135246260185,0.12822690217391305
"frozenset({'Lux Soap', 'Butter'})",frozenset({'Bread'}),0.0368,0.2058,0.008,0.2173913043478261,1.0563231503781638,1.0,0.0004265600000000003,1.0148111111111113,0.05535714285714289,0.03410059676044331,0.014594943777167083,0.12813199814087126
"frozenset({'Jam', 'Shan Biryani Masala'})",frozenset({'Biscuits'}),0.0414,0.1972,0.009,0.21739130434782608,1.1023899814798483,1.0,0.0008359200000000004,1.0257999999999998,0.09689129981222623,0.03919860627177701,0.025151101579255226,0.1315151247905459
"frozenset({'Nestle Water', 'Tapal Tea (250g)'})",frozenset({'National Ketchup (1kg)'}),0.0414,0.2048,0.009,0.21739130434782608,1.0614809782608694,1.0,0.000521279999999999,1.0160888888888888,0.06042144794491956,0.03794266441821248,0.01583413524626015,0.13066830842391303
"frozenset({'Lux Soap', 'Thal Sugar (200ml)'})",frozenset({'Chicken'}),0.035,0.198,0.0076,0.2171428571428571,1.0966810966810965,1.0,0.0006699999999999987,1.0244525547445256,0.09135533133351496,0.03371783496007098,0.023868899180619824,0.12776334776334775
"frozenset({'Lux Soap', 'National Ketchup (1kg)'})",frozenset({'Lays Chips'}),0.035,0.206,0.0076,0.2171428571428571,1.0540915395284327,1.0,0.0003899999999999997,1.0142335766423358,0.05317698391055355,0.032562125107112254,0.014033825116948515,0.12701803051317612
"frozenset({'Lux Soap', 'Thal Sugar (200ml)'})",frozenset({'Pepsi 1L'}),0.035,0.2052,0.0076,0.2171428571428571,1.0582010582010581,1.0,0.0004179999999999991,1.0152554744525546,0.056994818652849624,0.03267411865864144,0.015026242001581678,0.1270899470899471
"frozenset({'Noodles', 'Eggs'})",frozenset({'Nestle Water'}),0.036,0.2062,0.0078,0.21666666666666667,1.050759780148723,1.0,0.00037680000000000005,1.0133617021276597,0.05011171401212896,0.03327645051194539,0.013185521122029075,0.12724700937601036
"frozenset({'National Ketchup (1kg)', 'Frozen Paratha'})",frozenset({'Bread'}),0.036,0.2058,0.0078,0.21666666666666667,1.0528020732102366,1.0,0.00039119999999999953,1.0138723404255319,0.05202681136291089,0.03333333333333333,0.013682531688071849,0.1272837706511176
"frozenset({'Butter', 'Tapal Tea (250g)'})",frozenset({'Nestle Water'}),0.036,0.2062,0.0078,0.21666666666666667,1.050759780148723,1.0,0.00037680000000000005,1.0133617021276597,0.05011171401212896,0.03327645051194539,0.013185521122029075,0.12724700937601036
"frozenset({'Butter', 'Tapal Tea (250g)'})",frozenset({'National Ketchup (1kg)'}),0.036,0.2048,0.0078,0.21666666666666667,1.0579427083333333,1.0,0.0004272,1.0151489361702128,0.05681455473986594,0.0334763948497854,0.01492287055667337,0.12737630208333334
"frozenset({'Lux Soap', 'Jam'})",frozenset({'Frozen Paratha'}),0.0342,0.197,0.0074,0.21637426900584794,1.098346543176893,1.0,0.0006626000000000002,1.0247238805970147,0.09271126583199478,0.03306523681858802,0.024127358662326195,0.12696886039124886
"frozenset({'Lux Soap', 'Jam'})",frozenset({'Nestle Water'}),0.0342,0.2062,0.0074,0.21637426900584794,1.0493417507558096,1.0,0.00034796000000000046,1.0129835820895523,0.04868670700105786,0.03175965665236052,0.01281716931953634,0.1261308784408483
"frozenset({'Biscuits', 'Shan Biryani Masala'})",frozenset({'Jam'}),0.0416,0.1984,0.009,0.21634615384615383,1.0904544044665012,1.0,0.0007465600000000003,1.0229006134969325,0.08655166017436472,0.03896103896103896,0.02238791647474281,0.13085452853598015
"frozenset({'Dalda Cooking Oil (500ml)', 'Eggs'})",frozenset({'Bread'}),0.037,0.2058,0.008,0.21621621621621623,1.0506132955112546,1.0,0.00038540000000000015,1.0132896551724138,0.05002596053997925,0.034071550255536626,0.013115356605661316,0.12754445407506632
"frozenset({'Frozen Paratha', 'Bread'})",frozenset({'Dalda Cooking Oil (500ml)'}),0.0398,0.2026,0.0086,0.21608040201005024,1.0665370286774445,1.0,0.0005365199999999987,1.0171961538461538,0.06497192929767523,0.036783575705731396,0.016905445209493657,0.12926428787570626
"frozenset({'Butter', 'Thal Sugar (200ml)'})",frozenset({'Chicken'}),0.0324,0.198,0.007,0.2160493827160494,1.091158498565906,1.0,0.0005847999999999999,1.0230236220472442,0.08634028228902142,0.03133393017009848,0.022505464733228665,0.12570145903479238
"frozenset({'Lux Soap', 'Chicken'})",frozenset({'Thal Sugar (200ml)'}),0.0352,0.1964,0.0076,0.21590909090909088,1.0993334567672652,1.0,0.00068672,1.0248811594202898,0.09365453434581479,0.033928571428571426,0.024277116611611364,0.1273028142936493
"frozenset({'Butter', 'Shan Biryani Masala'})",frozenset({'Jam'}),0.038,0.1984,0.0082,0.21578947368421056,1.0876485568760612,1.0,0.0006608000000000013,1.0221744966442954,0.08376857157344979,0.03593339176161263,0.02169345519487346,0.12856005942275045
"frozenset({'National Ketchup (1kg)', 'Shan Biryani Masala'})",frozenset({'Lays Chips'}),0.038,0.206,0.0082,0.21578947368421056,1.0475217169136435,1.0,0.0003720000000000008,1.01248322147651,0.047157852035900914,0.0347752332485157,0.012329311944849583,0.1277976494634645
"frozenset({'National Ketchup (1kg)', 'Olpers Milk (Pack of 6)'})",frozenset({'Surf Excel'}),0.038,0.2112,0.0082,0.21578947368421056,1.0217304625199364,1.0,0.00017440000000000164,1.0058523489932885,0.022108412352314998,0.03402489626556017,0.0058182982812,0.12730761562998408
"frozenset({'Bread', 'Shan Biryani Masala'})",frozenset({'Lays Chips'}),0.038,0.206,0.0082,0.21578947368421056,1.0475217169136435,1.0,0.0003720000000000008,1.01248322147651,0.047157852035900914,0.0347752332485157,0.012329311944849583,0.1277976494634645
"frozenset({'Bread', 'Tapal Tea (250g)'})",frozenset({'Nestle Water'}),0.0306,0.2062,0.0066,0.21568627450980393,1.0460052110077787,1.0,0.0002902800000000004,1.0120950000000002,0.045370144606785894,0.028670721112076455,0.011950459196024108,0.12384701698332098
"frozenset({'Pepsi 1L', 'Lays Chips'})",frozenset({'Chicken'}),0.0408,0.198,0.0088,0.21568627450980393,1.0893246187363834,1.0,0.0007215999999999993,1.02255,0.08548790658882394,0.03826086956521739,0.02205271135885776,0.1300653594771242
"frozenset({'Lays Chips', 'Guard Rice (1kg)'})",frozenset({'Dalda Cooking Oil (500ml)'}),0.039,0.2026,0.0084,0.21538461538461537,1.0631027412863543,1.0,0.0004986000000000001,1.0162941176470588,0.061766017541251696,0.03602058319039451,0.01603287607802278,0.1284228111473916
"frozenset({'Lays Chips', 'Guard Rice (1kg)'})",frozenset({'Thal Sugar (200ml)'}),0.039,0.1964,0.0084,0.21538461538461537,1.0966630111232962,1.0,0.0007403999999999996,1.0241960784313726,0.09171993459194287,0.037004405286343606,0.023624459164528842,0.12907723640921195
"frozenset({'National Ketchup (1kg)', 'Surf Excel'})",frozenset({'Noodles'}),0.0418,0.2052,0.009,0.215311004784689,1.0492739024594981,1.0,0.00042264000000000017,1.0128853658536585,0.0490085577123774,0.037815126050420166,0.012721445375803995,0.12958532695374803
"frozenset({'National Ketchup (1kg)', 'Eggs'})",frozenset({'Lays Chips'}),0.0344,0.206,0.0074,0.21511627906976746,1.0442537818920752,1.0,0.0003136000000000007,1.011614814814815,0.04388813005217323,0.03175965665236052,0.011481459785601352,0.12551930458342742
"frozenset({'Olpers Milk (Pack of 6)', 'Tapal Tea (250g)'})",frozenset({'Surf Excel'}),0.0372,0.2112,0.008,0.21505376344086025,1.0182469859889216,1.0,0.00014336000000000036,1.004909589041096,0.018612380556709645,0.033277870216306155,0.004885602739427291,0.12646627565982407
"frozenset({'Noodles', 'Butter'})",frozenset({'Surf Excel'}),0.0372,0.2112,0.008,0.21505376344086025,1.0182469859889216,1.0,0.00014336000000000036,1.004909589041096,0.018612380556709645,0.033277870216306155,0.004885602739427291,0.12646627565982407
"frozenset({'Olpers Milk (Pack of 6)', 'Tapal Tea (250g)'})",frozenset({'Eggs'}),0.0372,0.1982,0.008,0.21505376344086025,1.0850341243232102,1.0,0.0006269600000000011,1.0214712328767124,0.08139800581636907,0.03518029903254178,0.02101990950468977,0.12770851643284184
"frozenset({'Olpers Milk (Pack of 6)', 'Tapal Tea (250g)'})",frozenset({'Nestle Water'}),0.0372,0.2062,0.008,0.21505376344086025,1.042937747045879,1.0,0.00032936000000000076,1.0112794520547947,0.042760697964270976,0.033984706881903144,0.011153645050214475,0.12692552381548347
"frozenset({'Lays Chips', 'Frozen Paratha'})",frozenset({'Lux Soap'}),0.04,0.1936,0.0086,0.215,1.1105371900826446,1.0,0.000856,1.0272611464968153,0.10368217054263566,0.03822222222222222,0.026537698412698416,0.1297107438016529
"frozenset({'Lux Soap', 'Dalda Cooking Oil (500ml)'})",frozenset({'Butter'}),0.0326,0.1966,0.007,0.21472392638036814,1.0921868076315775,1.0,0.0005908400000000005,1.0230796875000001,0.08725006645205122,0.03150315031503151,0.022559032089081575,0.12516460815457878
"frozenset({'Lux Soap', 'Olpers Milk (Pack of 6)'})",frozenset({'Nestle Water'}),0.0326,0.2062,0.007,0.21472392638036814,1.0413381492743363,1.0,0.0002778800000000012,1.0108546875000002,0.04103487994329442,0.03019844693701467,0.010738128471111288,0.12433577502335574
"frozenset({'Chicken', 'Thal Sugar (200ml)'})",frozenset({'Lux Soap'}),0.0354,0.1936,0.0076,0.21468926553672316,1.1089321566979502,1.0,0.0007465600000000003,1.0268546762589927,0.10183659438872948,0.03432700993676604,0.026152363016769795,0.1269727319419153
"frozenset({'Chicken', 'Shan Biryani Masala'})",frozenset({'Bread'}),0.0354,0.2058,0.0076,0.21468926553672316,1.0431937100909774,1.0,0.0003146799999999995,1.0113194244604318,0.042924801117452484,0.032534246575342464,0.011192729207659463,0.12580916143697188
"frozenset({'Lays Chips', 'Chicken'})",frozenset({'Pepsi 1L'}),0.041,0.2052,0.0088,0.2146341463414634,1.045975372034422,1.0,0.00038679999999999964,1.0120124223602482,0.04583372831548009,0.03706823925863522,0.01186983686646127,0.12875956829743737
"frozenset({'Butter', 'Bread'})",frozenset({'Nestle Water'}),0.0364,0.2062,0.0078,0.21428571428571427,1.0392129693778578,1.0,0.0002943199999999998,1.0102909090909091,0.03915871039158708,0.03321976149914821,0.01018608501601698,0.12605653318553414
"frozenset({'Lays Chips', 'Eggs'})",frozenset({'Nestle Water'}),0.0356,0.2062,0.0076,0.21348314606741572,1.0353207859719482,1.0,0.0002592800000000006,1.00926,0.035375144622235885,0.032450896669513236,0.009175039137585952,0.12517028302400854
"frozenset({'Dalda Cooking Oil (500ml)', 'Guard Rice (1kg)'})",frozenset({'Nestle Water'}),0.0356,0.2062,0.0076,0.21348314606741572,1.0353207859719482,1.0,0.0002592800000000006,1.00926,0.035375144622235885,0.032450896669513236,0.009175039137585952,0.12517028302400854
"frozenset({'Jam', 'Bread'})",frozenset({'Frozen Paratha'}),0.0422,0.197,0.009,0.21327014218009477,1.082589554213679,1.0,0.000686599999999999,1.0206807228915662,0.0796501241270503,0.03909643788010425,0.020261696363754373,0.129477710683956
"frozenset({'Jam', 'Bread'})",frozenset({'Biscuits'}),0.0422,0.1972,0.009,0.21327014218009477,1.0814915932053488,1.0,0.0006781599999999988,1.0204265060240962,0.07867102851441948,0.0390625,0.02001761606887741,0.12945454370668025
"frozenset({'Shan Biryani Masala', 'Thal Sugar (200ml)'})",frozenset({'Frozen Paratha'}),0.0394,0.197,0.0084,0.2131979695431472,1.0822231956504933,1.0,0.0006381999999999994,1.0205870967741935,0.07909243230917178,0.03684210526315789,0.02017181761288568,0.12791878172588833
"frozenset({'Pepsi 1L', 'Nestle Water'})",frozenset({'Surf Excel'}),0.0394,0.2112,0.0084,0.2131979695431472,1.009460083064144,1.0,7.872000000000087e-05,1.0025393548387096,0.009755807382290939,0.03468208092485549,0.0025329228488174572,0.12648534840793724
"frozenset({'Pepsi 1L', 'Nestle Water'})",frozenset({'Chicken'}),0.0394,0.198,0.0084,0.2131979695431472,1.0767574219350868,1.0,0.0005988,1.019316129032258,0.07420957139882813,0.03668122270742358,0.018950086712153615,0.12781110598369483
"frozenset({'Pepsi 1L', 'Chicken'})",frozenset({'Nestle Water'}),0.0394,0.2062,0.0084,0.2131979695431472,1.0339377766398992,1.0,0.00027572000000000013,1.008894193548387,0.03417011193400952,0.03541315345699831,0.008815784256925188,0.12696755897137962
"frozenset({'Butter', 'Nestle Water'})",frozenset({'Bread'}),0.0366,0.2058,0.0078,0.21311475409836064,1.0355430228297406,1.0,0.00026771999999999907,1.0092958333333333,0.03562702607751381,0.03324808184143222,0.00921021669398216,0.12550781436696457
"frozenset({'Chicken', 'Guard Rice (1kg)'})",frozenset({'Lays Chips'}),0.0366,0.206,0.0078,0.21311475409836064,1.034537641254178,1.0,0.00026040000000000004,1.0090416666666668,0.03465291196244072,0.03321976149914821,0.008960647479043644,0.1254894158841318
"frozenset({'Biscuits', 'Thal Sugar (200ml)'})",frozenset({'Noodles'}),0.0366,0.2052,0.0078,0.21311475409836064,1.0385709264052663,1.0,0.0002896799999999996,1.0100583333333333,0.038549368422733536,0.03333333333333333,0.00995817073271345,0.1255632250023967
"frozenset({'Pepsi 1L', 'Guard Rice (1kg)'})",frozenset({'Lays Chips'}),0.0366,0.206,0.0078,0.21311475409836064,1.034537641254178,1.0,0.00026040000000000004,1.0090416666666668,0.03465291196244072,0.03321976149914821,0.008960647479043644,0.1254894158841318
"frozenset({'Butter', 'Nestle Water'})",frozenset({'Tapal Tea (250g)'}),0.0366,0.1996,0.0078,0.21311475409836064,1.0677091888695422,1.0,0.0004946399999999993,1.017175,0.0658245636447836,0.03415061295971979,0.01688500012288936,0.12609645520549295
"frozenset({'Chicken', 'Guard Rice (1kg)'})",frozenset({'Dalda Cooking Oil (500ml)'}),0.0366,0.2026,0.0078,0.21311475409836064,1.0518990824203387,1.0,0.00038483999999999914,1.0133625,0.05121285191868531,0.033707865168539325,0.013186298091748984,0.12580713025747253
"frozenset({'Olpers Milk (Pack of 6)', 'Bread'})",frozenset({'Guard Rice (1kg)'}),0.0338,0.1952,0.0072,0.21301775147928995,1.0912794645455426,1.0,0.0006022400000000004,1.0226406015037592,0.08657052830101895,0.032461677186654644,0.022139353229734014,0.12495149869046465
"frozenset({'Biscuits', 'Butter'})",frozenset({'Jam'}),0.031,0.1984,0.0066,0.2129032258064516,1.0731009365244537,1.0,0.0004496000000000005,1.0184262295081967,0.07030052850486296,0.0296229802513465,0.018092846564934643,0.12308467741935483
"frozenset({'Bread', 'Eggs'})",frozenset({'Dalda Cooking Oil (500ml)'}),0.0376,0.2026,0.008,0.2127659574468085,1.050177479994119,1.0,0.00038223999999999984,1.0129135135135134,0.04964671654197836,0.034453057708871665,0.01274888067069038,0.12612631534729368
"frozenset({'Olpers Milk (Pack of 6)', 'Nestle Water'})",frozenset({'Chicken'}),0.0376,0.198,0.008,0.2127659574468085,1.074575542660649,1.0,0.0005551999999999996,1.0187567567567568,0.07211138819617617,0.0351493848857645,0.018411418262853495,0.12658499892542446
"frozenset({'Olpers Milk (Pack of 6)', 'Nestle Water'})",frozenset({'Tapal Tea (250g)'}),0.0376,0.1996,0.008,0.2127659574468085,1.0659617106553532,1.0,0.0004950399999999995,1.0167243243243242,0.06429758935993343,0.034904013961605584,0.016449222197411933,0.1264230588837249
frozenset({'Jam'}),frozenset({'Bread'}),0.1984,0.2058,0.0422,0.2127016129032258,1.0335355340292798,1.0,0.0013692800000000005,1.0087661971830986,0.04047828513588937,0.11657458563535912,0.008690018765079074,0.20887753142731746
"frozenset({'Jam', 'Shan Biryani Masala'})",frozenset({'Noodles'}),0.0414,0.2052,0.0088,0.21256038647342998,1.0358693297925439,1.0,0.0003047200000000014,1.0093472392638037,0.03612275477495606,0.03700588730025232,0.009260677495508287,0.12772268836342066
"frozenset({'Jam', 'Shan Biryani Masala'})",frozenset({'Thal Sugar (200ml)'}),0.0414,0.1964,0.0088,0.21256038647342998,1.0822830268504582,1.0,0.000669040000000001,1.020522699386503,0.0793107372493979,0.03842794759825328,0.020109988145134382,0.12868345189251948
"frozenset({'Pepsi 1L', 'Frozen Paratha'})",frozenset({'Surf Excel'}),0.0386,0.2112,0.0082,0.21243523316062177,1.0058486418590047,1.0,4.76799999999996e-05,1.0015684210526314,0.006048090437218029,0.033940397350993384,0.0015659649602202943,0.12563049536818968
"frozenset({'Dalda Cooking Oil (500ml)', 'National Ketchup (1kg)'})",frozenset({'Lays Chips'}),0.0386,0.206,0.0082,0.21243523316062177,1.0312389959253485,1.0,0.00024840000000000105,1.008171052631579,0.03150892752946681,0.03468697123519459,0.008104827658213826,0.1261205292016701
"frozenset({'Jam', 'National Ketchup (1kg)'})",frozenset({'Tapal Tea (250g)'}),0.0358,0.1996,0.0076,0.2122905027932961,1.0635796733131067,1.0,0.00045432000000000024,1.0161106382978724,0.06199849343333446,0.033362598770851626,0.015855200891174523,0.12518332754895264
"frozenset({'Biscuits', 'Olpers Milk (Pack of 6)'})",frozenset({'Eggs'}),0.033,0.1982,0.007,0.21212121212121213,1.0702382044460754,1.0,0.00045940000000000043,1.017669230769231,0.06786822278032212,0.0312221231043711,0.017362449639825566,0.12371953643396631
"frozenset({'Olpers Milk (Pack of 6)', 'Thal Sugar (200ml)'})",frozenset({'Chicken'}),0.033,0.198,0.007,0.21212121212121213,1.071319253137435,1.0,0.0004659999999999994,1.017923076923077,0.0688432560200915,0.03125,0.017607496410488924,0.12373737373737374
"frozenset({'Surf Excel', 'Shan Biryani Masala'})",frozenset({'Lays Chips'}),0.0396,0.206,0.0084,0.2121212121212121,1.0297146219476316,1.0,0.00024239999999999852,1.007769230769231,0.030047004224430116,0.03541315345699831,0.007709335165254547,0.12644895557516916
"frozenset({'Lux Soap', 'Pepsi 1L'})",frozenset({'Nestle Water'}),0.0368,0.2062,0.0078,0.21195652173913043,1.0279171762324464,1.0,0.0002118399999999996,1.0073048275862069,0.028196609591958376,0.03316326530612245,0.007251854042744315,0.12489193691224224
"frozenset({'Frozen Paratha', 'Shan Biryani Masala'})",frozenset({'Dalda Cooking Oil (500ml)'}),0.0368,0.2026,0.0078,0.21195652173913043,1.0461822395810978,1.0,0.0003443199999999995,1.0118731034482757,0.045830138853394604,0.03367875647668394,0.011733786981603248,0.1252280140778574
"frozenset({'National Ketchup (1kg)', 'Bread'})",frozenset({'Frozen Paratha'}),0.0368,0.197,0.0078,0.21195652173913043,1.0759214301478701,1.0,0.0005503999999999995,1.0189793103448275,0.0732600732600732,0.034513274336283185,0.018625805403649345,0.12577521518428603
"frozenset({'Thal Sugar (200ml)', 'Tapal Tea (250g)'})",frozenset({'Lays Chips'}),0.0368,0.206,0.0078,0.21195652173913043,1.0289151540734487,1.0,0.00021920000000000012,1.0075586206896552,0.02917625010648268,0.03319148936170213,0.007501916548023228,0.12491029970451667
"frozenset({'Dalda Cooking Oil (500ml)', 'Nestle Water'})",frozenset({'Chicken'}),0.0406,0.198,0.0086,0.2118226600985222,1.069811414639001,1.0,0.0005611999999999995,1.0175375000000002,0.06801731702469076,0.03739130434782609,0.017235237030576278,0.1276285017664328
"frozenset({'Biscuits', 'Dalda Cooking Oil (500ml)'})",frozenset({'Frozen Paratha'}),0.034,0.197,0.0072,0.2117647058823529,1.0749477455957,1.0,0.000501999999999999,1.0187313432835818,0.07217621348056116,0.032171581769437,0.018386931360339854,0.12415646461630336
"frozenset({'Guard Rice (1kg)', 'Surf Excel'})",frozenset({'Thal Sugar (200ml)'}),0.034,0.1964,0.0072,0.2117647058823529,1.0782317000119803,1.0,0.0005223999999999993,1.0194925373134327,0.07510927076144457,0.03225806451612903,0.019119843059174864,0.12421229184138012
"frozenset({'Dalda Cooking Oil (500ml)', 'Thal Sugar (200ml)'})",frozenset({'Nestle Water'}),0.0378,0.2062,0.008,0.21164021164021166,1.0263831796324523,1.0,0.00020564,1.0069006711409396,0.026714820203699852,0.03389830508474576,0.00685337823155916,0.1252187479151592
"frozenset({'Butter', 'Frozen Paratha'})",frozenset({'Bread'}),0.035,0.2058,0.0074,0.2114285714285714,1.0273497153963624,1.0,0.00019699999999999926,1.0071376811594204,0.02758717266489277,0.03170522707797772,0.0070870957297549724,0.12369290573372205
"frozenset({'Biscuits', 'Chicken'})",frozenset({'National Ketchup (1kg)'}),0.035,0.2048,0.0074,0.2114285714285714,1.0323660714285714,1.0,0.00023199999999999957,1.0084057971014493,0.03248844699621896,0.031841652323580036,0.008335728657660212,0.1237806919642857
"frozenset({'Biscuits', 'Lays Chips'})",frozenset({'Lux Soap'}),0.0388,0.1936,0.0082,0.211340206185567,1.0916332964130528,1.0,0.0006883200000000009,1.0224941176470588,0.08732986206266567,0.03657448706512043,0.02199926362297497,0.12684778904319674
frozenset({'Dalda Cooking Oil (500ml)'}),frozenset({'Bread'}),0.2026,0.2058,0.0428,0.21125370187561696,1.026500009113785,1.0,0.0011049199999999954,1.006914392991239,0.032375078819246526,0.11706783369803063,0.006866912459855132,0.20961130186103488
"frozenset({'Guard Rice (1kg)', 'Frozen Paratha'})",frozenset({'Surf Excel'}),0.0322,0.2112,0.0068,0.21118012422360247,0.999905891210239,1.0,-6.40000000000536e-07,0.9999748031496062,-9.723961055544116e-05,0.028740490278951814,-2.519748529098901e-05,0.12168854696028608
"frozenset({'National Ketchup (1kg)', 'Guard Rice (1kg)'})",frozenset({'Dalda Cooking Oil (500ml)'}),0.0322,0.2026,0.0068,0.21118012422360247,1.0423500702053428,1.0,0.0002762799999999994,1.0108771653543307,0.04198120661779892,0.029824561403508767,0.010760125687989045,0.12237189824210726
"frozenset({'National Ketchup (1kg)', 'Guard Rice (1kg)'})",frozenset({'Lays Chips'}),0.0322,0.206,0.0068,0.21118012422360247,1.0251462340951576,1.0,0.00016679999999999993,1.0065669291338584,0.025345538091243926,0.029386343993085564,0.006524085923932592,0.12209491648073327
"frozenset({'National Ketchup (1kg)', 'Frozen Paratha'})",frozenset({'Lays Chips'}),0.036,0.206,0.0076,0.21111111111111114,1.0248112189859764,1.0,0.000184000000000001,1.0064788732394367,0.025114653854553536,0.03242320819112628,0.006437167646235704,0.12400215749730314
"frozenset({'Noodles', 'Eggs'})",frozenset({'Bread'}),0.036,0.2058,0.0076,0.21111111111111114,1.025807148256128,1.0,0.00019119999999999988,1.0067323943661972,0.026097401179296775,0.032450896669513236,0.006687372338341888,0.12402008422416587
"frozenset({'Noodles', 'Nestle Water'})",frozenset({'National Ketchup (1kg)'}),0.0398,0.2048,0.0084,0.21105527638190952,1.0305433417085426,1.0,0.00024895999999999946,1.0079286624203823,0.03086658533440448,0.03556308213378492,0.007866293236807731,0.12603545069095476
"frozenset({'Noodles', 'Nestle Water'})",frozenset({'Chicken'}),0.0398,0.198,0.0084,0.21105527638190952,1.0659357393025732,1.0,0.0005195999999999985,1.016547770700637,0.06442110274645146,0.036617262423714034,0.01627839947869016,0.12673975940307597
"frozenset({'Frozen Paratha', 'Bread'})",frozenset({'Lays Chips'}),0.0398,0.206,0.0084,0.21105527638190952,1.0245401766112112,1.0,0.00020120000000000034,1.006407643312102,0.024945199908749216,0.03538331929233361,0.006366846828601422,0.12591598770551787
frozenset({'Biscuits'}),frozenset({'Shan Biryani Masala'}),0.1972,0.2088,0.0416,0.21095334685598377,1.010312963869654,1.0,0.00042463999999999696,1.0027290488431877,0.012715112490897153,0.11416026344676178,0.0027216214054395305,0.20509353166553979
frozenset({'National Ketchup (1kg)'}),frozenset({'Lays Chips'}),0.2048,0.206,0.0432,0.2109375,1.0239684466019419,1.0,0.0010112000000000038,1.0062574257425743,0.029435874506297147,0.117519042437432,0.006218513853904296,0.21032311893203887
"frozenset({'Dalda Cooking Oil (500ml)', 'Jam'})",frozenset({'Nestle Water'}),0.037,0.2062,0.0078,0.21081081081081082,1.0223608671717306,1.0,0.00017059999999999992,1.0058424657534248,0.0227121442074713,0.03313508920985556,0.005808529618053449,0.12431908144808243
"frozenset({'Lays Chips', 'Nestle Water'})",frozenset({'Chicken'}),0.037,0.198,0.0078,0.21081081081081082,1.0647010647010646,1.0,0.0004739999999999996,1.016232876712329,0.06310408179567054,0.034330985915492954,0.01597357956460201,0.1251023751023751
"frozenset({'Butter', 'National Ketchup (1kg)'})",frozenset({'Tapal Tea (250g)'}),0.037,0.1996,0.0078,0.21081081081081082,1.0561663868277096,1.0,0.0004147999999999999,1.014205479452055,0.05522272811992437,0.03409090909090909,0.014006510258384336,0.12494448356171803
"frozenset({'Dalda Cooking Oil (500ml)', 'Jam'})",frozenset({'Chicken'}),0.037,0.198,0.0078,0.21081081081081082,1.0647010647010646,1.0,0.0004739999999999996,1.016232876712329,0.06310408179567054,0.034330985915492954,0.01597357956460201,0.1251023751023751
"frozenset({'Lays Chips', 'Nestle Water'})",frozenset({'Bread'}),0.037,0.2058,0.0078,0.21081081081081082,1.0243479631234733,1.0,0.00018539999999999963,1.0063493150684932,0.024682482626407813,0.033191489361702124,0.006309255616734843,0.12435584272318967
"frozenset({'Surf Excel', 'Thal Sugar (200ml)'})",frozenset({'Lays Chips'}),0.0408,0.206,0.0086,0.21078431372549017,1.0232248239101465,1.0,0.00019519999999999954,1.0060621118012423,0.023663130127819638,0.03610411418975651,0.0060255840371412845,0.12626594327051208
"frozenset({'Dalda Cooking Oil (500ml)', 'Bread'})",frozenset({'Thal Sugar (200ml)'}),0.0428,0.1964,0.009,0.2102803738317757,1.0706740011801208,1.0,0.0005940800000000003,1.0175763313609467,0.06896039374100388,0.03909643788010426,0.017272739959900082,0.12805261054114242
"frozenset({'Frozen Paratha', 'Surf Excel'})",frozenset({'Pepsi 1L'}),0.039,0.2052,0.0082,0.2102564102564103,1.0246413755185686,1.0,0.00019720000000000154,1.0064025974025974,0.025024745564833573,0.034745762711864414,0.006361864942640027,0.12510871195081724
"frozenset({'Olpers Milk (Pack of 6)', 'Surf Excel'})",frozenset({'National Ketchup (1kg)'}),0.039,0.2048,0.0082,0.2102564102564103,1.0266426282051282,1.0,0.00021280000000000084,1.006909090909091,0.027004390751503873,0.03480475382003396,0.006861682918020972,0.12514773637820514
"frozenset({'Lays Chips', 'Guard Rice (1kg)'})",frozenset({'Butter'}),0.039,0.1966,0.0082,0.2102564102564103,1.0694629209379973,1.0,0.0005326000000000011,1.0172922077922077,0.06758711707824688,0.03605980650835532,0.016998270172280668,0.1259827320864961
"frozenset({'Biscuits', 'Nestle Water'})",frozenset({'National Ketchup (1kg)'}),0.0352,0.2048,0.0074,0.21022727272727273,1.0265003551136362,1.0,0.00019103999999999996,1.006871942446043,0.02675810138496705,0.031814273430782455,0.0068250411560270684,0.12318004261363637
"frozenset({'Noodles', 'Guard Rice (1kg)'})",frozenset({'Nestle Water'}),0.0352,0.2062,0.0074,0.21022727272727273,1.0195309055638833,1.0,0.00014176000000000032,1.0050992805755397,0.019855676572094527,0.03162393162393162,0.0050734098353146136,0.12305738030156071
"frozenset({'Lux Soap', 'Surf Excel'})",frozenset({'Nestle Water'}),0.0352,0.2062,0.0074,0.21022727272727273,1.0195309055638833,1.0,0.00014176000000000032,1.0050992805755397,0.019855676572094527,0.03162393162393162,0.0050734098353146136,0.12305738030156071
"frozenset({'Lays Chips', 'Frozen Paratha'})",frozenset({'Bread'}),0.04,0.2058,0.0084,0.21,1.020408163265306,1.0,0.00016799999999999975,1.0053164556962024,0.0208333333333333,0.035383319292333605,0.005288340468395846,0.12540816326530613
frozenset({'National Ketchup (1kg)'}),frozenset({'Noodles'}),0.2048,0.2052,0.043,0.20996093749999997,1.023201449805068,1.0,0.0009750399999999965,1.0060262051915945,0.028515277712788258,0.11716621253405993,0.005990107574232485,0.20975629721003897
"frozenset({'Frozen Paratha', 'Tapal Tea (250g)'})",frozenset({'Dalda Cooking Oil (500ml)'}),0.0324,0.2026,0.0068,0.20987654320987653,1.0359158105127173,1.0,0.0002357599999999998,1.009209375,0.035831529800841345,0.029798422436459245,0.00912533635550104,0.12172010773524429
"frozenset({'Chicken', 'Nestle Water'})",frozenset({'Dalda Cooking Oil (500ml)'}),0.041,0.2026,0.0086,0.2097560975609756,1.035321310764934,1.0,0.0002933999999999992,1.0090555555555556,0.03557484783083144,0.03659574468085106,0.008974288388482066,0.12610213565116896
frozenset({'Lays Chips'}),frozenset({'National Ketchup (1kg)'}),0.206,0.2048,0.0432,0.2097087378640777,1.0239684466019419,1.0,0.0010112000000000038,1.0062113022113024,0.02948036197406485,0.117519042437432,0.006172960090640964,0.21032311893203887
"frozenset({'Lays Chips', 'Thal Sugar (200ml)'})",frozenset({'Tapal Tea (250g)'}),0.0372,0.1996,0.0078,0.20967741935483872,1.0504880729200337,1.0,0.0003748800000000002,1.0127510204081633,0.049918506918922405,0.03406113537117904,0.012590478954071362,0.12437778783373199
frozenset({'Noodles'}),frozenset({'National Ketchup (1kg)'}),0.2052,0.2048,0.043,0.20955165692007796,1.023201449805068,1.0,0.0009750399999999965,1.0060113440197287,0.028529628632623583,0.11716621253405993,0.005975423692250945,0.20975629721003897
"frozenset({'Olpers Milk (Pack of 6)', 'Eggs'})",frozenset({'Tapal Tea (250g)'}),0.0382,0.1996,0.008,0.20942408376963353,1.0492188565612903,1.0,0.0003752800000000004,1.0124264900662252,0.04877313370763158,0.034812880765883375,0.012273967728177829,0.12475212204513741
"frozenset({'Butter', 'Surf Excel'})",frozenset({'Noodles'}),0.0382,0.2052,0.008,0.20942408376963353,1.020585203555719,1.0,0.00016136000000000102,1.0053430463576158,0.02097109586192569,0.033984706881903144,0.005314649936630021,0.124205219272731
"frozenset({'Butter', 'Surf Excel'})",frozenset({'Tapal Tea (250g)'}),0.0382,0.1996,0.008,0.20942408376963353,1.0492188565612903,1.0,0.0003752800000000004,1.0124264900662252,0.04877313370763158,0.034812880765883375,0.012273967728177829,0.12475212204513741
"frozenset({'Noodles', 'National Ketchup (1kg)'})",frozenset({'Surf Excel'}),0.043,0.2112,0.009,0.20930232558139536,0.9910147991543341,1.0,-8.159999999999938e-05,0.9975999999999999,-0.0093851356014077,0.0367047308319739,-0.0024057738572574026,0.12595798097251587
"frozenset({'Frozen Paratha', 'Eggs'})",frozenset({'Surf Excel'}),0.0344,0.2112,0.0072,0.20930232558139533,0.991014799154334,1.0,-6.528000000000003e-05,0.9975999999999998,-0.009302325581395352,0.030201342281879196,-0.0024057738572574377,0.12169661733615221
"frozenset({'Eggs', 'Thal Sugar (200ml)'})",frozenset({'Lays Chips'}),0.0392,0.206,0.0082,0.2091836734693878,1.0154547255795525,1.0,0.0001248000000000013,1.004025806451613,0.015840458154789874,0.034599156118143466,0.0040096643191282165,0.12449474935605312
"frozenset({'Bread', 'Tapal Tea (250g)'})",frozenset({'Lux Soap'}),0.0306,0.1936,0.0064,0.20915032679738563,1.0803219359369092,1.0,0.0004758400000000008,1.0196628099173555,0.07669692593356728,0.029384756657483933,0.01928363938167861,0.12110408901852752
"frozenset({'Bread', 'Tapal Tea (250g)'})",frozenset({'Chicken'}),0.0306,0.198,0.0064,0.20915032679738563,1.0563147818049778,1.0,0.0003412000000000007,1.014099173553719,0.05499535795337333,0.0288028802880288,0.013903150620181567,0.12073677956030898
"frozenset({'National Ketchup (1kg)', 'Chicken'})",frozenset({'Biscuits'}),0.0354,0.1972,0.0074,0.2090395480225989,1.0600382759766678,1.0,0.00041912000000000026,1.0149685714285712,0.05871639833903988,0.03285968028419183,0.014747817666416169,0.12328245149608646
"frozenset({'National Ketchup (1kg)', 'Chicken'})",frozenset({'Olpers Milk (Pack of 6)'}),0.0354,0.196,0.0074,0.2090395480225989,1.0665283062377493,1.0,0.0004615999999999995,1.0164857142857142,0.06466761183742309,0.033035714285714286,0.016218343311690146,0.12339732503170761
"frozenset({'Lays Chips', 'Surf Excel'})",frozenset({'Thal Sugar (200ml)'}),0.0412,0.1964,0.0086,0.2087378640776699,1.062820081861863,1.0,0.0005083199999999996,1.0155926380368099,0.06164682597432833,0.03755458515283843,0.015353240514770909,0.12626302572518933
frozenset({'Lux Soap'}),frozenset({'Eggs'}),0.1936,0.1982,0.0404,0.20867768595041322,1.052864207620652,1.0,0.002028479999999999,1.0132407310704963,0.06226426214049974,0.11496869664200342,0.013067705101538082,0.2062560982728857
frozenset({'Jam'}),frozenset({'Shan Biryani Masala'}),0.1984,0.2088,0.0414,0.2086693548387097,0.9993743047830923,1.0,-2.5919999999998722e-05,0.9998349044585988,-0.0007804370447450186,0.11317659923455439,-0.00016512280243974594,0.20347260845383758
"frozenset({'Guard Rice (1kg)', 'Eggs'})",frozenset({'Thal Sugar (200ml)'}),0.0326,0.1964,0.0068,0.20858895705521474,1.0620618994664701,1.0,0.00039736000000000025,1.0154015503875968,0.06040448017122917,0.030603060306030605,0.015167940586379729,0.12160608748891083
"frozenset({'Butter', 'Olpers Milk (Pack of 6)'})",frozenset({'Nestle Water'}),0.0326,0.2062,0.0068,0.20858895705521474,1.0115856307236408,1.0,7.788000000000066e-05,1.0030186046511629,0.011838888956450988,0.029310344827586206,0.0030095200997918197,0.12078332430840272
"frozenset({'Lux Soap', 'Olpers Milk (Pack of 6)'})",frozenset({'Frozen Paratha'}),0.0326,0.197,0.0068,0.20858895705521474,1.0588271931736788,1.0,0.0003778000000000002,1.0146434108527131,0.05743107662746723,0.03052064631956912,0.014432076033891324,0.12155336177633833
"frozenset({'Jam', 'Frozen Paratha'})",frozenset({'Pepsi 1L'}),0.0336,0.2052,0.007,0.20833333333333334,1.015269655620533,1.0,0.000105280000000001,1.0039578947368422,0.015562913907284915,0.03019844693701467,0.003942291561818507,0.12122319688109162
"frozenset({'National Ketchup (1kg)', 'Lays Chips'})",frozenset({'Tapal Tea (250g)'}),0.0432,0.1996,0.009,0.20833333333333331,1.0437541750166999,1.0,0.00037727999999999894,1.0110315789473683,0.04381270903010021,0.038494439692044476,0.010911211061136076,0.12671175684702737
"frozenset({'Biscuits', 'Lux Soap'})",frozenset({'Lays Chips'}),0.0394,0.206,0.0082,0.20812182741116755,1.0103001330639203,1.0,8.360000000000138e-05,1.0026794871794873,0.010613285395814782,0.0345699831365936,0.0026723267143168323,0.123963826326943
"frozenset({'Pepsi 1L', 'Jam'})",frozenset({'Bread'}),0.0346,0.2058,0.0072,0.20809248554913296,1.0111393855643,1.0,7.931999999999991e-05,1.002894890510949,0.011411504730336289,0.030874785591766724,0.0028865343101648756,0.12153895414482886
"frozenset({'Guard Rice (1kg)', 'Thal Sugar (200ml)'})",frozenset({'Surf Excel'}),0.0346,0.2112,0.0072,0.20809248554913296,0.9852863899106674,1.0,-0.00010751999999999984,0.996075912408759,-0.01523291397483847,0.030176026823134954,-0.003939546717630634,0.12109169732002102
"frozenset({'Pepsi 1L', 'Jam'})",frozenset({'Thal Sugar (200ml)'}),0.0346,0.1964,0.0072,0.20809248554913296,1.0595340404742004,1.0,0.00040456,1.0147649635036495,0.05820270239163961,0.032171581769437,0.014550131345362075,0.12237618167477014
"frozenset({'Guard Rice (1kg)', 'Thal Sugar (200ml)'})",frozenset({'Jam'}),0.0346,0.1984,0.0072,0.20809248554913296,1.0488532537758717,1.0,0.0003353600000000007,1.012239416058394,0.04824712842114965,0.03188662533215235,0.012091424088239723,0.12219140406488906
frozenset({'Bread'}),frozenset({'Nestle Water'}),0.2058,0.2062,0.0428,0.20796890184645284,1.0085785734551544,1.0,0.00036403999999999603,1.0022333742331289,0.01070965433975752,0.11592632719393281,0.0022283973878216698,0.20776718613176182
frozenset({'Bread'}),frozenset({'Dalda Cooking Oil (500ml)'}),0.2058,0.2026,0.0428,0.20796890184645284,1.026500009113785,1.0,0.0011049199999999954,1.0067786503067484,0.03250552486837973,0.11706783369803063,0.006733009589231043,0.20961130186103488
"frozenset({'Lays Chips', 'Bread'})",frozenset({'Frozen Paratha'}),0.0404,0.197,0.0084,0.2079207920792079,1.0554354927878573,1.0,0.00044119999999999923,1.0137874999999998,0.054735107882252436,0.03668122270742358,0.01359999013599988,0.12528019299391868
"frozenset({'Nestle Water', 'Surf Excel'})",frozenset({'Pepsi 1L'}),0.0404,0.2052,0.0084,0.2079207920792079,1.013259220658908,1.0,0.00010991999999999946,1.0034349999999999,0.013636634311915615,0.03541315345699831,0.00342324116659275,0.1244282322969139
"frozenset({'Jam', 'Lays Chips'})",frozenset({'Bread'}),0.0356,0.2058,0.0074,0.20786516853932585,1.0100348325526036,1.0,7.351999999999966e-05,1.0026070921985815,0.010301882139293953,0.03162393162393162,0.0026003129429940067,0.12191120428909927
"frozenset({'Dalda Cooking Oil (500ml)', 'Guard Rice (1kg)'})",frozenset({'Bread'}),0.0356,0.2058,0.0074,0.20786516853932585,1.0100348325526036,1.0,7.351999999999966e-05,1.0026070921985815,0.010301882139293953,0.03162393162393162,0.0026003129429940067,0.12191120428909927
"frozenset({'Jam', 'Lays Chips'})",frozenset({'Biscuits'}),0.0356,0.1972,0.0074,0.20786516853932585,1.0540830047633158,1.0,0.00037968000000000116,1.013463829787234,0.05320210297398202,0.03283052351375333,0.013284963302598237,0.12269526175444995
"frozenset({'Lays Chips', 'Eggs'})",frozenset({'National Ketchup (1kg)'}),0.0356,0.2048,0.0074,0.20786516853932585,1.014966643258427,1.0,0.00010911999999999988,1.0038695035460992,0.015290279910769315,0.03175965665236052,0.0038545882033775665,0.12199899051966293
frozenset({'Thal Sugar (200ml)'}),frozenset({'Surf Excel'}),0.1964,0.2112,0.0408,0.20773930753564157,0.9836141455286059,1.0,-0.000679679999999995,0.9956318766066837,-0.020309228077220815,0.1112322791712105,-0.004387287606945269,0.20046056285872987
"frozenset({'Jam', 'Shan Biryani Masala'})",frozenset({'Nestle Water'}),0.0414,0.2062,0.0086,0.20772946859903382,1.00741740348707,1.0,6.332000000000039e-05,1.0019304878048783,0.007680774773288612,0.03598326359832636,0.00192676820236058,0.12471827455169926
"frozenset({'Pepsi 1L', 'Thal Sugar (200ml)'})",frozenset({'Lux Soap'}),0.0366,0.1936,0.0076,0.20765027322404372,1.0725737253308043,1.0,0.00051424,1.0177324137931034,0.07023371174458878,0.034141958670260555,0.017423453898863753,0.12345323578557559
"frozenset({'Pepsi 1L', 'Thal Sugar (200ml)'})",frozenset({'Lays Chips'}),0.0366,0.206,0.0076,0.20765027322404372,1.0080110350681735,1.0,6.0400000000000384e-05,1.0020827586206897,0.00824929252756143,0.03234042553191489,0.002078429753203697,0.12227173855376944
"frozenset({'Lux Soap', 'Lays Chips'})",frozenset({'National Ketchup (1kg)'}),0.0366,0.2048,0.0076,0.20765027322404372,1.013917349726776,1.0,0.00010431999999999976,1.0035972413793104,0.01424778470985432,0.032506415739948676,0.0035843476157491378,0.12237982411202186
"frozenset({'Lux Soap', 'Lays Chips'})",frozenset({'Shan Biryani Masala'}),0.0366,0.2088,0.0076,0.20765027322404372,0.9944936457090217,1.0,-4.208000000000076e-05,0.9985489655172414,-0.005714347793023385,0.031959629941127,-0.0014531430434230144,0.12202437032849696
frozenset({'Nestle Water'}),frozenset({'Bread'}),0.2062,0.2058,0.0428,0.2075654704170708,1.0085785734551544,1.0,0.00036403999999999603,1.0022279069767444,0.010715050990974327,0.11592632719393281,0.002222954441035993,0.20776718613176182
"frozenset({'Biscuits', 'Noodles'})",frozenset({'Thal Sugar (200ml)'}),0.0376,0.1964,0.0078,0.2074468085106383,1.0562464791784028,1.0,0.00041536000000000003,1.013938255033557,0.05533175607988576,0.034482758620689655,0.013746650710102415,0.12358083806387311
"frozenset({'Biscuits', 'Noodles'})",frozenset({'Pepsi 1L'}),0.0376,0.2052,0.0078,0.2074468085106383,1.010949359213637,1.0,8.447999999999962e-05,1.002834899328859,0.011253916490824172,0.03319148936170213,0.0028268853933546786,0.12272925220853552
frozenset({'Tapal Tea (250g)'}),frozenset({'Nestle Water'}),0.1996,0.2062,0.0414,0.20741482965931862,1.0058915114418945,1.0,0.00024248000000000325,1.0015327433628318,0.007317597240027427,0.11361141602634467,0.0015303976559821466,0.20409538767156038
"frozenset({'Eggs', 'Tapal Tea (250g)'})",frozenset({'Olpers Milk (Pack of 6)'}),0.0386,0.196,0.008,0.20725388601036268,1.0574177857671565,1.0,0.0004343999999999997,1.0141960784313726,0.056480133139172,0.035304501323918804,0.013997370659655065,0.12403510627048746
"frozenset({'Eggs', 'Tapal Tea (250g)'})",frozenset({'Biscuits'}),0.0386,0.1972,0.008,0.20725388601036268,1.0509831947787156,1.0,0.00038807999999999985,1.0126823529411764,0.050457665903890135,0.035118525021949086,0.012523525174841425,0.12391091866441055
"frozenset({'Surf Excel', 'Tapal Tea (250g)'})",frozenset({'Nestle Water'}),0.0396,0.2062,0.0082,0.20707070707070707,1.0042226337085698,1.0,3.447999999999993e-05,1.0010980891719745,0.004378257027051727,0.03451178451178452,0.001096884694768301,0.12341896168278321
frozenset({'Chicken'}),frozenset({'Lays Chips'}),0.198,0.206,0.041,0.20707070707070707,1.0051976071393547,1.0,0.00021200000000000385,1.0013503184713377,0.006447296393163549,0.11294765840220385,0.0013484975701600543,0.20304991664214966
frozenset({'Chicken'}),frozenset({'Nestle Water'}),0.198,0.2062,0.041,0.20707070707070707,1.0042226337085698,1.0,0.0001724000000000031,1.0010980891719745,0.005242990085761301,0.11288546255506608,0.001096884694768301,0.20295339427250195
"frozenset({'Chicken', 'Olpers Milk (Pack of 6)'})",frozenset({'Noodles'}),0.0396,0.2052,0.0082,0.20707070707070707,1.0091165061925296,1.0,7.408000000000067e-05,1.0023592356687898,0.009406649668329338,0.03465765004226543,0.0023536827764306474,0.12351586035796562
"frozenset({'Dalda Cooking Oil (500ml)', 'Nestle Water'})",frozenset({'Olpers Milk (Pack of 6)'}),0.0406,0.196,0.0084,0.20689655172413793,1.0555946516537649,1.0,0.00044239999999999904,1.0137391304347827,0.05489542074907917,0.03680981595092024,0.013552925030022289,0.12487684729064039
"frozenset({'Pepsi 1L', 'Shan Biryani Masala'})",frozenset({'Lays Chips'}),0.0406,0.206,0.0084,0.20689655172413793,1.0043521928356212,1.0,3.640000000000067e-05,1.0011304347826087,0.0045167118337850875,0.03526448362720403,0.0011291583427429969,0.12383662537663206
"frozenset({'Lux Soap', 'Tapal Tea (250g)'})",frozenset({'Butter'}),0.0358,0.1966,0.0074,0.20670391061452514,1.0513932381206772,1.0,0.00036172000000000114,1.0127366197183099,0.05069599780240742,0.03288888888888889,0.012576438404935457,0.12217189426962269
"frozenset({'Bread', 'Thal Sugar (200ml)'})",frozenset({'Surf Excel'}),0.0358,0.2112,0.0074,0.20670391061452514,0.978711697985441,1.0,-0.00016095999999999906,0.9943323943661971,-0.02206128255875777,0.030884808013355594,-0.005699910478543174,0.12087089470120196
"frozenset({'Bread', 'Thal Sugar (200ml)'})",frozenset({'Eggs'}),0.0358,0.1982,0.0074,0.20670391061452514,1.0429057044123369,1.0,0.0003044400000000013,1.0107197183098593,0.04266805698044049,0.03265666372462489,0.010606024712553199,0.12201996741624341
"frozenset({'Lux Soap', 'Shan Biryani Masala'})",frozenset({'Frozen Paratha'}),0.0368,0.197,0.0076,0.20652173913043478,1.0483337011697196,1.0,0.00035039999999999984,1.012,0.04786675992306345,0.03359858532272325,0.011857707509881415,0.12255020966674024
"frozenset({'Lux Soap', 'Shan Biryani Masala'})",frozenset({'Lays Chips'}),0.0368,0.206,0.0076,0.20652173913043478,1.0025327142254117,1.0,1.9200000000000467e-05,1.0006575342465753,0.002622836160167925,0.03231292517006803,0.0006571021793889107,0.12170747150696497
"frozenset({'Lux Soap', 'Pepsi 1L'})",frozenset({'Thal Sugar (200ml)'}),0.0368,0.1964,0.0076,0.20652173913043478,1.0515363499512973,1.0,0.00037248000000000055,1.0127561643835616,0.050883021507256584,0.03368794326241135,0.012595494189192126,0.12260913840432126
"frozenset({'Frozen Paratha', 'Shan Biryani Masala'})",frozenset({'Lux Soap'}),0.0368,0.1936,0.0076,0.20652173913043478,1.0667445203018326,1.0,0.0004755200000000001,1.0162849315068494,0.06495890890015737,0.03411131059245961,0.01602398205659076,0.12288896873877111
"frozenset({'Lux Soap', 'Pepsi 1L'})",frozenset({'Frozen Paratha'}),0.0368,0.197,0.0076,0.20652173913043478,1.0483337011697196,1.0,0.00035039999999999984,1.012,0.04786675992306345,0.03359858532272325,0.011857707509881415,0.12255020966674024
"frozenset({'Biscuits', 'Butter'})",frozenset({'Lux Soap'}),0.031,0.1936,0.0064,0.2064516129032258,1.0663822980538524,1.0,0.00039840000000000014,1.0161951219512195,0.06424148606811148,0.02933088909257562,0.01593701996927804,0.11975473207144761
"frozenset({'Dalda Cooking Oil (500ml)', 'Chicken'})",frozenset({'Jam'}),0.0378,0.1984,0.0078,0.20634920634920634,1.0400665642601126,1.0,0.00030047999999999967,1.0100159999999998,0.040036454919015675,0.03415061295971979,0.009916674587333264,0.1228318612391193
"frozenset({'Lux Soap', 'Frozen Paratha'})",frozenset({'Eggs'}),0.0378,0.1982,0.0078,0.20634920634920634,1.041116076433937,1.0,0.0003080399999999999,1.010268,0.041043761891818416,0.03418054338299737,0.010163639747077013,0.12285169701920458
"frozenset({'Dalda Cooking Oil (500ml)', 'Chicken'})",frozenset({'Guard Rice (1kg)'}),0.0378,0.1952,0.0078,0.20634920634920634,1.0571168358053602,1.0,0.0004214399999999995,1.0140479999999998,0.05615336648385904,0.034635879218472464,0.01385338761084285,0.12315411137132448
"frozenset({'Lux Soap', 'Nestle Water'})",frozenset({'Butter'}),0.0388,0.1966,0.008,0.20618556701030927,1.0487566989334145,1.0,0.0003719200000000004,1.0120753246753247,0.04836662505201836,0.03518029903254178,0.011931250946364538,0.12343866346446287
"frozenset({'Biscuits', 'National Ketchup (1kg)'})",frozenset({'Pepsi 1L'}),0.0388,0.2052,0.008,0.20618556701030927,1.0048029581399087,1.0,3.824000000000015e-05,1.0012415584415584,0.004972950478568475,0.03389830508474576,0.0012400188856432738,0.12258596089306886
"frozenset({'Noodles', 'Frozen Paratha'})",frozenset({'Shan Biryani Masala'}),0.033,0.2088,0.0068,0.20606060606060603,0.9868802972251246,1.0,-9.04000000000009e-05,0.9965496183206107,-0.013561356135613694,0.028936170212765955,-0.0034623280326010943,0.11931382793451757
"frozenset({'Olpers Milk (Pack of 6)', 'Thal Sugar (200ml)'})",frozenset({'Eggs'}),0.033,0.1982,0.0068,0.20606060606060603,1.0396599700333302,1.0,0.0002593999999999999,1.0099007633587787,0.039448871585862876,0.030303030303030304,0.00980369925243956,0.12018469253585295
"frozenset({'Noodles', 'Frozen Paratha'})",frozenset({'Thal Sugar (200ml)'}),0.033,0.1964,0.0068,0.20606060606060603,1.0491884218971794,1.0,0.0003187999999999993,1.0121679389312976,0.04848226777784526,0.03054806828391734,0.012021660105283768,0.12034191199160647
"frozenset({'Butter', 'Chicken'})",frozenset({'Thal Sugar (200ml)'}),0.034,0.1964,0.007,0.20588235294117646,1.048280819456092,1.0,0.0003223999999999996,1.0119407407407406,0.047678201715468736,0.03133393017009848,0.0117998418879747,0.1207619504013418
"frozenset({'Pepsi 1L', 'Lays Chips'})",frozenset({'Shan Biryani Masala'}),0.0408,0.2088,0.0084,0.20588235294117643,0.986026594545864,1.0,-0.00011904000000000081,0.9963259259259258,-0.01455911705999775,0.03482587064676616,-0.0036876226729317244,0.12305611899932384
frozenset({'Eggs'}),frozenset({'Pepsi 1L'}),0.1982,0.2052,0.0408,0.20585267406659943,1.0031806728391786,1.0,0.0001293600000000089,1.0008218551461245,0.003954338033542449,0.11252068394925539,0.0008211802549061905,0.2023415417116623
frozenset({'Lays Chips'}),frozenset({'Shan Biryani Masala'}),0.206,0.2088,0.0424,0.20582524271844663,0.9857530781534799,1.0,-0.0006128000000000036,0.9962542787286064,-0.017877147124720046,0.11385606874328678,-0.003759804450901651,0.20444518840903175
"frozenset({'Butter', 'Frozen Paratha'})",frozenset({'Surf Excel'}),0.035,0.2112,0.0072,0.20571428571428568,0.9740259740259739,1.0,-0.0001920000000000012,0.993093525179856,-0.026890756302521173,0.0301255230125523,-0.006954505940307196,0.11990259740259739
"frozenset({'Jam', 'Guard Rice (1kg)'})",frozenset({'Butter'}),0.035,0.1966,0.0072,0.20571428571428568,1.0463595407644237,1.0,0.00031899999999999897,1.011474820143885,0.04591249280368437,0.03208556149732621,0.011344642412603542,0.12116843482052025
"frozenset({'Jam', 'Guard Rice (1kg)'})",frozenset({'Thal Sugar (200ml)'}),0.035,0.1964,0.0072,0.20571428571428568,1.047425080011638,1.0,0.00032599999999999903,1.011726618705036,0.04691997697179031,0.032114183764495985,0.011590698997368955,0.12118708175734651
"frozenset({'Lux Soap', 'Thal Sugar (200ml)'})",frozenset({'Surf Excel'}),0.035,0.2112,0.0072,0.20571428571428568,0.9740259740259739,1.0,-0.0001920000000000012,0.993093525179856,-0.026890756302521173,0.0301255230125523,-0.006954505940307196,0.11990259740259739
"frozenset({'Jam', 'Guard Rice (1kg)'})",frozenset({'Noodles'}),0.035,0.2052,0.0072,0.20571428571428568,1.0025062656641603,1.0,1.799999999999892e-05,1.0006474820143885,0.0025906735751293785,0.03090128755364807,0.0006470630526996595,0.12040100250626565
"frozenset({'Butter', 'Lays Chips'})",frozenset({'Surf Excel'}),0.036,0.2112,0.0074,0.20555555555555557,0.9732744107744109,1.0,-0.00020319999999999887,0.9928951048951049,-0.027695998255370034,0.030859049207673062,-0.00715573585756139,0.12029671717171718
"frozenset({'Guard Rice (1kg)', 'Shan Biryani Masala'})",frozenset({'Lays Chips'}),0.036,0.206,0.0074,0.20555555555555557,0.9978425026968718,1.0,-1.5999999999998654e-05,0.9994405594405595,-0.0022378874342618687,0.03154305200341006,-0.0005597537083682796,0.12073894282632147
"frozenset({'Pepsi 1L', 'Bread'})",frozenset({'Nestle Water'}),0.036,0.2062,0.0074,0.20555555555555557,0.9968746632180193,1.0,-2.3199999999999263e-05,0.9991888111888113,-0.00324167225575666,0.031516183986371384,-0.0008118473726939023,0.12072152171570213
"frozenset({'Butter', 'Tapal Tea (250g)'})",frozenset({'Noodles'}),0.036,0.2052,0.0074,0.20555555555555557,1.0017327268789258,1.0,1.2800000000001178e-05,1.0004475524475525,0.001794325445777893,0.03165098374679213,0.0004473522339652506,0.12080896686159845
"frozenset({'Butter', 'Tapal Tea (250g)'})",frozenset({'Lux Soap'}),0.036,0.1936,0.0074,0.20555555555555557,1.0617539026629936,1.0,0.0004304000000000009,1.015048951048951,0.06033419311427623,0.0333033303330333,0.01482583774250444,0.12188934802571168
"frozenset({'Lays Chips', 'Nestle Water'})",frozenset({'Eggs'}),0.037,0.1982,0.0076,0.20540540540540542,1.0363542149616822,1.0,0.0002666000000000005,1.0090680272108845,0.03642673662349026,0.033391915641476276,0.008986537048397891,0.12187525567949384
"frozenset({'Dalda Cooking Oil (500ml)', 'Eggs'})",frozenset({'Thal Sugar (200ml)'}),0.037,0.1964,0.0076,0.20540540540540542,1.0458523696812903,1.0,0.0003332000000000005,1.0113333333333334,0.04552658905831564,0.03365810451727192,0.011206328279499037,0.12205097154180658
frozenset({'Dalda Cooking Oil (500ml)'}),frozenset({'Lays Chips'}),0.2026,0.206,0.0416,0.20533070088845012,0.9967509751866511,1.0,-0.0001355999999999996,0.9991577639751553,-0.004071162479013686,0.11335149863760217,-0.0008429459843197289,0.20363622423063282
"frozenset({'Biscuits', 'Surf Excel'})",frozenset({'National Ketchup (1kg)'}),0.038,0.2048,0.0078,0.20526315789473684,1.0022615131578947,1.0,1.759999999999956e-05,1.0005827814569537,0.0023455408070792104,0.033191489361702124,0.0005824420205443058,0.12167454769736842
"frozenset({'Jam', 'Chicken'})",frozenset({'Dalda Cooking Oil (500ml)'}),0.038,0.2026,0.0078,0.20526315789473684,1.0131449056995896,1.0,0.00010120000000000007,1.0033509933774833,0.013486859640705806,0.03350515463917526,0.003339801724024128,0.12188133215566062
"frozenset({'Butter', 'Shan Biryani Masala'})",frozenset({'Surf Excel'}),0.038,0.2112,0.0078,0.20526315789473684,0.97188995215311,1.0,-0.0002255999999999994,0.9925298013245032,-0.029188014283496277,0.03231151615575808,-0.007526422547240311,0.12109748803827751
"frozenset({'Biscuits', 'Surf Excel'})",frozenset({'Pepsi 1L'}),0.038,0.2052,0.0078,0.20526315789473684,1.0003077870113881,1.0,2.400000000000492e-06,1.0000794701986755,0.00031984647369269313,0.03313508920985556,7.946388366488211e-05,0.1216374269005848
"frozenset({'Olpers Milk (Pack of 6)', 'Surf Excel'})",frozenset({'Tapal Tea (250g)'}),0.039,0.1996,0.008,0.20512820512820512,1.0276964184779815,1.0,0.00021559999999999982,1.0069548387096774,0.0280437044745057,0.03469210754553339,0.006906803008752026,0.1226041827244232
"frozenset({'Olpers Milk (Pack of 6)', 'Surf Excel'})",frozenset({'Bread'}),0.039,0.2058,0.008,0.20512820512820512,0.9967356906132415,1.0,-2.620000000000053e-05,0.9991548387096774,-0.0033963340333411796,0.033783783783783786,-0.0008458761921366024,0.12200044853106078
frozenset({'Bread'}),frozenset({'Jam'}),0.2058,0.1984,0.0422,0.20505344995140914,1.03353553402928,1.0,0.0013692800000000005,1.0083696821515893,0.04085544367278887,0.11657458563535912,0.008300212015230977,0.20887753142731746
"frozenset({'Noodles', 'Shan Biryani Masala'})",frozenset({'Lux Soap'}),0.04,0.1936,0.0082,0.20500000000000002,1.0588842975206614,1.0,0.0004560000000000007,1.0143396226415096,0.05792682926829276,0.036379769299023965,0.014136904761904788,0.12367768595041323
"frozenset({'National Ketchup (1kg)', 'Guard Rice (1kg)'})",frozenset({'Nestle Water'}),0.0322,0.2062,0.0066,0.20496894409937888,0.9940297967962118,1.0,-3.963999999999964e-05,0.9984515625000001,-0.006167614732570676,0.028472821397756688,-0.001550838877073714,0.11848835177810846
frozenset({'Guard Rice (1kg)'}),frozenset({'Nestle Water'}),0.1952,0.2062,0.04,0.20491803278688522,0.9937828942137984,1.0,-0.0002502399999999988,0.9983876288659794,-0.007713400800931095,0.11068068622025456,-0.0016149750732108474,0.19945222686870934
"frozenset({'Pepsi 1L', 'Surf Excel'})",frozenset({'Nestle Water'}),0.041,0.2062,0.0084,0.2048780487804878,0.9935889853563908,1.0,-5.4200000000000775e-05,0.9983374233128834,-0.006683272090557199,0.03517587939698492,-0.0016653454516404658,0.12280759859004992
"frozenset({'Chicken', 'Nestle Water'})",frozenset({'Noodles'}),0.041,0.2052,0.0084,0.2048780487804878,0.9984310369419483,1.0,-1.3200000000001405e-05,0.9995950920245398,-0.00163593099345645,0.03532380151387721,-0.00040507199234046426,0.12290686064755384
"frozenset({'Lays Chips', 'Chicken'})",frozenset({'Noodles'}),0.041,0.2052,0.0084,0.2048780487804878,0.9984310369419483,1.0,-1.3200000000001405e-05,0.9995950920245398,-0.00163593099345645,0.03532380151387721,-0.00040507199234046426,0.12290686064755384
"frozenset({'Chicken', 'Nestle Water'})",frozenset({'Pepsi 1L'}),0.041,0.2052,0.0084,0.2048780487804878,0.9984310369419483,1.0,-1.3200000000001405e-05,0.9995950920245398,-0.00163593099345645,0.03532380151387721,-0.00040507199234046426,0.12290686064755384
frozenset({'Biscuits'}),frozenset({'Pepsi 1L'}),0.1972,0.2052,0.0404,0.20486815415821502,0.998382817535161,1.0,-6.543999999999994e-05,0.9995826530612244,-0.00201362768073416,0.11160220994475138,-0.0004175211899659944,0.20087462288807437
"frozenset({'Jam', 'Surf Excel'})",frozenset({'National Ketchup (1kg)'}),0.0342,0.2048,0.007,0.2046783625730994,0.9994060672514619,1.0,-4.160000000000448e-06,0.9998470588235295,-0.0006149516021263795,0.030172413793103446,-0.00015296457105206987,0.1194290250365497
"frozenset({'Jam', 'Surf Excel'})",frozenset({'Bread'}),0.0342,0.2058,0.007,0.2046783625730994,0.9945498667303178,1.0,-3.8360000000000304e-05,0.998589705882353,-0.005642039370727332,0.030042918454935622,-0.0014122858560823557,0.11934598400763813
"frozenset({'Lux Soap', 'Jam'})",frozenset({'Biscuits'}),0.0342,0.1972,0.007,0.2046783625730994,1.0379227311009098,1.0,0.0002557600000000007,1.0094029411764707,0.037830961748957295,0.031194295900178255,0.009315349493148254,0.12008765998837526
"frozenset({'Noodles', 'Guard Rice (1kg)'})",frozenset({'Jam'}),0.0352,0.1984,0.0072,0.20454545454545453,1.030975073313783,1.0,0.00021631999999999988,1.0077257142857143,0.03114059332964804,0.03180212014134276,0.007666485211395381,0.12041788856304984
"frozenset({'Noodles', 'Guard Rice (1kg)'})",frozenset({'Shan Biryani Masala'}),0.0352,0.2088,0.0072,0.20454545454545453,0.9796238244514105,1.0,-0.00014976000000000139,0.9946514285714286,-0.0211038961038963,0.030405405405405404,-0.005377332475411379,0.1195141065830721
"frozenset({'Lux Soap', 'Surf Excel'})",frozenset({'Thal Sugar (200ml)'}),0.0352,0.1964,0.0072,0.20454545454545453,1.0414738011479356,1.0,0.00028671999999999986,1.01024,0.041275105951722846,0.03208556149732621,0.01013620525815647,0.12060266617293093
"frozenset({'Noodles', 'Jam'})",frozenset({'Guard Rice (1kg)'}),0.0352,0.1952,0.0072,0.20454545454545453,1.0478763040238448,1.0,0.0003289599999999988,1.0117485714285714,0.04735581352496758,0.03225806451612903,0.011612145309958398,0.12071535022354693
"frozenset({'Guard Rice (1kg)', 'Bread'})",frozenset({'Dalda Cooking Oil (500ml)'}),0.0362,0.2026,0.0074,0.20441988950276244,1.0089826727678304,1.0,6.587999999999993e-05,1.0022875,0.009237085186452264,0.03197925669835782,0.002282279286132975,0.12047253112847894
"frozenset({'Pepsi 1L', 'Olpers Milk (Pack of 6)'})",frozenset({'Eggs'}),0.0372,0.1982,0.0076,0.20430107526881722,1.0307824181070495,1.0,0.00022696000000000088,1.0076675675675677,0.03101698991975172,0.033362598770851626,0.007609223333521114,0.12132309061119972
"frozenset({'Lays Chips', 'Thal Sugar (200ml)'})",frozenset({'Pepsi 1L'}),0.0372,0.2052,0.0076,0.20430107526881722,0.9956192751891677,1.0,-3.3439999999999165e-05,0.9988702702702703,-0.004549214226633468,0.03236797274275979,-0.0011310074624846205,0.12066905615292713
"frozenset({'Lays Chips', 'Thal Sugar (200ml)'})",frozenset({'Shan Biryani Masala'}),0.0372,0.2088,0.0076,0.20430107526881722,0.9784534256169406,1.0,-0.00016736000000000008,0.994345945945946,-0.022360460890570567,0.031879194630872486,-0.005686204159735587,0.1203497713508837
"frozenset({'Pepsi 1L', 'Olpers Milk (Pack of 6)'})",frozenset({'Surf Excel'}),0.0372,0.2112,0.0076,0.20430107526881722,0.9673346366894755,1.0,-0.0002566399999999998,0.9913297297297297,-0.03388469907260703,0.03156146179401993,-0.008746101332635373,0.12014296187683285
"frozenset({'Butter', 'Surf Excel'})",frozenset({'Shan Biryani Masala'}),0.0382,0.2088,0.0078,0.20418848167539266,0.9779141842691219,1.0,-0.00017615999999999986,0.9942052631578948,-0.02294287723685237,0.03260869565217391,-0.005828511532617985,0.12077240175723655
"frozenset({'Biscuits', 'Bread'})",frozenset({'Nestle Water'}),0.0382,0.2062,0.0078,0.20418848167539266,0.9902448189883253,1.0,-7.68399999999999e-05,0.9974723684210528,-0.010138701232899835,0.03296703296703297,-0.0025340366901074967,0.12100791688037335
"frozenset({'Biscuits', 'Bread'})",frozenset({'Lays Chips'}),0.0382,0.206,0.0078,0.20418848167539266,0.9912062217252071,1.0,-6.920000000000016e-05,0.9977236842105264,-0.00913985027551632,0.03299492385786802,-0.002281509224946253,0.12102627967264779
frozenset({'National Ketchup (1kg)'}),frozenset({'Surf Excel'}),0.2048,0.2112,0.0418,0.20410156249999997,0.9663899739583333,1.0,-0.0014537600000000053,0.9910812269938649,-0.04190340909090924,0.11170497060395508,-0.008999033341785024,0.20100911458333331
"frozenset({'Chicken', 'Bread'})",frozenset({'Nestle Water'}),0.0392,0.2062,0.008,0.20408163265306123,0.9897266375027218,1.0,-8.30399999999995e-05,0.9973384615384616,-0.010688028995654708,0.03369839932603201,-0.002668641152606154,0.12143945842158396
"frozenset({'Lays Chips', 'Surf Excel'})",frozenset({'Shan Biryani Masala'}),0.0412,0.2088,0.0084,0.20388349514563106,0.9764535208124092,1.0,-0.00020256000000000093,0.9938243902439025,-0.024533457357130507,0.0347682119205298,-0.006213984901881892,0.12205669010155115
frozenset({'Eggs'}),frozenset({'Lux Soap'}),0.1982,0.1936,0.0404,0.20383451059535823,1.052864207620652,1.0,0.002028479999999999,1.0128547528517111,0.06262147791232102,0.11496869664200342,0.012691605400989877,0.2062560982728857
"frozenset({'Butter', 'Thal Sugar (200ml)'})",frozenset({'Frozen Paratha'}),0.0324,0.197,0.0066,0.20370370370370372,1.0340289528106787,1.0,0.00021719999999999986,1.0084186046511627,0.03401104889323159,0.0296229802513465,0.008348323416816577,0.11860312088738485
frozenset({'Lux Soap'}),frozenset({'Biscuits'}),0.1936,0.1972,0.0394,0.20351239669421486,1.0320101252242133,1.0,0.0012220800000000004,1.0079252918287938,0.03846386270244139,0.11212293682413203,0.007862975453680716,0.2016547784688113
"frozenset({'National Ketchup (1kg)', 'Eggs'})",frozenset({'Bread'}),0.0344,0.2058,0.007,0.20348837209302326,0.9887676000632811,1.0,-7.952000000000046e-05,0.9970978102189781,-0.011627906976744252,0.030017152658662092,-0.0029106370019853366,0.11875098876760007
"frozenset({'National Ketchup (1kg)', 'Eggs'})",frozenset({'Butter'}),0.0344,0.1966,0.007,0.20348837209302326,1.035037497929925,1.0,0.00023696000000000047,1.0086481751824818,0.03505740324298741,0.03125000000000001,0.008574025507870625,0.11954683101090634
"frozenset({'Frozen Paratha', 'Eggs'})",frozenset({'Chicken'}),0.0344,0.198,0.007,0.20348837209302326,1.0277190509748648,1.0,0.00018880000000000025,1.0068905109489052,0.02793229968043559,0.031055900621118016,0.0068433567244678885,0.11942095372327931
"frozenset({'Chicken', 'Shan Biryani Masala'})",frozenset({'Jam'}),0.0354,0.1984,0.0072,0.20338983050847456,1.0251503553854564,1.0,0.0001766399999999996,1.006263829787234,0.025433685811044247,0.03177405119152692,0.006224838458675859,0.11984007654455986
"frozenset({'National Ketchup (1kg)', 'Chicken'})",frozenset({'Lays Chips'}),0.0354,0.206,0.0072,0.20338983050847456,0.9873292743129833,1.0,-9.24000000000003e-05,0.9967234042553192,-0.013129625208880445,0.030742954739538857,-0.00328736711779021,0.11917064340957709
"frozenset({'Butter', 'Bread'})",frozenset({'Frozen Paratha'}),0.0364,0.197,0.0074,0.2032967032967033,1.031962960896971,1.0,0.00022919999999999972,1.007903448275862,0.03214297734845676,0.03274336283185841,0.007841473594898242,0.12043007753667652
frozenset({'Shan Biryani Masala'}),frozenset({'Lays Chips'}),0.2088,0.206,0.0424,0.20306513409961685,0.9857530781534799,1.0,-0.0006128000000000036,0.9963173076923076,-0.017939278119701463,0.11385606874328678,-0.0036963046604321635,0.20444518840903175
"frozenset({'Biscuits', 'Lux Soap'})",frozenset({'Eggs'}),0.0394,0.1982,0.008,0.20304568527918784,1.02444846255897,1.0,0.00019092000000000154,1.0060802547770702,0.024843847595253165,0.0348432055749129,0.006043508704399919,0.12170447735200562
"frozenset({'Pepsi 1L', 'Nestle Water'})",frozenset({'Tapal Tea (250g)'}),0.0394,0.1996,0.008,0.20304568527918784,1.0172629523005403,1.0,0.0001357600000000004,1.004323566878981,0.017666042057047728,0.03463203463203463,0.004304954121923842,0.12156292279991457
frozenset({'Frozen Paratha'}),frozenset({'Lays Chips'}),0.197,0.206,0.04,0.20304568527918782,0.9856586664038244,1.0,-0.0005819999999999992,0.9962929936305732,-0.017797076631398668,0.11019283746556473,-0.0037207993964888833,0.19861022128037062
"frozenset({'Biscuits', 'Pepsi 1L'})",frozenset({'Eggs'}),0.0404,0.1982,0.0082,0.20297029702970298,1.0240680980307921,1.0,0.00019272000000000213,1.005985093167702,0.024491912280523657,0.03559027777777778,0.005949484946000245,0.12217132409507349
"frozenset({'Nestle Water', 'Surf Excel'})",frozenset({'Tapal Tea (250g)'}),0.0404,0.1996,0.0082,0.20297029702970298,1.0168852556598347,1.0,0.0001361600000000015,1.0042285714285715,0.017303957949959013,0.03537532355478862,0.004210765904176642,0.12202623067918016
"frozenset({'Lays Chips', 'Bread'})",frozenset({'Shan Biryani Masala'}),0.0404,0.2088,0.0082,0.20297029702970298,0.9720799666173514,1.0,-0.00023551999999999948,0.9926857142857143,-0.029061330858908357,0.03402489626556017,-0.007368178678332949,0.12112116384052199
"frozenset({'Bread', 'Tapal Tea (250g)'})",frozenset({'Dalda Cooking Oil (500ml)'}),0.0306,0.2026,0.0062,0.20261437908496732,1.0000709727787134,1.0,4.39999999999989e-07,1.0000180327868853,7.320790379150207e-05,0.02731277533039648,1.8032461709706254e-05,0.11660827542599797
"frozenset({'Bread', 'Tapal Tea (250g)'})",frozenset({'Thal Sugar (200ml)'}),0.0306,0.1964,0.0062,0.20261437908496732,1.0316414413694874,1.0,0.00019015999999999998,1.0077934426229507,0.03163912496589177,0.02807971014492754,0.007733174570641278,0.11709130359543682
"frozenset({'Butter', 'Olpers Milk (Pack of 6)'})",frozenset({'Eggs'}),0.0326,0.1982,0.0066,0.20245398773006137,1.021463106609795,1.0,0.00013868000000000127,1.0053338461538464,0.021720199723094278,0.029438001784121322,0.0053055471814185415,0.11787684250277035
"frozenset({'Guard Rice (1kg)', 'Eggs'})",frozenset({'Noodles'}),0.0326,0.2052,0.0066,0.20245398773006137,0.9866178739281743,1.0,-8.951999999999918e-05,0.9965569230769231,-0.013826849294756423,0.028546712802768166,-0.003454972659711398,0.11730886521005993
"frozenset({'Lux Soap', 'Dalda Cooking Oil (500ml)'})",frozenset({'Pepsi 1L'}),0.0326,0.2052,0.0066,0.20245398773006137,0.9866178739281743,1.0,-8.951999999999918e-05,0.9965569230769231,-0.013826849294756423,0.028546712802768166,-0.003454972659711398,0.11730886521005993
"frozenset({'Lux Soap', 'Dalda Cooking Oil (500ml)'})",frozenset({'Tapal Tea (250g)'}),0.0326,0.1996,0.0066,0.20245398773006137,1.0142985357217504,1.0,9.304000000000083e-05,1.0035784615384615,0.014572017466373603,0.02925531914893617,0.003565701811670883,0.11776005999729522
"frozenset({'Guard Rice (1kg)', 'Eggs'})",frozenset({'Surf Excel'}),0.0326,0.2112,0.0066,0.20245398773006137,0.9585889570552149,1.0,-0.00028511999999999895,0.9890338461538462,-0.042746883039778194,0.02782462057335582,-0.011087743749922193,0.11685199386503069
"frozenset({'Lux Soap', 'Olpers Milk (Pack of 6)'})",frozenset({'Eggs'}),0.0326,0.1982,0.0066,0.20245398773006137,1.021463106609795,1.0,0.00013868000000000127,1.0053338461538464,0.021720199723094278,0.029438001784121322,0.0053055471814185415,0.11787684250277035
"frozenset({'Guard Rice (1kg)', 'Eggs'})",frozenset({'Nestle Water'}),0.0326,0.2062,0.0066,0.20245398773006137,0.9818331121729456,1.0,-0.000122119999999999,0.9953030769230771,-0.018767596542778656,0.028423772609819122,-0.0047190882715276135,0.11723087359344969
"frozenset({'Butter', 'Olpers Milk (Pack of 6)'})",frozenset({'National Ketchup (1kg)'}),0.0326,0.2048,0.0066,0.20245398773006137,0.9885448619631902,1.0,-7.647999999999943e-05,0.9970584615384617,-0.011836590665684325,0.028596187175043326,-0.0029502166372467747,0.11734027511503069
"frozenset({'Pepsi 1L', 'Jam'})",frozenset({'Frozen Paratha'}),0.0346,0.197,0.007,0.2023121387283237,1.026965171209765,1.0,0.00018380000000000046,1.0066594202898551,0.027198200597827762,0.03116651825467498,0.006615365788697013,0.11892256682609079
"frozenset({'Jam', 'Lays Chips'})",frozenset({'Nestle Water'}),0.0356,0.2062,0.0072,0.20224719101123595,0.9808302182892141,1.0,-0.00014071999999999956,0.9950450704225353,-0.01986336175258308,0.030690537084398978,-0.004979603160448532,0.11858237339116598
"frozenset({'Biscuits', 'Tapal Tea (250g)'})",frozenset({'Thal Sugar (200ml)'}),0.0356,0.1964,0.0072,0.20224719101123595,1.0297718483260487,1.0,0.00020815999999999977,1.0073295774647888,0.029978340015668892,0.03202846975088968,0.007276245658581332,0.11945353440582164
"frozenset({'Bread', 'Eggs'})",frozenset({'Noodles'}),0.0376,0.2052,0.0076,0.20212765957446807,0.9850275807722616,1.0,-0.00011552000000000003,0.9961493333333333,-0.015548281505728317,0.03231292517006803,-0.003865551617428186,0.11958234830575255
"frozenset({'Pepsi 1L', 'Frozen Paratha'})",frozenset({'Dalda Cooking Oil (500ml)'}),0.0386,0.2026,0.0078,0.2020725388601036,0.9973965392897512,1.0,-2.0360000000000517e-05,0.9993389610389609,-0.0027077060569629693,0.033419023136246784,-0.0006614762225939389,0.120286022638344
"frozenset({'Pepsi 1L', 'Frozen Paratha'})",frozenset({'Eggs'}),0.0386,0.1982,0.0078,0.2020725388601036,1.0195385411710576,1.0,0.00014947999999999958,1.0048532467532467,0.019933537096008435,0.03406113537117904,0.004829806510480927,0.12071336327465321
"frozenset({'Pepsi 1L', 'Frozen Paratha'})",frozenset({'Chicken'}),0.0386,0.198,0.0078,0.2020725388601036,1.0205683780813313,1.0,0.00015719999999999883,1.005103896103896,0.020963018674689,0.03409090909090909,0.005077978628558087,0.1207332391270215
"frozenset({'Noodles', 'Bread'})",frozenset({'Jam'}),0.0386,0.1984,0.0078,0.2020725388601036,1.018510780544877,1.0,0.00014175999999999946,1.0046025974025974,0.018904055517327756,0.034031413612565446,0.00458151055402146,0.12069352749456792
"frozenset({'Jam', 'Nestle Water'})",frozenset({'Dalda Cooking Oil (500ml)'}),0.0386,0.2026,0.0078,0.2020725388601036,0.9973965392897512,1.0,-2.0360000000000517e-05,0.9993389610389609,-0.0027077060569629693,0.033419023136246784,-0.0006614762225939389,0.120286022638344
frozenset({'Olpers Milk (Pack of 6)'}),frozenset({'Chicken'}),0.196,0.198,0.0396,0.20204081632653062,1.0204081632653061,1.0,0.000792000000000001,1.005063938618926,0.024875621890547293,0.11173814898419866,0.005038424347295026,0.20102040816326533
frozenset({'Frozen Paratha'}),frozenset({'Nestle Water'}),0.197,0.2062,0.0398,0.2020304568527919,0.9797791311968569,1.0,-0.0008213999999999999,0.9947748091603054,-0.025057350644279577,0.10952118877270227,-0.005252636869750698,0.19752347284928634
frozenset({'Frozen Paratha'}),frozenset({'Bread'}),0.197,0.2058,0.0398,0.2020304568527919,0.9816834638133716,1.0,-0.000742600000000003,0.9952760814249364,-0.022708091248241788,0.1096418732782369,-0.004746339898272628,0.19771104961201305
"frozenset({'Surf Excel', 'Tapal Tea (250g)'})",frozenset({'Butter'}),0.0396,0.1966,0.008,0.20202020202020202,1.0275696949145576,1.0,0.00021463999999999945,1.006792405063291,0.02793627655143683,0.035056967572304996,0.006746579562113542,0.12135598096940925
"frozenset({'Surf Excel', 'Tapal Tea (250g)'})",frozenset({'Pepsi 1L'}),0.0396,0.2052,0.008,0.20202020202020202,0.9845039084805167,1.0,-0.00012591999999999985,0.9960151898734176,-0.01612473620587209,0.033783783783783786,-0.004000752365120756,0.12050327839801524
"frozenset({'Chicken', 'Olpers Milk (Pack of 6)'})",frozenset({'Nestle Water'}),0.0396,0.2062,0.008,0.20202020202020202,0.979729398740068,1.0,-0.0001655200000000006,0.9947620253164557,-0.021088788999989883,0.0336417157275021,-0.005265555530105792,0.12040874310515436
"frozenset({'Surf Excel', 'Tapal Tea (250g)'})",frozenset({'Olpers Milk (Pack of 6)'}),0.0396,0.196,0.008,0.20202020202020202,1.0307153164296021,1.0,0.00023839999999999886,1.0075443037974683,0.031028738025822424,0.0351493848857645,0.0074878134579626976,0.12141826427540713
"frozenset({'Chicken', 'Olpers Milk (Pack of 6)'})",frozenset({'Lays Chips'}),0.0396,0.206,0.008,0.20202020202020202,0.9806805923310778,1.0,-0.0001576000000000008,0.9950126582278481,-0.020099989796959594,0.033670033670033676,-0.0050123400249344734,0.12042757673825635
"frozenset({'Dalda Cooking Oil (500ml)', 'Shan Biryani Masala'})",frozenset({'Lays Chips'}),0.0406,0.206,0.0082,0.20197044334975373,0.9804390453871541,1.0,-0.00016359999999999812,0.9949506172839507,-0.020371873863732355,0.03439597315436242,-0.005075008375625016,0.12088813429623609
"frozenset({'Dalda Cooking Oil (500ml)', 'Nestle Water'})",frozenset({'Bread'}),0.0406,0.2058,0.0082,0.20197044334975373,0.9813918530114369,1.0,-0.0001554799999999995,0.9952012345679013,-0.019380347420274766,0.03442485306465156,-0.0048219046213123715,0.12090747629100904
frozenset({'Lays Chips'}),frozenset({'Dalda Cooking Oil (500ml)'}),0.206,0.2026,0.0416,0.20194174757281552,0.9967509751866511,1.0,-0.0001355999999999996,0.9991751824817519,-0.004088524392450088,0.11335149863760217,-0.0008254984037929274,0.20363622423063282
"frozenset({'Dalda Cooking Oil (500ml)', 'Lays Chips'})",frozenset({'Guard Rice (1kg)'}),0.0416,0.1952,0.0084,0.20192307692307693,1.0344419924337958,1.0,0.00027967999999999917,1.008424096385542,0.03474044041656719,0.036777583187390536,0.008353723810980263,0.12247793190416141
frozenset({'Tapal Tea (250g)'}),frozenset({'Noodles'}),0.1996,0.2052,0.0402,0.20140280561122245,0.9814951540507917,1.0,-0.0007579200000000022,0.9952451693851945,-0.023013299325924646,0.11025781678551838,-0.004777547041743258,0.19865461917988025
"frozenset({'Lux Soap', 'Guard Rice (1kg)'})",frozenset({'Thal Sugar (200ml)'}),0.0338,0.1964,0.0068,0.20118343195266272,1.0243555598404417,1.0,0.00016168000000000085,1.005988148148148,0.02460822871893544,0.03043867502238138,0.005952503674294091,0.11790332493763482
"frozenset({'Chicken', 'Tapal Tea (250g)'})",frozenset({'Eggs'}),0.0348,0.1982,0.007,0.20114942528735635,1.0148810559402441,1.0,0.00010264000000000106,1.0036920863309353,0.015191522112367689,0.03097345132743363,0.003678504973006194,0.11823364301703843
"frozenset({'National Ketchup (1kg)', 'Thal Sugar (200ml)'})",frozenset({'Tapal Tea (250g)'}),0.0348,0.1996,0.007,0.20114942528735635,1.0077626517402622,1.0,5.3920000000000703e-05,1.0019395683453238,0.007980581374696687,0.030782761653474055,0.0019358137023442704,0.11810978278395874
"frozenset({'Chicken', 'Eggs'})",frozenset({'Frozen Paratha'}),0.0348,0.197,0.007,0.20114942528735635,1.0210630725246514,1.0,0.00014440000000000026,1.0051942446043165,0.021372328458942668,0.03113879003558719,0.005167403844777516,0.11834121010560711
"frozenset({'National Ketchup (1kg)', 'Thal Sugar (200ml)'})",frozenset({'Surf Excel'}),0.0348,0.2112,0.007,0.20114942528735635,0.9524120515499828,1.0,-0.0003497599999999993,0.9874187050359712,-0.04921926891598266,0.029288702928870293,-0.01274160080203302,0.11714668234064787
"frozenset({'Chicken', 'Eggs'})",frozenset({'Tapal Tea (250g)'}),0.0348,0.1996,0.007,0.20114942528735635,1.0077626517402622,1.0,5.3920000000000703e-05,1.0019395683453238,0.007980581374696687,0.030782761653474055,0.0019358137023442704,0.11810978278395874
"frozenset({'Chicken', 'Surf Excel'})",frozenset({'Dalda Cooking Oil (500ml)'}),0.0358,0.2026,0.0072,0.2011173184357542,0.992681729692765,1.0,-5.307999999999962e-05,0.998144055944056,-0.007587930216201635,0.03114186851211073,-0.001859394989021573,0.1183276621793776
"frozenset({'Noodles', 'Lays Chips'})",frozenset({'Surf Excel'}),0.0368,0.2112,0.0074,0.20108695652173914,0.9521162714097497,1.0,-0.00037215999999999985,0.9873414965986393,-0.04962239194436146,0.030756442227763924,-0.012820795484610629,0.11806241765480896
"frozenset({'National Ketchup (1kg)', 'Bread'})",frozenset({'Lays Chips'}),0.0368,0.206,0.0074,0.20108695652173914,0.9761502743773744,1.0,-0.0001807999999999992,0.9938503401360544,-0.02473838609396197,0.03143585386576041,-0.006187712189245407,0.11850464330941327
"frozenset({'Thal Sugar (200ml)', 'Tapal Tea (250g)'})",frozenset({'Surf Excel'}),0.0368,0.2112,0.0074,0.20108695652173914,0.9521162714097497,1.0,-0.00037215999999999985,0.9873414965986393,-0.04962239194436146,0.030756442227763924,-0.012820795484610629,0.11806241765480896
"frozenset({'Biscuits', 'Eggs'})",frozenset({'Shan Biryani Masala'}),0.0368,0.2088,0.0074,0.20108695652173914,0.9630601365983674,1.0,-0.0002838399999999996,0.9903455782312925,-0.038297137429299195,0.031066330814441646,-0.009748538268782707,0.11826378477427953
"frozenset({'Lux Soap', 'Pepsi 1L'})",frozenset({'Eggs'}),0.0368,0.1982,0.0074,0.20108695652173914,1.0145658754880886,1.0,0.0001062400000000005,1.003613605442177,0.014905270719224276,0.03251318101933216,0.003600594314965263,0.1192114903698504
"frozenset({'National Ketchup (1kg)', 'Bread'})",frozenset({'Surf Excel'}),0.0368,0.2112,0.0074,0.20108695652173914,0.9521162714097497,1.0,-0.00037215999999999985,0.9873414965986393,-0.04962239194436146,0.030756442227763924,-0.012820795484610629,0.11806241765480896
"frozenset({'Lux Soap', 'Butter'})",frozenset({'Tapal Tea (250g)'}),0.0368,0.1996,0.0074,0.20108695652173914,1.007449681972641,1.0,5.472000000000029e-05,1.001861224489796,0.007677112328275159,0.032314410480349345,0.0018577667687895247,0.11908055240916617
"frozenset({'Thal Sugar (200ml)', 'Tapal Tea (250g)'})",frozenset({'Dalda Cooking Oil (500ml)'}),0.0368,0.2026,0.0074,0.20108695652173914,0.9925318683205288,1.0,-5.567999999999979e-05,0.9981061224489796,-0.0077512473271560646,0.03189655172413793,-0.0018974711289953185,0.11880606463796729
"frozenset({'Noodles', 'Olpers Milk (Pack of 6)'})",frozenset({'Tapal Tea (250g)'}),0.0368,0.1996,0.0074,0.20108695652173914,1.007449681972641,1.0,5.472000000000029e-05,1.001861224489796,0.007677112328275159,0.032314410480349345,0.0018577667687895247,0.11908055240916617
"frozenset({'Frozen Paratha', 'Shan Biryani Masala'})",frozenset({'Lays Chips'}),0.0368,0.206,0.0074,0.20108695652173914,0.9761502743773744,1.0,-0.0001807999999999992,0.9938503401360544,-0.02473838609396197,0.03143585386576041,-0.006187712189245407,0.11850464330941327
"frozenset({'Lux Soap', 'Frozen Paratha'})",frozenset({'Shan Biryani Masala'}),0.0378,0.2088,0.0076,0.20105820105820105,0.9629224188611161,1.0,-0.00029264000000000113,0.9903099337748344,-0.038478125953275204,0.031799163179916316,-0.009784882383466843,0.11872833424557562
"frozenset({'Dalda Cooking Oil (500ml)', 'Thal Sugar (200ml)'})",frozenset({'Eggs'}),0.0378,0.1982,0.0076,0.20105820105820105,1.0144207924228106,1.0,0.00010804000000000022,1.0035774834437088,0.014774256364253002,0.03327495621716287,0.003564730678724195,0.11970165350589165
"frozenset({'Lux Soap', 'Frozen Paratha'})",frozenset({'Pepsi 1L'}),0.0378,0.2052,0.0076,0.20105820105820105,0.9798157946306094,1.0,-0.00015656000000000003,0.994815894039735,-0.020960520960520965,0.03228547153780799,-0.005211120963511508,0.11904761904761904
"frozenset({'Lux Soap', 'Nestle Water'})",frozenset({'Pepsi 1L'}),0.0388,0.2052,0.0078,0.20103092783505153,0.979682884186411,1.0,-0.00016176000000000038,0.9947819354838708,-0.02111991978190711,0.03302286198137172,-0.005245435537177236,0.11952131187074214
"frozenset({'Noodles', 'Pepsi 1L'})",frozenset({'Biscuits'}),0.0388,0.1972,0.0078,0.20103092783505153,1.0194266117396122,1.0,0.00014864000000000023,1.0047948387096772,0.019825645293810118,0.03418054338299737,0.004771957941020852,0.12029234018527424
"frozenset({'Biscuits', 'Lays Chips'})",frozenset({'Bread'}),0.0388,0.2058,0.0078,0.20103092783505153,0.9768266658651678,1.0,-0.0001850400000000009,0.9940309677419354,-0.024086223055295335,0.032939189189189186,-0.006004875553951756,0.11946590123531002
"frozenset({'Biscuits', 'National Ketchup (1kg)'})",frozenset({'Surf Excel'}),0.0388,0.2112,0.0078,0.20103092783505153,0.9518509840674788,1.0,-0.0003945600000000004,0.987272258064516,-0.04999543837241133,0.03220478943022295,-0.012891825766922507,0.11898137300843485
"frozenset({'Noodles', 'Pepsi 1L'})",frozenset({'National Ketchup (1kg)'}),0.0388,0.2048,0.0078,0.20103092783505153,0.9815963273195875,1.0,-0.0001462400000000006,0.9952825806451613,-0.01913234601496685,0.03307888040712468,-0.004739778879462379,0.11955843266752576
"frozenset({'Noodles', 'Nestle Water'})",frozenset({'Dalda Cooking Oil (500ml)'}),0.0398,0.2026,0.008,0.20100502512562812,0.9921274685371576,1.0,-6.348000000000117e-05,0.9980037735849057,-0.008196170988550302,0.034129692832764506,-0.0020002193057084014,0.1202458491867035
"frozenset({'Noodles', 'Nestle Water'})",frozenset({'Surf Excel'}),0.0398,0.2112,0.008,0.20100502512562812,0.951728338663012,1.0,-0.0004057599999999998,0.987240251572327,-0.050172120444743375,0.03292181069958848,-0.012924663887388282,0.119441906502208
"frozenset({'Pepsi 1L', 'Eggs'})",frozenset({'Biscuits'}),0.0408,0.1972,0.0082,0.20098039215686275,1.0191703456230363,1.0,0.00015423999999999993,1.0047312883435582,0.019609837466181154,0.03568320278503047,0.004709008665748339,0.12128127112914132
"frozenset({'Dalda Cooking Oil (500ml)', 'Bread'})",frozenset({'Frozen Paratha'}),0.0428,0.197,0.0086,0.20093457943925236,1.0199724844632099,1.0,0.00016840000000000084,1.004923976608187,0.02045695293443095,0.03719723183391003,0.004899849862082629,0.12229470088713887
frozenset({'Nestle Water'}),frozenset({'Tapal Tea (250g)'}),0.2062,0.1996,0.0414,0.20077594568380214,1.0058915114418945,1.0,0.00024248000000000325,1.0014713592233009,0.007378438940435818,0.11361141602634467,0.001469197505999672,0.20409538767156038
frozenset({'Thal Sugar (200ml)'}),frozenset({'Noodles'}),0.1964,0.2052,0.0394,0.20061099796334012,0.9776364423164723,1.0,-0.0009012799999999974,0.9942593630573248,-0.027677937494932837,0.10877967973495307,-0.005773782129667688,0.19630939761714764
frozenset({'Thal Sugar (200ml)'}),frozenset({'Shan Biryani Masala'}),0.1964,0.2088,0.0394,0.20061099796334012,0.9607806415868779,1.0,-0.0016083200000000034,0.989755923566879,-0.04834121627308084,0.10770913067249863,-0.010350103686374998,0.19465415798550145
frozenset({'Lux Soap'}),frozenset({'Nestle Water'}),0.1936,0.2062,0.0388,0.20041322314049587,0.9719360967046357,1.0,-0.001120319999999994,0.9927627906976745,-0.03456855949524554,0.10747922437673131,-0.007289968328929362,0.19429002573125667
frozenset({'Tapal Tea (250g)'}),frozenset({'National Ketchup (1kg)'}),0.1996,0.2048,0.04,0.20040080160320642,0.9785195390781563,1.0,-0.0008780800000000033,0.9944982456140351,-0.0266941650290874,0.10976948408342481,-0.005532191142849083,0.1978566508016032
frozenset({'Dalda Cooking Oil (500ml)'}),frozenset({'Shan Biryani Masala'}),0.2026,0.2088,0.0406,0.20039486673247778,0.9597455303279586,1.0,-0.0017028800000000038,0.9894883950617284,-0.04997106579977544,0.10949298813376482,-0.010623272582813745,0.19741965558846108
frozenset({'Dalda Cooking Oil (500ml)'}),frozenset({'Nestle Water'}),0.2026,0.2062,0.0406,0.20039486673247778,0.9718470743573122,1.0,-0.0011761200000000027,0.9927400000000001,-0.035055152581655945,0.11026615969581749,-0.007313093055583543,0.1986455419986346
"frozenset({'National Ketchup (1kg)', 'Frozen Paratha'})",frozenset({'Nestle Water'}),0.036,0.2062,0.0072,0.2,0.9699321047526674,1.0,-0.0002231999999999998,0.9922500000000001,-0.03115577889447234,0.030638297872340427,-0.007810531620055408,0.11745877788554801
"frozenset({'Bread', 'Shan Biryani Masala'})",frozenset({'Chicken'}),0.038,0.198,0.0076,0.2,1.0101010101010102,1.0,7.599999999999968e-05,1.0025,0.010395010395010352,0.03327495621716287,0.002493765586034915,0.1191919191919192
"frozenset({'Lays Chips', 'Nestle Water'})",frozenset({'Frozen Paratha'}),0.037,0.197,0.0074,0.2,1.015228426395939,1.0,0.00011099999999999999,1.00375,0.015576323987538939,0.03265666372462489,0.003735990037359904,0.11878172588832488
"frozenset({'Dalda Cooking Oil (500ml)', 'Eggs'})",frozenset({'Tapal Tea (250g)'}),0.037,0.1996,0.0074,0.2,1.0020040080160322,1.0,1.4800000000000577e-05,1.0005,0.0020768431983386065,0.03228621291448516,0.0004997501249375455,0.1185370741482966
frozenset({'Lays Chips'}),frozenset({'Surf Excel'}),0.206,0.2112,0.0412,0.2,0.946969696969697,1.0,-0.0023071999999999954,0.9859999999999999,-0.06588235294117635,0.10957446808510639,-0.014198782961460432,0.1975378787878788
"frozenset({'Jam', 'Olpers Milk (Pack of 6)'})",frozenset({'Dalda Cooking Oil (500ml)'}),0.032,0.2026,0.0064,0.2,0.9871668311944719,1.0,-8.320000000000029e-05,0.9967499999999999,-0.013251783893985772,0.028045574057843997,-0.0032605969400551684,0.11579466929911156
"frozenset({'Jam', 'Chicken'})",frozenset({'Nestle Water'}),0.038,0.2062,0.0076,0.2,0.9699321047526674,1.0,-0.00023559999999999987,0.9922500000000001,-0.031218529707955675,0.032121724429416736,-0.007810531620055408,0.11842870999030068
"frozenset({'Jam', 'Olpers Milk (Pack of 6)'})",frozenset({'Thal Sugar (200ml)'}),0.032,0.1964,0.0064,0.2,1.0183299389002038,1.0,0.0001152000000000002,1.0045,0.01859504132231408,0.02882882882882883,0.00447984071677454,0.11629327902240327
"frozenset({'National Ketchup (1kg)', 'Shan Biryani Masala'})",frozenset({'Pepsi 1L'}),0.038,0.2052,0.0076,0.2,0.9746588693957116,1.0,-0.00019759999999999917,0.9934999999999999,-0.0263157894736841,0.03225806451612903,-0.006542526421741297,0.11851851851851852
"frozenset({'Guard Rice (1kg)', 'Shan Biryani Masala'})",frozenset({'Noodles'}),0.036,0.2052,0.0072,0.2,0.9746588693957116,1.0,-0.00018719999999999935,0.9934999999999999,-0.026262626262626175,0.03076923076923077,-0.006542526421741297,0.11754385964912281
"frozenset({'Pepsi 1L', 'Bread'})",frozenset({'Jam'}),0.036,0.1984,0.0072,0.2,1.0080645161290323,1.0,5.760000000000053e-05,1.002,0.00829875518672207,0.03169014084507042,0.0019960079840319585,0.11814516129032258
"frozenset({'Guard Rice (1kg)', 'Shan Biryani Masala'})",frozenset({'Butter'}),0.036,0.1966,0.0072,0.2,1.017293997965412,1.0,0.0001224000000000008,1.0042499999999999,0.01763485477178435,0.031943212067435674,0.0042320139407518225,0.11831129196337742
"frozenset({'Guard Rice (1kg)', 'Nestle Water'})",frozenset({'Surf Excel'}),0.04,0.2112,0.008,0.2,0.946969696969697,1.0,-0.0004480000000000005,0.9859999999999999,-0.055118110236220534,0.03289473684210527,-0.014198782961460432,0.11893939393939394
"frozenset({'Jam', 'Olpers Milk (Pack of 6)'})",frozenset({'Lays Chips'}),0.032,0.206,0.0064,0.2,0.9708737864077671,1.0,-0.00019199999999999946,0.9925,-0.030060120240480877,0.02763385146804836,-0.007556675062972263,0.11553398058252427
"frozenset({'Butter', 'Lays Chips'})",frozenset({'Nestle Water'}),0.036,0.2062,0.0072,0.2,0.9699321047526674,1.0,-0.0002231999999999998,0.9922500000000001,-0.03115577889447234,0.030638297872340427,-0.007810531620055408,0.11745877788554801
"frozenset({'Pepsi 1L', 'Surf Excel'})",frozenset({'Frozen Paratha'}),0.041,0.197,0.0082,0.2,1.015228426395939,1.0,0.00012299999999999985,1.00375,0.015641293013555765,0.03568320278503046,0.003735990037359904,0.12081218274111676
"frozenset({'Biscuits', 'Jam'})",frozenset({'Lays Chips'}),0.037,0.206,0.0074,0.2,0.9708737864077671,1.0,-0.0002219999999999991,0.9925,-0.030211480362537645,0.031409168081494056,-0.007556675062972263,0.1179611650485437
"frozenset({'Butter', 'National Ketchup (1kg)'})",frozenset({'Noodles'}),0.037,0.2052,0.0074,0.2,0.9746588693957116,1.0,-0.00019239999999999882,0.9934999999999999,-0.02628918099089974,0.031516183986371384,-0.006542526421741297,0.11803118908382067
frozenset({'Chicken'}),frozenset({'Olpers Milk (Pack of 6)'}),0.198,0.196,0.0396,0.2,1.0204081632653061,1.0,0.000792000000000001,1.005,0.02493765586034916,0.11173814898419866,0.004975124378109457,0.20102040816326533
"frozenset({'Lays Chips', 'Guard Rice (1kg)'})",frozenset({'Chicken'}),0.039,0.198,0.0078,0.19999999999999998,1.01010101010101,1.0,7.799999999999908e-05,1.0025,0.010405827263267307,0.03403141361256544,0.00249376558603488,0.11969696969696969
"frozenset({'Guard Rice (1kg)', 'Surf Excel'})",frozenset({'Frozen Paratha'}),0.034,0.197,0.0068,0.19999999999999998,1.015228426395939,1.0,0.00010199999999999879,1.00375,0.015527950310558824,0.030330062444246207,0.0037359900373598693,0.11725888324873096
"frozenset({'Biscuits', 'Olpers Milk (Pack of 6)'})",frozenset({'National Ketchup (1kg)'}),0.033,0.2048,0.0066,0.19999999999999998,0.9765624999999999,1.0,-0.00015840000000000038,0.994,-0.024217961654894104,0.028546712802768163,-0.006036217303822971,0.11611328124999999
"frozenset({'Dalda Cooking Oil (500ml)', 'Olpers Milk (Pack of 6)'})",frozenset({'Shan Biryani Masala'}),0.035,0.2088,0.007,0.19999999999999998,0.9578544061302681,1.0,-0.000308000000000001,0.989,-0.04360753221010916,0.02956081081081081,-0.011122345803842302,0.11676245210727969
"frozenset({'Butter', 'Chicken'})",frozenset({'Eggs'}),0.034,0.1982,0.0068,0.19999999999999998,1.0090817356205852,1.0,6.119999999999997e-05,1.00225,0.009316770186335399,0.030168589174800354,0.0022449488650536243,0.11715438950554993
"frozenset({'Dalda Cooking Oil (500ml)', 'Frozen Paratha'})",frozenset({'Pepsi 1L'}),0.039,0.2052,0.0078,0.19999999999999998,0.9746588693957114,1.0,-0.0002027999999999995,0.9934999999999999,-0.026342451874366703,0.03299492385786802,-0.006542526421741332,0.11900584795321636
"frozenset({'Biscuits', 'Chicken'})",frozenset({'Lays Chips'}),0.035,0.206,0.007,0.19999999999999998,0.970873786407767,1.0,-0.00021000000000000012,0.9925,-0.030150753768844237,0.029914529914529916,-0.007556675062972299,0.11699029126213592
"frozenset({'Biscuits', 'Chicken'})",frozenset({'Jam'}),0.035,0.1984,0.007,0.19999999999999998,1.0080645161290323,1.0,5.5999999999999626e-05,1.002,0.008290155440414454,0.030918727915194347,0.0019960079840319243,0.11764112903225805
"frozenset({'Dalda Cooking Oil (500ml)', 'Frozen Paratha'})",frozenset({'Shan Biryani Masala'}),0.039,0.2088,0.0078,0.19999999999999998,0.9578544061302681,1.0,-0.0003432000000000001,0.989,-0.043781094527363194,0.032499999999999994,-0.011122345803842302,0.11867816091954023
"frozenset({'Lux Soap', 'Thal Sugar (200ml)'})",frozenset({'Lays Chips'}),0.035,0.206,0.007,0.19999999999999998,0.970873786407767,1.0,-0.00021000000000000012,0.9925,-0.030150753768844237,0.029914529914529916,-0.007556675062972299,0.11699029126213592
"frozenset({'Dalda Cooking Oil (500ml)', 'Pepsi 1L'})",frozenset({'Frozen Paratha'}),0.039,0.197,0.0078,0.19999999999999998,1.015228426395939,1.0,0.00011699999999999905,1.00375,0.015608740894901019,0.034180543382997364,0.0037359900373598693,0.1197969543147208
"frozenset({'Lays Chips', 'Tapal Tea (250g)'})",frozenset({'Thal Sugar (200ml)'}),0.039,0.1964,0.0078,0.19999999999999998,1.0183299389002036,1.0,0.00014039999999999973,1.0045,0.018730489073881338,0.03427065026362038,0.004479840716774505,0.11985743380855396
"frozenset({'Dalda Cooking Oil (500ml)', 'Frozen Paratha'})",frozenset({'Lays Chips'}),0.039,0.206,0.0078,0.19999999999999998,0.970873786407767,1.0,-0.00023399999999999983,0.9925,-0.03027245206861754,0.03288364249578415,-0.007556675062972299,0.11893203883495145
"frozenset({'Biscuits', 'Olpers Milk (Pack of 6)'})",frozenset({'Chicken'}),0.033,0.198,0.0066,0.19999999999999998,1.01010101010101,1.0,6.599999999999922e-05,1.0025,0.010341261633919215,0.02941176470588235,0.00249376558603488,0.11666666666666665
"frozenset({'Butter', 'Chicken'})",frozenset({'Frozen Paratha'}),0.034,0.197,0.0068,0.19999999999999998,1.015228426395939,1.0,0.00010199999999999879,1.00375,0.015527950310558824,0.030330062444246207,0.0037359900373598693,0.11725888324873096
"frozenset({'Guard Rice (1kg)', 'Tapal Tea (250g)'})",frozenset({'Nestle Water'}),0.034,0.2062,0.0068,0.19999999999999998,0.9699321047526672,1.0,-0.00021080000000000057,0.9922500000000001,-0.03109327983951864,0.02913453299057412,-0.007810531620055443,0.11648884578079534
"frozenset({'Jam', 'Guard Rice (1kg)'})",frozenset({'Shan Biryani Masala'}),0.035,0.2088,0.007,0.19999999999999998,0.9578544061302681,1.0,-0.000308000000000001,0.989,-0.04360753221010916,0.02956081081081081,-0.011122345803842302,0.11676245210727969
"frozenset({'Lays Chips', 'Guard Rice (1kg)'})",frozenset({'Pepsi 1L'}),0.039,0.2052,0.0078,0.19999999999999998,0.9746588693957114,1.0,-0.0002027999999999995,0.9934999999999999,-0.026342451874366703,0.03299492385786802,-0.006542526421741332,0.11900584795321636
frozenset({'Noodles'}),frozenset({'Surf Excel'}),0.2052,0.2112,0.041,0.19980506822612087,0.9460467245554965,1.0,-0.0023382399999999984,0.9857598051157125,-0.06695024543994792,0.10921683537559936,-0.014445907421246356,0.1969669280524544
frozenset({'Pepsi 1L'}),frozenset({'Surf Excel'}),0.2052,0.2112,0.041,0.19980506822612087,0.9460467245554965,1.0,-0.0023382399999999984,0.9857598051157125,-0.06695024543994792,0.10921683537559936,-0.014445907421246356,0.1969669280524544
frozenset({'Biscuits'}),frozenset({'Lux Soap'}),0.1972,0.1936,0.0394,0.1997971602434077,1.0320101252242133,1.0,0.0012220800000000004,1.007744486692015,0.038636346391690016,0.11212293682413203,0.007684970539940126,0.2016547784688113
frozenset({'Guard Rice (1kg)'}),frozenset({'Lays Chips'}),0.1952,0.206,0.039,0.1997950819672131,0.9698790386757918,1.0,-0.0012112000000000026,0.9922458386683739,-0.03715519780111915,0.10767531750414135,-0.007814758227691294,0.19455773515836383
frozenset({'Thal Sugar (200ml)'}),frozenset({'Eggs'}),0.1964,0.1982,0.0392,0.19959266802443992,1.0070265793362256,1.0,0.00027352000000000626,1.001739949109415,0.008682865879054657,0.11029825548677548,0.001736926944923841,0.19868634410303732
frozenset({'Shan Biryani Masala'}),frozenset({'Biscuits'}),0.2088,0.1972,0.0416,0.19923371647509577,1.0103129638696542,1.0,0.00042463999999999696,1.0025397129186602,0.012901532239247011,0.11416026344676178,0.0025332791169603726,0.20509353166553979
"frozenset({'Lays Chips', 'National Ketchup (1kg)'})",frozenset({'Biscuits'}),0.0432,0.1972,0.0086,0.19907407407407407,1.0095034182255278,1.0,8.095999999999971e-05,1.0023398843930635,0.0098389982110912,0.03710094909404659,0.0023344221151894414,0.12134231087070843
frozenset({'Lays Chips'}),frozenset({'Chicken'}),0.206,0.198,0.041,0.19902912621359226,1.0051976071393547,1.0,0.00021200000000000385,1.0012848484848487,0.006512256558333963,0.11294765840220385,0.0012831997675713793,0.20304991664214966
frozenset({'Chicken'}),frozenset({'Pepsi 1L'}),0.198,0.2052,0.0394,0.19898989898989897,0.9697363498533088,1.0,-0.0012296000000000043,0.9922471626733921,-0.03745537400543445,0.10830126443100603,-0.00781341345005162,0.19549884813042706
frozenset({'Frozen Paratha'}),frozenset({'Chicken'}),0.197,0.198,0.0392,0.19898477157360406,1.004973593806081,1.0,0.0001939999999999928,1.0012294043092522,0.006163112816732941,0.1101742551995503,0.0012278947301796116,0.19848228477670102
"frozenset({'Chicken', 'Frozen Paratha'})",frozenset({'Pepsi 1L'}),0.0392,0.2052,0.0078,0.1989795918367347,0.9696861200620599,1.0,-0.00024384000000000038,0.9922343949044586,-0.03151169282302592,0.03296703296703297,-0.007826381685034349,0.11849564387158372
frozenset({'Olpers Milk (Pack of 6)'}),frozenset({'Surf Excel'}),0.196,0.2112,0.039,0.1989795918367347,0.9421382189239332,1.0,-0.0023952,0.984743949044586,-0.07096636564033279,0.10592069527430743,-0.015492403858094963,0.1918193413729128
"frozenset({'Nestle Water', 'Shan Biryani Masala'})",frozenset({'Pepsi 1L'}),0.0382,0.2052,0.0076,0.19895287958115185,0.969555943377933,1.0,-0.00023863999999999917,0.9922013071895424,-0.03161498187676187,0.032230703986429174,-0.007859990461560324,0.11799495830909444
"frozenset({'Olpers Milk (Pack of 6)', 'Eggs'})",frozenset({'Pepsi 1L'}),0.0382,0.2052,0.0076,0.19895287958115185,0.969555943377933,1.0,-0.00023863999999999917,0.9922013071895424,-0.03161498187676187,0.032230703986429174,-0.007859990461560324,0.11799495830909444
"frozenset({'Noodles', 'Butter'})",frozenset({'National Ketchup (1kg)'}),0.0372,0.2048,0.0074,0.19892473118279572,0.9713121639784946,1.0,-0.0002185599999999996,0.9926657718120806,-0.02976326655118688,0.03154305200341006,-0.0073884165206291414,0.11752877184139786
"frozenset({'Noodles', 'Butter'})",frozenset({'Tapal Tea (250g)'}),0.0372,0.1996,0.0074,0.19892473118279572,0.9966168896933653,1.0,-2.5119999999999136e-05,0.9991570469798658,-0.003513365334049312,0.03225806451612903,-0.0008436641894106486,0.11799943973969446
"frozenset({'Olpers Milk (Pack of 6)', 'Tapal Tea (250g)'})",frozenset({'Noodles'}),0.0372,0.2052,0.0074,0.19892473118279572,0.9694187679473476,1.0,-0.00023343999999999882,0.9921664429530201,-0.031725322635006416,0.03148936170212766,-0.007895406161555457,0.11749355467521852
"frozenset({'Guard Rice (1kg)', 'Bread'})",frozenset({'Olpers Milk (Pack of 6)'}),0.0362,0.196,0.0072,0.19889502762430938,1.0147705491036192,1.0,0.00010479999999999864,1.0036137931034483,0.015102257268681644,0.032,0.003600780627250468,0.1178148607509302
"frozenset({'Dalda Cooking Oil (500ml)', 'Butter'})",frozenset({'Bread'}),0.0362,0.2058,0.0072,0.19889502762430938,0.9664481420034469,1.0,-0.0002499600000000013,0.9913806896551723,-0.0347682395553406,0.030664395229982964,-0.008694248773219122,0.11694022518241708
"frozenset({'Lux Soap', 'Chicken'})",frozenset({'Pepsi 1L'}),0.0352,0.2052,0.007,0.19886363636363635,0.9691210349105086,1.0,-0.00022303999999999987,0.9920907801418439,-0.031969544078524884,0.029991431019708657,-0.007972274328590387,0.11648834839624313
"frozenset({'Noodles', 'Guard Rice (1kg)'})",frozenset({'Biscuits'}),0.0352,0.1972,0.007,0.19886363636363635,1.008436289876452,1.0,5.8560000000000036e-05,1.0020765957446809,0.008670931058990765,0.031055900621118016,0.0020722924310368302,0.11718029688364373
frozenset({'Nestle Water'}),frozenset({'Chicken'}),0.2062,0.198,0.041,0.19883608147429682,1.0042226337085698,1.0,0.0001724000000000031,1.001043583535109,0.0052971504771738,0.11288546255506608,0.0010424956038613622,0.20295339427250195
frozenset({'Pepsi 1L'}),frozenset({'Lays Chips'}),0.2052,0.206,0.0408,0.19883040935672516,0.9651961619258503,1.0,-0.001471199999999992,0.991051094890511,-0.043399459099726485,0.11015118790496761,-0.009029711137625724,0.19844433089195485
frozenset({'Pepsi 1L'}),frozenset({'Eggs'}),0.2052,0.1982,0.0408,0.19883040935672516,1.0031806728391786,1.0,0.0001293600000000089,1.0007868613138686,0.0039891648657452644,0.11252068394925539,0.0007862426499440952,0.2023415417116623
"frozenset({'Jam', 'Surf Excel'})",frozenset({'Thal Sugar (200ml)'}),0.0342,0.1964,0.0068,0.19883040935672514,1.012374793058682,1.0,8.31199999999999e-05,1.0030335766423357,0.012656377523053108,0.03038427167113494,0.0030244018874130713,0.11672681363966603
"frozenset({'National Ketchup (1kg)', 'Guard Rice (1kg)'})",frozenset({'Olpers Milk (Pack of 6)'}),0.0322,0.196,0.0064,0.1987577639751553,1.014070224363037,1.0,8.879999999999999e-05,1.0034418604651163,0.0143366398016119,0.028854824165915238,0.0034300546954667737,0.11570541259982255
"frozenset({'Guard Rice (1kg)', 'Frozen Paratha'})",frozenset({'Biscuits'}),0.0322,0.1972,0.0064,0.1987577639751553,1.0078994116387185,1.0,5.016000000000048e-05,1.0019441860465117,0.008098264104153829,0.028699551569506727,0.0019404135216184698,0.11560606251496101
"frozenset({'National Ketchup (1kg)', 'Guard Rice (1kg)'})",frozenset({'Lux Soap'}),0.0322,0.1936,0.0064,0.1987577639751553,1.0266413428468766,1.0,0.00016608000000000074,1.0064372093023257,0.026813391196528327,0.02917046490428441,0.006396036675539806,0.11590780760741236
frozenset({'Tapal Tea (250g)'}),frozenset({'Surf Excel'}),0.1996,0.2112,0.0396,0.19839679358717435,0.9393787575150301,1.0,-0.0025555199999999986,0.9840279999999999,-0.07461075998150142,0.10668103448275863,-0.01623124545236517,0.1929483967935872
frozenset({'Shan Biryani Masala'}),frozenset({'Jam'}),0.2088,0.1984,0.0414,0.1982758620689655,0.9993743047830923,1.0,-2.5919999999998722e-05,0.9998451612903225,-0.0007906874588183225,0.11317659923455439,-0.0001548626884162873,0.20347260845383758
"frozenset({'Lays Chips', 'Shan Biryani Masala'})",frozenset({'Pepsi 1L'}),0.0424,0.2052,0.0084,0.1981132075471698,0.9654639744014123,1.0,-0.00030048000000000054,0.9911623529411764,-0.03601012425218598,0.03511705685618729,-0.008916447474622797,0.11952444003089484
"frozenset({'Lays Chips', 'Shan Biryani Masala'})",frozenset({'Surf Excel'}),0.0424,0.2112,0.0084,0.1981132075471698,0.9380360205831904,1.0,-0.0005548800000000007,0.9836799999999999,-0.06453053477726925,0.03425774877650897,-0.016590761223162023,0.11894296740994853
"frozenset({'Nestle Water', 'Tapal Tea (250g)'})",frozenset({'Surf Excel'}),0.0414,0.2112,0.0082,0.19806763285024157,0.9378202312984922,1.0,-0.0005436799999999995,0.983624096385542,-0.06469146379191351,0.03355155482815058,-0.016648538475860085,0.11844669521299957
"frozenset({'Jam', 'Shan Biryani Masala'})",frozenset({'Butter'}),0.0414,0.1966,0.0082,0.19806763285024157,1.0074650704488382,1.0,6.0760000000001715e-05,1.0018301204819278,0.007729768514042545,0.03568320278503047,0.0018267772594493005,0.11988834338341173
frozenset({'Lays Chips'}),frozenset({'Pepsi 1L'}),0.206,0.2052,0.0408,0.1980582524271845,0.9651961619258504,1.0,-0.001471199999999992,0.9910944309927361,-0.04344128693926701,0.11015118790496761,-0.008985590806260057,0.19844433089195485
"frozenset({'Biscuits', 'Pepsi 1L'})",frozenset({'National Ketchup (1kg)'}),0.0404,0.2048,0.008,0.19801980198019803,0.9668935643564357,1.0,-0.0002739200000000004,0.9915456790123457,-0.03445222571037597,0.03372681281618887,-0.008526405960515569,0.11854115099009901
"frozenset({'Nestle Water', 'Surf Excel'})",frozenset({'Noodles'}),0.0404,0.2052,0.008,0.19801980198019803,0.9650087815799124,1.0,-0.00029007999999999985,0.9910469135802468,-0.036410740465527267,0.033670033670033676,-0.009033968318824817,0.11850307837801324
"frozenset({'Lux Soap', 'Eggs'})",frozenset({'Biscuits'}),0.0404,0.1972,0.008,0.19801980198019803,1.0041572108529313,1.0,3.3120000000001065e-05,1.001022222222222,0.004314297624010143,0.0348432055749129,0.001021178351018987,0.11929387664932822
"frozenset({'Nestle Water', 'Surf Excel'})",frozenset({'Guard Rice (1kg)'}),0.0404,0.1952,0.008,0.19801980198019803,1.0144457068657686,1.0,0.00011392,1.003516049382716,0.01483951646519383,0.0351493848857645,0.0035037300946794444,0.11950170426878753
"frozenset({'Pepsi 1L', 'National Ketchup (1kg)'})",frozenset({'Biscuits'}),0.0404,0.1972,0.008,0.19801980198019803,1.0041572108529313,1.0,3.3120000000001065e-05,1.001022222222222,0.004314297624010143,0.0348432055749129,0.001021178351018987,0.11929387664932822
"frozenset({'Lays Chips', 'Bread'})",frozenset({'Surf Excel'}),0.0404,0.2112,0.008,0.19801980198019803,0.9375937593759377,1.0,-0.0005324800000000001,0.9835654320987653,-0.06486317923130898,0.03284072249589491,-0.016709175988592763,0.11794929492949295
frozenset({'Chicken'}),frozenset({'Frozen Paratha'}),0.198,0.197,0.0392,0.19797979797979798,1.004973593806081,1.0,0.0001939999999999928,1.0012216624685137,0.0061707974960555495,0.1101742551995503,0.0012201718303835238,0.19848228477670102
frozenset({'Chicken'}),frozenset({'Bread'}),0.198,0.2058,0.0392,0.19797979797979798,0.962000962000962,1.0,-0.0015484000000000053,0.990249370277078,-0.04693998811645886,0.10751508502468457,-0.009846640670110844,0.19422799422799422
"frozenset({'Pepsi 1L', 'Chicken'})",frozenset({'Frozen Paratha'}),0.0394,0.197,0.0078,0.19796954314720813,1.0049215388183153,1.0,3.819999999999952e-05,1.0012088607594936,0.005098309283193666,0.03412073490813648,0.001207401179586705,0.11878172588832488
"frozenset({'Pepsi 1L', 'Nestle Water'})",frozenset({'Lux Soap'}),0.0394,0.1936,0.0078,0.19796954314720813,1.0225699542727693,1.0,0.0001721600000000002,1.0054481012658227,0.022977092308760043,0.03463587921847247,0.005418580291676758,0.11912939967277762
"frozenset({'Noodles', 'Thal Sugar (200ml)'})",frozenset({'Biscuits'}),0.0394,0.1972,0.0078,0.19796954314720813,1.0039023486166743,1.0,3.0320000000000347e-05,1.000959493670886,0.004046616164042819,0.034090909090909095,0.0009585739252717315,0.11876164784135254
"frozenset({'Noodles', 'Thal Sugar (200ml)'})",frozenset({'Surf Excel'}),0.0394,0.2112,0.0078,0.19796954314720813,0.9373557914167052,1.0,-0.000521279999999999,0.9835037974683544,-0.06504649386819987,0.03212520593080725,-0.016772891547657032,0.11745068066451315
frozenset({'Frozen Paratha'}),frozenset({'Dalda Cooking Oil (500ml)'}),0.197,0.2026,0.039,0.1979695431472081,0.9771448329082335,1.0,-0.0009122000000000019,0.994226582278481,-0.02830352599506044,0.108153078202995,-0.00580694363279646,0.19523353761506507
frozenset({'Frozen Paratha'}),frozenset({'Surf Excel'}),0.197,0.2112,0.039,0.1979695431472081,0.937355791416705,1.0,-0.0026064000000000018,0.9835037974683544,-0.07683192132864046,0.1056338028169014,-0.016772891547657067,0.1913143170281495
frozenset({'Surf Excel'}),frozenset({'National Ketchup (1kg)'}),0.2112,0.2048,0.0418,0.19791666666666666,0.9663899739583333,1.0,-0.0014537600000000053,0.9914181818181818,-0.04222903885480588,0.11170497060395508,-0.008656103286385,0.20100911458333331
frozenset({'Pepsi 1L'}),frozenset({'Shan Biryani Masala'}),0.2052,0.2088,0.0406,0.19785575048732942,0.9475850119124972,1.0,-0.0022457600000000064,0.9863562575941677,-0.06506688176379664,0.10873058382431706,-0.013832469050392555,0.1961500974658869
"frozenset({'Butter', 'Guard Rice (1kg)'})",frozenset({'Jam'}),0.0364,0.1984,0.0072,0.1978021978021978,0.9969868840836583,1.0,-2.176000000000001e-05,0.9992547945205479,-0.0031265805324382744,0.03163444639718805,-0.0007457612248031433,0.11704626019142148
"frozenset({'Butter', 'Guard Rice (1kg)'})",frozenset({'Shan Biryani Masala'}),0.0364,0.2088,0.0072,0.1978021978021978,0.94732853353543,1.0,-0.0004003200000000009,0.9862904109589041,-0.0545525902668761,0.03025210084033613,-0.01390015444616054,0.11614247821144372
"frozenset({'Butter', 'Bread'})",frozenset({'Dalda Cooking Oil (500ml)'}),0.0364,0.2026,0.0072,0.1978021978021978,0.9763188440384886,1.0,-0.00017464000000000108,0.9940191780821918,-0.024553747174013447,0.03106125970664366,-0.006016807371209191,0.11667010186259939
"frozenset({'Biscuits', 'Frozen Paratha'})",frozenset({'Dalda Cooking Oil (500ml)'}),0.0364,0.2026,0.0072,0.1978021978021978,0.9763188440384886,1.0,-0.00017464000000000108,0.9940191780821918,-0.024553747174013447,0.03106125970664366,-0.006016807371209191,0.11667010186259939
"frozenset({'Biscuits', 'Frozen Paratha'})",frozenset({'Bread'}),0.0364,0.2058,0.0072,0.1978021978021978,0.9611379873770544,1.0,-0.0002911200000000006,0.9900301369863014,-0.04027090734039383,0.030638297872340424,-0.0100702621478245,0.11639381027136128
"frozenset({'Dalda Cooking Oil (500ml)', 'Noodles'})",frozenset({'Tapal Tea (250g)'}),0.0364,0.1996,0.0072,0.1978021978021978,0.9909929749609108,1.0,-6.544000000000081e-05,0.997758904109589,-0.009344086267163305,0.03146853146853147,-0.002246129682411552,0.11693717104538748
"frozenset({'Biscuits', 'Frozen Paratha'})",frozenset({'Lux Soap'}),0.0364,0.1936,0.0072,0.1978021978021978,1.0217055671601125,1.0,0.00015295999999999973,1.0052383561643836,0.022046953553802828,0.03231597845601437,0.00521105878248735,0.11749614022341295
frozenset({'Eggs'}),frozenset({'Thal Sugar (200ml)'}),0.1982,0.1964,0.0392,0.1977800201816347,1.0070265793362256,1.0,0.00027352000000000626,1.001720251572327,0.008702358468955253,0.11029825548677548,0.001717297388793824,0.19868634410303732
"frozenset({'Biscuits', 'Guard Rice (1kg)'})",frozenset({'Shan Biryani Masala'}),0.0354,0.2088,0.007,0.1977401129943503,0.9470311925016776,1.0,-0.00039152000000000024,0.9862140845070424,-0.054806179413526876,0.02951096121416526,-0.013978623616847473,0.11563250860445484
"frozenset({'Chicken', 'Thal Sugar (200ml)'})",frozenset({'Butter'}),0.0354,0.1966,0.007,0.1977401129943503,1.0057991505307746,1.0,4.03599999999997e-05,1.0014211267605635,0.005977311098604855,0.031111111111111114,0.0014191100253302157,0.11667270146156986
"frozenset({'Chicken', 'Thal Sugar (200ml)'})",frozenset({'Lays Chips'}),0.0354,0.206,0.007,0.1977401129943503,0.9599034611376228,1.0,-0.00029239999999999995,0.9897042253521128,-0.04150696987763677,0.029863481228668942,-0.010402880359760322,0.11586034775931107
"frozenset({'Biscuits', 'Guard Rice (1kg)'})",frozenset({'Noodles'}),0.0354,0.2052,0.007,0.1977401129943503,0.9636457748262686,1.0,-0.00026407999999999987,0.9907014084507042,-0.037638178635972325,0.02996575342465754,-0.009385866891859213,0.1159265867116001
"frozenset({'Chicken', 'Thal Sugar (200ml)'})",frozenset({'Olpers Milk (Pack of 6)'}),0.0354,0.196,0.007,0.1977401129943503,1.0088781275221954,1.0,6.159999999999933e-05,1.0021690140845072,0.009122952519178835,0.031194295900178255,0.002164319644714284,0.116727199354318
"frozenset({'National Ketchup (1kg)', 'Chicken'})",frozenset({'Frozen Paratha'}),0.0354,0.197,0.007,0.1977401129943503,1.003756918753047,1.0,2.619999999999966e-05,1.0009225352112676,0.003880216818222159,0.031055900621118016,0.0009216849244710882,0.11663655395910408
"frozenset({'Frozen Paratha', 'Eggs'})",frozenset({'Thal Sugar (200ml)'}),0.0344,0.1964,0.0068,0.19767441860465115,1.0064888930990386,1.0,4.383999999999985e-05,1.0015884057971014,0.006676738632486941,0.030357142857142853,0.0015858867653697883,0.11614881826362904
"frozenset({'Frozen Paratha', 'Eggs'})",frozenset({'Bread'}),0.0344,0.2058,0.0068,0.19767441860465115,0.9605170972043301,1.0,-0.000279520000000001,0.989872463768116,-0.040832067313310884,0.029134532990574117,-0.010231152600539986,0.11535810337424006
"frozenset({'Nestle Water', 'Thal Sugar (200ml)'})",frozenset({'Jam'}),0.0344,0.1984,0.0068,0.19767441860465115,0.9963428357089272,1.0,-2.4960000000000086e-05,0.999095652173913,-0.003786959265912525,0.030088495575221235,-0.0009051664113633233,0.11597430607651912
"frozenset({'National Ketchup (1kg)', 'Eggs'})",frozenset({'Noodles'}),0.0344,0.2052,0.0068,0.19767441860465115,0.9633256267283195,1.0,-0.0002588800000000004,0.9906202898550724,-0.037931357839459924,0.029209621993127148,-0.009468522138083595,0.11540641008205267
"frozenset({'Frozen Paratha', 'Tapal Tea (250g)'})",frozenset({'Nestle Water'}),0.0324,0.2062,0.0064,0.19753086419753088,0.9579576343236221,1.0,-0.000280879999999999,0.9891969230769231,-0.04338906808042595,0.027562446167097333,-0.010921057952216066,0.11428434577480812
"frozenset({'Frozen Paratha', 'Tapal Tea (250g)'})",frozenset({'Chicken'}),0.0324,0.198,0.0064,0.19753086419753088,0.997630627260257,1.0,-1.5199999999999936e-05,0.9994153846153847,-0.0024485167143482975,0.02857142857142857,-0.0005849573596871925,0.11492704826038161
"frozenset({'Frozen Paratha', 'Tapal Tea (250g)'})",frozenset({'Lays Chips'}),0.0324,0.206,0.0064,0.19753086419753088,0.9588876902792762,1.0,-0.0002743999999999993,0.9894461538461539,-0.04243054009253064,0.027586206896551724,-0.01066641788724069,0.11429941268128971
frozenset({'Bread'}),frozenset({'Surf Excel'}),0.2058,0.2112,0.0406,0.19727891156462582,0.9340857555143268,1.0,-0.0028649600000000067,0.982657627118644,-0.0816007528451007,0.10786397449521783,-0.017648438685819196,0.19475688002473715
frozenset({'National Ketchup (1kg)'}),frozenset({'Pepsi 1L'}),0.2048,0.2052,0.0404,0.19726562499999997,0.9613334551656919,1.0,-0.0016249600000000017,0.9901158150851581,-0.048145479368932084,0.1093073593073593,-0.009982857322596907,0.19707335830896683
"frozenset({'Dalda Cooking Oil (500ml)', 'Lays Chips'})",frozenset({'Shan Biryani Masala'}),0.0416,0.2088,0.0082,0.19711538461538464,0.9440391983495432,1.0,-0.00048607999999999985,0.9854467065868263,-0.05824833192729502,0.033856317093311314,-0.014768219646884954,0.11819370763336282
"frozenset({'Dalda Cooking Oil (500ml)', 'Lays Chips'})",frozenset({'National Ketchup (1kg)'}),0.0416,0.2048,0.0082,0.19711538461538464,0.9624774639423077,1.0,-0.00031967999999999927,0.99042874251497,-0.0390875655372094,0.03442485306465156,-0.009663751741216515,0.11857722355769232
"frozenset({'Surf Excel', 'Bread'})",frozenset({'Lays Chips'}),0.0406,0.206,0.008,0.19704433497536947,0.9565258979386868,1.0,-0.00036359999999999865,0.9888466257668712,-0.04523063143752783,0.03352891869237217,-0.011279175093993099,0.11793964321584008
"frozenset({'Surf Excel', 'Bread'})",frozenset({'Olpers Milk (Pack of 6)'}),0.0406,0.196,0.008,0.19704433497536947,1.0053282396702523,1.0,4.239999999999973e-05,1.0013006134969324,0.005524286012090855,0.03499562554680665,0.0012989240987182334,0.11893033075299085
"frozenset({'Dalda Cooking Oil (500ml)', 'Nestle Water'})",frozenset({'Noodles'}),0.0406,0.2052,0.008,0.19704433497536947,0.9602550437396173,1.0,-0.000331119999999999,0.989842944785276,-0.0413573277111081,0.0336417157275021,-0.010261279598176305,0.11801534487559896
"frozenset({'Dalda Cooking Oil (500ml)', 'Nestle Water'})",frozenset({'Thal Sugar (200ml)'}),0.0406,0.1964,0.008,0.19704433497536947,1.0032807279804963,1.0,2.6160000000000766e-05,1.00080245398773,0.0034083802376486303,0.03493449781659389,0.0008018105716394674,0.11888876626568881
"frozenset({'Surf Excel', 'Shan Biryani Masala'})",frozenset({'Butter'}),0.0396,0.1966,0.0078,0.19696969696969693,1.0018804525416936,1.0,1.4639999999998925e-05,1.0004603773584906,0.001954313907666534,0.03415061295971979,0.0004601655087091568,0.118322081445174
frozenset({'Nestle Water'}),frozenset({'Dalda Cooking Oil (500ml)'}),0.2062,0.2026,0.0406,0.19689621726479145,0.9718470743573122,1.0,-0.0011761200000000027,0.9928978260869565,-0.035208535402521904,0.11026615969581749,-0.00715297558967714,0.1986455419986346
"frozenset({'Noodles', 'Bread'})",frozenset({'Eggs'}),0.0386,0.1982,0.0076,0.19689119170984454,0.9933965272948766,1.0,-5.052000000000008e-05,0.9983703225806453,-0.006866780116240517,0.03315881326352531,-0.0016323376030873656,0.1176181488317134
"frozenset({'Pepsi 1L', 'Frozen Paratha'})",frozenset({'Nestle Water'}),0.0386,0.2062,0.0076,0.19689119170984454,0.9548554399119522,1.0,-0.00035932000000000065,0.9884090322580646,-0.04687214647611006,0.03204047217537943,-0.011726893789563438,0.11687430584522294
"frozenset({'National Ketchup (1kg)', 'Nestle Water'})",frozenset({'Dalda Cooking Oil (500ml)'}),0.0386,0.2026,0.0076,0.19689119170984454,0.9718222690515524,1.0,-0.00022036000000000017,0.9928916129032258,-0.0292759399495151,0.032534246575342464,-0.0071592780162471345,0.11720176564761724
"frozenset({'Dalda Cooking Oil (500ml)', 'National Ketchup (1kg)'})",frozenset({'Nestle Water'}),0.0386,0.2062,0.0076,0.19689119170984454,0.9548554399119522,1.0,-0.00035932000000000065,0.9884090322580646,-0.04687214647611006,0.03204047217537943,-0.011726893789563438,0.11687430584522294
"frozenset({'Pepsi 1L', 'Frozen Paratha'})",frozenset({'Lux Soap'}),0.0386,0.1936,0.0076,0.19689119170984454,1.016999957178949,1.0,0.00012704000000000014,1.004098064516129,0.01738692476979845,0.03383793410507569,0.004081338925898491,0.11807369502847599
"frozenset({'Eggs', 'Tapal Tea (250g)'})",frozenset({'Nestle Water'}),0.0386,0.2062,0.0076,0.19689119170984454,0.9548554399119522,1.0,-0.00035932000000000065,0.9884090322580646,-0.04687214647611006,0.03204047217537943,-0.011726893789563438,0.11687430584522294
"frozenset({'Jam', 'Nestle Water'})",frozenset({'Chicken'}),0.0386,0.198,0.0076,0.19689119170984454,0.994399958130528,1.0,-4.2800000000000823e-05,0.9986193548387098,-0.005823572952497172,0.03318777292576419,-0.0013825539777499649,0.11763751504684146
frozenset({'Pepsi 1L'}),frozenset({'National Ketchup (1kg)'}),0.2052,0.2048,0.0404,0.1968810916179337,0.9613334551656919,1.0,-0.0016249600000000017,0.9901398058252427,-0.04816854246998956,0.1093073593073593,-0.009958385792336892,0.19707335830896683
frozenset({'Pepsi 1L'}),frozenset({'Biscuits'}),0.2052,0.1972,0.0404,0.1968810916179337,0.9983828175351609,1.0,-6.543999999999994e-05,0.9996029126213593,-0.0020338544774634983,0.11160220994475138,-0.0003972451196640186,0.20087462288807437
"frozenset({'Biscuits', 'Noodles'})",frozenset({'Surf Excel'}),0.0376,0.2112,0.0074,0.19680851063829788,0.9318584784010316,1.0,-0.0005411199999999991,0.9820821192052979,-0.07061574760403387,0.030654515327257666,-0.01824478874455137,0.11592319471308833
"frozenset({'Bread', 'Eggs'})",frozenset({'Thal Sugar (200ml)'}),0.0376,0.1964,0.0074,0.19680851063829788,1.00207999306669,1.0,1.536000000000072e-05,1.0005086092715232,0.0021567702365708364,0.03265666372462489,0.0005083507196340064,0.11724335918880271
frozenset({'Biscuits'}),frozenset({'Lays Chips'}),0.1972,0.206,0.0388,0.19675456389452334,0.955119242206424,1.0,-0.001823199999999997,0.9884898989898991,-0.055295670487300594,0.10647639956092207,-0.011644126077426513,0.1925520392288151
frozenset({'Biscuits'}),frozenset({'National Ketchup (1kg)'}),0.1972,0.2048,0.0388,0.19675456389452334,0.9607156440162272,1.0,-0.0015865600000000007,0.9899838383838385,-0.04846648256311251,0.10682819383259912,-0.01011750013264169,0.19310384444726167
"frozenset({'Jam', 'Thal Sugar (200ml)'})",frozenset({'Guard Rice (1kg)'}),0.0366,0.1952,0.0072,0.19672131147540983,1.0077936038699273,1.0,5.5679999999998925e-05,1.0018938775510204,0.00802712615043926,0.032056990204808546,0.0018902975589088222,0.11680327868852458
"frozenset({'Pepsi 1L', 'Thal Sugar (200ml)'})",frozenset({'Jam'}),0.0366,0.1984,0.0072,0.19672131147540983,0.9915388683236384,1.0,-6.144000000000028e-05,0.9979102040816327,-0.008779751697647342,0.03160667251975417,-0.00209417231111547,0.1165058170280275
"frozenset({'Jam', 'Thal Sugar (200ml)'})",frozenset({'Pepsi 1L'}),0.0366,0.2052,0.0072,0.19672131147540983,0.9586808551433228,1.0,-0.0003103200000000002,0.9894448979591836,-0.04282165921510187,0.030690537084398978,-0.01066770071035501,0.11590451538682772
"frozenset({'Pepsi 1L', 'Thal Sugar (200ml)'})",frozenset({'Frozen Paratha'}),0.0366,0.197,0.0072,0.19672131147540983,0.9985853374386285,1.0,-1.0200000000001007e-05,0.9996530612244897,-0.0014683273160705555,0.03180212014134276,-0.0003470591837984758,0.11663476741283182
"frozenset({'Butter', 'Nestle Water'})",frozenset({'Lays Chips'}),0.0366,0.206,0.0072,0.19672131147540983,0.9549578226961642,1.0,-0.0003395999999999998,0.9884489795918368,-0.04667348352409537,0.030586236193712833,-0.011686005698476267,0.11583638389304472
"frozenset({'Biscuits', 'Thal Sugar (200ml)'})",frozenset({'Tapal Tea (250g)'}),0.0366,0.1996,0.0072,0.19672131147540983,0.9855777128026545,1.0,-0.00010536000000000052,0.9964163265306123,-0.01496199856855602,0.0314410480349345,-0.003596562374550434,0.1163967278819935
"frozenset({'Biscuits', 'Thal Sugar (200ml)'})",frozenset({'Surf Excel'}),0.0366,0.2112,0.0072,0.19672131147540983,0.9314456035767511,1.0,-0.0005299200000000006,0.9819755102040816,-0.07097396335583421,0.029925187032418955,-0.018355335350646765,0.11540611028315946
"frozenset({'Pepsi 1L', 'Thal Sugar (200ml)'})",frozenset({'Eggs'}),0.0366,0.1982,0.0072,0.19672131147540983,0.9925394120858216,1.0,-5.4119999999999516e-05,0.9981591836734695,-0.0077418247360740875,0.03163444639718805,-0.0018442111805813852,0.11652412697887546
"frozenset({'Pepsi 1L', 'Tapal Tea (250g)'})",frozenset({'National Ketchup (1kg)'}),0.0356,0.2048,0.007,0.19662921348314608,0.9601035814606742,1.0,-0.0002908800000000003,0.9898293706293707,-0.041308324149918814,0.029991431019708657,-0.010275133949766013,0.11540445049157304
"frozenset({'Biscuits', 'Tapal Tea (250g)'})",frozenset({'Lays Chips'}),0.0356,0.206,0.007,0.19662921348314608,0.954510745063816,1.0,-0.000333599999999999,0.9883356643356644,-0.047089379481677913,0.029838022165387897,-0.011801998132057824,0.11530489800370897
"frozenset({'Lays Chips', 'Eggs'})",frozenset({'Dalda Cooking Oil (500ml)'}),0.0356,0.2026,0.007,0.19662921348314608,0.9705291879720932,1.0,-0.00021255999999999966,0.9925678321678322,-0.03052549343994848,0.030276816608996542,-0.007487818556375629,0.11559002628747629
"frozenset({'Jam', 'Lays Chips'})",frozenset({'National Ketchup (1kg)'}),0.0356,0.2048,0.007,0.19662921348314608,0.9601035814606742,1.0,-0.0002908800000000003,0.9898293706293707,-0.041308324149918814,0.029991431019708657,-0.010275133949766013,0.11540445049157304
"frozenset({'Lays Chips', 'Eggs'})",frozenset({'Surf Excel'}),0.0356,0.2112,0.007,0.19662921348314608,0.9310095335376235,1.0,-0.0005187199999999994,0.981862937062937,-0.07135546776128265,0.02919099249374479,-0.018472092440230632,0.11488657643854273
"frozenset({'Pepsi 1L', 'Jam'})",frozenset({'Biscuits'}),0.0346,0.1972,0.0068,0.19653179190751444,0.9966115208291808,1.0,-2.3119999999999738e-05,0.999168345323741,-0.0035094962840627186,0.030222222222222223,-0.0008323469014518566,0.11550727526410204
"frozenset({'Butter', 'Pepsi 1L'})",frozenset({'Biscuits'}),0.0346,0.1972,0.0068,0.19653179190751444,0.9966115208291808,1.0,-2.3119999999999738e-05,0.999168345323741,-0.0035094962840627186,0.030222222222222223,-0.0008323469014518566,0.11550727526410204
"frozenset({'Guard Rice (1kg)', 'Thal Sugar (200ml)'})",frozenset({'Lux Soap'}),0.0346,0.1936,0.0068,0.19653179190751444,1.0151435532412936,1.0,0.00010144000000000038,1.0036489208633095,0.015452296518358801,0.03071364046973803,0.0036356546472153294,0.1158278794248316
"frozenset({'Guard Rice (1kg)', 'Thal Sugar (200ml)'})",frozenset({'Eggs'}),0.0346,0.1982,0.0068,0.19653179190751444,0.9915832084132918,1.0,-5.771999999999982e-05,0.9979237410071944,-0.0087158207548879,0.03008849557522124,-0.0020805788132770655,0.11542028545930716
"frozenset({'Butter', 'Pepsi 1L'})",frozenset({'Tapal Tea (250g)'}),0.0346,0.1996,0.0068,0.19653179190751444,0.9846282159695112,1.0,-0.00010616000000000011,0.9961812949640287,-0.01591394238841054,0.02990325417766051,-0.003833343443885012,0.11529996409002977
"frozenset({'Butter', 'Pepsi 1L'})",frozenset({'Noodles'}),0.0346,0.2052,0.0068,0.19653179190751444,0.9577572705044564,1.0,-0.00029991999999999953,0.9892115107913668,-0.04369056498228597,0.029184549356223177,-0.010906150091199746,0.11483509673348431
"frozenset({'Jam', 'Frozen Paratha'})",frozenset({'Lays Chips'}),0.0336,0.206,0.0066,0.19642857142857145,0.9535367545076284,1.0,-0.00032159999999999914,0.9880888888888889,-0.048001146296030826,0.02832618025751073,-0.012054695933789088,0.11423370319001389
"frozenset({'Jam', 'Tapal Tea (250g)'})",frozenset({'Surf Excel'}),0.0336,0.2112,0.0066,0.19642857142857145,0.930059523809524,1.0,-0.0004963199999999997,0.9816177777777777,-0.07219662058371733,0.027707808564231738,-0.01872645609968122,0.11383928571428573
"frozenset({'Lux Soap', 'Olpers Milk (Pack of 6)'})",frozenset({'Tapal Tea (250g)'}),0.0326,0.1996,0.0064,0.196319018404908,0.9835622164574549,1.0,-0.00010695999999999883,0.9959175572519083,-0.01698230639281568,0.0283436669619132,-0.004099177405162409,0.11419157333071052
"frozenset({'Lux Soap', 'Olpers Milk (Pack of 6)'})",frozenset({'National Ketchup (1kg)'}),0.0326,0.2048,0.0064,0.196319018404908,0.9585889570552149,1.0,-0.0002764799999999991,0.9894473282442748,-0.04274688303977821,0.027705627705627706,-0.010665218303687125,0.113784509202454
"frozenset({'Guard Rice (1kg)', 'Eggs'})",frozenset({'Shan Biryani Masala'}),0.0326,0.2088,0.0064,0.196319018404908,0.9402251839315517,1.0,-0.0004068799999999992,0.9844702290076336,-0.06166492882950593,0.02723404255319149,-0.01577474923545501,0.1134851797005383
"frozenset({'Guard Rice (1kg)', 'Eggs'})",frozenset({'Pepsi 1L'}),0.0326,0.2052,0.0064,0.196319018404908,0.9567203625970176,1.0,-0.00028951999999999884,0.9889496183206106,-0.04467294564935608,0.027657735522904063,-0.011173857064786092,0.11375405111278539
"frozenset({'Guard Rice (1kg)', 'Eggs'})",frozenset({'Tapal Tea (250g)'}),0.0326,0.1996,0.0064,0.196319018404908,0.9835622164574549,1.0,-0.00010695999999999883,0.9959175572519083,-0.01698230639281568,0.0283436669619132,-0.004099177405162409,0.11419157333071052
frozenset({'Bread'}),frozenset({'Lays Chips'}),0.2058,0.206,0.0404,0.19630709426627793,0.9529470595450386,1.0,-0.001994800000000005,0.9879395405078597,-0.0585320394548435,0.10877759827679051,-0.01220768984095977,0.19621179956032342
"frozenset({'Dalda Cooking Oil (500ml)', 'Bread'})",frozenset({'National Ketchup (1kg)'}),0.0428,0.2048,0.0084,0.19626168224299065,0.9583089953271027,1.0,-0.00036543999999999986,0.9893767441860466,-0.04347412299902924,0.03511705685618729,-0.0107373211229997,0.11863865362149532
"frozenset({'National Ketchup (1kg)', 'Surf Excel'})",frozenset({'Olpers Milk (Pack of 6)'}),0.0418,0.196,0.0082,0.19617224880382778,1.0008788204276926,1.0,7.200000000000609e-06,1.0002142857142857,0.00091635230691701,0.03571428571428572,0.00021423980575593045,0.11900449174885266
frozenset({'Lays Chips'}),frozenset({'Bread'}),0.206,0.2058,0.0404,0.19611650485436893,0.9529470595450386,1.0,-0.001994800000000005,0.9879541062801933,-0.05854591986475871,0.10877759827679051,-0.01219276648908471,0.19621179956032342
"frozenset({'Noodles', 'Nestle Water'})",frozenset({'Tapal Tea (250g)'}),0.0398,0.1996,0.0078,0.19597989949748743,0.9818632239353078,1.0,-0.0001440800000000013,0.9954974999999999,-0.018874350899440017,0.03367875647668394,-0.0045228641960426965,0.11752902790505634
"frozenset({'Noodles', 'Nestle Water'})",frozenset({'Eggs'}),0.0398,0.1982,0.0078,0.19597989949748743,0.9887986856583625,1.0,-8.836000000000087e-05,0.9972387500000001,-0.01166019171487702,0.03388357949609035,-0.0027688956130114267,0.11766704359334512
"frozenset({'Frozen Paratha', 'Bread'})",frozenset({'National Ketchup (1kg)'}),0.0398,0.2048,0.0078,0.19597989949748743,0.9569331030150753,1.0,-0.0003510400000000004,0.98903,-0.044772083769099344,0.032939189189189186,-0.011091675682234136,0.11703291849874371
frozenset({'Frozen Paratha'}),frozenset({'Pepsi 1L'}),0.197,0.2052,0.0386,0.19593908629441625,0.9548688415907225,1.0,-0.0018243999999999969,0.9884823232323232,-0.055587717320430614,0.10616061606160618,-0.011651879347739985,0.1920241240438943
frozenset({'Nestle Water'}),frozenset({'Surf Excel'}),0.2062,0.2112,0.0404,0.1959262851600388,0.9276812744320019,1.0,-0.0031494400000000033,0.9810045838359468,-0.08942455995293454,0.10716180371352785,-0.019363228752486316,0.1936070819739588
frozenset({'Noodles'}),frozenset({'Tapal Tea (250g)'}),0.2052,0.1996,0.0402,0.19590643274853803,0.9814951540507917,1.0,-0.0007579200000000022,0.9954065454545454,-0.023171689155972394,0.11025781678551838,-0.004614651738458235,0.19865461917988025
"frozenset({'Lux Soap', 'Frozen Paratha'})",frozenset({'Jam'}),0.0378,0.1984,0.0074,0.19576719576719578,0.9867298173749788,1.0,-9.951999999999964e-05,0.9967263157894737,-0.013784315354995934,0.032342657342657344,-0.0032844364181689235,0.11653279143198499
"frozenset({'Dalda Cooking Oil (500ml)', 'Thal Sugar (200ml)'})",frozenset({'Tapal Tea (250g)'}),0.0378,0.1996,0.0074,0.19576719576719578,0.9807975739839468,1.0,-0.00014488,0.9952342105263159,-0.019941749390240546,0.03217391304347826,-0.004788610985512513,0.11642067203189449
"frozenset({'Thal Sugar (200ml)', 'Tapal Tea (250g)'})",frozenset({'Biscuits'}),0.0368,0.1972,0.0072,0.1956521739130435,0.9921509833318636,1.0,-5.696e-05,0.9980756756756756,-0.008146453089244853,0.03174603174603175,-0.001928034487987668,0.11608166504982803
"frozenset({'Frozen Paratha', 'Shan Biryani Masala'})",frozenset({'Pepsi 1L'}),0.0368,0.2052,0.0072,0.1956521739130435,0.9534706331045004,1.0,-0.0003513600000000002,0.9881297297297297,-0.04822134387351782,0.030664395229982967,-0.012012866239250764,0.11536994660564455
"frozenset({'Olpers Milk (Pack of 6)', 'Guard Rice (1kg)'})",frozenset({'Bread'}),0.0368,0.2058,0.0072,0.1956521739130435,0.9506908353403473,1.0,-0.00037344000000000006,0.9873837837837838,-0.05109680809142257,0.03058623619371283,-0.012777418895689403,0.11531879832678413
"frozenset({'Frozen Paratha', 'Thal Sugar (200ml)'})",frozenset({'Pepsi 1L'}),0.0368,0.2052,0.0072,0.1956521739130435,0.9534706331045004,1.0,-0.0003513600000000002,0.9881297297297297,-0.04822134387351782,0.030664395229982967,-0.012012866239250764,0.11536994660564455
"frozenset({'Lux Soap', 'Butter'})",frozenset({'Shan Biryani Masala'}),0.0368,0.2088,0.0072,0.1956521739130435,0.9370314842578711,1.0,-0.00048384000000000014,0.983654054054054,-0.06521739130434784,0.030201342281879193,-0.016617575944080545,0.11506746626686656
"frozenset({'Lux Soap', 'Shan Biryani Masala'})",frozenset({'Butter'}),0.0368,0.1966,0.0072,0.1956521739130435,0.9951789110531205,1.0,-3.4880000000000154e-05,0.9988216216216216,-0.005004361599559272,0.03183023872679045,-0.0011797685921788776,0.11613737891989916
"frozenset({'Olpers Milk (Pack of 6)', 'Shan Biryani Masala'})",frozenset({'Dalda Cooking Oil (500ml)'}),0.0358,0.2026,0.007,0.19553072625698326,0.9651072372012994,1.0,-0.0002530799999999993,0.9912124999999999,-0.036141481303766564,0.03025064822817632,-0.008865404744189549,0.11504078267439488
"frozenset({'Chicken', 'Surf Excel'})",frozenset({'Olpers Milk (Pack of 6)'}),0.0358,0.196,0.007,0.19553072625698326,0.9976057462090983,1.0,-1.6799999999999975e-05,0.9994166666666667,-0.0024829298572315293,0.03113879003558719,-0.0005836738097223278,0.11562250598563448
"frozenset({'Jam', 'National Ketchup (1kg)'})",frozenset({'Surf Excel'}),0.0358,0.2112,0.007,0.19553072625698326,0.925808362959201,1.0,-0.0005609599999999992,0.9805222222222221,-0.07673493507843654,0.029166666666666667,-0.01986469795007194,0.11433733282546132
"frozenset({'Jam', 'National Ketchup (1kg)'})",frozenset({'Lays Chips'}),0.0358,0.206,0.007,0.19553072625698326,0.9491782828008897,1.0,-0.0003747999999999989,0.9869861111111111,-0.052609415794053926,0.02981260647359455,-0.013185483303547522,0.11475565439062756
"frozenset({'Olpers Milk (Pack of 6)', 'Shan Biryani Masala'})",frozenset({'Lays Chips'}),0.0358,0.206,0.007,0.19553072625698326,0.9491782828008897,1.0,-0.0003747999999999989,0.9869861111111111,-0.052609415794053926,0.02981260647359455,-0.013185483303547522,0.11475565439062756
"frozenset({'Lux Soap', 'Bread'})",frozenset({'Nestle Water'}),0.0358,0.2062,0.007,0.19553072625698326,0.948257644311267,1.0,-0.00038195999999999976,0.9867375,-0.05356061115972267,0.029787234042553193,-0.013440758053686996,0.1147391749616633
"frozenset({'Jam', 'National Ketchup (1kg)'})",frozenset({'Bread'}),0.0358,0.2058,0.007,0.19553072625698326,0.9501007106753316,1.0,-0.0003676399999999998,0.9872347222222222,-0.05165630655441023,0.029838022165387893,-0.012930337122912056,0.11477216584958005
"frozenset({'Chicken', 'Tapal Tea (250g)'})",frozenset({'Lays Chips'}),0.0348,0.206,0.0068,0.19540229885057472,0.9485548487891977,1.0,-0.00036879999999999986,0.9868285714285715,-0.05320131099109079,0.02905982905982906,-0.013347230666782449,0.1142060037942194
"frozenset({'Chicken', 'Eggs'})",frozenset({'Butter'}),0.0348,0.1966,0.0068,0.19540229885057472,0.993907929046667,1.0,-4.167999999999967e-05,0.9985114285714286,-0.006310332715623171,0.030276046304541407,-0.0014907905768300636,0.11499514739069937
frozenset({'Tapal Tea (250g)'}),frozenset({'Lays Chips'}),0.1996,0.206,0.039,0.19539078156312625,0.9484989396268265,1.0,-0.0021175999999999973,0.9868144458281446,-0.06352825411301638,0.10638297872340426,-0.013361736066591605,0.1923555849563204
"frozenset({'Noodles', 'National Ketchup (1kg)'})",frozenset({'Nestle Water'}),0.043,0.2062,0.0084,0.19534883720930232,0.9473755441770239,1.0,-0.0004665999999999993,0.986514450867052,-0.05485926587814792,0.03488372093023256,-0.013669895175985979,0.11804299280445718
frozenset({'National Ketchup (1kg)'}),frozenset({'Tapal Tea (250g)'}),0.2048,0.1996,0.04,0.1953125,0.9785195390781564,1.0,-0.0008780800000000033,0.9946718446601942,-0.0268640350877194,0.10976948408342481,-0.005356696651674163,0.1978566508016032
"frozenset({'Lux Soap', 'Guard Rice (1kg)'})",frozenset({'Butter'}),0.0338,0.1966,0.0066,0.19526627218934914,0.9932160335165267,1.0,-4.5079999999999426e-05,0.9983426470588236,-0.007019620056057214,0.029490616621983913,-0.00166010431995377,0.11441848706110387
"frozenset({'Olpers Milk (Pack of 6)', 'Bread'})",frozenset({'Lays Chips'}),0.0338,0.206,0.0066,0.19526627218934914,0.9478945251910152,1.0,-0.00036279999999999906,0.9866617647058824,-0.05383012944157904,0.02830188679245283,-0.01351854887991291,0.11365255357040273
"frozenset({'Lux Soap', 'Guard Rice (1kg)'})",frozenset({'Nestle Water'}),0.0338,0.2062,0.0066,0.19526627218934914,0.9469751318591132,1.0,-0.0003695599999999988,0.9864132352941177,-0.05477819544414255,0.02827763496143959,-0.01377390754680128,0.11363701582309357
"frozenset({'Olpers Milk (Pack of 6)', 'Bread'})",frozenset({'Dalda Cooking Oil (500ml)'}),0.0338,0.2026,0.0066,0.19526627218934914,0.9638019357815851,1.0,-0.0002478799999999998,0.9908867647058823,-0.03741697862576981,0.028720626631853784,-0.009197050176386837,0.11392138880938335
"frozenset({'Lux Soap', 'Guard Rice (1kg)'})",frozenset({'Tapal Tea (250g)'}),0.0338,0.1996,0.0066,0.19526627218934914,0.9782879368203865,1.0,-0.00014647999999999918,0.9946147058823529,-0.02245454824171432,0.0291005291005291,-0.005414452537045054,0.1141662022269391
"frozenset({'Lux Soap', 'Guard Rice (1kg)'})",frozenset({'Bread'}),0.0338,0.2058,0.0066,0.19526627218934914,0.9488157054876051,1.0,-0.0003560399999999993,0.9869102941176471,-0.05288015969202243,0.028326180257510727,-0.013263318824793343,0.1136681215174151
frozenset({'Lux Soap'}),frozenset({'Frozen Paratha'}),0.1936,0.197,0.0378,0.19524793388429754,0.9911062633720686,1.0,-0.00033919999999999784,0.9978228498074454,-0.01100544042526676,0.10714285714285714,-0.0021819005176867646,0.193563053236565
"frozenset({'Pepsi 1L', 'Surf Excel'})",frozenset({'Lux Soap'}),0.041,0.1936,0.008,0.1951219512195122,1.0078613182826044,1.0,6.240000000000065e-05,1.001890909090909,0.008133472367049093,0.035304501323918804,0.0018873403019744638,0.11822213263454949
"frozenset({'Chicken', 'Nestle Water'})",frozenset({'Olpers Milk (Pack of 6)'}),0.041,0.196,0.008,0.1951219512195122,0.9955201592832255,1.0,-3.600000000000131e-05,0.9989090909090909,-0.0046704722366374294,0.034934497816593885,-0.0010921004732435393,0.11796913887506222
"frozenset({'Noodles', 'Surf Excel'})",frozenset({'Nestle Water'}),0.041,0.2062,0.008,0.1951219512195122,0.9462752241489438,1.0,-0.0004542000000000001,0.9862363636363637,-0.05589328345352072,0.033444816053511704,-0.013955717788470386,0.11695961770480945
"frozenset({'Noodles', 'Surf Excel'})",frozenset({'Butter'}),0.041,0.1966,0.008,0.1951219512195122,0.9924819492345484,1.0,-6.0599999999999196e-05,0.9981636363636363,-0.007836950055608617,0.03484320557491289,-0.0018397420718045743,0.11790685556906434
"frozenset({'Chicken', 'Nestle Water'})",frozenset({'Bread'}),0.041,0.2058,0.008,0.1951219512195122,0.9481144374125957,1.0,-0.00043780000000000034,0.9867333333333332,-0.053984068657673474,0.03350083752093802,-0.013445037497466393,0.11699732157671432
"frozenset({'Lays Chips', 'Chicken'})",frozenset({'Olpers Milk (Pack of 6)'}),0.041,0.196,0.008,0.1951219512195122,0.9955201592832255,1.0,-3.600000000000131e-05,0.9989090909090909,-0.0046704722366374294,0.034934497816593885,-0.0010921004732435393,0.11796913887506222
"frozenset({'Pepsi 1L', 'Surf Excel'})",frozenset({'Tapal Tea (250g)'}),0.041,0.1996,0.008,0.1951219512195122,0.9775648858692996,1.0,-0.00018360000000000078,0.9944363636363636,-0.02337186211110555,0.034393809114359415,-0.005594763593812841,0.11760105577007673
frozenset({'Surf Excel'}),frozenset({'Lays Chips'}),0.2112,0.206,0.0412,0.19507575757575757,0.946969696969697,1.0,-0.0023071999999999954,0.9864282352941177,-0.06628787878787866,0.10957446808510639,-0.013758491718189445,0.1975378787878788
"frozenset({'Lays Chips', 'Frozen Paratha'})",frozenset({'Dalda Cooking Oil (500ml)'}),0.04,0.2026,0.0078,0.19499999999999998,0.96248766041461,1.0,-0.00030400000000000045,0.9905590062111801,-0.0390143737166325,0.03321976149914821,-0.009530975670930553,0.11674975320829219
"frozenset({'National Ketchup (1kg)', 'Tapal Tea (250g)'})",frozenset({'Butter'}),0.04,0.1966,0.0078,0.19499999999999998,0.9918616480162766,1.0,-6.399999999999982e-05,0.9980124223602483,-0.008474576271186418,0.03409090909090909,-0.001991535972118519,0.11733723296032553
frozenset({'Noodles'}),frozenset({'Shan Biryani Masala'}),0.2052,0.2088,0.04,0.19493177387914232,0.9335812925246278,1.0,-0.0028457600000000027,0.9827738498789347,-0.08215773768280636,0.106951871657754,-0.01752809165932469,0.19325132755259797
frozenset({'Olpers Milk (Pack of 6)'}),frozenset({'Eggs'}),0.196,0.1982,0.0382,0.19489795918367345,0.983339854609856,1.0,-0.0006472000000000006,0.9958986058301649,-0.020637755102040835,0.10730337078651685,-0.004118284879429459,0.19381628534360262
"frozenset({'Olpers Milk (Pack of 6)', 'Surf Excel'})",frozenset({'Pepsi 1L'}),0.039,0.2052,0.0076,0.19487179487179487,0.9496676163342831,1.0,-0.00040279999999999917,0.9871719745222929,-0.052268244575936776,0.032121724429416736,-0.012994722103931959,0.11595441595441595
frozenset({'Eggs'}),frozenset({'Tapal Tea (250g)'}),0.1982,0.1996,0.0386,0.19475277497477297,0.9757153054848345,1.0,-0.0009607199999999982,0.9939804511278195,-0.030106987734329408,0.10746102449888643,-0.006056003279893835,0.19406977426093358
"frozenset({'National Ketchup (1kg)', 'Olpers Milk (Pack of 6)'})",frozenset({'Chicken'}),0.038,0.198,0.0074,0.19473684210526318,0.9835194045720362,1.0,-0.00012399999999999998,0.9959477124183008,-0.01712045065444303,0.032370953630796145,-0.00406877542984642,0.11605528973950027
"frozenset({'Jam', 'Chicken'})",frozenset({'Frozen Paratha'}),0.038,0.197,0.0074,0.19473684210526318,0.9885118888592039,1.0,-8.600000000000014e-05,0.9971895424836601,-0.011936486786586738,0.03251318101933216,-0.002818378449236399,0.11615014694095646
"frozenset({'Biscuits', 'Surf Excel'})",frozenset({'Shan Biryani Masala'}),0.038,0.2088,0.0074,0.19473684210526318,0.9326477112321033,1.0,-0.0005344000000000008,0.9825359477124184,-0.06982700047039157,0.030910609857978277,-0.017774466499920163,0.11508872756604155
"frozenset({'National Ketchup (1kg)', 'Shan Biryani Masala'})",frozenset({'Noodles'}),0.038,0.2052,0.0074,0.19473684210526318,0.949009951780035,1.0,-0.0003975999999999988,0.9870065359477124,-0.05289766377521138,0.031382527565733676,-0.013164516727147475,0.11539961013645225
"frozenset({'Biscuits', 'Surf Excel'})",frozenset({'Noodles'}),0.038,0.2052,0.0074,0.19473684210526318,0.949009951780035,1.0,-0.0003975999999999988,0.9870065359477124,-0.05289766377521138,0.031382527565733676,-0.013164516727147475,0.11539961013645225
"frozenset({'Lays Chips', 'Nestle Water'})",frozenset({'Jam'}),0.037,0.1984,0.0072,0.1945945945945946,0.9808195292066261,1.0,-0.00014079999999999995,0.9952751677852348,-0.019902747936220735,0.0315512708150745,-0.00474726223229215,0.11544245858761988
"frozenset({'Lays Chips', 'Nestle Water'})",frozenset({'Butter'}),0.037,0.1966,0.0072,0.1945945945945946,0.9897995655879686,1.0,-7.419999999999996e-05,0.997510067114094,-0.010588201718085558,0.03180212014134276,-0.002496148127216071,0.11560858926067472
"frozenset({'Dalda Cooking Oil (500ml)', 'Jam'})",frozenset({'Shan Biryani Masala'}),0.037,0.2088,0.0072,0.1945945945945946,0.9319664492078286,1.0,-0.0005256000000000002,0.9823624161073826,-0.07046332046332049,0.03017602682313495,-0.01795425354576012,0.11453867660764214
frozenset({'Jam'}),frozenset({'Nestle Water'}),0.1984,0.2062,0.0386,0.19455645161290325,0.9435327430305687,1.0,-0.002310079999999992,0.9855439299123906,-0.06947224574640057,0.10546448087431697,-0.014668113362429763,0.19087667391508403
"frozenset({'Guard Rice (1kg)', 'Shan Biryani Masala'})",frozenset({'Biscuits'}),0.036,0.1972,0.007,0.19444444444444448,0.9860265945458645,1.0,-9.919999999999894e-05,0.9965793103448275,-0.014487673793667333,0.03094606542882405,-0.003432430936167802,0.11497070092404779
"frozenset({'Noodles', 'Eggs'})",frozenset({'Surf Excel'}),0.036,0.2112,0.007,0.19444444444444448,0.9206649831649834,1.0,-0.000603199999999999,0.9791999999999998,-0.08205463053651092,0.029142381348875937,-0.021241830065359436,0.11379419191919193
"frozenset({'Guard Rice (1kg)', 'Shan Biryani Masala'})",frozenset({'Jam'}),0.036,0.1984,0.007,0.19444444444444448,0.9800627240143371,1.0,-0.00014239999999999912,0.9950896551724138,-0.020666434459537784,0.030782761653474055,-0.004934575293856684,0.1148633512544803
"frozenset({'National Ketchup (1kg)', 'Frozen Paratha'})",frozenset({'Chicken'}),0.036,0.198,0.007,0.19444444444444448,0.9820426487093155,1.0,-0.00012799999999999964,0.9955862068965518,-0.018615474112856262,0.030837004405286344,-0.0044333610418398174,0.11489898989898992
frozenset({'Shan Biryani Masala'}),frozenset({'Pepsi 1L'}),0.2088,0.2052,0.0406,0.19444444444444442,0.9475850119124972,1.0,-0.0022457600000000064,0.9866482758620688,-0.06534359389766456,0.10873058382431706,-0.013532405077447879,0.1961500974658869
frozenset({'Shan Biryani Masala'}),frozenset({'Dalda Cooking Oil (500ml)'}),0.2088,0.2026,0.0406,0.19444444444444442,0.9597455303279586,1.0,-0.0017028800000000038,0.9898758620689655,-0.05034293552812082,0.10949298813376482,-0.010227684418805597,0.19741965558846108
frozenset({'Tapal Tea (250g)'}),frozenset({'Dalda Cooking Oil (500ml)'}),0.1996,0.2026,0.0388,0.19438877755511022,0.9594707677942261,1.0,-0.0016389600000000018,0.9898074626865672,-0.05012956315561532,0.10676940011007155,-0.010297494914584628,0.1929495714034189
frozenset({'Butter'}),frozenset({'Surf Excel'}),0.1966,0.2112,0.0382,0.1943031536113937,0.9199959924781899,1.0,-0.003321919999999999,0.9790282828282828,-0.09766963230408268,0.10335497835497835,-0.021420951304014082,0.18758718286630288
"frozenset({'Butter', 'Frozen Paratha'})",frozenset({'Dalda Cooking Oil (500ml)'}),0.035,0.2026,0.0068,0.19428571428571426,0.9589620645889154,1.0,-0.0002910000000000013,0.9896808510638297,-0.04246315482270557,0.02946273830155979,-0.010426744061055614,0.11392469327316315
"frozenset({'Butter', 'Frozen Paratha'})",frozenset({'Chicken'}),0.035,0.198,0.0068,0.19428571428571426,0.981240981240981,1.0,-0.00013000000000000164,0.9953900709219858,-0.019426180514046865,0.030061892130857644,-0.004631278945493458,0.1143145743145743
"frozenset({'Dalda Cooking Oil (500ml)', 'Olpers Milk (Pack of 6)'})",frozenset({'Frozen Paratha'}),0.035,0.197,0.0068,0.19428571428571426,0.9862218999274834,1.0,-9.500000000000133e-05,0.9966312056737587,-0.01427069250413119,0.030195381882770867,-0.003380181462373291,0.1144017403915881
"frozenset({'Dalda Cooking Oil (500ml)', 'Olpers Milk (Pack of 6)'})",frozenset({'Eggs'}),0.035,0.1982,0.0068,0.19428571428571426,0.9802508288885684,1.0,-0.00013700000000000084,0.9951418439716313,-0.020450813554261954,0.030035335689045935,-0.004881872928767437,0.11429724664840707
"frozenset({'Jam', 'Guard Rice (1kg)'})",frozenset({'Bread'}),0.035,0.2058,0.0068,0.19428571428571426,0.9440510898236844,1.0,-0.00040300000000000145,0.9857092198581561,-0.05786073223259173,0.029059829059829057,-0.014497967406554714,0.11366375121477161
"frozenset({'Lux Soap', 'Thal Sugar (200ml)'})",frozenset({'Guard Rice (1kg)'}),0.035,0.1952,0.0068,0.19428571428571426,0.9953161592505853,1.0,-3.2000000000001645e-05,0.9988652482269503,-0.004852896572642045,0.030438675022381376,-0.0011360408974723612,0.11456088992974237
"frozenset({'Jam', 'Guard Rice (1kg)'})",frozenset({'Chicken'}),0.035,0.198,0.0068,0.19428571428571426,0.981240981240981,1.0,-0.00013000000000000164,0.9953900709219858,-0.019426180514046865,0.030061892130857644,-0.004631278945493458,0.1143145743145743
"frozenset({'Lux Soap', 'Thal Sugar (200ml)'})",frozenset({'Biscuits'}),0.035,0.1972,0.0068,0.19428571428571426,0.9852216748768472,1.0,-0.00010200000000000053,0.9963829787234042,-0.015306122448979671,0.030168589174800354,-0.0036301516122144127,0.11438423645320195
"frozenset({'Biscuits', 'Chicken'})",frozenset({'Thal Sugar (200ml)'}),0.035,0.1964,0.0068,0.19428571428571426,0.9892347977887692,1.0,-7.400000000000115e-05,0.9973758865248227,-0.011151295961422716,0.030276046304541407,-0.0026310175638199792,0.11445446610416059
frozenset({'Lays Chips'}),frozenset({'Frozen Paratha'}),0.206,0.197,0.04,0.19417475728155342,0.9856586664038245,1.0,-0.0005819999999999992,0.9964939759036144,-0.017995176550615277,0.11019283746556473,-0.003518359549746682,0.19861022128037062
"frozenset({'Lays Chips', 'Surf Excel'})",frozenset({'Bread'}),0.0412,0.2058,0.008,0.1941747572815534,0.9435119401436024,1.0,-0.0004789600000000005,0.9855734939759037,-0.058772713440073884,0.03347280334728034,-0.014637676553068012,0.11652372460773491
frozenset({'Surf Excel'}),frozenset({'Pepsi 1L'}),0.2112,0.2052,0.041,0.1941287878787879,0.9460467245554967,1.0,-0.0023382399999999984,0.9862618096357226,-0.06742516517181556,0.10921683537559936,-0.013929557273794782,0.1969669280524544
frozenset({'Surf Excel'}),frozenset({'Noodles'}),0.2112,0.2052,0.041,0.1941287878787879,0.9460467245554967,1.0,-0.0023382399999999984,0.9862618096357226,-0.06742516517181556,0.10921683537559936,-0.013929557273794782,0.1969669280524544
"frozenset({'Shan Biryani Masala', 'Tapal Tea (250g)'})",frozenset({'Noodles'}),0.034,0.2052,0.0066,0.1941176470588235,0.9459924320605434,1.0,-0.00037680000000000005,0.9862481751824816,-0.05580238137551093,0.028374892519346516,-0.013943574410136498,0.11314069487444099
"frozenset({'Guard Rice (1kg)', 'Tapal Tea (250g)'})",frozenset({'Lux Soap'}),0.034,0.1936,0.0066,0.1941176470588235,1.0026737967914439,1.0,1.759999999999956e-05,1.0006423357664234,0.0027605244996548655,0.029864253393665156,0.000641923436041061,0.1141042780748663
"frozenset({'Guard Rice (1kg)', 'Tapal Tea (250g)'})",frozenset({'Chicken'}),0.034,0.198,0.0066,0.1941176470588235,0.980392156862745,1.0,-0.00013200000000000104,0.9951824817518249,-0.020283975659229368,0.029281277728482696,-0.004840839078773695,0.11372549019607842
"frozenset({'Biscuits', 'Dalda Cooking Oil (500ml)'})",frozenset({'Lays Chips'}),0.034,0.206,0.0066,0.1941176470588235,0.9423186750428326,1.0,-0.00040399999999999985,0.9852554744525548,-0.05959053631482681,0.02827763496143959,-0.014965180026670633,0.11307824100513991
"frozenset({'Guard Rice (1kg)', 'Surf Excel'})",frozenset({'Eggs'}),0.034,0.1982,0.0066,0.1941176470588235,0.9794028610435092,1.0,-0.0001387999999999997,0.9949343065693431,-0.021306643743092178,0.02925531914893617,-0.0050914853344680485,0.11370867216715141
"frozenset({'Noodles', 'Tapal Tea (250g)'})",frozenset({'Nestle Water'}),0.0402,0.2062,0.0078,0.19402985074626866,0.9409789075958713,1.0,-0.0004892400000000002,0.9849000000000001,-0.06134147809340398,0.03269069572506286,-0.015331505736622992,0.11592860141581135
frozenset({'Nestle Water'}),frozenset({'Guard Rice (1kg)'}),0.2062,0.1952,0.04,0.19398642095053348,0.9937828942137985,1.0,-0.0002502399999999988,0.9984943441636582,-0.00781945263831528,0.11068068622025456,-0.001507926254307324,0.19945222686870934
frozenset({'Noodles'}),frozenset({'Nestle Water'}),0.2052,0.2062,0.0398,0.1939571150097466,0.9406261639657935,1.0,-0.002512239999999999,0.9848111245465538,-0.07357502998950365,0.1071044133476857,-0.01542313553823808,0.1934868019277637
"frozenset({'Biscuits', 'Olpers Milk (Pack of 6)'})",frozenset({'Shan Biryani Masala'}),0.033,0.2088,0.0064,0.19393939393939394,0.9288285150354115,1.0,-0.0004904000000000002,0.9815639097744362,-0.07342196670259912,0.027187765505522512,-0.018782363575083512,0.11229536746778127
"frozenset({'Biscuits', 'Olpers Milk (Pack of 6)'})",frozenset({'Frozen Paratha'}),0.033,0.197,0.0064,0.19393939393939394,0.9844639286263651,1.0,-0.0001010000000000004,0.996203007518797,-0.016057744284397022,0.028622540250447227,-0.003811464583569202,0.113213351792032
"frozenset({'Olpers Milk (Pack of 6)', 'Thal Sugar (200ml)'})",frozenset({'Jam'}),0.033,0.1984,0.0064,0.19393939393939394,0.9775171065493646,1.0,-0.0001472000000000001,0.9944661654135338,-0.023232323232323247,0.028444444444444446,-0.0055646283191193285,0.11309872922776149
"frozenset({'Olpers Milk (Pack of 6)', 'Thal Sugar (200ml)'})",frozenset({'Frozen Paratha'}),0.033,0.197,0.0064,0.19393939393939394,0.9844639286263651,1.0,-0.0001010000000000004,0.996203007518797,-0.016057744284397022,0.028622540250447227,-0.003811464583569202,0.113213351792032
"frozenset({'Chicken', 'Bread'})",frozenset({'Shan Biryani Masala'}),0.0392,0.2088,0.0076,0.19387755102040816,0.9285323324732191,1.0,-0.0005849599999999998,0.9814886075949367,-0.07416724144926358,0.03161397670549085,-0.01886052702172884,0.11513800922667917
frozenset({'Olpers Milk (Pack of 6)'}),frozenset({'National Ketchup (1kg)'}),0.196,0.2048,0.038,0.19387755102040816,0.9466677295918366,1.0,-0.002140800000000005,0.9864506329113925,-0.06548230803112627,0.10474090407938255,-0.013735474068903237,0.18971221301020408
"frozenset({'Eggs', 'Thal Sugar (200ml)'})",frozenset({'Dalda Cooking Oil (500ml)'}),0.0392,0.2026,0.0076,0.19387755102040816,0.9569474384028043,1.0,-0.0003419199999999999,0.9891797468354431,-0.04473050758765043,0.032450896669513236,-0.010938611712555613,0.11569494530289905
"frozenset({'Jam', 'Olpers Milk (Pack of 6)'})",frozenset({'Bread'}),0.032,0.2058,0.0062,0.19374999999999998,0.9414480077745382,1.0,-0.0003856000000000007,0.9850542635658914,-0.06037074148296604,0.02677029360967185,-0.015172500629564382,0.1119381681243926
"frozenset({'Jam', 'Olpers Milk (Pack of 6)'})",frozenset({'Eggs'}),0.032,0.1982,0.0062,0.19374999999999998,0.9775479313824419,1.0,-0.0001424,0.9944806201550388,-0.023177083333333334,0.02767857142857143,-0.005550012471938151,0.11251576690211906
frozenset({'Eggs'}),frozenset({'Shan Biryani Masala'}),0.1982,0.2088,0.0384,0.19374369323915236,0.9278912511453656,1.0,-0.0029841600000000065,0.9813256570713391,-0.0883586077514534,0.10417797069994572,-0.019029710263963162,0.1888258696080819
"frozenset({'Butter', 'Surf Excel'})",frozenset({'Lays Chips'}),0.0382,0.206,0.0074,0.193717277486911,0.9403751334316068,1.0,-0.0004691999999999995,0.9847662337662338,-0.06184653833378143,0.03125000000000001,-0.015469423820011314,0.11481980379199919
frozenset({'Biscuits'}),frozenset({'Bread'}),0.1972,0.2058,0.0382,0.19371196754563894,0.9412632047893048,1.0,-0.0023837599999999987,0.9850077987421383,-0.07212429865370552,0.10471491228070175,-0.015220388383733411,0.18966453576504494
"frozenset({'Surf Excel', 'Eggs'})",frozenset({'Frozen Paratha'}),0.0372,0.197,0.0072,0.19354838709677422,0.9824791223186508,1.0,-0.00012839999999999987,0.9957199999999999,-0.018185526360515295,0.031718061674008806,-0.004298397139758148,0.115048305223514
"frozenset({'Lays Chips', 'Shan Biryani Masala'})",frozenset({'Dalda Cooking Oil (500ml)'}),0.0424,0.2026,0.0082,0.19339622641509435,0.9545716999757865,1.0,-0.00039024000000000003,0.9885894736842106,-0.04734451432564641,0.034628378378378386,-0.011542229226116942,0.11693503324703386
"frozenset({'Lays Chips', 'Shan Biryani Masala'})",frozenset({'Bread'}),0.0424,0.2058,0.0082,0.19339622641509435,0.9397289913269891,1.0,-0.0005259199999999992,0.9846222222222223,-0.0627721335268504,0.03416666666666667,-0.015617947097589598,0.11662036782367935
"frozenset({'Lays Chips', 'Shan Biryani Masala'})",frozenset({'National Ketchup (1kg)'}),0.0424,0.2048,0.0082,0.19339622641509435,0.9443175117924528,1.0,-0.00048351999999999944,0.9858619883040936,-0.05800495211040512,0.03430962343096235,-0.01434076155043468,0.11671764445754718
frozenset({'Bread'}),frozenset({'Frozen Paratha'}),0.2058,0.197,0.0398,0.1933916423712342,0.9816834638133716,1.0,-0.000742600000000003,0.9955265060240963,-0.02295392893616925,0.1096418732782369,-0.00449359605076687,0.19771104961201305
frozenset({'Tapal Tea (250g)'}),frozenset({'Eggs'}),0.1996,0.1982,0.0386,0.1933867735470942,0.9757153054848345,1.0,-0.0009607199999999982,0.994032795031056,-0.03015806048186593,0.10746102449888643,-0.006003026257053878,0.19406977426093358
"frozenset({'Dalda Cooking Oil (500ml)', 'Butter'})",frozenset({'Shan Biryani Masala'}),0.0362,0.2088,0.007,0.19337016574585633,0.9261023263690437,1.0,-0.0005585600000000013,0.9808712328767123,-0.07646102207206978,0.029411764705882353,-0.019501812758017798,0.11344753498020786
"frozenset({'Lays Chips', 'Olpers Milk (Pack of 6)'})",frozenset({'Shan Biryani Masala'}),0.0362,0.2088,0.007,0.19337016574585633,0.9261023263690437,1.0,-0.0005585600000000013,0.9808712328767123,-0.07646102207206978,0.029411764705882353,-0.019501812758017798,0.11344753498020786
"frozenset({'Lays Chips', 'Olpers Milk (Pack of 6)'})",frozenset({'Frozen Paratha'}),0.0362,0.197,0.007,0.19337016574585633,0.9815744454104381,1.0,-0.00013140000000000113,0.9954999999999998,-0.019104390811282512,0.030946065428824047,-0.004520341536916161,0.1144515803348571
"frozenset({'Dalda Cooking Oil (500ml)', 'Butter'})",frozenset({'Lux Soap'}),0.0362,0.1936,0.007,0.19337016574585633,0.9988128395963654,1.0,-8.320000000000029e-06,0.9997150684931506,-0.0012316948239209388,0.03141831238779174,-0.0002850127159519626,0.11476359526962238
frozenset({'Butter'}),frozenset({'Shan Biryani Masala'}),0.1966,0.2088,0.038,0.19328585961342828,0.9256985613669937,1.0,-0.0030500800000000036,0.9807687263556116,-0.0908322036684528,0.10342950462710941,-0.019608367526000668,0.1876390983890896
"frozenset({'Nestle Water', 'Tapal Tea (250g)'})",frozenset({'Pepsi 1L'}),0.0414,0.2052,0.008,0.1932367149758454,0.9416993907204942,1.0,-0.000495279999999999,0.9851712574850299,-0.06066574555859314,0.03352891869237217,-0.015051943915644924,0.11611153487583693
"frozenset({'Nestle Water', 'Tapal Tea (250g)'})",frozenset({'Olpers Milk (Pack of 6)'}),0.0414,0.196,0.008,0.1932367149758454,0.9859016070196194,1.0,-0.00011440000000000061,0.9965748502994012,-0.014698324596567044,0.03487358326068004,-0.0034369216718340783,0.11702652075322882
frozenset({'Surf Excel'}),frozenset({'Thal Sugar (200ml)'}),0.2112,0.1964,0.0408,0.1931818181818182,0.9836141455286059,1.0,-0.000679679999999995,0.9960112676056339,-0.02068240243047426,0.1112322791712105,-0.004004706095298391,0.20046056285872987
"frozenset({'Lux Soap', 'Chicken'})",frozenset({'Frozen Paratha'}),0.0352,0.197,0.0068,0.19318181818181815,0.9806183664051682,1.0,-0.00013440000000000066,0.9952676056338027,-0.020074562661313546,0.03016858917480035,-0.00475489641118538,0.11384979233964004
"frozenset({'Lux Soap', 'Chicken'})",frozenset({'Noodles'}),0.0352,0.2052,0.0068,0.19318181818181815,0.941431862484494,1.0,-0.0004230400000000004,0.9851042253521125,-0.060575513196480996,0.02910958904109589,-0.01512101386283574,0.11316010987063617
"frozenset({'Lux Soap', 'Chicken'})",frozenset({'Nestle Water'}),0.0352,0.2062,0.0068,0.19318181818181815,0.9368662375451899,1.0,-0.0004582400000000004,0.9838647887323944,-0.06528676939910646,0.02898550724637681,-0.01639982592363548,0.11307975487170442
"frozenset({'Lux Soap', 'Surf Excel'})",frozenset({'Butter'}),0.0352,0.1966,0.0068,0.19318181818181815,0.9826135207620456,1.0,-0.00012032000000000102,0.9957633802816901,-0.018009387872401722,0.03022222222222222,-0.004254645031344098,0.11388490705632108
"frozenset({'Biscuits', 'Nestle Water'})",frozenset({'Pepsi 1L'}),0.0352,0.2052,0.0068,0.19318181818181815,0.941431862484494,1.0,-0.0004230400000000004,0.9851042253521125,-0.060575513196480996,0.02910958904109589,-0.01512101386283574,0.11316010987063617
"frozenset({'Noodles', 'Jam'})",frozenset({'Eggs'}),0.0352,0.1982,0.0068,0.19318181818181815,0.9746812219062471,1.0,-0.00017664000000000048,0.9937802816901409,-0.026218295810772372,0.030008826125330977,-0.006258645320755598,0.11374529859645902
"frozenset({'Biscuits', 'Nestle Water'})",frozenset({'Noodles'}),0.0352,0.2052,0.0068,0.19318181818181815,0.941431862484494,1.0,-0.0004230400000000004,0.9851042253521125,-0.060575513196480996,0.02910958904109589,-0.01512101386283574,0.11316010987063617
"frozenset({'Pepsi 1L', 'National Ketchup (1kg)'})",frozenset({'Eggs'}),0.0404,0.1982,0.0078,0.19306930693069307,0.9741135566634364,1.0,-0.00020727999999999892,0.9936417177914111,-0.026946917380813576,0.033795493934142114,-0.006398968657155042,0.11621174730994795
"frozenset({'Biscuits', 'Pepsi 1L'})",frozenset({'Surf Excel'}),0.0404,0.2112,0.0078,0.19306930693069307,0.9141539153915392,1.0,-0.0007324800000000006,0.9775312883435582,-0.08913811735155824,0.03199343724364233,-0.022985158556423586,0.11500056255625563
"frozenset({'Biscuits', 'Pepsi 1L'})",frozenset({'Noodles'}),0.0404,0.2052,0.0078,0.19306930693069307,0.9408835620404146,1.0,-0.0004900800000000004,0.9849668711656441,-0.06145234584248704,0.03280067283431455,-0.015262573061533618,0.11554050141856291
"frozenset({'Pepsi 1L', 'National Ketchup (1kg)'})",frozenset({'Lays Chips'}),0.0404,0.206,0.0078,0.19306930693069307,0.9372296452946266,1.0,-0.0005223999999999993,0.9839754601226993,-0.06524063102576647,0.03269069572506287,-0.016285507643963366,0.11546669230029799
"frozenset({'Pepsi 1L', 'National Ketchup (1kg)'})",frozenset({'Noodles'}),0.0404,0.2052,0.0078,0.19306930693069307,0.9408835620404146,1.0,-0.0004900800000000004,0.9849668711656441,-0.06145234584248704,0.03280067283431455,-0.015262573061533618,0.11554050141856291
"frozenset({'Lays Chips', 'Bread'})",frozenset({'Nestle Water'}),0.0404,0.2062,0.0078,0.19306930693069307,0.9363205961721294,1.0,-0.0005304799999999998,0.9837276073619632,-0.06618292877674863,0.032663316582914576,-0.016541563453397478,0.11544832950802356
"frozenset({'Lux Soap', 'Eggs'})",frozenset({'Frozen Paratha'}),0.0404,0.197,0.0078,0.19306930693069307,0.9800472433030105,1.0,-0.0001588000000000006,0.9951288343558281,-0.020775333347288295,0.03397212543554007,-0.004895010048950105,0.11633160778006735
"frozenset({'Lays Chips', 'Bread'})",frozenset({'Biscuits'}),0.0404,0.1972,0.0078,0.19306930693069307,0.9790532805816079,1.0,-0.00016687999999999946,0.9948809815950919,-0.021809361506372322,0.033942558746736295,-0.00514535758508584,0.11631152973309501
frozenset({'Nestle Water'}),frozenset({'Frozen Paratha'}),0.2062,0.197,0.0398,0.19301648884578082,0.9797791311968569,1.0,-0.0008213999999999999,0.9950637019230769,-0.025340401744396973,0.10952118877270227,-0.004960785995291642,0.19752347284928634
frozenset({'Nestle Water'}),frozenset({'Noodles'}),0.2062,0.2052,0.0398,0.19301648884578082,0.9406261639657935,1.0,-0.002512239999999999,0.9849024038461538,-0.0736608896869359,0.1071044133476857,-0.01532902762231904,0.1934868019277637
"frozenset({'Jam', 'Surf Excel'})",frozenset({'Noodles'}),0.0342,0.2052,0.0066,0.19298245614035087,0.9404603125748093,1.0,-0.00041784000000000005,0.9848608695652172,-0.061518347732372226,0.028350515463917526,-0.015371846828949582,0.11257309941520467
"frozenset({'Jam', 'Surf Excel'})",frozenset({'Tapal Tea (250g)'}),0.0342,0.1996,0.0066,0.19298245614035087,0.9668459726470484,1.0,-0.00022632000000000034,0.9917999999999999,-0.03428779201890742,0.029049295774647887,-0.008267795926598117,0.11302429420243996
"frozenset({'Lux Soap', 'Jam'})",frozenset({'Eggs'}),0.0342,0.1982,0.0066,0.19298245614035087,0.9736753589321437,1.0,-0.0001784400000000002,0.9935347826086957,-0.027231439768523637,0.029229406554472984,-0.006507288425603792,0.1131410767079151
"frozenset({'Lux Soap', 'Jam'})",frozenset({'Shan Biryani Masala'}),0.0342,0.2088,0.0066,0.19298245614035087,0.9242454795993815,1.0,-0.0005409600000000009,0.9803999999999999,-0.07822721987957046,0.027918781725888322,-0.019991840065279508,0.11229582577132485
"frozenset({'Jam', 'Surf Excel'})",frozenset({'Eggs'}),0.0342,0.1982,0.0066,0.19298245614035087,0.9736753589321437,1.0,-0.0001784400000000002,0.9935347826086957,-0.027231439768523637,0.029229406554472984,-0.006507288425603792,0.1131410767079151
"frozenset({'Pepsi 1L', 'Nestle Water'})",frozenset({'Shan Biryani Masala'}),0.0394,0.2088,0.0076,0.19289340101522845,0.9238189703794465,1.0,-0.0006267199999999999,0.9802918238993711,-0.07905864306546506,0.03158769742310889,-0.02010439709905405,0.11464593422408932
"frozenset({'Pepsi 1L', 'Nestle Water'})",frozenset({'Frozen Paratha'}),0.0394,0.197,0.0076,0.19289340101522845,0.979154319874256,1.0,-0.00016180000000000014,0.9949119496855345,-0.02168214881083198,0.033216783216783216,-0.005114070964846276,0.11573604060913706
"frozenset({'Shan Biryani Masala', 'Thal Sugar (200ml)'})",frozenset({'Lays Chips'}),0.0394,0.206,0.0076,0.19289340101522845,0.9363757330836333,1.0,-0.0005163999999999993,0.9837610062893083,-0.06606148681840503,0.031959629941127,-0.016507051618100173,0.1148933024493618
frozenset({'Eggs'}),frozenset({'Olpers Milk (Pack of 6)'}),0.1982,0.196,0.0382,0.1927346115035318,0.9833398546098561,1.0,-0.0006472000000000006,0.995955,-0.02069320973680746,0.10730337078651685,-0.004061428478194288,0.19381628534360262
"frozenset({'Shan Biryani Masala', 'Eggs'})",frozenset({'Biscuits'}),0.0384,0.1972,0.0074,0.19270833333333337,0.9772227856659907,1.0,-0.0001724799999999983,0.9944361290322581,-0.02366526167896008,0.032427695004382126,-0.005595000830426777,0.1151168441514537
frozenset({'Biscuits'}),frozenset({'Surf Excel'}),0.1972,0.2112,0.038,0.1926977687626775,0.9123947384596472,1.0,-0.0036486399999999947,0.9770814070351759,-0.10682581545798205,0.10259179265658747,-0.023456175503705,0.18631100559345998
"frozenset({'National Ketchup (1kg)', 'Guard Rice (1kg)'})",frozenset({'Pepsi 1L'}),0.0322,0.2052,0.0062,0.19254658385093168,0.9383361786107782,1.0,-0.00040744000000000023,0.9843292307692307,-0.06358500577421272,0.026816608996539794,-0.015920251823186102,0.11138050440109937
"frozenset({'Guard Rice (1kg)', 'Frozen Paratha'})",frozenset({'Chicken'}),0.0322,0.198,0.0062,0.19254658385093168,0.9724574941966246,1.0,-0.00017560000000000058,0.9932461538461539,-0.028432826637478318,0.027678571428571427,-0.00679977075943682,0.1119298575820315
"frozenset({'National Ketchup (1kg)', 'Guard Rice (1kg)'})",frozenset({'Noodles'}),0.0322,0.2052,0.0062,0.19254658385093168,0.9383361786107782,1.0,-0.00040744000000000023,0.9843292307692307,-0.06358500577421272,0.026816608996539794,-0.015920251823186102,0.11138050440109937
"frozenset({'Butter', 'Jam'})",frozenset({'Guard Rice (1kg)'}),0.0374,0.1952,0.0072,0.1925133689839572,0.9862365214342069,1.0,-0.00010048000000000088,0.9966728476821192,-0.014290590510865979,0.03194321206743567,-0.0033382592147649117,0.11469930744279827
frozenset({'Dalda Cooking Oil (500ml)'}),frozenset({'Pepsi 1L'}),0.2026,0.2052,0.039,0.192497532082922,0.9380971349070273,1.0,-0.002573519999999996,0.9842694376528116,-0.07642880816533072,0.10574837310195227,-0.015981967686308496,0.1912780058075429
frozenset({'Dalda Cooking Oil (500ml)'}),frozenset({'Frozen Paratha'}),0.2026,0.197,0.039,0.192497532082922,0.9771448329082335,1.0,-0.0009122000000000019,0.994424205378973,-0.028496632386569593,0.108153078202995,-0.005607058427245339,0.19523353761506507
frozenset({'Thal Sugar (200ml)'}),frozenset({'Dalda Cooking Oil (500ml)'}),0.1964,0.2026,0.0378,0.1924643584521385,0.9499721542553726,1.0,-0.001990640000000002,0.9874486759142497,-0.06150267929527619,0.10465116279069767,-0.012710862237097451,0.18951944477394683
"frozenset({'Dalda Cooking Oil (500ml)', 'Noodles'})",frozenset({'Bread'}),0.0364,0.2058,0.007,0.1923076923076923,0.9344397099499139,1.0,-0.0004911200000000003,0.9832952380952381,-0.06786875096734254,0.02976190476190476,-0.01698855161459043,0.11316064887493457
frozenset({'Surf Excel'}),frozenset({'Bread'}),0.2112,0.2058,0.0406,0.19223484848484848,0.9340857555143268,1.0,-0.0028649600000000067,0.9832065650644783,-0.08211350796096577,0.10786397449521783,-0.0170802713613089,0.19475688002473715
"frozenset({'Dalda Cooking Oil (500ml)', 'Nestle Water'})",frozenset({'Jam'}),0.0406,0.1984,0.0078,0.19211822660098524,0.9683378356904498,1.0,-0.0002550399999999998,0.9922243902439024,-0.03295788771781098,0.03373702422145329,-0.007836543661445554,0.11571637136500874
"frozenset({'Dalda Cooking Oil (500ml)', 'Shan Biryani Masala'})",frozenset({'Frozen Paratha'}),0.0406,0.197,0.0078,0.19211822660098524,0.9752194243704834,1.0,-0.0001982000000000008,0.9939573170731706,-0.025802184984221977,0.03394255874673629,-0.006079418927789256,0.11585606761521343
"frozenset({'Chicken', 'Thal Sugar (200ml)'})",frozenset({'Biscuits'}),0.0354,0.1972,0.0068,0.19209039548022597,0.9740892265731541,1.0,-0.00018088000000000045,0.9936755244755244,-0.026836158192090464,0.030115146147032774,-0.006364729097874962,0.1132865770504578
"frozenset({'Lux Soap', 'Noodles'})",frozenset({'Chicken'}),0.0354,0.198,0.0068,0.19209039548022597,0.9701535125263937,1.0,-0.00020920000000000053,0.9926853146853147,-0.03090797342978047,0.030008826125330977,-0.007368584189244441,0.11321691491183015
frozenset({'Noodles'}),frozenset({'Thal Sugar (200ml)'}),0.2052,0.1964,0.0394,0.19200779727095516,0.9776364423164723,1.0,-0.0009012799999999974,0.9945640530759952,-0.02797581356079504,0.10877967973495307,-0.005465657950528667,0.19630939761714764
frozenset({'Pepsi 1L'}),frozenset({'Chicken'}),0.2052,0.198,0.0394,0.19200779727095516,0.9697363498533088,1.0,-0.0012296000000000043,0.9925838359469241,-0.03778185831680236,0.10830126443100603,-0.007471574475118272,0.19549884813042706
frozenset({'Pepsi 1L'}),frozenset({'Nestle Water'}),0.2052,0.2062,0.0394,0.19200779727095516,0.9311726346797049,1.0,-0.0029122400000000034,0.9824352231604343,-0.08508514825566457,0.10591397849462365,-0.01787881422152285,0.1915422109536153
frozenset({'Chicken'}),frozenset({'Jam'}),0.198,0.1984,0.038,0.1919191919191919,0.9673346366894754,1.0,-0.0012831999999999982,0.99198,-0.040404040404040345,0.10602678571428571,-0.00808484042016977,0.19172572499185403
"frozenset({'Surf Excel', 'Shan Biryani Masala'})",frozenset({'Noodles'}),0.0396,0.2052,0.0076,0.1919191919191919,0.9352787130564908,1.0,-0.00052592,0.9835649999999999,-0.06721056721056722,0.03204047217537943,-0.016709622648223562,0.11447811447811447
frozenset({'Frozen Paratha'}),frozenset({'Lux Soap'}),0.197,0.1936,0.0378,0.19187817258883247,0.9911062633720685,1.0,-0.00033919999999999784,0.9978693467336683,-0.011051523820073824,0.10714285714285714,-0.0021352026428168723,0.193563053236565
"frozenset({'National Ketchup (1kg)', 'Eggs'})",frozenset({'Lux Soap'}),0.0344,0.1936,0.0066,0.19186046511627908,0.9910147991543341,1.0,-5.984000000000024e-05,0.9978474820143886,-0.009302325581395387,0.029810298102981032,-0.002157161314138042,0.11297568710359408
"frozenset({'Nestle Water', 'Thal Sugar (200ml)'})",frozenset({'Eggs'}),0.0344,0.1982,0.0066,0.19186046511627908,0.9680144556825383,1.0,-0.00021807999999999984,0.9921553956834533,-0.03308734281691506,0.029203539823008853,-0.007906628690098415,0.1125800811958792
"frozenset({'Frozen Paratha', 'Eggs'})",frozenset({'Lays Chips'}),0.0344,0.206,0.0066,0.19186046511627908,0.9313614811469859,1.0,-0.0004863999999999997,0.9825035971223022,-0.07091040563551114,0.028229255774165952,-0.017807978442973438,0.1119496500338677
frozenset({'Olpers Milk (Pack of 6)'}),frozenset({'Nestle Water'}),0.196,0.2062,0.0376,0.19183673469387755,0.9303430392525585,1.0,-0.002815199999999997,0.9822272727272727,-0.08519137192243435,0.10312671420735053,-0.01809431255495395,0.18709198519368953
"frozenset({'National Ketchup (1kg)', 'Nestle Water'})",frozenset({'Biscuits'}),0.0386,0.1972,0.0074,0.19170984455958548,0.9721594551703119,1.0,-0.00021192,0.9932076923076922,-0.02892600337415441,0.03239929947460596,-0.006838758645259725,0.11461759976457976
"frozenset({'Jam', 'Nestle Water'})",frozenset({'Lux Soap'}),0.0386,0.1936,0.0074,0.19170984455958548,0.9902368004110821,1.0,-7.295999999999952e-05,0.9976615384615385,-0.010151210743364636,0.03291814946619217,-0.0023439427584505393,0.11496649252772663
"frozenset({'Eggs', 'Tapal Tea (250g)'})",frozenset({'Dalda Cooking Oil (500ml)'}),0.0386,0.2026,0.0074,0.19170984455958548,0.9462479988133538,1.0,-0.00042035999999999983,0.9865269230769231,-0.055789730739828396,0.03165098374679213,-0.01365707980990033,0.11411750865689047
"frozenset({'Nestle Water', 'Bread'})",frozenset({'Dalda Cooking Oil (500ml)'}),0.0428,0.2026,0.0082,0.191588785046729,0.9456504691348914,1.0,-0.00047127999999999927,0.9863791907514452,-0.05664205222876035,0.034569983136593596,-0.013808897608817417,0.11603131256285118
"frozenset({'Dalda Cooking Oil (500ml)', 'Bread'})",frozenset({'Nestle Water'}),0.0428,0.2062,0.0082,0.191588785046729,0.929140567636901,1.0,-0.0006253599999999984,0.9819260115606938,-0.07379401491551008,0.03405315614617941,-0.018406670387088687,0.11567800067079417
frozenset({'Shan Biryani Masala'}),frozenset({'Noodles'}),0.2088,0.2052,0.04,0.19157088122605362,0.9335812925246278,1.0,-0.0028457600000000027,0.9831412322274881,-0.0825007189706197,0.106951871657754,-0.017147859554537462,0.19325132755259797
frozenset({'Jam'}),frozenset({'Chicken'}),0.1984,0.198,0.038,0.19153225806451613,0.9673346366894753,1.0,-0.0012831999999999982,0.9920000000000001,-0.040423387096774135,0.10602678571428571,-0.008064516129032273,0.19172572499185403
frozenset({'Dalda Cooking Oil (500ml)'}),frozenset({'Tapal Tea (250g)'}),0.2026,0.1996,0.0388,0.19151036525172754,0.9594707677942261,1.0,-0.0016389600000000018,0.9899941391941393,-0.05030867380766459,0.10676940011007155,-0.010106989940370384,0.1929495714034189
frozenset({'Dalda Cooking Oil (500ml)'}),frozenset({'Surf Excel'}),0.2026,0.2112,0.0388,0.19151036525172754,0.9067725627449221,1.0,-0.003989119999999999,0.9756463980463981,-0.11420901826144114,0.10346666666666667,-0.024961504498317008,0.18761124323192438
"frozenset({'Butter', 'Thal Sugar (200ml)'})",frozenset({'Guard Rice (1kg)'}),0.0324,0.1952,0.0062,0.19135802469135804,0.9803177494434325,1.0,-0.0001244800000000006,0.995248854961832,-0.020327911685936475,0.028003613369467027,-0.004773826178730083,0.11156015988666262
frozenset({'Surf Excel'}),frozenset({'Nestle Water'}),0.2112,0.2062,0.0404,0.19128787878787878,0.9276812744320019,1.0,-0.0031494400000000033,0.981560655737705,-0.08994041744343322,0.10716180371352785,-0.018785741007963225,0.1936070819739588
"frozenset({'Lux Soap', 'Lays Chips'})",frozenset({'Thal Sugar (200ml)'}),0.0366,0.1964,0.007,0.1912568306010929,0.9738127831012876,1.0,-0.00018823999999999924,0.9936405405405405,-0.02715506546413455,0.03097345132743363,-0.0064001610240257654,0.11344918923130001
"frozenset({'Biscuits', 'Thal Sugar (200ml)'})",frozenset({'Eggs'}),0.0366,0.1982,0.007,0.1912568306010929,0.9649688728612155,1.0,-0.0002541199999999992,0.991414864864865,-0.03631364748382365,0.030728709394205446,-0.008659477923306435,0.11328734567390669
"frozenset({'Pepsi 1L', 'Lays Chips'})",frozenset({'Guard Rice (1kg)'}),0.0408,0.1952,0.0078,0.19117647058823528,0.979387656702025,1.0,-0.00016416000000000174,0.9950254545454544,-0.0214702743423946,0.034180543382997364,-0.00499941527306751,0.11556774349083895
"frozenset({'Pepsi 1L', 'Eggs'})",frozenset({'Frozen Paratha'}),0.0408,0.197,0.0078,0.19117647058823528,0.9704389369961182,1.0,-0.000237600000000001,0.9927999999999999,-0.030779753761970032,0.033913043478260865,-0.007252215954875128,0.11538518960883845
"frozenset({'Surf Excel', 'Thal Sugar (200ml)'})",frozenset({'Noodles'}),0.0408,0.2052,0.0078,0.19117647058823528,0.9316592133929595,1.0,-0.0005721600000000004,0.9826618181818181,-0.07104118243041901,0.0327455919395466,-0.017644098404334063,0.11459408324733401
"frozenset({'Pepsi 1L', 'Lays Chips'})",frozenset({'National Ketchup (1kg)'}),0.0408,0.2048,0.0078,0.19117647058823528,0.9334788602941175,1.0,-0.0005558400000000019,0.9831563636363636,-0.06915497163332361,0.032800672834314544,-0.017132204994673956,0.11463120404411764
"frozenset({'Pepsi 1L', 'Eggs'})",frozenset({'National Ketchup (1kg)'}),0.0408,0.2048,0.0078,0.19117647058823528,0.9334788602941175,1.0,-0.0005558400000000019,0.9831563636363636,-0.06915497163332361,0.032800672834314544,-0.017132204994673956,0.11463120404411764
frozenset({'Nestle Water'}),frozenset({'Pepsi 1L'}),0.2062,0.2052,0.0394,0.19107662463627545,0.9311726346797049,1.0,-0.0029122400000000034,0.9825405275779375,-0.08518320484755462,0.10591397849462365,-0.017769722400257353,0.1915422109536153
"frozenset({'Lays Chips', 'Eggs'})",frozenset({'Shan Biryani Masala'}),0.0356,0.2088,0.0068,0.19101123595505617,0.9148047698996943,1.0,-0.0006332800000000008,0.9780111111111112,-0.08806318834130615,0.028619528619528618,-0.022483271037593323,0.11178914288174265
"frozenset({'Biscuits', 'Tapal Tea (250g)'})",frozenset({'Lux Soap'}),0.0356,0.1936,0.0068,0.19101123595505617,0.9866282848918191,1.0,-9.215999999999998e-05,0.9968,-0.013858479897986187,0.030575539568345324,-0.003210272873194221,0.11306760144860246
"frozenset({'Dalda Cooking Oil (500ml)', 'Guard Rice (1kg)'})",frozenset({'National Ketchup (1kg)'}),0.0356,0.2048,0.0068,0.19101123595505617,0.9326720505617977,1.0,-0.0004908800000000008,0.9829555555555556,-0.06964022244921134,0.02910958904109589,-0.01733999502633782,0.11210718047752809
"frozenset({'Lays Chips', 'Eggs'})",frozenset({'Lux Soap'}),0.0356,0.1936,0.0068,0.19101123595505617,0.9866282848918191,1.0,-9.215999999999998e-05,0.9968,-0.013858479897986187,0.030575539568345324,-0.003210272873194221,0.11306760144860246
"frozenset({'Pepsi 1L', 'Tapal Tea (250g)'})",frozenset({'Biscuits'}),0.0356,0.1972,0.0068,0.19101123595505617,0.9686168151879117,1.0,-0.00022031999999999954,0.99235,-0.032504012841091424,0.03008849557522124,-0.007708973648410329,0.11274699728787291
"frozenset({'Pepsi 1L', 'Tapal Tea (250g)'})",frozenset({'Butter'}),0.0356,0.1966,0.0068,0.19101123595505617,0.9715729194051688,1.0,-0.00019896000000000063,0.9930916666666667,-0.029445542913297356,0.030168589174800354,-0.00695639039699256,0.11279961594294009
"frozenset({'Biscuits', 'Tapal Tea (250g)'})",frozenset({'Pepsi 1L'}),0.0356,0.2052,0.0068,0.19101123595505617,0.9308539763891627,1.0,-0.0005051200000000004,0.9824611111111111,-0.07151594780717657,0.02905982905982906,-0.017851993010749648,0.11207481875725518
"frozenset({'Frozen Paratha', 'Nestle Water'})",frozenset({'Pepsi 1L'}),0.0398,0.2052,0.0076,0.19095477386934673,0.9305788200260562,1.0,-0.0005669600000000009,0.9823925465838508,-0.07209122535755713,0.03201347935973041,-0.017923032373745932,0.11399590545319188
frozenset({'Chicken'}),frozenset({'Dalda Cooking Oil (500ml)'}),0.198,0.2026,0.0378,0.1909090909090909,0.9422956115947231,1.0,-0.002314799999999999,0.9855505617977528,-0.07093998234774929,0.1041896361631753,-0.014661285541646743,0.18874181100242304
frozenset({'Olpers Milk (Pack of 6)'}),frozenset({'Frozen Paratha'}),0.196,0.197,0.0374,0.19081632653061226,0.9686107945716358,1.0,-0.0012119999999999978,0.9923581336696089,-0.03874482123676531,0.10517435320584927,-0.0077007141586397905,0.19033202113332642
"frozenset({'Nestle Water', 'Eggs'})",frozenset({'Thal Sugar (200ml)'}),0.0346,0.1964,0.0066,0.19075144508670522,0.9712395371013505,1.0,-0.00019543999999999985,0.9930199999999999,-0.029760563294493118,0.029411764705882356,-0.007029062858754073,0.11217816653520597
"frozenset({'Nestle Water', 'Eggs'})",frozenset({'Guard Rice (1kg)'}),0.0346,0.1952,0.0066,0.19075144508670522,0.97721027196058,1.0,-0.0001539200000000001,0.994502857142857,-0.023587247684489925,0.029569892473118278,-0.005527528470793731,0.11228146024827064
"frozenset({'Pepsi 1L', 'Jam'})",frozenset({'Dalda Cooking Oil (500ml)'}),0.0346,0.2026,0.0066,0.19075144508670522,0.9415174979600455,1.0,-0.00040996,0.9853585714285714,-0.06045181078211632,0.028620988725065046,-0.014858985343986436,0.11166397525806139
"frozenset({'Lux Soap', 'Nestle Water'})",frozenset({'Surf Excel'}),0.0388,0.2112,0.0074,0.1907216494845361,0.9030381130896595,1.0,-0.0007945599999999997,0.9746955414012738,-0.10048258349099072,0.030502885408079144,-0.025961397712302107,0.11287976413620744
"frozenset({'Dalda Cooking Oil (500ml)', 'Tapal Tea (250g)'})",frozenset({'Lays Chips'}),0.0388,0.206,0.0074,0.1907216494845361,0.9258332499249325,1.0,-0.0005927999999999992,0.9811210191082803,-0.07693026442831771,0.031171019376579612,-0.019242255057259305,0.11332198979081173
"frozenset({'Biscuits', 'Lays Chips'})",frozenset({'Jam'}),0.0388,0.1984,0.0074,0.1907216494845361,0.961298636514799,1.0,-0.00029791999999999926,0.990512101910828,-0.040200788039078,0.03220191470844212,-0.00957878058316354,0.11401001829065514
"frozenset({'Dalda Cooking Oil (500ml)', 'Tapal Tea (250g)'})",frozenset({'Thal Sugar (200ml)'}),0.0388,0.1964,0.0074,0.1907216494845361,0.9710878283326686,1.0,-0.00022031999999999954,0.9929834394904459,-0.030044182621502144,0.0324846356453029,-0.00706614051202575,0.11419992861192182
"frozenset({'Biscuits', 'National Ketchup (1kg)'})",frozenset({'Chicken'}),0.0388,0.198,0.0074,0.1907216494845361,0.9632406539623035,1.0,-0.00028240000000000036,0.9910063694267517,-0.03818651896885586,0.03225806451612903,-0.009075250019281684,0.11404769342913673
"frozenset({'Dalda Cooking Oil (500ml)', 'Tapal Tea (250g)'})",frozenset({'Eggs'}),0.0388,0.1982,0.0074,0.1907216494845361,0.962268665411383,1.0,-0.0002901599999999994,0.9907592356687899,-0.039194709200544554,0.032229965156794424,-0.009326952501202156,0.11402883685124887
"frozenset({'Biscuits', 'National Ketchup (1kg)'})",frozenset({'Nestle Water'}),0.0388,0.2062,0.0074,0.1907216494845361,0.9249352545321828,1.0,-0.00060056,0.9808738853503185,-0.07785890601339998,0.031144781144781145,-0.019499055826989034,0.1133045686801924
"frozenset({'Lux Soap', 'Nestle Water'})",frozenset({'Jam'}),0.0388,0.1984,0.0074,0.1907216494845361,0.961298636514799,1.0,-0.00029791999999999926,0.990512101910828,-0.040200788039078,0.03220191470844212,-0.00957878058316354,0.11401001829065514
frozenset({'Eggs'}),frozenset({'Jam'}),0.1982,0.1984,0.0378,0.19071644803229063,0.9612724195175939,1.0,-0.0015228799999999973,0.9905057356608479,-0.04784278933816545,0.10535117056856189,-0.00958526942079512,0.19062032079033886
frozenset({'Biscuits'}),frozenset({'Noodles'}),0.1972,0.2052,0.0376,0.1906693711967546,0.9291879687951003,1.0,-0.002865439999999997,0.9820461152882206,-0.08669826254919702,0.1030701754385965,-0.018282119782643942,0.1869526193215742
frozenset({'Jam'}),frozenset({'Eggs'}),0.1984,0.1982,0.0378,0.1905241935483871,0.9612724195175939,1.0,-0.0015228799999999973,0.9905175591531757,-0.04785415493524246,0.10535117056856189,-0.009573218323288717,0.19062032079033886
frozenset({'Dalda Cooking Oil (500ml)'}),frozenset({'National Ketchup (1kg)'}),0.2026,0.2048,0.0386,0.19052319842053309,0.9302890547877591,1.0,-0.002892480000000003,0.9823629268292684,-0.08590133320978906,0.10466377440347073,-0.017953724320255188,0.18949988046026656
"frozenset({'Jam', 'Tapal Tea (250g)'})",frozenset({'Eggs'}),0.0336,0.1982,0.0064,0.1904761904761905,0.9610302244005575,1.0,-0.0002595199999999992,0.9904588235294118,-0.04027012264759906,0.02839396628216504,-0.009633087457981408,0.11138340300802461
"frozenset({'Lux Soap', 'Frozen Paratha'})",frozenset({'Biscuits'}),0.0378,0.1972,0.0072,0.19047619047619047,0.9659036028204385,1.0,-0.0002541599999999998,0.9916941176470587,-0.03538847117794484,0.03160667251975417,-0.008375447837331242,0.11349367333140152
frozenset({'Bread'}),frozenset({'Chicken'}),0.2058,0.198,0.0392,0.19047619047619047,0.9620009620009619,1.0,-0.0015484000000000053,0.9907058823529412,-0.047379153172604216,0.10751508502468457,-0.009381308633178981,0.19422799422799422
"frozenset({'Dalda Cooking Oil (500ml)', 'Chicken'})",frozenset({'Surf Excel'}),0.0378,0.2112,0.0072,0.19047619047619047,0.9018759018759018,1.0,-0.0007833600000000003,0.9743999999999999,-0.10158730158730163,0.02977667493796526,-0.02627257799671594,0.11228354978354978
"frozenset({'Dalda Cooking Oil (500ml)', 'Thal Sugar (200ml)'})",frozenset({'Shan Biryani Masala'}),0.0378,0.2088,0.0072,0.19047619047619047,0.9122422915526363,1.0,-0.0006926400000000013,0.9773647058823529,-0.09089191232048392,0.03007518796992481,-0.02315951658722137,0.11247947454844007
"frozenset({'Chicken', 'Nestle Water'})",frozenset({'Tapal Tea (250g)'}),0.041,0.1996,0.0078,0.19024390243902436,0.953125763722567,1.0,-0.0003836000000000013,0.9884457831325301,-0.04878048780487821,0.03350515463917526,-0.011689277312563261,0.11466102937582481
"frozenset({'Pepsi 1L', 'Surf Excel'})",frozenset({'Biscuits'}),0.041,0.1972,0.0078,0.19024390243902436,0.9647256715974867,1.0,-0.00028519999999999934,0.9914096385542167,-0.036727019857315704,0.033854166666666664,-0.00866479516813107,0.11489882748726066
"frozenset({'Noodles', 'Surf Excel'})",frozenset({'Thal Sugar (200ml)'}),0.041,0.1964,0.0078,0.19024390243902436,0.9686553077343399,1.0,-0.00025239999999999985,0.9923975903614457,-0.03264102630421848,0.03397212543554007,-0.007660649030581915,0.11497938502806615
"frozenset({'Lays Chips', 'Chicken'})",frozenset({'Guard Rice (1kg)'}),0.041,0.1952,0.0078,0.19024390243902436,0.9746101559376248,1.0,-0.0002032000000000006,0.993879518072289,-0.02644662519197238,0.03415061295971979,-0.006158172913737137,0.1151014594162335
"frozenset({'Chicken', 'Lays Chips'})",frozenset({'Nestle Water'}),0.041,0.2062,0.0078,0.19024390243902436,0.92261834354522,1.0,-0.0006542000000000006,0.9802951807228916,-0.08042387883556262,0.03258145363408521,-0.020100903956885397,0.11403562726218919
"frozenset({'Chicken', 'Nestle Water'})",frozenset({'Lays Chips'}),0.041,0.206,0.0078,0.19024390243902436,0.923514089509827,1.0,-0.0006460000000000007,0.9805421686746988,-0.07949595136718278,0.03260869565217391,-0.019843951588130508,0.11405399005446364
frozenset({'Butter'}),frozenset({'Jam'}),0.1966,0.1984,0.0374,0.19023397761953206,0.9588406130016738,1.0,-0.0016054399999999927,0.9899155778894473,-0.05072063590352745,0.10458612975391499,-0.010187153668248416,0.18937102106783055
"frozenset({'Lux Soap', 'Pepsi 1L'})",frozenset({'Chicken'}),0.0368,0.198,0.007,0.19021739130434784,0.9606938954765042,1.0,-0.0002864,0.9903892617449666,-0.04074664238561348,0.030728709394205442,-0.009704000867396721,0.1127854633289416
"frozenset({'Tapal Tea (250g)', 'Thal Sugar (200ml)'})",frozenset({'National Ketchup (1kg)'}),0.0368,0.2048,0.007,0.19021739130434784,0.9287958559782609,1.0,-0.0005366399999999997,0.9819919463087249,-0.07372400756143663,0.029838022165387893,-0.01833829061324468,0.11219853940217392
"frozenset({'Biscuits', 'Eggs'})",frozenset({'Olpers Milk (Pack of 6)'}),0.0368,0.196,0.007,0.19021739130434784,0.9704968944099379,1.0,-0.00021279999999999997,0.9928590604026847,-0.030595813204508854,0.03100088573959256,-0.007192299372701703,0.11296583850931677
"frozenset({'Noodles', 'Lays Chips'})",frozenset({'Tapal Tea (250g)'}),0.0368,0.1996,0.007,0.19021739130434784,0.9529929424065523,1.0,-0.0003452799999999999,0.9884134228187921,-0.048715517630592786,0.03051438535309503,-0.011722399669730337,0.11264376579245448
"frozenset({'Lux Soap', 'Butter'})",frozenset({'Dalda Cooking Oil (500ml)'}),0.0368,0.2026,0.007,0.19021739130434784,0.9388814970599597,1.0,-0.00045568,0.9847087248322148,-0.06330577042766959,0.030120481927710843,-0.015528729239593886,0.11238411519807717
"frozenset({'National Ketchup (1kg)', 'Bread'})",frozenset({'Eggs'}),0.0368,0.1982,0.007,0.19021739130434784,0.9597244768130567,1.0,-0.0002937599999999997,0.9901422818791948,-0.041750045479352335,0.030701754385964914,-0.009955860184150846,0.11276762602553417
"frozenset({'National Ketchup (1kg)', 'Bread'})",frozenset({'Jam'}),0.0368,0.1984,0.007,0.19021739130434784,0.958757012622721,1.0,-0.00030111999999999934,0.9898953020134229,-0.04275135159692872,0.030674846625766874,-0.01020784517920678,0.11274982468443198
"frozenset({'Biscuits', 'Eggs'})",frozenset({'Thal Sugar (200ml)'}),0.0368,0.1964,0.007,0.19021739130434784,0.9685203223235633,1.0,-0.00022751999999999929,0.992365100671141,-0.032643129332904725,0.03094606542882405,-0.007693639491851858,0.11292946958292749
"frozenset({'Frozen Paratha', 'Shan Biryani Masala'})",frozenset({'Surf Excel'}),0.0368,0.2112,0.007,0.19021739130434784,0.9006505270092228,1.0,-0.00077216,0.9740885906040269,-0.10275518460162672,0.029045643153526972,-0.026600670253108725,0.11168066534914362
"frozenset({'Thal Sugar (200ml)', 'Tapal Tea (250g)'})",frozenset({'Eggs'}),0.0368,0.1982,0.007,0.19021739130434784,0.9597244768130567,1.0,-0.0002937599999999997,0.9901422818791948,-0.041750045479352335,0.030701754385964914,-0.009955860184150846,0.11276762602553417
"frozenset({'Lux Soap', 'Olpers Milk (Pack of 6)'})",frozenset({'Lays Chips'}),0.0326,0.206,0.0062,0.1901840490797546,0.9232235392221099,1.0,-0.0005155999999999989,0.980469696969697,-0.07915891351474158,0.026678141135972465,-0.019919333652701984,0.1101405682291977
frozenset({'Lux Soap'}),frozenset({'Butter'}),0.1936,0.1966,0.0368,0.19008264462809918,0.9668496674877883,1.0,-0.0012617600000000007,0.9919530612244898,-0.040784451638928854,0.1041312959818902,-0.008112217291387626,0.1886323701268675
frozenset({'Lux Soap'}),frozenset({'Shan Biryani Masala'}),0.1936,0.2088,0.0368,0.19008264462809918,0.9103574934295937,1.0,-0.003623680000000004,0.9768897959183674,-0.10882183355756306,0.10065645514223195,-0.02365692033860065,0.18316392767803424
frozenset({'Lux Soap'}),frozenset({'Pepsi 1L'}),0.1936,0.2052,0.0368,0.19008264462809918,0.9263286775248498,1.0,-0.0029267200000000007,0.981334693877551,-0.08977051883551562,0.10165745856353592,-0.019020326336060413,0.18470993829845506
frozenset({'Pepsi 1L'}),frozenset({'Dalda Cooking Oil (500ml)'}),0.2052,0.2026,0.039,0.19005847953216376,0.9380971349070274,1.0,-0.002573519999999996,0.984515523465704,-0.0766596605613462,0.10574837310195227,-0.015728016638871637,0.1912780058075429
"frozenset({'Lays Chips', 'Frozen Paratha'})",frozenset({'National Ketchup (1kg)'}),0.04,0.2048,0.0076,0.19,0.927734375,1.0,-0.0005920000000000014,0.9817283950617284,-0.07505070993914824,0.03204047217537943,-0.018611670020120732,0.1135546875
"frozenset({'National Ketchup (1kg)', 'Tapal Tea (250g)'})",frozenset({'Jam'}),0.04,0.1984,0.0076,0.19,0.9576612903225807,1.0,-0.00033600000000000036,0.9896296296296295,-0.04402515723270445,0.03292894280762565,-0.010479041916167654,0.11415322580645161
"frozenset({'Noodles', 'Shan Biryani Masala'})",frozenset({'Surf Excel'}),0.04,0.2112,0.0076,0.19,0.8996212121212122,1.0,-0.0008480000000000007,0.973827160493827,-0.10412573673870341,0.031198686371100168,-0.026876267748478698,0.11299242424242424
"frozenset({'Guard Rice (1kg)', 'Nestle Water'})",frozenset({'Dalda Cooking Oil (500ml)'}),0.04,0.2026,0.0076,0.19,0.9378084896347483,1.0,-0.0005040000000000001,0.9844444444444443,-0.06461538461538463,0.03234042553191489,-0.01580135440180587,0.11375616979269497
"frozenset({'Lux Soap', 'Tapal Tea (250g)'})",frozenset({'Biscuits'}),0.0358,0.1972,0.0068,0.18994413407821228,0.9632055480639569,1.0,-0.0002597599999999995,0.9910427586206896,-0.038108539505187486,0.030061892130857647,-0.009038198706760965,0.11221344634945096
"frozenset({'Bread', 'Thal Sugar (200ml)'})",frozenset({'Frozen Paratha'}),0.0358,0.197,0.0068,0.18994413407821228,0.9641834217168136,1.0,-0.0002526000000000004,0.9912896551724137,-0.03709708686534028,0.030088495575221235,-0.008786881596248722,0.11223095028783711
"frozenset({'Lux Soap', 'Tapal Tea (250g)'})",frozenset({'Lays Chips'}),0.0358,0.206,0.0068,0.18994413407821228,0.9220589032922927,1.0,-0.0005747999999999994,0.9801793103448276,-0.08060173655515912,0.02893617021276596,-0.02022149360426663,0.11147692140803818
"frozenset({'Chicken', 'Surf Excel'})",frozenset({'Frozen Paratha'}),0.0358,0.197,0.0068,0.18994413407821228,0.9641834217168136,1.0,-0.0002526000000000004,0.9912896551724137,-0.03709708686534028,0.030088495575221235,-0.008786881596248722,0.11223095028783711
"frozenset({'Olpers Milk (Pack of 6)', 'Shan Biryani Masala'})",frozenset({'Pepsi 1L'}),0.0358,0.2052,0.0068,0.18994413407821228,0.9256536748450891,1.0,-0.0005461599999999995,0.9811668965517241,-0.07689448549288154,0.029035012809564473,-0.019194597284584437,0.11154126781883324
"frozenset({'Bread', 'Thal Sugar (200ml)'})",frozenset({'Biscuits'}),0.0358,0.1972,0.0068,0.18994413407821228,0.9632055480639569,1.0,-0.0002597599999999995,0.9910427586206896,-0.038108539505187486,0.030061892130857647,-0.009038198706760965,0.11221344634945096
frozenset({'Frozen Paratha'}),frozenset({'Olpers Milk (Pack of 6)'}),0.197,0.196,0.0374,0.18984771573604062,0.9686107945716358,1.0,-0.0012119999999999978,0.9924060150375941,-0.03879119964665434,0.10517435320584927,-0.007652094855670883,0.19033202113332642
"frozenset({'Lays Chips', 'National Ketchup (1kg)'})",frozenset({'Butter'}),0.0432,0.1966,0.0082,0.18981481481481483,0.9654873591801365,1.0,-0.00029311999999999915,0.991625142857143,-0.036014783360855444,0.035405872193436966,-0.008445587733613607,0.11576193436569836
"frozenset({'Lays Chips', 'National Ketchup (1kg)'})",frozenset({'Dalda Cooking Oil (500ml)'}),0.0432,0.2026,0.0082,0.18981481481481483,0.9368944462725312,1.0,-0.0005523200000000002,0.9842194285714286,-0.06576741350403904,0.034511784511784514,-0.016033590651097537,0.1151443274468941
"frozenset({'Lays Chips', 'National Ketchup (1kg)'})",frozenset({'Shan Biryani Masala'}),0.0432,0.2088,0.0082,0.18981481481481483,0.9090747835958564,1.0,-0.0008201600000000003,0.9765668571428573,-0.09464199992614751,0.03363412633305989,-0.023995431224956,0.11454342273307791
frozenset({'Olpers Milk (Pack of 6)'}),frozenset({'Tapal Tea (250g)'}),0.196,0.1996,0.0372,0.1897959183673469,0.9508813545458262,1.0,-0.0019216000000000025,0.9878992443324937,-0.06036996079219873,0.10379464285714285,-0.012248977552040342,0.18808433192916443
frozenset({'Olpers Milk (Pack of 6)'}),frozenset({'Pepsi 1L'}),0.196,0.2052,0.0372,0.1897959183673469,0.9249313760591955,1.0,-0.0030192000000000066,0.9809874055415616,-0.09169096209912557,0.1021978021978022,-0.01938107905467172,0.18554123403747463
"frozenset({'Dalda Cooking Oil (500ml)', 'Frozen Paratha'})",frozenset({'Nestle Water'}),0.039,0.2062,0.0074,0.18974358974358976,0.9201919968166332,1.0,-0.0006417999999999997,0.9796898734177216,-0.082778723623794,0.031118587047939444,-0.020731179461338158,0.11281553880971923
"frozenset({'Lays Chips', 'Tapal Tea (250g)'})",frozenset({'Dalda Cooking Oil (500ml)'}),0.039,0.2026,0.0074,0.18974358974358976,0.936542891133217,1.0,-0.0005013999999999991,0.984132911392405,-0.065862757461118,0.03159692570452605,-0.01612291228544048,0.11313438124889261
"frozenset({'Lays Chips', 'Guard Rice (1kg)'})",frozenset({'Shan Biryani Masala'}),0.039,0.2088,0.0074,0.18974358974358976,0.908733667354357,1.0,-0.0007431999999999994,0.9764810126582278,-0.09461971328902799,0.03078202995008319,-0.024085452801327414,0.11259210138520484
frozenset({'Eggs'}),frozenset({'Bread'}),0.1982,0.2058,0.0376,0.18970736629667004,0.9218045009556367,1.0,-0.003189560000000001,0.9801397260273973,-0.09567558682122457,0.10262008733624454,-0.02026269668009314,0.1862045091930386
"frozenset({'Chicken', 'Eggs'})",frozenset({'Olpers Milk (Pack of 6)'}),0.0348,0.196,0.0066,0.18965517241379312,0.967628430682618,1.0,-0.00022080000000000016,0.9921702127659575,-0.03349961766740708,0.02943800178412132,-0.007891576599759809,0.1116643209007741
"frozenset({'Chicken', 'Tapal Tea (250g)'})",frozenset({'Guard Rice (1kg)'}),0.0348,0.1952,0.0066,0.18965517241379312,0.9715941209723008,1.0,-0.00019295999999999983,0.9931574468085106,-0.02939993417925181,0.029543419874664276,-0.006889696304929039,0.11173332391181459
"frozenset({'Chicken', 'Tapal Tea (250g)'})",frozenset({'Olpers Milk (Pack of 6)'}),0.0348,0.196,0.0066,0.18965517241379312,0.967628430682618,1.0,-0.00022080000000000016,0.9921702127659575,-0.03349961766740708,0.02943800178412132,-0.007891576599759809,0.1116643209007741
"frozenset({'Chicken', 'Eggs'})",frozenset({'Lux Soap'}),0.0348,0.1936,0.0066,0.18965517241379312,0.9796238244514108,1.0,-0.00013727999999999917,0.9951319148936171,-0.021095334685598252,0.029756537421100092,-0.004891899288450983,0.1118730407523511
"frozenset({'National Ketchup (1kg)', 'Thal Sugar (200ml)'})",frozenset({'Pepsi 1L'}),0.0348,0.2052,0.0066,0.18965517241379312,0.9242454795993817,1.0,-0.0005409599999999992,0.9808170212765958,-0.07827204222662071,0.02827763496143959,-0.019558162539263804,0.1109094575519258
frozenset({'Shan Biryani Masala'}),frozenset({'Surf Excel'}),0.2088,0.2112,0.0396,0.1896551724137931,0.8979885057471264,1.0,-0.004498559999999999,0.9734127659574467,-0.12555260831122897,0.10410094637223975,-0.02731342239630693,0.18857758620689657
"frozenset({'Jam', 'Chicken'})",frozenset({'Shan Biryani Masala'}),0.038,0.2088,0.0072,0.18947368421052632,0.9074410163339383,1.0,-0.0007344000000000014,0.9761558441558442,-0.09586466165413553,0.030050083472454088,-0.024426587195998092,0.11197822141560798
"frozenset({'Butter', 'Shan Biryani Masala'})",frozenset({'Guard Rice (1kg)'}),0.038,0.1952,0.0072,0.18947368421052632,0.9706643658326143,1.0,-0.00021760000000000009,0.9929350649350649,-0.03045912653975365,0.03185840707964602,-0.007115203515747627,0.11317946505608284
"frozenset({'Butter', 'Shan Biryani Masala'})",frozenset({'Lux Soap'}),0.038,0.1936,0.0072,0.18947368421052632,0.97868638538495,1.0,-0.00015679999999999947,0.994909090909091,-0.02213688728258407,0.03208556149732621,-0.00511695906432747,0.11333188342757722
"frozenset({'Shan Biryani Masala', 'Bread'})",frozenset({'Biscuits'}),0.038,0.1972,0.0072,0.18947368421052632,0.9608198996476994,1.0,-0.00029359999999999976,0.9904675324675325,-0.040664819944598314,0.031578947368421054,-0.009624210001835656,0.11299242019856945
"frozenset({'Biscuits', 'Surf Excel'})",frozenset({'Thal Sugar (200ml)'}),0.038,0.1964,0.0072,0.18947368421052632,0.9647336263265088,1.0,-0.0002631999999999999,0.9914545454545455,-0.03660843440525202,0.03169014084507042,-0.008619108747478434,0.11306678100546683
frozenset({'National Ketchup (1kg)'}),frozenset({'Biscuits'}),0.2048,0.1972,0.0388,0.189453125,0.9607156440162272,1.0,-0.0015865600000000007,0.9904424096385541,-0.048907039141414164,0.10682819383259912,-0.009649819382162415,0.19310384444726167
frozenset({'Thal Sugar (200ml)'}),frozenset({'Lays Chips'}),0.1964,0.206,0.0372,0.18940936863543786,0.9194629545409606,1.0,-0.0032584000000000016,0.979532663316583,-0.09828573083271402,0.10186199342825848,-0.020895001718592095,0.18499594645364126
"frozenset({'Lux Soap', 'Guard Rice (1kg)'})",frozenset({'National Ketchup (1kg)'}),0.0338,0.2048,0.0064,0.18934911242603553,0.9245562130177516,1.0,-0.0005222399999999993,0.9809401459854016,-0.0778774575300629,0.02756244616709733,-0.019430190611122337,0.11029955621301776
"frozenset({'Olpers Milk (Pack of 6)', 'Bread'})",frozenset({'Nestle Water'}),0.0338,0.2062,0.0064,0.18934911242603553,0.9182789157421704,1.0,-0.0005695599999999985,0.9792131386861316,-0.08433877664646873,0.027397260273972605,-0.021228127455233645,0.11019346988906044
"frozenset({'Olpers Milk (Pack of 6)', 'Bread'})",frozenset({'Noodles'}),0.0338,0.2052,0.0064,0.18934911242603553,0.9227539591912063,1.0,-0.0005357599999999988,0.9804467153284672,-0.07973283487909691,0.027515047291487533,-0.019943240530906476,0.11026909812334915
frozenset({'Lays Chips'}),frozenset({'Tapal Tea (250g)'}),0.206,0.1996,0.039,0.18932038834951456,0.9484989396268265,1.0,-0.0021175999999999973,0.9873197604790419,-0.0640075445235705,0.10638297872340426,-0.012843093016598497,0.1923555849563204
frozenset({'Lays Chips'}),frozenset({'Guard Rice (1kg)'}),0.206,0.1952,0.039,0.18932038834951456,0.9698790386757917,1.0,-0.0012112000000000026,0.9927473053892215,-0.0376415598622628,0.10767531750414135,-0.00730568048022546,0.19455773515836383
frozenset({'Butter'}),frozenset({'Noodles'}),0.1966,0.2052,0.0372,0.18921668362156663,0.9221085946470109,1.0,-0.003142320000000004,0.980286574654956,-0.09513878796686541,0.102029621503017,-0.020109859560182897,0.18525161666458448
"frozenset({'Biscuits', 'Jam'})",frozenset({'Chicken'}),0.037,0.198,0.007,0.1891891891891892,0.9555009555009555,1.0,-0.0003259999999999999,0.9891333333333334,-0.046129899533040884,0.03070175438596491,-0.01098604839253218,0.11227136227136228
"frozenset({'Butter', 'National Ketchup (1kg)'})",frozenset({'Eggs'}),0.037,0.1982,0.007,0.1891891891891892,0.9545367769383916,1.0,-0.0003333999999999993,0.9888866666666668,-0.047127671604658965,0.030674846625766874,-0.011238227501634805,0.11225352496795485
"frozenset({'Butter', 'Eggs'})",frozenset({'National Ketchup (1kg)'}),0.037,0.2048,0.007,0.1891891891891892,0.9237753378378378,1.0,-0.0005776000000000002,0.9807466666666668,-0.07892219823463506,0.029812606473594547,-0.019631301321442165,0.1116844383445946
"frozenset({'Lays Chips', 'Nestle Water'})",frozenset({'Pepsi 1L'}),0.037,0.2052,0.007,0.1891891891891892,0.9219746061851326,1.0,-0.000592399999999999,0.9802533333333333,-0.08078108380832888,0.029761904761904764,-0.020144452454467533,0.11165112480901955
"frozenset({'Butter', 'Eggs'})",frozenset({'Jam'}),0.037,0.1984,0.007,0.1891891891891892,0.9535745422842198,1.0,-0.0003407999999999996,0.9886400000000001,-0.048123358468186,0.03064798598949212,-0.01149053244861626,0.11223572362685266
"frozenset({'Dalda Cooking Oil (500ml)', 'Eggs'})",frozenset({'Lays Chips'}),0.037,0.206,0.007,0.1891891891891892,0.9183941222776175,1.0,-0.0006219999999999993,0.9792666666666668,-0.08447643623523012,0.029661016949152543,-0.021172305807066485,0.11158488585673053
"frozenset({'Biscuits', 'Jam'})",frozenset({'Lux Soap'}),0.037,0.1936,0.007,0.1891891891891892,0.9772168863077955,1.0,-0.00016319999999999963,0.9945600000000001,-0.02363778569566346,0.03130590339892666,-0.00546975546975545,0.11267310699128882
"frozenset({'Dalda Cooking Oil (500ml)', 'Jam'})",frozenset({'Bread'}),0.037,0.2058,0.007,0.1891891891891892,0.9192866335723479,1.0,-0.0006145999999999999,0.9795133333333335,-0.08355538637228777,0.02968617472434266,-0.020915148338971054,0.11160139731568303
frozenset({'Pepsi 1L'}),frozenset({'Noodles'}),0.2052,0.2052,0.0388,0.18908382066276805,0.9214611143409749,1.0,-0.003307039999999997,0.9801259615384615,-0.09685203928624973,0.10441334768568354,-0.020277024832954134,0.18908382066276805
frozenset({'Noodles'}),frozenset({'Pepsi 1L'}),0.2052,0.2052,0.0388,0.18908382066276805,0.9214611143409749,1.0,-0.003307039999999997,0.9801259615384615,-0.09685203928624973,0.10441334768568354,-0.020277024832954134,0.18908382066276805
frozenset({'Lux Soap'}),frozenset({'Lays Chips'}),0.1936,0.206,0.0366,0.1890495867768595,0.9177164406643666,1.0,-0.0032815999999999956,0.9790980891719746,-0.10006147121098273,0.10082644628099176,-0.02134812748506357,0.18335974484474044
frozenset({'Chicken'}),frozenset({'Noodles'}),0.198,0.2052,0.0374,0.18888888888888888,0.9205111544292831,1.0,-0.003229599999999999,0.9798904109589041,-0.09720566812342733,0.10224166211044287,-0.02052228373315439,0.18557504873294348
"frozenset({'Pepsi 1L', 'Bread'})",frozenset({'Shan Biryani Masala'}),0.036,0.2088,0.0068,0.18888888888888888,0.9046402724563644,1.0,-0.0007168000000000001,0.9754520547945206,-0.09856985698569859,0.028571428571428567,-0.02516571171778454,0.110727969348659
"frozenset({'Butter', 'Lays Chips'})",frozenset({'Shan Biryani Masala'}),0.036,0.2088,0.0068,0.18888888888888888,0.9046402724563644,1.0,-0.0007168000000000001,0.9754520547945206,-0.09856985698569859,0.028571428571428567,-0.02516571171778454,0.110727969348659
"frozenset({'Butter', 'Tapal Tea (250g)'})",frozenset({'Pepsi 1L'}),0.036,0.2052,0.0068,0.18888888888888888,0.9205111544292831,1.0,-0.0005871999999999995,0.9798904109589041,-0.08221326164874546,0.029010238907849827,-0.02052228373315439,0.11101364522417154
"frozenset({'Noodles', 'Eggs'})",frozenset({'Jam'}),0.036,0.1984,0.0068,0.18888888888888888,0.9520609318996416,1.0,-0.00034239999999999965,0.9882739726027397,-0.04964045465089302,0.029876977152899824,-0.011865158571745396,0.11158154121863799
"frozenset({'Noodles', 'Eggs'})",frozenset({'National Ketchup (1kg)'}),0.036,0.2048,0.0068,0.18888888888888888,0.9223090277777777,1.0,-0.0005728,0.9803835616438357,-0.0803591470258137,0.029059829059829057,-0.02000894254415383,0.11104600694444444
"frozenset({'Butter', 'Lays Chips'})",frozenset({'Dalda Cooking Oil (500ml)'}),0.036,0.2026,0.0068,0.18888888888888888,0.9323242294614457,1.0,-0.0004936000000000003,0.9830958904109589,-0.07002610373396895,0.029335634167385674,-0.017194771897555954,0.11122628057475047
"frozenset({'Eggs', 'Thal Sugar (200ml)'})",frozenset({'Bread'}),0.0392,0.2058,0.0074,0.18877551020408165,0.9172765316038952,1.0,-0.0006673600000000005,0.9790138364779875,-0.08580892034233055,0.031144781144781145,-0.021436023414654195,0.11236637512147717
"frozenset({'Chicken', 'Bread'})",frozenset({'Lays Chips'}),0.0392,0.206,0.0074,0.18877551020408165,0.9163859718644741,1.0,-0.0006751999999999991,0.9787672955974843,-0.08672955587068652,0.031118587047939447,-0.02169331208553947,0.11234892015058451
"frozenset({'Chicken', 'Frozen Paratha'})",frozenset({'Jam'}),0.0392,0.1984,0.0074,0.18877551020408165,0.9514894667544438,1.0,-0.00037727999999999894,0.9881358490566038,-0.05038999893150963,0.03214596003475239,-0.012006599046804322,0.11303694865042792
frozenset({'Shan Biryani Masala'}),frozenset({'Thal Sugar (200ml)'}),0.2088,0.1964,0.0394,0.18869731800766282,0.9607806415868779,1.0,-0.0016083200000000034,0.9905057851239668,-0.04906166874100115,0.10770913067249863,-0.00958521900489942,0.19465415798550145
"frozenset({'Butter', 'Frozen Paratha'})",frozenset({'Thal Sugar (200ml)'}),0.035,0.1964,0.0066,0.18857142857142856,0.9601396566773348,1.0,-0.0002740000000000008,0.9903521126760564,-0.04124642480806876,0.029359430604982206,-0.00974187584441443,0.11108815827756764
"frozenset({'Lux Soap', 'National Ketchup (1kg)'})",frozenset({'Biscuits'}),0.035,0.1972,0.0066,0.18857142857142856,0.9562445667922341,1.0,-0.0003020000000000002,0.9893661971830986,-0.04527057412681759,0.02925531914893617,-0.010748095949889675,0.11101999420457838
"frozenset({'Lux Soap', 'National Ketchup (1kg)'})",frozenset({'Eggs'}),0.035,0.1982,0.0066,0.18857142857142856,0.9514199221565518,1.0,-0.0003370000000000005,0.9881338028169016,-0.05025350432448561,0.02912621359223301,-0.012008694722588463,0.11093556292345394
"frozenset({'Dalda Cooking Oil (500ml)', 'Olpers Milk (Pack of 6)'})",frozenset({'Bread'}),0.035,0.2058,0.0066,0.18857142857142856,0.9162848812994584,1.0,-0.0006030000000000011,0.9787676056338029,-0.08648881239242699,0.028181041844577284,-0.021692988451991253,0.1103206997084548
"frozenset({'Biscuits', 'Chicken'})",frozenset({'Olpers Milk (Pack of 6)'}),0.035,0.196,0.0066,0.18857142857142856,0.9620991253644314,1.0,-0.0002600000000000007,0.9908450704225353,-0.039221602051591586,0.02941176470588235,-0.009239516702203297,0.11112244897959184
frozenset({'Guard Rice (1kg)'}),frozenset({'Olpers Milk (Pack of 6)'}),0.1952,0.196,0.0368,0.1885245901639344,0.9618601538976245,1.0,-0.0014592000000000077,0.9907878787878789,-0.04695609193508551,0.1038374717832957,-0.009297773427942281,0.18813984610237539
frozenset({'Jam'}),frozenset({'Butter'}),0.1984,0.1966,0.0374,0.18850806451612906,0.9588406130016738,1.0,-0.0016054399999999927,0.9900283229813664,-0.0508287404765762,0.10458612975391499,-0.010072112875119416,0.18937102106783055
"frozenset({'Biscuits', 'Bread'})",frozenset({'Frozen Paratha'}),0.0382,0.197,0.0072,0.18848167539267016,0.9567597735668536,1.0,-0.0003254,0.9895032258064516,-0.044880530070231,0.031578947368421054,-0.010608125289327332,0.11251494937146198
"frozenset({'Butter', 'Surf Excel'})",frozenset({'Frozen Paratha'}),0.0382,0.197,0.0072,0.18848167539267016,0.9567597735668536,1.0,-0.0003254,0.9895032258064516,-0.044880530070231,0.031578947368421054,-0.010608125289327332,0.11251494937146198
"frozenset({'Biscuits', 'Bread'})",frozenset({'Shan Biryani Masala'}),0.0382,0.2088,0.0072,0.18848167539267016,0.9026900162484203,1.0,-0.0007761599999999997,0.9749625806451613,-0.1007853403141361,0.030025020850708926,-0.025680390049709116,0.1114822170066799
frozenset({'National Ketchup (1kg)'}),frozenset({'Nestle Water'}),0.2048,0.2062,0.0386,0.1884765625,0.9140473448108632,1.0,-0.0036297599999999958,0.9781602888086643,-0.10574843377088292,0.10365198711063373,-0.022327333711262273,0.1878367293586324
frozenset({'National Ketchup (1kg)'}),frozenset({'Dalda Cooking Oil (500ml)'}),0.2048,0.2026,0.0386,0.1884765625,0.9302890547877591,1.0,-0.002892480000000003,0.9825963898916967,-0.08611852134146349,0.10466377440347073,-0.017711860421369453,0.18949988046026656
"frozenset({'Nestle Water', 'Tapal Tea (250g)'})",frozenset({'Noodles'}),0.0414,0.2052,0.0078,0.18840579710144928,0.9181569059524819,1.0,-0.0006952799999999995,0.9793071428571427,-0.08507701569681213,0.032663316582914576,-0.02113009926843321,0.11320874650394101
"frozenset({'Nestle Water', 'Tapal Tea (250g)'})",frozenset({'Butter'}),0.0414,0.1966,0.0078,0.18840579710144928,0.9583204328659679,1.0,-0.00033923999999999933,0.9899035714285713,-0.04340149840334062,0.03388357949609035,-0.010199406147063378,0.11404013151105018
"frozenset({'Nestle Water', 'Tapal Tea (250g)'})",frozenset({'Chicken'}),0.0414,0.198,0.0078,0.18840579710144928,0.9515444298052993,1.0,-0.00039720000000000033,0.9881785714285715,-0.05044270714274832,0.03367875647668394,-0.011962846506921108,0.11389986824769434
frozenset({'Lays Chips'}),frozenset({'Biscuits'}),0.206,0.1972,0.0388,0.1883495145631068,0.9551192422064241,1.0,-0.001823199999999997,0.9890956937799043,-0.05587427674806307,0.10647639956092207,-0.011024520972711983,0.1925520392288151
"frozenset({'Biscuits', 'Dalda Cooking Oil (500ml)'})",frozenset({'National Ketchup (1kg)'}),0.034,0.2048,0.0064,0.18823529411764706,0.9191176470588235,1.0,-0.0005632000000000007,0.9795942028985507,-0.08349146110056935,0.027538726333907054,-0.020830867558290937,0.10974264705882353
"frozenset({'Shan Biryani Masala', 'Tapal Tea (250g)'})",frozenset({'Dalda Cooking Oil (500ml)'}),0.034,0.2026,0.0064,0.18823529411764706,0.9290981940653853,1.0,-0.0004883999999999999,0.982304347826087,-0.07321460694369489,0.02780191138140747,-0.018014429247997173,0.10991231635793508
"frozenset({'Shan Biryani Masala', 'Tapal Tea (250g)'})",frozenset({'Lays Chips'}),0.034,0.206,0.0064,0.18823529411764706,0.9137635636778983,1.0,-0.0006039999999999995,0.9781159420289856,-0.08900153247671806,0.027397260273972605,-0.02237368499036893,0.1096516276413478
"frozenset({'Shan Biryani Masala', 'Tapal Tea (250g)'})",frozenset({'National Ketchup (1kg)'}),0.034,0.2048,0.0064,0.18823529411764706,0.9191176470588235,1.0,-0.0005632000000000007,0.9795942028985507,-0.08349146110056935,0.027538726333907054,-0.020830867558290937,0.10974264705882353
"frozenset({'Butter', 'Chicken'})",frozenset({'Jam'}),0.034,0.1984,0.0064,0.18823529411764706,0.9487666034155597,1.0,-0.0003455999999999997,0.9874782608695651,-0.052941176470588186,0.02831858407079646,-0.01268052131032053,0.11024667931688804
"frozenset({'Guard Rice (1kg)', 'Tapal Tea (250g)'})",frozenset({'Eggs'}),0.034,0.1982,0.0064,0.18823529411764706,0.9497239864664332,1.0,-0.00033879999999999934,0.9877246376811595,-0.051953628166595,0.0283436669619132,-0.012427919533989687,0.1102629548287529
frozenset({'Butter'}),frozenset({'National Ketchup (1kg)'}),0.1966,0.2048,0.037,0.18819938962360122,0.9189423321464902,1.0,-0.003263680000000005,0.9795508771929824,-0.09893093192132779,0.10153677277716794,-0.020876019085008538,0.18443172606180058
frozenset({'Butter'}),frozenset({'Eggs'}),0.1966,0.1982,0.037,0.18819938962360122,0.9495428336205914,1.0,-0.0019661200000000018,0.9876809523809524,-0.06203852590818107,0.10340972610396869,-0.012472699396855531,0.18743975535670476
"frozenset({'Lays Chips', 'Thal Sugar (200ml)'})",frozenset({'Lux Soap'}),0.0372,0.1936,0.007,0.18817204301075272,0.9719630320803343,1.0,-0.00020191999999999866,0.9933139072847683,-0.029088729845912525,0.03127792672028597,-0.006731097456903868,0.11216453390207057
"frozenset({'Surf Excel', 'Eggs'})",frozenset({'Lays Chips'}),0.0372,0.206,0.007,0.18817204301075272,0.9134565194696734,1.0,-0.0006631999999999992,0.9780397350993378,-0.08958772356405675,0.029635901778154113,-0.022453346334064574,0.11107631276751229
"frozenset({'Lays Chips', 'Thal Sugar (200ml)'})",frozenset({'Chicken'}),0.0372,0.198,0.007,0.18817204301075272,0.9503638535896601,1.0,-0.0003655999999999998,0.9878940397350995,-0.05145527219501207,0.03067484662576687,-0.012254310460408096,0.11176278918214404
"frozenset({'Surf Excel', 'Eggs'})",frozenset({'Thal Sugar (200ml)'}),0.0372,0.1964,0.007,0.18817204301075272,0.9581061253093316,1.0,-0.0003060799999999985,0.9898649006622517,-0.04344222275209753,0.030891438658428954,-0.01023887131563872,0.11190679543612993
"frozenset({'Surf Excel', 'Eggs'})",frozenset({'Noodles'}),0.0372,0.2052,0.007,0.18817204301075272,0.9170177534637072,1.0,-0.000633439999999999,0.979025165562914,-0.08591300196391163,0.029736618521665252,-0.02142420355969713,0.11114255171980131
frozenset({'Nestle Water'}),frozenset({'Lux Soap'}),0.2062,0.1936,0.0388,0.18816682832201748,0.9719360967046358,1.0,-0.001120319999999994,0.9933075268817204,-0.03509800825570099,0.10747922437673131,-0.006737564084799749,0.19429002573125667
"frozenset({'Lays Chips', 'Bread'})",frozenset({'Dalda Cooking Oil (500ml)'}),0.0404,0.2026,0.0076,0.18811881188118812,0.9285232570641072,1.0,-0.0005850399999999993,0.9821634146341462,-0.07426250317339418,0.03228547153780799,-0.018160506795600554,0.11281557573328903
"frozenset({'Pepsi 1L', 'National Ketchup (1kg)'})",frozenset({'Shan Biryani Masala'}),0.0404,0.2088,0.0076,0.18811881188118812,0.9009521641819354,1.0,-0.0008355200000000002,0.9745268292682926,-0.1027892053618881,0.03145695364238411,-0.026139014305879543,0.11225863965706916
frozenset({'Pepsi 1L'}),frozenset({'Frozen Paratha'}),0.2052,0.197,0.0386,0.18810916179337234,0.9548688415907225,1.0,-0.0018243999999999969,0.9890492196878751,-0.05612902908224536,0.10616061606160618,-0.011072027654579916,0.1920241240438943
frozenset({'Noodles'}),frozenset({'Bread'}),0.2052,0.2058,0.0386,0.18810916179337234,0.9140386870426255,1.0,-0.0036301600000000003,0.9782103241296519,-0.10580644860423254,0.10365198711063373,-0.022275041811417366,0.18783495018725954
"frozenset({'Olpers Milk (Pack of 6)', 'Thal Sugar (200ml)'})",frozenset({'National Ketchup (1kg)'}),0.033,0.2048,0.0062,0.18787878787878787,0.9173768939393938,1.0,-0.0005584000000000006,0.9791641791044776,-0.08520247795172274,0.02677029360967185,-0.021279190293274828,0.10907611268939393
"frozenset({'Olpers Milk (Pack of 6)', 'Thal Sugar (200ml)'})",frozenset({'Tapal Tea (250g)'}),0.033,0.1996,0.0062,0.18787878787878787,0.9412764923786967,1.0,-0.0003868000000000005,0.9855671641791045,-0.060606060606060684,0.027385159010600707,-0.014644193054987672,0.10947045606364243
"frozenset({'Biscuits', 'Olpers Milk (Pack of 6)'})",frozenset({'Lays Chips'}),0.033,0.206,0.0062,0.18787878787878787,0.9120329508679024,1.0,-0.0005980000000000004,0.9776865671641791,-0.09069675736342411,0.026632302405498284,-0.022822685291199143,0.10898793762871432
"frozenset({'Noodles', 'Frozen Paratha'})",frozenset({'Olpers Milk (Pack of 6)'}),0.033,0.196,0.0062,0.18787878787878787,0.9585652442795299,1.0,-0.0002680000000000009,0.99,-0.0427882619663443,0.027827648114901255,-0.010101010101010124,0.10975572047000617
"frozenset({'Guard Rice (1kg)', 'Bread'})",frozenset({'Chicken'}),0.0362,0.198,0.0068,0.18784530386740328,0.9487136558959761,1.0,-0.0003676000000000009,0.9874965986394558,-0.0531103354215309,0.029903254177660505,-0.012661715876055772,0.11109436910541881
"frozenset({'Lays Chips', 'Olpers Milk (Pack of 6)'})",frozenset({'Tapal Tea (250g)'}),0.0362,0.1996,0.0068,0.18784530386740328,0.9411087368106377,1.0,-0.0004255200000000013,0.9855265306122448,-0.06096834093670498,0.0296943231441048,-0.014686027152169816,0.11095672006997419
"frozenset({'Lays Chips', 'Olpers Milk (Pack of 6)'})",frozenset({'Pepsi 1L'}),0.0362,0.2052,0.0068,0.18784530386740328,0.9154254574434858,1.0,-0.0006282400000000004,0.9786312925170066,-0.08747326679736238,0.02898550724637681,-0.021835299613231902,0.11049185271342873
"frozenset({'Dalda Cooking Oil (500ml)', 'Butter'})",frozenset({'Frozen Paratha'}),0.0362,0.197,0.0068,0.18784530386740328,0.9535294612558541,1.0,-0.00033140000000000166,0.9887278911564624,-0.04813194601785873,0.03003533568904593,-0.011400617848812864,0.1111815351824326
"frozenset({'Dalda Cooking Oil (500ml)', 'Butter'})",frozenset({'Lays Chips'}),0.0362,0.206,0.0068,0.18784530386740328,0.9118704071233169,1.0,-0.000657200000000001,0.9776462585034014,-0.0911380327941602,0.02888700084961767,-0.022864856590172178,0.11042750630263368
"frozenset({'Dalda Cooking Oil (500ml)', 'Butter'})",frozenset({'Noodles'}),0.0362,0.2052,0.0068,0.18784530386740328,0.9154254574434858,1.0,-0.0006282400000000004,0.9786312925170066,-0.08747326679736238,0.02898550724637681,-0.021835299613231902,0.11049185271342873
"frozenset({'Guard Rice (1kg)', 'Bread'})",frozenset({'Jam'}),0.0362,0.1984,0.0068,0.18784530386740328,0.9468009267510247,1.0,-0.0003820800000000008,0.987004081632653,-0.05508714056678866,0.029850746268656716,-0.013167036093558775,0.11105974870789519
"frozenset({'Lays Chips', 'Olpers Milk (Pack of 6)'})",frozenset({'Surf Excel'}),0.0362,0.2112,0.0068,0.18784530386740328,0.8894190524024777,1.0,-0.0008454400000000011,0.9712435374149658,-0.11425976581505243,0.028262676641729007,-0.029607880492642902,0.11002113678218649
"frozenset({'Pepsi 1L', 'Nestle Water'})",frozenset({'Bread'}),0.0394,0.2058,0.0074,0.18781725888324874,0.9126203055551445,1.0,-0.0007085199999999989,0.97785875,-0.09063881611265748,0.031118587047939444,-0.022642585138190972,0.11188724946106071
frozenset({'Olpers Milk (Pack of 6)'}),frozenset({'Noodles'}),0.196,0.2052,0.0368,0.18775510204081633,0.9149858773918925,1.0,-0.003419200000000004,0.9785226130653266,-0.10359203063648276,0.10098792535675082,-0.021948789581257757,0.18354616700481363
frozenset({'Olpers Milk (Pack of 6)'}),frozenset({'Guard Rice (1kg)'}),0.196,0.1952,0.0368,0.18775510204081633,0.9618601538976246,1.0,-0.0014592000000000077,0.9908341708542714,-0.0470006184291901,0.1038374717832957,-0.009250618736560242,0.18813984610237539
frozenset({'Eggs'}),frozenset({'Surf Excel'}),0.1982,0.2112,0.0372,0.18768920282542886,0.8886799376204019,1.0,-0.004659839999999998,0.9710568944099378,-0.13511952399178812,0.0999462654486835,-0.02980577735112974,0.18191278323089624
frozenset({'Biscuits'}),frozenset({'Jam'}),0.1972,0.1984,0.037,0.1876267748478702,0.9456994699993457,1.0,-0.002124479999999998,0.9867385767790262,-0.06674860689051926,0.10317902955939766,-0.013439652135890478,0.18705935516587058
frozenset({'Bread'}),frozenset({'Noodles'}),0.2058,0.2052,0.0386,0.18756073858114675,0.9140386870426255,1.0,-0.0036301600000000003,0.9782885167464114,-0.10587791968099193,0.10365198711063373,-0.022193333440932623,0.18783495018725954
frozenset({'Surf Excel'}),frozenset({'Shan Biryani Masala'}),0.2112,0.2088,0.0396,0.18750000000000003,0.8979885057471265,1.0,-0.004498559999999999,0.9737846153846154,-0.125886524822695,0.10410094637223975,-0.02692113245702728,0.18857758620689657
frozenset({'Surf Excel'}),frozenset({'Tapal Tea (250g)'}),0.2112,0.1996,0.0396,0.18750000000000003,0.9393787575150302,1.0,-0.0025555199999999986,0.9851076923076924,-0.07562499999999996,0.10668103448275863,-0.015117441279360285,0.1929483967935872
"frozenset({'Biscuits', 'Nestle Water'})",frozenset({'Frozen Paratha'}),0.0352,0.197,0.0066,0.1875,0.9517766497461928,1.0,-0.0003344000000000003,0.9883076923076922,-0.04989495798319332,0.029255319148936167,-0.011830635118306362,0.11050126903553299
frozenset({'Guard Rice (1kg)'}),frozenset({'Pepsi 1L'}),0.1952,0.2052,0.0366,0.1875,0.9137426900584795,1.0,-0.0034550399999999995,0.9782153846153846,-0.10498220640569392,0.1006047278724574,-0.02226975339708102,0.1829312865497076
"frozenset({'Jam', 'Olpers Milk (Pack of 6)'})",frozenset({'Surf Excel'}),0.032,0.2112,0.006,0.1875,0.8877840909090909,1.0,-0.0007584000000000002,0.9708307692307692,-0.11549707602339185,0.025295109612141653,-0.030045638945233266,0.10795454545454546
"frozenset({'Noodles', 'Jam'})",frozenset({'Surf Excel'}),0.0352,0.2112,0.0066,0.1875,0.8877840909090909,1.0,-0.0008342400000000008,0.9708307692307692,-0.11583577712609981,0.027522935779816512,-0.030045638945233266,0.109375
"frozenset({'Jam', 'Olpers Milk (Pack of 6)'})",frozenset({'Pepsi 1L'}),0.032,0.2052,0.006,0.1875,0.9137426900584795,1.0,-0.0005663999999999999,0.9782153846153846,-0.08885542168674697,0.025951557093425608,-0.02226975339708102,0.10836988304093567
"frozenset({'Dalda Cooking Oil (500ml)', 'Lays Chips'})",frozenset({'Frozen Paratha'}),0.0416,0.197,0.0078,0.1875,0.9517766497461928,1.0,-0.00039520000000000007,0.9883076923076922,-0.05021141649048627,0.033795493934142114,-0.011830635118306362,0.11354695431472081
"frozenset({'Noodles', 'Guard Rice (1kg)'})",frozenset({'Eggs'}),0.0352,0.1982,0.0066,0.1875,0.9460141271442988,1.0,-0.00037664000000000013,0.9868307692307693,-0.055845511482254716,0.0291005291005291,-0.013344973808929891,0.11039984863773966
"frozenset({'Lux Soap', 'Chicken'})",frozenset({'Eggs'}),0.0352,0.1982,0.0066,0.1875,0.9460141271442988,1.0,-0.00037664000000000013,0.9868307692307693,-0.055845511482254716,0.0291005291005291,-0.013344973808929891,0.11039984863773966
frozenset({'Guard Rice (1kg)'}),frozenset({'Chicken'}),0.1952,0.198,0.0366,0.1875,0.9469696969696969,1.0,-0.0020496000000000056,0.9870769230769232,-0.06505576208178455,0.10263600673022996,-0.013092269326683302,0.1861742424242424
frozenset({'Thal Sugar (200ml)'}),frozenset({'Tapal Tea (250g)'}),0.1964,0.1996,0.0368,0.18737270875763748,0.9387410258398672,1.0,-0.0024014399999999977,0.9849533834586466,-0.07510621156242331,0.10244988864142539,-0.015276475815045628,0.18587072311629368
frozenset({'Thal Sugar (200ml)'}),frozenset({'Frozen Paratha'}),0.1964,0.197,0.0368,0.18737270875763748,0.9511305013078044,1.0,-0.001890799999999998,0.9881528822055137,-0.06009545095107687,0.10319685922602356,-0.011989154722742876,0.18708736960724515
frozenset({'Nestle Water'}),frozenset({'Jam'}),0.2062,0.1984,0.0386,0.18719689621726482,0.9435327430305687,1.0,-0.002310079999999992,0.986216706443914,-0.07010703243263562,0.10546448087431697,-0.013975927872673622,0.19087667391508403
frozenset({'Nestle Water'}),frozenset({'National Ketchup (1kg)'}),0.2062,0.2048,0.0386,0.18719689621726482,0.9140473448108634,1.0,-0.0036297599999999958,0.9783427207637231,-0.10591518521501317,0.10365198711063373,-0.02213669992798691,0.1878367293586324
"frozenset({'Dalda Cooking Oil (500ml)', 'Shan Biryani Masala'})",frozenset({'Biscuits'}),0.0406,0.1972,0.0076,0.187192118226601,0.9492500924269829,1.0,-0.0004063199999999991,0.9876872727272726,-0.05278418656856009,0.03301476976542137,-0.012466220445190558,0.11286583598956826
"frozenset({'Dalda Cooking Oil (500ml)', 'Nestle Water'})",frozenset({'Guard Rice (1kg)'}),0.0406,0.1952,0.0076,0.187192118226601,0.958976015505128,1.0,-0.0003251200000000008,0.9901478787878787,-0.04268593695841703,0.033304119193689745,-0.009950151308895386,0.1130632722280546
"frozenset({'Pepsi 1L', 'Shan Biryani Masala'})",frozenset({'Nestle Water'}),0.0406,0.2062,0.0076,0.187192118226601,0.9078182261231863,1.0,-0.0007717199999999992,0.9766145454545455,-0.09570937448841388,0.03177257525083612,-0.023945429293775494,0.11202476910360118
"frozenset({'Dalda Cooking Oil (500ml)', 'Nestle Water'})",frozenset({'National Ketchup (1kg)'}),0.0406,0.2048,0.0076,0.187192118226601,0.9140240147783252,1.0,-0.0007148800000000002,0.9783369696969697,-0.08928946132555284,0.031959629941127,-0.02214270846755408,0.1121507466133005
"frozenset({'Pepsi 1L', 'Shan Biryani Masala'})",frozenset({'National Ketchup (1kg)'}),0.0406,0.2048,0.0076,0.187192118226601,0.9140240147783252,1.0,-0.0007148800000000002,0.9783369696969697,-0.08928946132555284,0.031959629941127,-0.02214270846755408,0.1121507466133005
frozenset({'Butter'}),frozenset({'Lux Soap'}),0.1966,0.1936,0.0368,0.1871820956256358,0.9668496674877883,1.0,-0.0012617600000000007,0.9921041301627034,-0.04093051259160839,0.1041312959818902,-0.007958710781701612,0.1886323701268675
"frozenset({'Butter', 'Jam'})",frozenset({'Eggs'}),0.0374,0.1982,0.007,0.18716577540106952,0.9443278274524194,1.0,-0.00041268000000000034,0.986425,-0.0577103797015193,0.030621172353455822,-0.013761816661175442,0.11124181807389501
"frozenset({'Olpers Milk (Pack of 6)', 'Frozen Paratha'})",frozenset({'Surf Excel'}),0.0374,0.2112,0.007,0.18716577540106952,0.8862015880732458,1.0,-0.0008988800000000003,0.9704315789473683,-0.11769943486253913,0.028973509933774837,-0.030469351672072112,0.11015485739750445
"frozenset({'Olpers Milk (Pack of 6)', 'Frozen Paratha'})",frozenset({'Lays Chips'}),0.0374,0.206,0.007,0.18716577540106952,0.9085717252479103,1.0,-0.0007044,0.9768289473684211,-0.09464434471824362,0.02961082910321489,-0.023720685892859535,0.11057317896267069
"frozenset({'Jam', 'Surf Excel'})",frozenset({'Biscuits'}),0.0342,0.1972,0.0064,0.1871345029239766,0.9489579255779746,1.0,-0.00034423999999999913,0.9876172661870503,-0.05275417754729227,0.028444444444444446,-0.012537988385679358,0.10979443198937167
"frozenset({'Lux Soap', 'Jam'})",frozenset({'Lays Chips'}),0.0342,0.206,0.0064,0.1871345029239766,0.9084199171066826,1.0,-0.0006451999999999994,0.9767913669064748,-0.09451651841695077,0.02737382378100941,-0.02376007188416044,0.10910123204451257
"frozenset({'Jam', 'Surf Excel'})",frozenset({'Lays Chips'}),0.0342,0.206,0.0064,0.1871345029239766,0.9084199171066826,1.0,-0.0006451999999999994,0.9767913669064748,-0.09451651841695077,0.02737382378100941,-0.02376007188416044,0.10910123204451257
"frozenset({'Biscuits', 'Butter'})",frozenset({'Surf Excel'}),0.031,0.2112,0.0058,0.18709677419354837,0.8858748778103616,1.0,-0.0007472,0.9703492063492062,-0.11734774005088419,0.024534686971235193,-0.030556827847935644,0.10727944770283479
"frozenset({'Biscuits', 'Butter'})",frozenset({'Noodles'}),0.031,0.2052,0.0058,0.18709677419354837,0.9117776520153429,1.0,-0.0005612000000000004,0.9777301587301586,-0.09078849451580555,0.02517361111111111,-0.02277708329951136,0.107680940703012
"frozenset({'Dalda Cooking Oil (500ml)', 'Bread'})",frozenset({'Eggs'}),0.0428,0.1982,0.008,0.1869158878504673,0.9430670426360611,1.0,-0.0004829599999999993,0.9861218390804599,-0.059327613825093044,0.034334763948497854,-0.014073474868461805,0.11363957863764536
"frozenset({'Nestle Water', 'Bread'})",frozenset({'Chicken'}),0.0428,0.198,0.008,0.1869158878504673,0.9440196356084207,1.0,-0.0004743999999999998,0.9863678160919541,-0.05833743236596161,0.03436426116838488,-0.013820588715128052,0.11365996412725385
"frozenset({'Surf Excel', 'Shan Biryani Masala'})",frozenset({'Pepsi 1L'}),0.0396,0.2052,0.0074,0.18686868686868685,0.9106661153444778,1.0,-0.0007259199999999997,0.977455900621118,-0.0926760016749905,0.031171019376579612,-0.023064057789774967,0.11146553251816409
"frozenset({'Surf Excel', 'Shan Biryani Masala'})",frozenset({'Biscuits'}),0.0396,0.1972,0.0074,0.18686868686868685,0.9476099739791423,1.0,-0.0004091199999999998,0.9872944099378881,-0.0544326297750955,0.03225806451612903,-0.012869099565661605,0.11219702091913045
"frozenset({'Surf Excel', 'Tapal Tea (250g)'})",frozenset({'Thal Sugar (200ml)'}),0.0396,0.1964,0.0074,0.18686868686868685,0.951469892406756,1.0,-0.0003774399999999997,0.9882782608695652,-0.050430228208005946,0.03237095363079615,-0.011860767958328945,0.11227344730399719
"frozenset({'Chicken', 'Olpers Milk (Pack of 6)'})",frozenset({'National Ketchup (1kg)'}),0.0396,0.2048,0.0074,0.18686868686868685,0.9124447601010099,1.0,-0.0007100800000000001,0.9779478260869565,-0.0908374525395802,0.03122362869198312,-0.022549438042395824,0.11150074968434343
"frozenset({'Dalda Cooking Oil (500ml)', 'Noodles'})",frozenset({'Butter'}),0.0364,0.1966,0.0068,0.1868131868131868,0.9502196684292309,1.0,-0.0003562400000000007,0.9879648648648649,-0.051563820794590126,0.030061892130857647,-0.012181744071213852,0.1107005913720054
"frozenset({'Dalda Cooking Oil (500ml)', 'Noodles'})",frozenset({'Pepsi 1L'}),0.0364,0.2052,0.0068,0.1868131868131868,0.9103956472377525,1.0,-0.0006692800000000004,0.9773891891891892,-0.09267546969159877,0.028960817717206135,-0.023133886747374443,0.10997579418632049
frozenset({'Frozen Paratha'}),frozenset({'Shan Biryani Masala'}),0.197,0.2088,0.0368,0.18680203045685279,0.8946457397358849,1.0,-0.004333600000000007,0.9729488139825218,-0.12789517176248397,0.09972899728997288,-0.027803298209235626,0.18152362059241106
frozenset({'Frozen Paratha'}),frozenset({'Thal Sugar (200ml)'}),0.197,0.1964,0.0368,0.18680203045685279,0.9511305013078044,1.0,-0.001890799999999998,0.9881972534332084,-0.060137653779117776,0.10319685922602356,-0.011943715210486816,0.18708736960724515
frozenset({'Eggs'}),frozenset({'Dalda Cooking Oil (500ml)'}),0.1982,0.2026,0.037,0.18668012108980828,0.9214221179161317,1.0,-0.003155320000000003,0.9804260545905706,-0.09613453448183419,0.10170423309510719,-0.019964734023315434,0.1846529924303928
frozenset({'Eggs'}),frozenset({'Butter'}),0.1982,0.1966,0.037,0.18668012108980828,0.9495428336205914,1.0,-0.0019661200000000018,0.9878032258064516,-0.062154629763106116,0.10340972610396869,-0.012347372305441525,0.18743975535670476
frozenset({'Biscuits'}),frozenset({'Eggs'}),0.1972,0.1982,0.0368,0.18661257606490872,0.941536710721033,1.0,-0.002285039999999995,0.985754114713217,-0.07179320901543529,0.10262130507529281,-0.01445176345109911,0.1861418077095482
"frozenset({'National Ketchup (1kg)', 'Surf Excel'})",frozenset({'Chicken'}),0.0418,0.198,0.0078,0.18660287081339713,0.9424387414818036,1.0,-0.0004764000000000001,0.9859882352941177,-0.05992181486121384,0.03362068965517241,-0.014210884272572166,0.11299840510366826
"frozenset({'National Ketchup (1kg)', 'Surf Excel'})",frozenset({'Biscuits'}),0.0418,0.1972,0.0078,0.18660287081339713,0.9462620223803101,1.0,-0.0004429599999999992,0.9869717647058822,-0.05595105167160957,0.03373702422145329,-0.013200210745643816,0.11307831167444704
frozenset({'Dalda Cooking Oil (500ml)'}),frozenset({'Thal Sugar (200ml)'}),0.2026,0.1964,0.0378,0.18657453109575517,0.9499721542553726,1.0,-0.001990640000000002,0.9879208737864077,-0.06195125412512501,0.10465116279069767,-0.01222681546073273,0.18951944477394683
frozenset({'Dalda Cooking Oil (500ml)'}),frozenset({'Chicken'}),0.2026,0.198,0.0378,0.18657453109575517,0.9422956115947231,1.0,-0.002314799999999999,0.9859538834951457,-0.07132003061326349,0.1041896361631753,-0.014246220578858902,0.18874181100242304
"frozenset({'Jam', 'Nestle Water'})",frozenset({'Lays Chips'}),0.0386,0.206,0.0072,0.18652849740932642,0.9054781427637205,1.0,-0.0007515999999999998,0.9760636942675159,-0.09794518405771414,0.030328559393428815,-0.024523303010923887,0.11073997686000302
"frozenset({'Dalda Cooking Oil (500ml)', 'National Ketchup (1kg)'})",frozenset({'Pepsi 1L'}),0.0386,0.2052,0.0072,0.18652849740932642,0.909008271975275,1.0,-0.0007207200000000011,0.9770471337579617,-0.09430051813471517,0.030431107354184278,-0.023492076737133334,0.11080810835378602
"frozenset({'Pepsi 1L', 'Frozen Paratha'})",frozenset({'Lays Chips'}),0.0386,0.206,0.0072,0.18652849740932642,0.9054781427637205,1.0,-0.0007515999999999998,0.9760636942675159,-0.09794518405771414,0.030328559393428815,-0.024523303010923887,0.11073997686000302
"frozenset({'Pepsi 1L', 'Frozen Paratha'})",frozenset({'Shan Biryani Masala'}),0.0386,0.2088,0.0072,0.18652849740932642,0.893335715561908,1.0,-0.0008596800000000016,0.9726216560509554,-0.11047372316802388,0.02997502081598668,-0.028149017430072792,0.11050562801500804
"frozenset({'Pepsi 1L', 'Frozen Paratha'})",frozenset({'Thal Sugar (200ml)'}),0.0386,0.1964,0.0072,0.18652849740932642,0.9497377668499309,1.0,-0.00038104,0.9878649681528662,-0.05217496083865526,0.03160667251975417,-0.012284099789290157,0.11159418760486688
"frozenset({'National Ketchup (1kg)', 'Nestle Water'})",frozenset({'Frozen Paratha'}),0.0386,0.197,0.0072,0.18652849740932642,0.9468451645143473,1.0,-0.00040420000000000126,0.9871273885350318,-0.05517124652620447,0.03152364273204904,-0.013040476451648304,0.11153836037979012
"frozenset({'Noodles', 'Bread'})",frozenset({'Surf Excel'}),0.0386,0.2112,0.0072,0.18652849740932642,0.8831841733396137,1.0,-0.0009523200000000013,0.9696713375796178,-0.12093873818957651,0.02967848309975268,-0.03127725987661458,0.11030970325011775
frozenset({'Jam'}),frozenset({'Biscuits'}),0.1984,0.1972,0.037,0.18649193548387097,0.9456994699993457,1.0,-0.002124479999999998,0.9868371747211896,-0.0668418509121662,0.10317902955939766,-0.013338396258257373,0.18705935516587058
frozenset({'Jam'}),frozenset({'Dalda Cooking Oil (500ml)'}),0.1984,0.2026,0.037,0.18649193548387097,0.920493264974684,1.0,-0.0031958399999999984,0.9801992565055763,-0.09727092099111731,0.10164835164835163,-0.02020073302750067,0.1845588996274241
frozenset({'Guard Rice (1kg)'}),frozenset({'Butter'}),0.1952,0.1966,0.0364,0.18647540983606556,0.9485015759718493,1.0,-0.0019763199999999967,0.9875546599496222,-0.06319968891344824,0.1024198086662915,-0.012602178446520337,0.1858114587328853
"frozenset({'Biscuits', 'Guard Rice (1kg)'})",frozenset({'Pepsi 1L'}),0.0354,0.2052,0.0066,0.1864406779661017,0.9085803019790532,1.0,-0.00066408,0.9769416666666666,-0.09445781487360679,0.028205128205128206,-0.023602569242448787,0.10930221032808009
"frozenset({'National Ketchup (1kg)', 'Chicken'})",frozenset({'Dalda Cooking Oil (500ml)'}),0.0354,0.2026,0.0066,0.1864406779661017,0.920240266367728,1.0,-0.0005720400000000002,0.9801374999999999,-0.08244552058111382,0.028522039757994815,-0.020265013837344248,0.10950859169775963
"frozenset({'Chicken', 'National Ketchup (1kg)'})",frozenset({'Pepsi 1L'}),0.0354,0.2052,0.0066,0.1864406779661017,0.9085803019790532,1.0,-0.00066408,0.9769416666666666,-0.09445781487360679,0.028205128205128206,-0.023602569242448787,0.10930221032808009
"frozenset({'Noodles', 'Lux Soap'})",frozenset({'Biscuits'}),0.0354,0.1972,0.0066,0.1864406779661017,0.9454395434386497,1.0,-0.0003808800000000001,0.9867749999999998,-0.05644974834154411,0.029203539823008853,-0.01340224468597196,0.10995461890191495
"frozenset({'Lux Soap', 'Noodles'})",frozenset({'Bread'}),0.0354,0.2058,0.0066,0.1864406779661017,0.9059313798158488,1.0,-0.0006853200000000005,0.9762041666666667,-0.09718535157579476,0.028132992327365724,-0.024375877655374356,0.10925532440579137
frozenset({'Tapal Tea (250g)'}),frozenset({'Olpers Milk (Pack of 6)'}),0.1996,0.196,0.0372,0.18637274549098196,0.9508813545458262,1.0,-0.0019216000000000025,0.9881674876847291,-0.060625028394320206,0.10379464285714285,-0.011974197150519963,0.18808433192916443
frozenset({'Thal Sugar (200ml)'}),frozenset({'Jam'}),0.1964,0.1984,0.0366,0.1863543788187373,0.939286183562184,1.0,-0.0023657599999999945,0.98519549436796,-0.07444759691756923,0.10217755443886098,-0.015026972531515352,0.18541509263517508
frozenset({'Thal Sugar (200ml)'}),frozenset({'Pepsi 1L'}),0.1964,0.2052,0.0366,0.1863543788187373,0.9081597408320531,1.0,-0.0037012799999999943,0.9768380475594493,-0.11177711258162931,0.10027397260273975,-0.023711148944719058,0.18235847595907625
frozenset({'Thal Sugar (200ml)'}),frozenset({'Biscuits'}),0.1964,0.1972,0.0366,0.1863543788187373,0.9450019209875117,1.0,-0.0021300799999999925,0.986670337922403,-0.06753188780362822,0.10252100840336137,-0.013509742378254483,0.18597637805034228
"frozenset({'Guard Rice (1kg)', 'Frozen Paratha'})",frozenset({'Lays Chips'}),0.0322,0.206,0.006,0.1863354037267081,0.9045407947898452,1.0,-0.0006331999999999996,0.9758320610687023,-0.09832298136645956,0.02583979328165375,-0.02476649404696712,0.10773080865947054
"frozenset({'Guard Rice (1kg)', 'Frozen Paratha'})",frozenset({'Nestle Water'}),0.0322,0.2062,0.006,0.1863354037267081,0.90366345163292,1.0,-0.0006396399999999995,0.9755862595419849,-0.0992237576088507,0.025817555938037865,-0.0250246866632551,0.10771668343464405
"frozenset({'Pepsi 1L', 'Lays Chips'})",frozenset({'Thal Sugar (200ml)'}),0.0408,0.1964,0.0076,0.18627450980392155,0.9484445509364641,1.0,-0.00041312000000000033,0.987556626506024,-0.0536307743436358,0.033101045296167246,-0.01260016201602594,0.11248552374106464
"frozenset({'Pepsi 1L', 'Eggs'})",frozenset({'Olpers Milk (Pack of 6)'}),0.0408,0.196,0.0076,0.18627450980392155,0.9503801520608242,1.0,-0.0003968000000000001,0.9880481927710844,-0.051621497856042635,0.0331588132635253,-0.012096380840893609,0.11252501000400159
"frozenset({'Olpers Milk (Pack of 6)', 'Nestle Water'})",frozenset({'Lux Soap'}),0.0376,0.1936,0.007,0.18617021276595744,0.9616229998241603,1.0,-0.0002793600000000002,0.9908705882352942,-0.03981665184374362,0.0312221231043711,-0.009213525835866265,0.11116361877967293
"frozenset({'Biscuits', 'Noodles'})",frozenset({'Guard Rice (1kg)'}),0.0376,0.1952,0.007,0.18617021276595744,0.9537408440878966,1.0,-0.0003395200000000003,0.9889045751633987,-0.047979740882266524,0.03100088573959256,-0.011219914555221887,0.11101543425183118
"frozenset({'Bread', 'Eggs'})",frozenset({'National Ketchup (1kg)'}),0.0376,0.2048,0.007,0.18617021276595744,0.9090342420212765,1.0,-0.0007004800000000007,0.9771084967320262,-0.094184970849558,0.029736618521665252,-0.023427800847639048,0.11017495013297872
frozenset({'Butter'}),frozenset({'Nestle Water'}),0.1966,0.2062,0.0366,0.1861648016276704,0.9028360893679458,1.0,-0.0039389199999999985,0.9753817500000002,-0.11813206587458487,0.09994538503549974,-0.025239604903413437,0.18183118839870427
"frozenset({'Noodles', 'National Ketchup (1kg)'})",frozenset({'Lays Chips'}),0.043,0.206,0.008,0.186046511627907,0.9031384059607136,1.0,-0.0008579999999999994,0.9754857142857143,-0.10077519379844956,0.03319502074688797,-0.02513033800011711,0.11244073154210885
"frozenset({'Nestle Water', 'Thal Sugar (200ml)'})",frozenset({'Surf Excel'}),0.0344,0.2112,0.0064,0.18604651162790697,0.8809020436927414,1.0,-0.0008652799999999995,0.9690971428571428,-0.12281976744186039,0.026755852842809368,-0.031888296617764995,0.10817477096546864
"frozenset({'Frozen Paratha', 'Eggs'})",frozenset({'Dalda Cooking Oil (500ml)'}),0.0344,0.2026,0.0064,0.18604651162790697,0.918294726692532,1.0,-0.00056944,0.9796628571428572,-0.08437048099945475,0.027753686036426715,-0.02075932828203289,0.10881792511306504
"frozenset({'Nestle Water', 'Thal Sugar (200ml)'})",frozenset({'Pepsi 1L'}),0.0344,0.2052,0.0064,0.18604651162790697,0.9066594133913596,1.0,-0.0006588799999999997,0.9764685714285714,-0.09634551495016606,0.027444253859348202,-0.024098500719794944,0.10861779772428487
"frozenset({'Nestle Water', 'Thal Sugar (200ml)'})",frozenset({'Guard Rice (1kg)'}),0.0344,0.1952,0.0064,0.18604651162790697,0.9531071292413267,1.0,-0.00031488,0.9887542857142857,-0.048482459597950334,0.028673835125448025,-0.011373618752600694,0.10941669843690431
"frozenset({'Nestle Water', 'Thal Sugar (200ml)'})",frozenset({'Bread'}),0.0344,0.2058,0.0064,0.18604651162790697,0.9040160914864284,1.0,-0.0006795200000000003,0.9757314285714286,-0.09906463576776844,0.02737382378100941,-0.02487218379764925,0.10857233258752005
"frozenset({'Frozen Paratha', 'Nestle Water'})",frozenset({'Lays Chips'}),0.0398,0.206,0.0074,0.18592964824120603,0.9025711079670196,1.0,-0.0007987999999999988,0.9753456790123458,-0.10105917300500473,0.03104026845637584,-0.025277521106793398,0.1109259891691467
"frozenset({'Noodles', 'Nestle Water'})",frozenset({'Guard Rice (1kg)'}),0.0398,0.1952,0.0074,0.18592964824120603,0.9525084438586374,1.0,-0.00036896000000000064,0.9886123456790123,-0.04936289541423847,0.03251318101933216,-0.011518826738064094,0.1119197421533899
"frozenset({'Frozen Paratha', 'Bread'})",frozenset({'Butter'}),0.0398,0.1966,0.0074,0.18592964824120603,0.9457255759979961,1.0,-0.0004246800000000002,0.9868925925925927,-0.05639720802745229,0.032314410480349345,-0.01328149335174753,0.11178476308296315
"frozenset({'Frozen Paratha', 'Nestle Water'})",frozenset({'Dalda Cooking Oil (500ml)'}),0.0398,0.2026,0.0074,0.18592964824120603,0.9177179083968708,1.0,-0.000663480000000001,0.9795222222222223,-0.08540139220693645,0.03148936170212766,-0.020905883820910423,0.11122741049770074
"frozenset({'Lux Soap', 'Lays Chips'})",frozenset({'Tapal Tea (250g)'}),0.0366,0.1996,0.0068,0.18579234972677594,0.9308233954247291,1.0,-0.0005053600000000007,0.983041610738255,-0.07161644332585095,0.02964254577157803,-0.017250937372843653,0.10993024299966052
"frozenset({'Butter', 'Nestle Water'})",frozenset({'National Ketchup (1kg)'}),0.0366,0.2048,0.0068,0.18579234972677594,0.9071892076502731,1.0,-0.0006956800000000006,0.976655033557047,-0.09599823370315182,0.02898550724637681,-0.023902980725885398,0.10949773736338797
"frozenset({'Biscuits', 'Thal Sugar (200ml)'})",frozenset({'Lux Soap'}),0.0366,0.1936,0.0068,0.18579234972677594,0.9596712279275617,1.0,-0.00028576000000000035,0.9904107382550336,-0.04179684300441142,0.03043867502238138,-0.009682105993581417,0.11045815833446235
"frozenset({'Biscuits', 'Thal Sugar (200ml)'})",frozenset({'Chicken'}),0.0366,0.198,0.0068,0.18579234972677594,0.9383452006402825,1.0,-0.00044680000000000067,0.985006711409396,-0.06384754327000032,0.029850746268656716,-0.01522150906885794,0.11006789203510514
"frozenset({'Chicken', 'Guard Rice (1kg)'})",frozenset({'Jam'}),0.0366,0.1984,0.0068,0.18579234972677594,0.9364533756389917,1.0,-0.00046144000000000046,0.9845154362416106,-0.06580193253248463,0.029798422436459245,-0.01572810662827352,0.11003327163758152
"frozenset({'Chicken', 'Guard Rice (1kg)'})",frozenset({'Bread'}),0.0366,0.2058,0.0068,0.18579234972677594,0.9027810968259278,1.0,-0.000732280000000001,0.9754268456375839,-0.10054095614685461,0.028862478777589132,-0.025192206337476795,0.10941706893530245
"frozenset({'Chicken', 'Guard Rice (1kg)'})",frozenset({'Olpers Milk (Pack of 6)'}),0.0366,0.196,0.0068,0.18579234972677594,0.9479201516672241,1.0,-0.00037360000000000084,0.9874630872483222,-0.0539516399219031,0.03011514614703277,-0.012696082429383167,0.11024311363889817
"frozenset({'Lux Soap', 'Lays Chips'})",frozenset({'Eggs'}),0.0366,0.1982,0.0068,0.18579234972677594,0.9373983336366093,1.0,-0.0004541199999999997,0.9847610738255034,-0.06482575900326037,0.029824561403508774,-0.015474744666031486,0.11005056436893793
"frozenset({'Butter', 'Nestle Water'})",frozenset({'Olpers Milk (Pack of 6)'}),0.0366,0.196,0.0068,0.18579234972677594,0.9479201516672241,1.0,-0.00037360000000000084,0.9874630872483222,-0.0539516399219031,0.03011514614703277,-0.012696082429383167,0.11024311363889817
"frozenset({'Jam', 'Thal Sugar (200ml)'})",frozenset({'Nestle Water'}),0.0366,0.2062,0.0068,0.18579234972677594,0.9010298240871772,1.0,-0.0007469199999999999,0.9749355704697987,-0.10234528722780362,0.0288135593220339,-0.025708806088717628,0.10938502064418332
"frozenset({'Biscuits', 'Thal Sugar (200ml)'})",frozenset({'Bread'}),0.0366,0.2058,0.0068,0.18579234972677594,0.9027810968259278,1.0,-0.000732280000000001,0.9754268456375839,-0.10054095614685461,0.028862478777589132,-0.025192206337476795,0.10941706893530245
"frozenset({'Jam', 'Thal Sugar (200ml)'})",frozenset({'Surf Excel'}),0.0366,0.2112,0.0068,0.18579234972677594,0.8796986256002649,1.0,-0.0009299200000000007,0.9687946308724832,-0.12430357276528406,0.028215767634854772,-0.03221050998126782,0.10899465971187282
frozenset({'Eggs'}),frozenset({'Biscuits'}),0.1982,0.1972,0.0368,0.1856710393541877,0.941536710721033,1.0,-0.002285039999999995,0.9858423791821561,-0.07187631325319381,0.10262130507529281,-0.014360937525924636,0.1861418077095482
frozenset({'Bread'}),frozenset({'Biscuits'}),0.2058,0.1972,0.0382,0.18561710398445092,0.9412632047893049,1.0,-0.0023837599999999987,0.9857770883054893,-0.07284840261351616,0.10471491228070175,-0.014428121593857837,0.18966453576504494
frozenset({'Biscuits'}),frozenset({'Thal Sugar (200ml)'}),0.1972,0.1964,0.0366,0.18559837728194728,0.9450019209875117,1.0,-0.0021300799999999925,0.9867367372353674,-0.0675946352819318,0.10252100840336137,-0.013441541460991429,0.18597637805034228
"frozenset({'Dalda Cooking Oil (500ml)', 'Tapal Tea (250g)'})",frozenset({'Noodles'}),0.0388,0.2052,0.0072,0.18556701030927833,0.9043226623259178,1.0,-0.0007617600000000002,0.9758936708860759,-0.09915651358950331,0.030405405405405407,-0.024701798805638733,0.11032736480376197
"frozenset({'Dalda Cooking Oil (500ml)', 'Surf Excel'})",frozenset({'Chicken'}),0.0388,0.198,0.0072,0.18556701030927833,0.937207122774133,1.0,-0.0004824000000000009,0.98473417721519,-0.0651624197626922,0.0313588850174216,-0.015502480911124288,0.11096532333645734
frozenset({'National Ketchup (1kg)'}),frozenset({'Shan Biryani Masala'}),0.2048,0.2088,0.038,0.185546875,0.8886344588122604,1.0,-0.004762240000000008,0.9714494004796164,-0.1361424180327871,0.10117145899893502,-0.029389692871587478,0.18376960608237547
frozenset({'National Ketchup (1kg)'}),frozenset({'Olpers Milk (Pack of 6)'}),0.2048,0.196,0.038,0.185546875,0.9466677295918366,1.0,-0.002140800000000005,0.9871654676258993,-0.06615901898734193,0.10474090407938255,-0.013001399253731352,0.18971221301020408
frozenset({'Guard Rice (1kg)'}),frozenset({'Bread'}),0.1952,0.2058,0.0362,0.18545081967213115,0.9011215727508801,1.0,-0.003972160000000002,0.9750178616352202,-0.11998337457469847,0.09923245614035088,-0.025622236625370012,0.18067487533655147
"frozenset({'Pepsi 1L', 'Tapal Tea (250g)'})",frozenset({'Noodles'}),0.0356,0.2052,0.0066,0.1853932584269663,0.9034759182600697,1.0,-0.00070512,0.9756855172413793,-0.09973183067992805,0.028181041844577284,-0.024920409628879835,0.10877850055851239
"frozenset({'Dalda Cooking Oil (500ml)', 'Guard Rice (1kg)'})",frozenset({'Shan Biryani Masala'}),0.0356,0.2088,0.0066,0.1853932584269663,0.8878987472555857,1.0,-0.0008332800000000005,0.9712662068965517,-0.11576034408028546,0.027754415475189233,-0.029583849308687706,0.10850122691463257
"frozenset({'Jam', 'Lays Chips'})",frozenset({'Frozen Paratha'}),0.0356,0.197,0.0066,0.1853932584269663,0.9410825300861233,1.0,-0.00041319999999999985,0.985751724137931,-0.06095977716929466,0.02920353982300885,-0.014454223627688305,0.10944789824901614
"frozenset({'Lays Chips', 'Eggs'})",frozenset({'Butter'}),0.0356,0.1966,0.0066,0.1853932584269663,0.9429972453050168,1.0,-0.0003989600000000003,0.9862427586206897,-0.058982850384387976,0.02925531914893617,-0.013949143108082769,0.10948198017991245
"frozenset({'Lays Chips', 'Eggs'})",frozenset({'Frozen Paratha'}),0.0356,0.197,0.0066,0.1853932584269663,0.9410825300861233,1.0,-0.00041319999999999985,0.985751724137931,-0.06095977716929466,0.02920353982300885,-0.014454223627688305,0.10944789824901614
"frozenset({'Biscuits', 'Tapal Tea (250g)'})",frozenset({'Noodles'}),0.0356,0.2052,0.0066,0.1853932584269663,0.9034759182600697,1.0,-0.00070512,0.9756855172413793,-0.09973183067992805,0.028181041844577284,-0.024920409628879835,0.10877850055851239
"frozenset({'Pepsi 1L', 'Surf Excel'})",frozenset({'Olpers Milk (Pack of 6)'}),0.041,0.196,0.0076,0.18536585365853658,0.9457441513190642,1.0,-0.0004360000000000015,0.9869461077844311,-0.05644451348972107,0.03312990409764603,-0.013226550175949531,0.1120706819313091
"frozenset({'Noodles', 'Surf Excel'})",frozenset({'Shan Biryani Masala'}),0.041,0.2088,0.0076,0.18536585365853658,0.8877674983646388,1.0,-0.0009608000000000004,0.9712335329341317,-0.11647190030548418,0.03137902559867877,-0.02961848627586379,0.11088216054574339
"frozenset({'Chicken', 'Nestle Water'})",frozenset({'Jam'}),0.041,0.1984,0.0076,0.18536585365853658,0.9343036978756885,1.0,-0.0005344,0.9839999999999999,-0.0683131359615483,0.03278688524590164,-0.01626016260162601,0.1118361526357199
frozenset({'Nestle Water'}),frozenset({'Shan Biryani Masala'}),0.2062,0.2088,0.0382,0.18525703200775945,0.8872463218762425,1.0,-0.004854560000000001,0.9711038095238095,-0.13800098471418842,0.101380042462845,-0.029756026279373817,0.18410361178932033
"frozenset({'Frozen Paratha', 'Tapal Tea (250g)'})",frozenset({'Olpers Milk (Pack of 6)'}),0.0324,0.196,0.006,0.1851851851851852,0.944822373393802,1.0,-0.00035039999999999984,0.9867272727272728,-0.056920077972709524,0.026978417266187053,-0.0134512622074811,0.1078987150415722
"frozenset({'Butter', 'Thal Sugar (200ml)'})",frozenset({'Pepsi 1L'}),0.0324,0.2052,0.006,0.1851851851851852,0.9024619161071404,1.0,-0.000648479999999999,0.9754363636363637,-0.10047597798601801,0.025906735751295342,-0.025182202836958722,0.10721247563352827
"frozenset({'Frozen Paratha', 'Tapal Tea (250g)'})",frozenset({'Butter'}),0.0324,0.1966,0.006,0.1851851851851852,0.9419388870050113,1.0,-0.00036983999999999975,0.9859909090909091,-0.05988885002526133,0.02690582959641256,-0.014208133949234248,0.10785200256207378
"frozenset({'Lays Chips', 'National Ketchup (1kg)'})",frozenset({'Noodles'}),0.0432,0.2052,0.008,0.18518518518518517,0.9024619161071402,1.0,-0.0008646399999999999,0.9754363636363635,-0.10149500413192095,0.033277870216306155,-0.025182202836958757,0.11208576998050682
"frozenset({'Dalda Cooking Oil (500ml)', 'Chicken'})",frozenset({'Pepsi 1L'}),0.0378,0.2052,0.007,0.18518518518518517,0.9024619161071402,1.0,-0.0007565599999999999,0.9754363636363635,-0.10098292035728967,0.029661016949152543,-0.025182202836958757,0.10964912280701754
"frozenset({'Jam', 'Eggs'})",frozenset({'Butter'}),0.0378,0.1966,0.007,0.18518518518518517,0.941938887005011,1.0,-0.0004314799999999997,0.985990909090909,-0.06020471948741987,0.030782761653474055,-0.014208133949234281,0.1103952375569873
"frozenset({'Dalda Cooking Oil (500ml)', 'Chicken'})",frozenset({'Frozen Paratha'}),0.0378,0.197,0.007,0.18518518518518517,0.9400263207369806,1.0,-0.0004466000000000001,0.9854999999999998,-0.06218323586744641,0.030728709394205442,-0.014713343480466793,0.11035909005452152
"frozenset({'Jam', 'Eggs'})",frozenset({'Shan Biryani Masala'}),0.0378,0.2088,0.007,0.18518518518518517,0.8869022278983963,1.0,-0.000892640000000001,0.9710181818181818,-0.11702088609918157,0.02921535893155259,-0.029846833689098632,0.10935504469987228
frozenset({'Butter'}),frozenset({'Guard Rice (1kg)'}),0.1966,0.1952,0.0364,0.185147507629705,0.9485015759718494,1.0,-0.0019763199999999967,0.9876634207240949,-0.06330284867943954,0.1024198086662915,-0.012490671434263188,0.1858114587328853
frozenset({'Butter'}),frozenset({'Bread'}),0.1966,0.2058,0.0364,0.185147507629705,0.8996477533027454,1.0,-0.0040602799999999994,0.9746549313358303,-0.12191553937600362,0.09945355191256831,-0.026004145517873344,0.18100912796451235
"frozenset({'Guard Rice (1kg)', 'Nestle Water'})",frozenset({'Noodles'}),0.04,0.2052,0.0074,0.185,0.9015594541910331,1.0,-0.0008079999999999997,0.9752147239263804,-0.10212335692618803,0.031118587047939444,-0.025415198792148964,0.11053118908382066
"frozenset({'Lays Chips', 'Frozen Paratha'})",frozenset({'Nestle Water'}),0.04,0.2062,0.0074,0.185,0.8971871968962173,1.0,-0.0008479999999999998,0.9739877300613499,-0.1066398390342052,0.03098827470686767,-0.026706979087931463,0.11044374393792435
"frozenset({'Lays Chips', 'Frozen Paratha'})",frozenset({'Shan Biryani Masala'}),0.04,0.2088,0.0074,0.185,0.886015325670498,1.0,-0.0009519999999999997,0.97079754601227,-0.11817279046673282,0.030654515327257662,-0.030080889787664326,0.11022030651340996
"frozenset({'Noodles', 'Shan Biryani Masala'})",frozenset({'National Ketchup (1kg)'}),0.04,0.2048,0.0074,0.185,0.9033203125,1.0,-0.000792000000000001,0.9757055214723928,-0.10030395136778128,0.03117101937657961,-0.02489939637826963,0.11056640625
"frozenset({'Butter', 'Pepsi 1L'})",frozenset({'Guard Rice (1kg)'}),0.0346,0.1952,0.0064,0.18497109826589597,0.947597839476926,1.0,-0.00035391999999999976,0.9874496453900709,-0.05417850494758495,0.02864816472694718,-0.012709867959870825,0.10887899175589881
"frozenset({'Guard Rice (1kg)', 'Thal Sugar (200ml)'})",frozenset({'Nestle Water'}),0.0346,0.2062,0.0064,0.18497109826589597,0.8970470332972647,1.0,-0.0007345199999999989,0.9739531914893618,-0.10625075942995002,0.027303754266211604,-0.026743388427946612,0.10800446280899066
"frozenset({'Butter', 'Pepsi 1L'})",frozenset({'Shan Biryani Masala'}),0.0346,0.2088,0.0064,0.18497109826589597,0.8858769074037163,1.0,-0.0008244799999999998,0.9707631205673759,-0.11773172793529664,0.0270042194092827,-0.030117418774145654,0.10781121963103228
"frozenset({'Nestle Water', 'Eggs'})",frozenset({'Lux Soap'}),0.0346,0.1936,0.0064,0.18497109826589597,0.9554292265800413,1.0,-0.00029855999999999893,0.9894127659574469,-0.04609456054542743,0.02885482416591524,-0.010700522983759947,0.1090144747527827
frozenset({'Lux Soap'}),frozenset({'Tapal Tea (250g)'}),0.1936,0.1996,0.0358,0.18491735537190082,0.9264396561718478,1.0,-0.002842560000000001,0.9819863117870722,-0.08963763509218058,0.10016787912702854,-0.018344133718264842,0.18213803640338527
frozenset({'Lux Soap'}),frozenset({'Bread'}),0.1936,0.2058,0.0358,0.18491735537190082,0.8985294235758057,1.0,-0.004042880000000006,0.9743797211660329,-0.12283908604764235,0.09845984598459846,-0.026293936827120612,0.1794363258880884
frozenset({'Chicken'}),frozenset({'Guard Rice (1kg)'}),0.198,0.1952,0.0366,0.18484848484848485,0.9469696969696969,1.0,-0.0020496000000000056,0.9873011152416356,-0.06526806526806543,0.10263600673022996,-0.012862220615699761,0.1861742424242424
"frozenset({'Jam', 'Bread'})",frozenset({'Noodles'}),0.0422,0.2052,0.0078,0.1848341232227488,0.9007510878301599,1.0,-0.0008594399999999995,0.9750162790697674,-0.10317060170846591,0.03255425709515859,-0.02562390133021035,0.11142290956459078
"frozenset({'Frozen Paratha', 'Thal Sugar (200ml)'})",frozenset({'Bread'}),0.0368,0.2058,0.0068,0.18478260869565216,0.897874677821439,1.0,-0.0007734400000000002,0.9742186666666666,-0.10561503168013986,0.028837998303647156,-0.026463600232117662,0.10891219841974056
"frozenset({'Lux Soap', 'Butter'})",frozenset({'Surf Excel'}),0.0368,0.2112,0.0068,0.18478260869565216,0.8749176548089591,1.0,-0.0009721600000000006,0.9675946666666665,-0.1292435973793926,0.028192371475953566,-0.03349060763735781,0.10848978919631093
"frozenset({'Lux Soap', 'Shan Biryani Masala'})",frozenset({'Eggs'}),0.0368,0.1982,0.0068,0.18478260869565216,0.9323037774755407,1.0,-0.0004937600000000002,0.9835413333333334,-0.07010131297987374,0.029798422436459245,-0.016734087433708935,0.10954569385337604
"frozenset({'Frozen Paratha', 'Thal Sugar (200ml)'})",frozenset({'Dalda Cooking Oil (500ml)'}),0.0368,0.2026,0.0068,0.18478260869565216,0.912056311429675,1.0,-0.0006556800000000005,0.9781439999999999,-0.09099791268819121,0.029234737747205503,-0.022344358294893205,0.1091731404781321
"frozenset({'Lux Soap', 'Pepsi 1L'})",frozenset({'Shan Biryani Masala'}),0.0368,0.2088,0.0068,0.18478260869565216,0.8849741795768781,1.0,-0.0008838400000000003,0.9705386666666665,-0.1188979767541972,0.028475711892797316,-0.030355651294676253,0.10867482925204064
"frozenset({'Lux Soap', 'Shan Biryani Masala'})",frozenset({'Pepsi 1L'}),0.0368,0.2052,0.0068,0.18478260869565216,0.9005000423764725,1.0,-0.0007513600000000004,0.9749546666666665,-0.10291023842917257,0.02891156462585034,-0.02568871578302445,0.10896050512755318
"frozenset({'Frozen Paratha', 'Thal Sugar (200ml)'})",frozenset({'Eggs'}),0.0368,0.1982,0.0068,0.18478260869565216,0.9323037774755407,1.0,-0.0004937600000000002,0.9835413333333334,-0.07010131297987374,0.029798422436459245,-0.016734087433708935,0.10954569385337604
"frozenset({'Olpers Milk (Pack of 6)', 'Guard Rice (1kg)'})",frozenset({'Chicken'}),0.0368,0.198,0.0068,0.18478260869565216,0.9332454984628896,1.0,-0.00048640000000000055,0.9837866666666666,-0.06912861560851381,0.029824561403508767,-0.016480537785969883,0.10956302151954325
"frozenset({'Frozen Paratha', 'Shan Biryani Masala'})",frozenset({'Nestle Water'}),0.0368,0.2062,0.0068,0.18478260869565216,0.8961329228693121,1.0,-0.0007881600000000004,0.973728,-0.10740918407396108,0.028789161727349702,-0.026980840645436925,0.10888015012862143
"frozenset({'Frozen Paratha', 'Thal Sugar (200ml)'})",frozenset({'Noodles'}),0.0368,0.2052,0.0068,0.18478260869565216,0.9005000423764725,1.0,-0.0007513600000000004,0.9749546666666665,-0.10291023842917257,0.02891156462585034,-0.02568871578302445,0.10896050512755318
"frozenset({'Frozen Paratha', 'Shan Biryani Masala'})",frozenset({'Noodles'}),0.0368,0.2052,0.0068,0.18478260869565216,0.9005000423764725,1.0,-0.0007513600000000004,0.9749546666666665,-0.10291023842917257,0.02891156462585034,-0.02568871578302445,0.10896050512755318
"frozenset({'National Ketchup (1kg)', 'Bread'})",frozenset({'Nestle Water'}),0.0368,0.2062,0.0068,0.18478260869565216,0.8961329228693121,1.0,-0.0007881600000000004,0.973728,-0.10740918407396108,0.028789161727349702,-0.026980840645436925,0.10888015012862143
frozenset({'Frozen Paratha'}),frozenset({'Biscuits'}),0.197,0.1972,0.0364,0.1847715736040609,0.9369755253755625,1.0,-0.0024483999999999964,0.9847546699875467,-0.07729120892996932,0.10173281162660705,-0.015481348275957997,0.18467787605152336
frozenset({'Olpers Milk (Pack of 6)'}),frozenset({'Lays Chips'}),0.196,0.206,0.0362,0.18469387755102043,0.8965722211214584,1.0,-0.004175999999999999,0.9738673341677097,-0.12547775293863125,0.09896118097320941,-0.026833907366472995,0.18021101644541315
frozenset({'Surf Excel'}),frozenset({'Olpers Milk (Pack of 6)'}),0.2112,0.196,0.039,0.1846590909090909,0.9421382189239332,1.0,-0.0023952,0.9860905923344949,-0.07223508975101332,0.10592069527430743,-0.014105608322026238,0.1918193413729128
frozenset({'Surf Excel'}),frozenset({'Frozen Paratha'}),0.2112,0.197,0.039,0.1846590909090909,0.9373557914167051,1.0,-0.0026064000000000018,0.9848641114982578,-0.07810701956271582,0.1056338028169014,-0.015368504471866872,0.1913143170281495
frozenset({'Bread'}),frozenset({'Shan Biryani Masala'}),0.2058,0.2088,0.038,0.184645286686103,0.8843165071173514,1.0,-0.004971040000000003,0.9703752085816448,-0.14142103813757026,0.10090281465746148,-0.03052921298520856,0.18331881192542698
"frozenset({'Frozen Paratha', 'Surf Excel'})",frozenset({'Bread'}),0.039,0.2058,0.0072,0.1846153846153846,0.8970621215519173,1.0,-0.0008262000000000009,0.9740188679245283,-0.1066697652800373,0.0303030303030303,-0.02667415686806272,0.10980040367795468
"frozenset({'Dalda Cooking Oil (500ml)', 'Pepsi 1L'})",frozenset({'Nestle Water'}),0.039,0.2062,0.0072,0.1846153846153846,0.8953219428486159,1.0,-0.0008418000000000002,0.9735283018867925,-0.1084654039427909,0.030252100840336135,-0.027191503381979586,0.10976647019324032
"frozenset({'Dalda Cooking Oil (500ml)', 'Pepsi 1L'})",frozenset({'National Ketchup (1kg)'}),0.039,0.2048,0.0072,0.1846153846153846,0.9014423076923076,1.0,-0.0007872,0.9752452830188679,-0.10214886328246653,0.030431107354184275,-0.025383067636588798,0.1098858173076923
"frozenset({'Frozen Paratha', 'Surf Excel'})",frozenset({'Tapal Tea (250g)'}),0.039,0.1996,0.0072,0.1846153846153846,0.9249267766301834,1.0,-0.0005844000000000005,0.981622641509434,-0.07788261634415489,0.03111495246326707,-0.018721408526506,0.11034376445198088
"frozenset({'Frozen Paratha', 'Surf Excel'})",frozenset({'Eggs'}),0.039,0.1982,0.0072,0.1846153846153846,0.931460063649771,1.0,-0.0005297999999999995,0.9833396226415095,-0.07112364075714855,0.03130434782608696,-0.01694264827215688,0.11047116354886283
"frozenset({'Dalda Cooking Oil (500ml)', 'Frozen Paratha'})",frozenset({'Biscuits'}),0.039,0.1972,0.0072,0.1846153846153846,0.936183491964425,1.0,-0.0004907999999999996,0.984566037735849,-0.06623481781376513,0.0314410480349345,-0.015675903568280254,0.11056327040099859
"frozenset({'Frozen Paratha', 'Surf Excel'})",frozenset({'Butter'}),0.039,0.1966,0.0072,0.1846153846153846,0.9390406135065341,1.0,-0.00046739999999999976,0.9853018867924529,-0.0632767443749492,0.03152364273204904,-0.014917370406541447,0.11061898427106971
frozenset({'Biscuits'}),frozenset({'Frozen Paratha'}),0.1972,0.197,0.0364,0.1845841784989858,0.9369755253755625,1.0,-0.0024483999999999964,0.9847736318407959,-0.0773089757223797,0.10173281162660705,-0.015461795144475961,0.18467787605152336
"frozenset({'Jam', 'Frozen Paratha'})",frozenset({'Thal Sugar (200ml)'}),0.0336,0.1964,0.0062,0.18452380952380953,0.9395305983900689,1.0,-0.0003990399999999998,0.9854364963503649,-0.06244053878123277,0.027703306523681862,-0.014778733793168812,0.10804601881485792
frozenset({'Jam'}),frozenset({'Thal Sugar (200ml)'}),0.1984,0.1964,0.0366,0.1844758064516129,0.9392861835621839,1.0,-0.0023657599999999945,0.9853784919653893,-0.07461948403245976,0.10217755443886098,-0.0148384688257679,0.18541509263517508
frozenset({'Guard Rice (1kg)'}),frozenset({'Shan Biryani Masala'}),0.1952,0.2088,0.036,0.1844262295081967,0.8832673827020915,1.0,-0.004757760000000007,0.9701145728643216,-0.14105191256830618,0.09782608695652172,-0.03080607999469579,0.17842001130582247
frozenset({'Tapal Tea (250g)'}),frozenset({'Thal Sugar (200ml)'}),0.1996,0.1964,0.0368,0.1843687374749499,0.9387410258398671,1.0,-0.0024014399999999977,0.98524914004914,-0.07538385040758201,0.10244988864142539,-0.014971705481645224,0.18587072311629368
"frozenset({'Lux Soap', 'Bread'})",frozenset({'Guard Rice (1kg)'}),0.0358,0.1952,0.0066,0.18435754189944134,0.9444546203864822,1.0,-0.00038816000000000024,0.9867068493150684,-0.05748917338578296,0.02941176470588235,-0.01347223919055501,0.1090845086546387
"frozenset({'Lux Soap', 'Bread'})",frozenset({'Noodles'}),0.0358,0.2052,0.0066,0.18435754189944134,0.89842856676141,1.0,-0.0007461599999999992,0.9744465753424657,-0.10494691893534057,0.028156996587030716,-0.026223525541719493,0.10826064229474991
"frozenset({'Lux Soap', 'Tapal Tea (250g)'})",frozenset({'Guard Rice (1kg)'}),0.0358,0.1952,0.0066,0.18435754189944134,0.9444546203864822,1.0,-0.00038816000000000024,0.9867068493150684,-0.05748917338578296,0.02941176470588235,-0.01347223919055501,0.1090845086546387
"frozenset({'Chicken', 'Surf Excel'})",frozenset({'Bread'}),0.0358,0.2058,0.0066,0.18435754189944134,0.895809241493884,1.0,-0.00076764,0.9737109589041095,-0.10764286195059566,0.02808510638297872,-0.026998814027396966,0.1082137563724612
"frozenset({'Lux Soap', 'Tapal Tea (250g)'})",frozenset({'Dalda Cooking Oil (500ml)'}),0.0358,0.2026,0.0066,0.18435754189944134,0.9099582522183679,1.0,-0.0006530799999999995,0.9776342465753425,-0.09307376581917676,0.028472821397756688,-0.022877424254525536,0.10846702366442945
"frozenset({'Jam', 'Chicken'})",frozenset({'Biscuits'}),0.038,0.1972,0.007,0.1842105263157895,0.934130457990819,1.0,-0.0004935999999999994,0.9840774193548387,-0.06829376279816253,0.030674846625766874,-0.016180211365483928,0.1098537418597203
"frozenset({'Butter', 'Shan Biryani Masala'})",frozenset({'Dalda Cooking Oil (500ml)'}),0.038,0.2026,0.007,0.1842105263157895,0.909232607679119,1.0,-0.0006987999999999994,0.977458064516129,-0.09401571413195559,0.029965753424657536,-0.02306179293229309,0.109380682703798
frozenset({'Butter'}),frozenset({'Dalda Cooking Oil (500ml)'}),0.1966,0.2026,0.0362,0.1841302136317396,0.9088361975900275,1.0,-0.0036311599999999944,0.9773618453865336,-0.1109963123092572,0.0997245179063361,-0.023162511121470292,0.18140370503896952
"frozenset({'Noodles', 'Tapal Tea (250g)'})",frozenset({'Olpers Milk (Pack of 6)'}),0.0402,0.196,0.0074,0.18407960199004977,0.9391816428063764,1.0,-0.00047919999999999907,0.9853902439024391,-0.06320465540800756,0.03234265734265734,-0.014826365684017703,0.11091735201543305
"frozenset({'Noodles', 'Tapal Tea (250g)'})",frozenset({'Butter'}),0.0402,0.1966,0.0074,0.18407960199004977,0.9363153712616977,1.0,-0.0005033199999999998,0.9846548780487806,-0.06617546516887021,0.03225806451612903,-0.01558426438878544,0.11085973995738502
"frozenset({'Lux Soap', 'Olpers Milk (Pack of 6)'})",frozenset({'Pepsi 1L'}),0.0326,0.2052,0.006,0.18404907975460125,0.8969253399347039,1.0,-0.000689519999999999,0.9740781954887218,-0.10617931850099771,0.025884383088869718,-0.026611625874935516,0.1066444229182363
"frozenset({'Butter', 'Olpers Milk (Pack of 6)'})",frozenset({'Pepsi 1L'}),0.0326,0.2052,0.006,0.18404907975460125,0.8969253399347039,1.0,-0.000689519999999999,0.9740781954887218,-0.10617931850099771,0.025884383088869718,-0.026611625874935516,0.1066444229182363
"frozenset({'Lux Soap', 'Olpers Milk (Pack of 6)'})",frozenset({'Dalda Cooking Oil (500ml)'}),0.0326,0.2026,0.006,0.18404907975460125,0.9084357342280417,1.0,-0.0006047599999999993,0.9772646616541354,-0.094358699111896,0.026178010471204192,-0.023264259148982638,0.1068320423452177
"frozenset({'Lux Soap', 'Dalda Cooking Oil (500ml)'})",frozenset({'Lays Chips'}),0.0326,0.206,0.006,0.18404907975460125,0.893442134731074,1.0,-0.0007155999999999985,0.9730977443609024,-0.10975460122699365,0.025795356835769567,-0.027645995271283048,0.10658764667341714
"frozenset({'Guard Rice (1kg)', 'Eggs'})",frozenset({'Olpers Milk (Pack of 6)'}),0.0326,0.196,0.006,0.18404907975460125,0.9390259171153125,1.0,-0.0003895999999999995,0.9853533834586468,-0.06289958023894084,0.026954177897574125,-0.014864328663431294,0.10733066232628022
"frozenset({'Lux Soap', 'Dalda Cooking Oil (500ml)'})",frozenset({'Olpers Milk (Pack of 6)'}),0.0326,0.196,0.006,0.18404907975460125,0.9390259171153125,1.0,-0.0003895999999999995,0.9853533834586468,-0.06289958023894084,0.026954177897574125,-0.014864328663431294,0.10733066232628022
"frozenset({'Lux Soap', 'Olpers Milk (Pack of 6)'})",frozenset({'Chicken'}),0.0326,0.198,0.006,0.18404907975460125,0.9295408068414204,1.0,-0.0004548,0.9829022556390978,-0.07266104294478529,0.026714158504007126,-0.017395162400746584,0.10717605502881578
"frozenset({'Chicken', 'Tapal Tea (250g)'})",frozenset({'Dalda Cooking Oil (500ml)'}),0.0348,0.2026,0.0064,0.18390804597701152,0.9077396148914685,1.0,-0.0006504799999999993,0.9770957746478873,-0.09526989818036945,0.027705627705627706,-0.023441126188849363,0.10774869228761731
"frozenset({'National Ketchup (1kg)', 'Thal Sugar (200ml)'})",frozenset({'Shan Biryani Masala'}),0.0348,0.2088,0.0064,0.18390804597701152,0.8807856608094421,1.0,-0.0008662399999999999,0.9694985915492957,-0.12298396256417245,0.026981450252951095,-0.031461013679206895,0.10727969348659006
"frozenset({'Chicken', 'Tapal Tea (250g)'})",frozenset({'Thal Sugar (200ml)'}),0.0348,0.1964,0.0064,0.18390804597701152,0.93639534611513,1.0,-0.0004347199999999987,0.9846929577464788,-0.0657471264367814,0.028469750889679717,-0.015544990073405266,0.10824730201090901
"frozenset({'Chicken', 'Tapal Tea (250g)'})",frozenset({'Frozen Paratha'}),0.0348,0.197,0.0064,0.18390804597701152,0.933543380593967,1.0,-0.0004555999999999996,0.9839577464788731,-0.0686881113483132,0.028393966282165038,-0.01630380326648629,0.10819767781084079
"frozenset({'Chicken', 'Tapal Tea (250g)'})",frozenset({'Lux Soap'}),0.0348,0.1936,0.0064,0.18390804597701152,0.9499382540134893,1.0,-0.00033727999999999883,0.9881239436619719,-0.05177325866981022,0.02882882882882883,-0.012018792191205946,0.10848294860834047
"frozenset({'Chicken', 'Tapal Tea (250g)'})",frozenset({'Bread'}),0.0348,0.2058,0.0064,0.18390804597701152,0.8936251019291133,1.0,-0.0007618399999999997,0.973174647887324,-0.10978913752752506,0.027327070879590094,-0.02756478723619805,0.10750309976207233
frozenset({'Shan Biryani Masala'}),frozenset({'Eggs'}),0.2088,0.1982,0.0384,0.18390804597701146,0.9278912511453656,1.0,-0.0029841600000000065,0.982487323943662,-0.08943650827902715,0.10417797069994572,-0.017824836646281518,0.1888258696080819
"frozenset({'Butter', 'Eggs'})",frozenset({'Chicken'}),0.037,0.198,0.0068,0.1837837837837838,0.9282009282009283,1.0,-0.0005260000000000004,0.9825827814569537,-0.07435259527309743,0.029798422436459242,-0.01772595538181573,0.10906360906360907
"frozenset({'Lays Chips', 'Nestle Water'})",frozenset({'Shan Biryani Masala'}),0.037,0.2088,0.0068,0.1837837837837838,0.8801905353629491,1.0,-0.0009256000000000004,0.9693509933774834,-0.12384265453572389,0.02845188284518828,-0.031618069029595824,0.10817541679610645
"frozenset({'Dalda Cooking Oil (500ml)', 'Eggs'})",frozenset({'Olpers Milk (Pack of 6)'}),0.037,0.196,0.0068,0.1837837837837838,0.9376723662437948,1.0,-0.00045200000000000014,0.9850331125827815,-0.06456773898634366,0.030061892130857644,-0.015194298776388324,0.1092388306674021
"frozenset({'Biscuits', 'Jam'})",frozenset({'Pepsi 1L'}),0.037,0.2052,0.0068,0.1837837837837838,0.8956324745798431,1.0,-0.0007923999999999995,0.9737615894039735,-0.10794463818657361,0.02888700084961767,-0.02694541547083065,0.10846109267161899
"frozenset({'Lays Chips', 'Nestle Water'})",frozenset({'Surf Excel'}),0.037,0.2112,0.0068,0.1837837837837838,0.8701883701883703,1.0,-0.0010143999999999995,0.96641059602649,-0.1341302163219971,0.02816901408450704,-0.034756866399868414,0.10799037674037675
"frozenset({'Butter', 'Eggs'})",frozenset({'Surf Excel'}),0.037,0.2112,0.0068,0.1837837837837838,0.8701883701883703,1.0,-0.0010143999999999995,0.96641059602649,-0.1341302163219971,0.02816901408450704,-0.034756866399868414,0.10799037674037675
"frozenset({'Butter', 'National Ketchup (1kg)'})",frozenset({'Nestle Water'}),0.037,0.2062,0.0068,0.1837837837837838,0.8912889611240727,1.0,-0.0008294000000000001,0.9725364238410596,-0.11241833608934915,0.028764805414551606,-0.028239123477218693,0.10838073767268724
"frozenset({'Butter', 'National Ketchup (1kg)'})",frozenset({'Shan Biryani Masala'}),0.037,0.2088,0.0068,0.1837837837837838,0.8801905353629491,1.0,-0.0009256000000000004,0.9693509933774834,-0.12384265453572389,0.02845188284518828,-0.031618069029595824,0.10817541679610645
frozenset({'Surf Excel'}),frozenset({'Dalda Cooking Oil (500ml)'}),0.2112,0.2026,0.0388,0.18371212121212122,0.9067725627449221,1.0,-0.003989119999999999,0.9768612529002321,-0.11531061531061526,0.10346666666666667,-0.02368683068457335,0.18761124323192438
"frozenset({'Eggs', 'Thal Sugar (200ml)'})",frozenset({'Pepsi 1L'}),0.0392,0.2052,0.0072,0.1836734693877551,0.8950948800572861,1.0,-0.0008438400000000002,0.9736299999999999,-0.10871985157699449,0.03035413153456998,-0.0270842106344299,0.10938059434300036
"frozenset({'Chicken', 'Frozen Paratha'})",frozenset({'Lays Chips'}),0.0392,0.206,0.0072,0.1836734693877551,0.8916187834357044,1.0,-0.0008751999999999996,0.97265,-0.11230649201330428,0.030252100840336138,-0.028119056186706393,0.10931246284921736
"frozenset({'Nestle Water', 'Tapal Tea (250g)'})",frozenset({'Eggs'}),0.0414,0.1982,0.0076,0.18357487922705315,0.9262102887338707,1.0,-0.0006054799999999994,0.9820863905325445,-0.07673200825260675,0.032758620689655175,-0.01824036015583292,0.11095999259031769
"frozenset({'Olpers Milk (Pack of 6)', 'Bread'})",frozenset({'Jam'}),0.0338,0.1984,0.0062,0.18343195266272191,0.9245562130177516,1.0,-0.0005059199999999991,0.9816695652173913,-0.07787745753006287,0.027433628318584074,-0.01867271374410938,0.10734097633136096
"frozenset({'Olpers Milk (Pack of 6)', 'Bread'})",frozenset({'Frozen Paratha'}),0.0338,0.197,0.0062,0.18343195266272191,0.9311266632625478,1.0,-0.0004586,0.9833840579710145,-0.07111135921005297,0.027604630454140695,-0.016896696559499495,0.10745201694049801
"frozenset({'Lux Soap', 'Guard Rice (1kg)'})",frozenset({'Chicken'}),0.0338,0.198,0.0062,0.18343195266272191,0.9264240033470803,1.0,-0.0004923999999999996,0.9821594202898551,-0.0759543656792393,0.027482269503546097,-0.018164647552715827,0.10737254198792662
"frozenset({'Pepsi 1L', 'Bread'})",frozenset({'Biscuits'}),0.036,0.1972,0.0066,0.18333333333333335,0.9296822177146722,1.0,-0.0004991999999999991,0.9830204081632653,-0.07275271073802017,0.02912621359223301,-0.01727287825942531,0.10840094658553077
"frozenset({'National Ketchup (1kg)', 'Frozen Paratha'})",frozenset({'Surf Excel'}),0.036,0.2112,0.0066,0.18333333333333335,0.8680555555555556,1.0,-0.0010031999999999992,0.9658775510204081,-0.13620071684587803,0.02743142144638404,-0.03532792427315752,0.10729166666666667
"frozenset({'National Ketchup (1kg)', 'Frozen Paratha'})",frozenset({'Biscuits'}),0.036,0.1972,0.0066,0.18333333333333335,0.9296822177146722,1.0,-0.0004991999999999991,0.9830204081632653,-0.07275271073802017,0.02912621359223301,-0.01727287825942531,0.10840094658553077
"frozenset({'Butter', 'Tapal Tea (250g)'})",frozenset({'Dalda Cooking Oil (500ml)'}),0.036,0.2026,0.0066,0.18333333333333335,0.9049029285949326,1.0,-0.0006935999999999999,0.9764081632653061,-0.09829931972789115,0.028448275862068963,-0.024161859376306313,0.10795491938137546
"frozenset({'Guard Rice (1kg)', 'Shan Biryani Masala'})",frozenset({'Dalda Cooking Oil (500ml)'}),0.036,0.2026,0.0066,0.18333333333333335,0.9049029285949326,1.0,-0.0006935999999999999,0.9764081632653061,-0.09829931972789115,0.028448275862068963,-0.024161859376306313,0.10795491938137546
"frozenset({'Butter', 'Lays Chips'})",frozenset({'Eggs'}),0.036,0.1982,0.0066,0.18333333333333335,0.9249915909855366,1.0,-0.0005351999999999987,0.981795918367347,-0.07759220598469015,0.02899824253075571,-0.018541614700257718,0.10831651530440634
"frozenset({'National Ketchup (1kg)', 'Frozen Paratha'})",frozenset({'Olpers Milk (Pack of 6)'}),0.036,0.196,0.0066,0.18333333333333335,0.935374149659864,1.0,-0.0004559999999999998,0.9844897959183674,-0.0668778599084829,0.029281277728482696,-0.015754560530679924,0.10850340136054423
"frozenset({'Pepsi 1L', 'Bread'})",frozenset({'Noodles'}),0.036,0.2052,0.0066,0.18333333333333335,0.893437296946069,1.0,-0.0007871999999999992,0.9732244897959184,-0.11010406176569308,0.028132992327365727,-0.027512162388860905,0.10774853801169591
"frozenset({'National Ketchup (1kg)', 'Frozen Paratha'})",frozenset({'Shan Biryani Masala'}),0.036,0.2088,0.0066,0.18333333333333335,0.8780332056194126,1.0,-0.0009167999999999997,0.9688163265306122,-0.12594790636333658,0.027707808564231735,-0.03218739467475564,0.1074712643678161
"frozenset({'Noodles', 'Eggs'})",frozenset({'Guard Rice (1kg)'}),0.036,0.1952,0.0066,0.18333333333333335,0.9392076502732241,1.0,-0.0004272,0.985469387755102,-0.06291975963237893,0.029385574354407834,-0.014744864148442675,0.1085724043715847
"frozenset({'Butter', 'Lays Chips'})",frozenset({'Bread'}),0.036,0.2058,0.0066,0.18333333333333335,0.8908325234855847,1.0,-0.0008088000000000001,0.9724897959183674,-0.11278447121820617,0.028061224489795915,-0.02828842441030806,0.1077016520894072
"frozenset({'Nestle Water', 'Shan Biryani Masala'})",frozenset({'Surf Excel'}),0.0382,0.2112,0.007,0.18324607329842935,0.8676423925115025,1.0,-0.0010678399999999996,0.9657743589743589,-0.1368948418294352,0.028877887788778877,-0.035438548049658535,0.10819500634618437
"frozenset({'Olpers Milk (Pack of 6)', 'Eggs'})",frozenset({'Biscuits'}),0.0382,0.1972,0.007,0.18324607329842935,0.9292397226086682,1.0,-0.0005330399999999985,0.9829153846153846,-0.07336449369910959,0.03064798598949212,-0.01738157287191161,0.10937151535104023
frozenset({'Noodles'}),frozenset({'Biscuits'}),0.2052,0.1972,0.0376,0.18323586744639378,0.9291879687951003,1.0,-0.002865439999999997,0.9829031026252982,-0.08749456487221946,0.1030701754385965,-0.01739428569208546,0.1869526193215742
"frozenset({'Lays Chips', 'Bread'})",frozenset({'National Ketchup (1kg)'}),0.0404,0.2048,0.0074,0.1831683168316832,0.894376547029703,1.0,-0.0008739200000000003,0.9735175757575758,-0.10958299477364153,0.031118587047939444,-0.027202820885710282,0.1096505646658416
"frozenset({'Lays Chips', 'Bread'})",frozenset({'Chicken'}),0.0404,0.198,0.0074,0.1831683168316832,0.9250925092509251,1.0,-0.0005991999999999994,0.9818424242424244,-0.07781575639200848,0.032034632034632034,-0.018493370534060867,0.11027102710271028
"frozenset({'Lux Soap', 'Eggs'})",frozenset({'Pepsi 1L'}),0.0404,0.2052,0.0074,0.1831683168316832,0.8926331229614191,1.0,-0.0008900799999999997,0.9730278787878788,-0.11138363583577769,0.03106633081444165,-0.027719782546951188,0.10961534749966226
"frozenset({'Lays Chips', 'Bread'})",frozenset({'Jam'}),0.0404,0.1984,0.0074,0.1831683168316832,0.9232274033855,1.0,-0.0006153599999999988,0.9813527272727273,-0.07974703229485237,0.03197925669835783,-0.019001600758878245,0.11023335196422869
"frozenset({'Nestle Water', 'Surf Excel'})",frozenset({'Lux Soap'}),0.0404,0.1936,0.0074,0.1831683168316832,0.9461173390066281,1.0,-0.0004214399999999986,0.987229090909091,-0.056024077166040805,0.03265666372462489,-0.0129361150400754,0.11069572866377549
frozenset({'Butter'}),frozenset({'Tapal Tea (250g)'}),0.1966,0.1996,0.036,0.18311291963377416,0.9173993969627964,1.0,-0.0032413599999999987,0.9798171855541719,-0.10077677485468113,0.0999444752915047,-0.020598551182191206,0.18173682053832996
frozenset({'Butter'}),frozenset({'Lays Chips'}),0.1966,0.206,0.036,0.18311291963377416,0.8888976681251173,1.0,-0.004499599999999999,0.9719825653798257,-0.13462988450721083,0.09819967266775777,-0.028825038244616914,0.1789351005935861
"frozenset({'Bread', 'Tapal Tea (250g)'})",frozenset({'Pepsi 1L'}),0.0306,0.2052,0.0056,0.18300653594771243,0.8918447170941152,1.0,-0.0006791199999999992,0.9728352,-0.11118969966075931,0.02432667245873154,-0.027923331721549524,0.10514849214539618
"frozenset({'Bread', 'Tapal Tea (250g)'})",frozenset({'Surf Excel'}),0.0306,0.2112,0.0056,0.18300653594771243,0.866508219449396,1.0,-0.00086272,0.9654912,-0.1371277434449785,0.023708721422523286,-0.03574222116162217,0.10476084373143198
frozenset({'Shan Biryani Masala'}),frozenset({'Nestle Water'}),0.2088,0.2062,0.0382,0.18295019157088122,0.8872463218762425,1.0,-0.004854560000000001,0.9715441969519344,-0.13839171683999274,0.101380042462845,-0.029289252241268302,0.18410361178932033
"frozenset({'Dalda Cooking Oil (500ml)', 'Olpers Milk (Pack of 6)'})",frozenset({'Jam'}),0.035,0.1984,0.0064,0.18285714285714286,0.9216589861751152,1.0,-0.0005440000000000002,0.9809790209790209,-0.08095238095238097,0.028193832599118944,-0.019389791844881658,0.10755760368663594
"frozenset({'Lux Soap', 'National Ketchup (1kg)'})",frozenset({'Guard Rice (1kg)'}),0.035,0.1952,0.0064,0.18285714285714286,0.9367681498829039,1.0,-0.00043200000000000096,0.9848951048951048,-0.0653753026634384,0.028596961572832886,-0.015336552115876189,0.10782201405152225
"frozenset({'Butter', 'Frozen Paratha'})",frozenset({'Shan Biryani Masala'}),0.035,0.2088,0.0064,0.18285714285714286,0.8757525998905309,1.0,-0.0009080000000000008,0.9682517482517482,-0.1281761716544326,0.02695871946082561,-0.03278925321392462,0.10675424192665572
"frozenset({'Lux Soap', 'National Ketchup (1kg)'})",frozenset({'Olpers Milk (Pack of 6)'}),0.035,0.196,0.0064,0.18285714285714286,0.9329446064139941,1.0,-0.00046000000000000034,0.983916083916084,-0.06931886678722125,0.028495102404274265,-0.01634683724235964,0.10775510204081633
frozenset({'Lux Soap'}),frozenset({'Noodles'}),0.1936,0.2052,0.0354,0.1828512396694215,0.8910879126190131,1.0,-0.004326719999999999,0.9726503160556258,-0.1316181409339135,0.09741331865712713,-0.028118722106918098,0.17768292977623124
"frozenset({'Noodles', 'Butter'})",frozenset({'Dalda Cooking Oil (500ml)'}),0.0372,0.2026,0.0068,0.1827956989247312,0.902249254317528,1.0,-0.0007367199999999997,0.9757657894736843,-0.10114556218216962,0.029184549356223173,-0.024836093648443462,0.10817968559267162
"frozenset({'Surf Excel', 'Eggs'})",frozenset({'Butter'}),0.0372,0.1966,0.0068,0.1827956989247312,0.9297848368501078,1.0,-0.00051352,0.9831078947368422,-0.07273077489604224,0.029955947136563875,-0.01718235135084492,0.1086918474277776
"frozenset({'Noodles', 'Butter'})",frozenset({'Pepsi 1L'}),0.0372,0.2052,0.0068,0.1827956989247312,0.8908172462218868,1.0,-0.0008334399999999995,0.9725842105263158,-0.11292490461325004,0.028862478777589132,-0.028188602258768,0.10796705024209269
"frozenset({'Pepsi 1L', 'Olpers Milk (Pack of 6)'})",frozenset({'Lays Chips'}),0.0372,0.206,0.0068,0.1827956989247312,0.8873577617705398,1.0,-0.0008631999999999997,0.9716052631578949,-0.11648745519713259,0.02876480541455161,-0.02922456054819748,0.10790270383129763
"frozenset({'Olpers Milk (Pack of 6)', 'Tapal Tea (250g)'})",frozenset({'Lays Chips'}),0.0372,0.206,0.0068,0.1827956989247312,0.8873577617705398,1.0,-0.0008631999999999997,0.9716052631578949,-0.11648745519713259,0.02876480541455161,-0.02922456054819748,0.10790270383129763
"frozenset({'Pepsi 1L', 'Olpers Milk (Pack of 6)'})",frozenset({'Shan Biryani Masala'}),0.0372,0.2088,0.0068,0.1827956989247312,0.8754583281835784,1.0,-0.0009673600000000004,0.9681789473684211,-0.1287341637389546,0.028428093645484948,-0.03286691238026899,0.10768137436658015
"frozenset({'Biscuits', 'Lux Soap'})",frozenset({'Frozen Paratha'}),0.0394,0.197,0.0072,0.18274111675126903,0.9276198819861372,1.0,-0.0005618000000000003,0.9825527950310559,-0.07512583376570586,0.031413612565445025,-0.017757015253712306,0.10964467005076142
"frozenset({'Shan Biryani Masala', 'Thal Sugar (200ml)'})",frozenset({'Dalda Cooking Oil (500ml)'}),0.0394,0.2026,0.0072,0.18274111675126903,0.9019798457614463,1.0,-0.0007824400000000006,0.9757006211180124,-0.10163195111940114,0.030664395229982967,-0.024904543828355875,0.10913956133713501
"frozenset({'Pepsi 1L', 'Nestle Water'})",frozenset({'Dalda Cooking Oil (500ml)'}),0.0394,0.2026,0.0072,0.18274111675126903,0.9019798457614463,1.0,-0.0007824400000000006,0.9757006211180124,-0.10163195111940114,0.030664395229982967,-0.024904543828355875,0.10913956133713501
frozenset({'Frozen Paratha'}),frozenset({'National Ketchup (1kg)'}),0.197,0.2048,0.036,0.182741116751269,0.8922906091370556,1.0,-0.004345600000000005,0.973008695652174,-0.13068058796641582,0.0984144341170038,-0.02774004432687501,0.1792611833756345
frozenset({'Bread'}),frozenset({'Eggs'}),0.2058,0.1982,0.0376,0.1827016520894072,0.9218045009556368,1.0,-0.003189560000000001,0.9810370986920334,-0.09650278898252063,0.10262008733624454,-0.01932944364005087,0.1862045091930386
"frozenset({'Dalda Cooking Oil (500ml)', 'Lays Chips'})",frozenset({'Bread'}),0.0416,0.2058,0.0076,0.1826923076923077,0.8877177244524184,1.0,-0.0009612799999999993,0.9717270588235295,-0.11658775130016291,0.0316930775646372,-0.02909555818143075,0.10981068251476415
"frozenset({'Biscuits', 'Shan Biryani Masala'})",frozenset({'Dalda Cooking Oil (500ml)'}),0.0416,0.2026,0.0076,0.1826923076923077,0.9017389323411041,1.0,-0.0008281600000000005,0.9756423529411765,-0.10209072978303754,0.032121724429416736,-0.024965754085392894,0.11010232363884882
frozenset({'Olpers Milk (Pack of 6)'}),frozenset({'Shan Biryani Masala'}),0.196,0.2088,0.0358,0.1826530612244898,0.8747751974352959,1.0,-0.005124800000000006,0.9680099875156055,-0.15113837442491462,0.09701897018970188,-0.03304719258785417,0.1770544999609039
frozenset({'Dalda Cooking Oil (500ml)'}),frozenset({'Jam'}),0.2026,0.1984,0.037,0.18262586377097728,0.9204932649746839,1.0,-0.0031958399999999984,0.9807014492753622,-0.0977331860534244,0.10164835164835163,-0.01967831365896047,0.1845588996274241
frozenset({'Dalda Cooking Oil (500ml)'}),frozenset({'Eggs'}),0.2026,0.1982,0.037,0.18262586377097728,0.9214221179161316,1.0,-0.003155320000000003,0.9809461352657005,-0.0966137483189995,0.10170423309510719,-0.019423966361963963,0.1846529924303928
frozenset({'Guard Rice (1kg)'}),frozenset({'Dalda Cooking Oil (500ml)'}),0.1952,0.2026,0.0356,0.18237704918032785,0.900182868609713,1.0,-0.003947520000000003,0.9752661654135337,-0.12109551389025235,0.09828823854224185,-0.025361112139042078,0.17904637256647193
"frozenset({'Guard Rice (1kg)', 'Tapal Tea (250g)'})",frozenset({'Dalda Cooking Oil (500ml)'}),0.034,0.2026,0.0062,0.18235294117647058,0.900063875500842,1.0,-0.0006884000000000005,0.9752374100719424,-0.10309093087336774,0.02690972222222222,-0.025391345401968177,0.1064775564717496
"frozenset({'Guard Rice (1kg)', 'Surf Excel'})",frozenset({'Shan Biryani Masala'}),0.034,0.2088,0.0062,0.18235294117647058,0.8733378408834798,1.0,-0.000899200000000001,0.9676546762589928,-0.13053829626618677,0.026204564666103127,-0.03342651519657411,0.10602321388325445
"frozenset({'Butter', 'Chicken'})",frozenset({'Nestle Water'}),0.034,0.2062,0.0062,0.18235294117647058,0.8843498602156672,1.0,-0.0008108000000000004,0.9708345323741008,-0.11923529411764712,0.026495726495726495,-0.03004164628814489,0.10621041821190164
frozenset({'Nestle Water'}),frozenset({'Olpers Milk (Pack of 6)'}),0.2062,0.196,0.0376,0.18234723569350147,0.9303430392525585,1.0,-0.002815199999999997,0.9833024911032029,-0.08619169385415738,0.10312671420735053,-0.01698105013246086,0.18709198519368953
"frozenset({'Lays Chips', 'Olpers Milk (Pack of 6)'})",frozenset({'Bread'}),0.0362,0.2058,0.0066,0.18232044198895025,0.885910796836493,1.0,-0.0008499600000000012,0.9712851351351351,-0.11786926712374374,0.02803738317757009,-0.029563784954734017,0.10719520641721565
"frozenset({'Lays Chips', 'Olpers Milk (Pack of 6)'})",frozenset({'National Ketchup (1kg)'}),0.0362,0.2048,0.0066,0.18232044198895025,0.8902365331491712,1.0,-0.000813760000000001,0.9725081081081081,-0.11341855706886857,0.028156996587030712,-0.02826906188512293,0.10727350224447513
"frozenset({'Guard Rice (1kg)', 'Bread'})",frozenset({'Lux Soap'}),0.0362,0.1936,0.0066,0.18232044198895025,0.9417378201908588,1.0,-0.0004083200000000002,0.9862054054054054,-0.06031849203769908,0.029569892473118278,-0.013987547136718428,0.10820567553992967
"frozenset({'Dalda Cooking Oil (500ml)', 'Butter'})",frozenset({'Tapal Tea (250g)'}),0.0362,0.1996,0.0066,0.18232044198895025,0.9134290680809131,1.0,-0.0006255200000000009,0.9788675675675675,-0.08953138865828884,0.028795811518324606,-0.021588653187218573,0.10769328712673966
"frozenset({'Shan Biryani Masala', 'Eggs'})",frozenset({'Jam'}),0.0384,0.1984,0.007,0.18229166666666669,0.918808803763441,1.0,-0.0006185599999999989,0.9803006369426752,-0.08416057122953662,0.03046127067014796,-0.02009522621423816,0.1087869623655914
"frozenset({'Shan Biryani Masala', 'Eggs'})",frozenset({'Thal Sugar (200ml)'}),0.0384,0.1964,0.007,0.18229166666666669,0.928165308893415,1.0,-0.0005417599999999988,0.9827464968152867,-0.07448961633227721,0.030728709394205446,-0.017556412809026017,0.10896660726408691
frozenset({'Thal Sugar (200ml)'}),frozenset({'Bread'}),0.1964,0.2058,0.0358,0.18228105906313646,0.885719431793666,1.0,-0.004619120000000004,0.9712383561643837,-0.13834671139331509,0.09770742358078602,-0.029613373126244708,0.17811817773370622
"frozenset({'Surf Excel', 'Bread'})",frozenset({'Thal Sugar (200ml)'}),0.0406,0.1964,0.0074,0.18226600985221678,0.9280346733819592,1.0,-0.0005738399999999991,0.9827156626506024,-0.07478301665493772,0.032229965156794424,-0.017588340154035858,0.10997210879576216
"frozenset({'Pepsi 1L', 'Shan Biryani Masala'})",frozenset({'Surf Excel'}),0.0406,0.2112,0.0074,0.18226600985221678,0.8630019405881476,1.0,-0.0011747199999999989,0.9646168674698794,-0.1419724737378961,0.03027823240589198,-0.036681021992625795,0.10865194432004778
"frozenset({'Dalda Cooking Oil (500ml)', 'Nestle Water'})",frozenset({'Frozen Paratha'}),0.0406,0.197,0.0074,0.18226600985221678,0.9252081718386638,1.0,-0.0005982000000000001,0.9819819277108432,-0.07771091850096652,0.03214596003475239,-0.018348680134225696,0.10991473081443326
"frozenset({'Surf Excel', 'Bread'})",frozenset({'National Ketchup (1kg)'}),0.0406,0.2048,0.0074,0.18226600985221678,0.8899707512315271,1.0,-0.0009148799999999999,0.9724433734939759,-0.11415395211642984,0.031092436974789917,-0.028337512761296823,0.10919941117610839
frozenset({'Noodles'}),frozenset({'Chicken'}),0.2052,0.198,0.0374,0.18226120857699807,0.9205111544292831,1.0,-0.003229599999999999,0.9807532777115615,-0.09799994659403452,0.10224166211044287,-0.019624428208231844,0.18557504873294348
"frozenset({'Nestle Water', 'Bread'})",frozenset({'Biscuits'}),0.0428,0.1972,0.0078,0.1822429906542056,0.9241530966237607,1.0,-0.000640159999999999,0.9817097142857142,-0.078970482290361,0.03359173126614987,-0.018631052996754344,0.11089837159485127
"frozenset({'Nestle Water', 'Bread'})",frozenset({'Lays Chips'}),0.0428,0.206,0.0078,0.1822429906542056,0.8846747119136195,1.0,-0.0010168,0.9709485714285714,-0.11986382111904335,0.03236514522821577,-0.02992066668236069,0.11005353416205425
"frozenset({'Nestle Water', 'Bread'})",frozenset({'Butter'}),0.0428,0.1966,0.0078,0.1822429906542056,0.9269735028189502,1.0,-0.0006144800000000006,0.9824434285714285,-0.07604348170441952,0.03367875647668394,-0.017870312852619363,0.11095872828742834
frozenset({'Shan Biryani Masala'}),frozenset({'Bread'}),0.2088,0.2058,0.038,0.18199233716475094,0.8843165071173514,1.0,-0.004971040000000003,0.970895550351288,-0.14188118495380844,0.10090281465746148,-0.0299769111498981,0.18331881192542698
frozenset({'Shan Biryani Masala'}),frozenset({'National Ketchup (1kg)'}),0.2088,0.2048,0.038,0.18199233716475094,0.8886344588122604,1.0,-0.004762240000000008,0.9721180327868852,-0.1367365877413014,0.10117145899893502,-0.0286816685553937,0.18376960608237547
frozenset({'Shan Biryani Masala'}),frozenset({'Butter'}),0.2088,0.1966,0.038,0.18199233716475094,0.9256985613669936,1.0,-0.0030500800000000036,0.9821423887587822,-0.09210380097887175,0.10342950462710941,-0.018182303753110602,0.1876390983890896
frozenset({'Lux Soap'}),frozenset({'Surf Excel'}),0.1936,0.2112,0.0352,0.18181818181818182,0.8608815426997245,1.0,-0.005688319999999997,0.9640888888888889,-0.1669421487603305,0.09523809523809525,-0.03724875530149363,0.17424242424242425
frozenset({'Lux Soap'}),frozenset({'Chicken'}),0.1936,0.198,0.0352,0.18181818181818182,0.9182736455463728,1.0,-0.003132799999999998,0.9802222222222223,-0.09939691757873571,0.09876543209876544,-0.020176830650646117,0.1797979797979798
"frozenset({'Lux Soap', 'Chicken'})",frozenset({'Lays Chips'}),0.0352,0.206,0.0064,0.18181818181818182,0.88261253309797,1.0,-0.0008511999999999999,0.9704444444444446,-0.12115139369648385,0.027257240204429302,-0.030455690405312548,0.10644307149161518
"frozenset({'Lux Soap', 'Chicken'})",frozenset({'Tapal Tea (250g)'}),0.0352,0.1996,0.0064,0.18181818181818182,0.9109127345600292,1.0,-0.0006259200000000003,0.9782666666666667,-0.0920383963862225,0.028021015761821366,-0.022216164644950246,0.10694115503734743
"frozenset({'Noodles', 'Frozen Paratha'})",frozenset({'Lux Soap'}),0.033,0.1936,0.006,0.18181818181818182,0.9391435011269722,1.0,-0.0003887999999999999,0.9856,-0.06280286877301801,0.0271985494106981,-0.014610389610389596,0.10640495867768596
"frozenset({'Olpers Milk (Pack of 6)', 'Thal Sugar (200ml)'})",frozenset({'Lays Chips'}),0.033,0.206,0.006,0.18181818181818182,0.88261253309797,1.0,-0.0007980000000000001,0.9704444444444446,-0.12090909090909092,0.025751072961373394,-0.030455690405312548,0.10547219770520741
"frozenset({'Noodles', 'Chicken'})",frozenset({'Lux Soap'}),0.0374,0.1936,0.0068,0.1818181818181818,0.9391435011269721,1.0,-0.0004406400000000008,0.9855999999999999,-0.06307183180844864,0.03033006244424621,-0.014610389610389631,0.10847107438016527
"frozenset({'Surf Excel', 'Tapal Tea (250g)'})",frozenset({'Frozen Paratha'}),0.0396,0.197,0.0072,0.1818181818181818,0.9229349330872172,1.0,-0.0006012000000000014,0.9814444444444443,-0.07998850464603907,0.03138622493461203,-0.018906373825427415,0.10918320258421779
"frozenset({'Olpers Milk (Pack of 6)', 'Frozen Paratha'})",frozenset({'Dalda Cooking Oil (500ml)'}),0.0374,0.2026,0.0068,0.1818181818181818,0.8974243919949743,1.0,-0.0007772400000000011,0.9745999999999999,-0.10613798867118594,0.02915951972555746,-0.026061974143238284,0.10769092703939692
"frozenset({'Olpers Milk (Pack of 6)', 'Frozen Paratha'})",frozenset({'Lux Soap'}),0.0374,0.1936,0.0068,0.1818181818181818,0.9391435011269721,1.0,-0.0004406400000000008,0.9855999999999999,-0.06307183180844864,0.03033006244424621,-0.014610389610389631,0.10847107438016527
frozenset({'Eggs'}),frozenset({'Noodles'}),0.1982,0.2052,0.036,0.18163471241170534,0.8851594172110397,1.0,-0.004670639999999997,0.9712044389642417,-0.13927474933980283,0.0979858464888405,-0.029649330131221258,0.17853665445146671
"frozenset({'Noodles', 'National Ketchup (1kg)'})",frozenset({'Pepsi 1L'}),0.043,0.2052,0.0078,0.1813953488372093,0.8839929280565756,1.0,-0.0010235999999999995,0.9709204545454545,-0.12059093800805819,0.0324459234608985,-0.02995049215247947,0.10970352237182103
"frozenset({'Pepsi 1L', 'Eggs'})",frozenset({'Lux Soap'}),0.0408,0.1936,0.0074,0.18137254901960784,0.9368416788202885,1.0,-0.0004988800000000002,0.9850634730538923,-0.06566837261220279,0.03259911894273128,-0.015163009648303766,0.10979784475773781
"frozenset({'Surf Excel', 'Thal Sugar (200ml)'})",frozenset({'Bread'}),0.0408,0.2058,0.0074,0.18137254901960784,0.8813049029135464,1.0,-0.00099664,0.9701604790419163,-0.12312223276407336,0.030936454849498324,-0.030757304180801023,0.10866489452924026
"frozenset({'Surf Excel', 'Thal Sugar (200ml)'})",frozenset({'Tapal Tea (250g)'}),0.0408,0.1996,0.0074,0.18137254901960784,0.9086801053086565,1.0,-0.00074368,0.977734131736527,-0.09483585317581766,0.03175965665236052,-0.022772927261859272,0.10922334865810052
frozenset({'Guard Rice (1kg)'}),frozenset({'Biscuits'}),0.1952,0.1972,0.0354,0.18135245901639344,0.9196372161074718,1.0,-0.003093439999999996,0.9806418022528159,-0.09794524711746931,0.09915966386554623,-0.019740335056809357,0.18043282180028597
"frozenset({'Pepsi 1L', 'Frozen Paratha'})",frozenset({'Jam'}),0.0386,0.1984,0.007,0.18134715025906736,0.9140481363864282,1.0,-0.00065824,0.9791696202531645,-0.08909534869870764,0.030434782608695657,-0.02127351514587404,0.10831470416179174
"frozenset({'National Ketchup (1kg)', 'Nestle Water'})",frozenset({'Surf Excel'}),0.0386,0.2112,0.007,0.18134715025906736,0.8586512796357356,1.0,-0.001152320000000001,0.9635341772151897,-0.14619417111132552,0.02883031301482702,-0.03784590484398154,0.10724554482650338
"frozenset({'Eggs', 'Tapal Tea (250g)'})",frozenset({'Thal Sugar (200ml)'}),0.0386,0.1964,0.007,0.18134715025906736,0.9233561622152107,1.0,-0.0005810399999999997,0.981612658227848,-0.07947650338401602,0.030701754385964914,-0.018731769214699635,0.10849434906028725
"frozenset({'Noodles', 'Bread'})",frozenset({'Dalda Cooking Oil (500ml)'}),0.0386,0.2026,0.007,0.18134715025906736,0.8950994583369564,1.0,-0.00082036,0.9740392405063291,-0.108654651027263,0.029888983774551667,-0.02665268339720672,0.10794899467543694
"frozenset({'Jam', 'Nestle Water'})",frozenset({'Bread'}),0.0386,0.2058,0.007,0.18134715025906736,0.8811814881392972,1.0,-0.0009438800000000002,0.9701303797468355,-0.12300226227833323,0.02948609941027801,-0.03078928448870895,0.10768037785062212
"frozenset({'Eggs', 'Tapal Tea (250g)'})",frozenset({'Chicken'}),0.0386,0.198,0.007,0.18134715025906736,0.915894698278118,1.0,-0.0006428000000000007,0.9796582278481013,-0.08718769497870502,0.03048780487804878,-0.02076415179667412,0.10835034280630136
"frozenset({'Butter', 'Guard Rice (1kg)'})",frozenset({'Lux Soap'}),0.0364,0.1936,0.0066,0.1813186813186813,0.9365634365634365,1.0,-0.0004470400000000001,0.9849986577181208,-0.06567550096961863,0.02954341987466428,-0.015229809872667015,0.1077047952047952
"frozenset({'Butter', 'Bread'})",frozenset({'Lays Chips'}),0.0364,0.206,0.0066,0.1813186813186813,0.8801877733916569,1.0,-0.0008983999999999997,0.9698523489932886,-0.12377792718815783,0.027989821882951654,-0.031084784233398836,0.10667875813506882
"frozenset({'Dalda Cooking Oil (500ml)', 'Noodles'})",frozenset({'Shan Biryani Masala'}),0.0364,0.2088,0.0066,0.1813186813186813,0.8683844890741441,1.0,-0.0010003200000000007,0.9664322147651007,-0.13591156617862857,0.027661357921207035,-0.034733719263547395,0.10646393836049008
"frozenset({'Biscuits', 'Frozen Paratha'})",frozenset({'Lays Chips'}),0.0364,0.206,0.0066,0.1813186813186813,0.8801877733916569,1.0,-0.0008983999999999997,0.9698523489932886,-0.12377792718815783,0.027989821882951654,-0.031084784233398836,0.10667875813506882
"frozenset({'Dalda Cooking Oil (500ml)', 'Noodles'})",frozenset({'National Ketchup (1kg)'}),0.0364,0.2048,0.0066,0.1813186813186813,0.8853451236263735,1.0,-0.0008547200000000007,0.9713181208053692,-0.11847284904802571,0.028132992327365724,-0.029528821279324317,0.10677262190934066
"frozenset({'Biscuits', 'Frozen Paratha'})",frozenset({'Pepsi 1L'}),0.0364,0.2052,0.0066,0.1813186813186813,0.8836193046719363,1.0,-0.00086928,0.9708295302013422,-0.12024833172869427,0.028085106382978724,-0.030046953549721544,0.1067412120043699
"frozenset({'Biscuits', 'Frozen Paratha'})",frozenset({'Nestle Water'}),0.0364,0.2062,0.0066,0.1813186813186813,0.8793340510120335,1.0,-0.0009056799999999999,0.9696080536912752,-0.12465590521702744,0.027966101694915254,-0.031344568759534744,0.10666322038775966
"frozenset({'Biscuits', 'Frozen Paratha'})",frozenset({'National Ketchup (1kg)'}),0.0364,0.2048,0.0066,0.1813186813186813,0.8853451236263735,1.0,-0.0008547200000000007,0.9713181208053692,-0.11847284904802571,0.028132992327365724,-0.029528821279324317,0.10677262190934066
"frozenset({'Jam', 'Surf Excel'})",frozenset({'Dalda Cooking Oil (500ml)'}),0.0342,0.2026,0.0062,0.18128654970760233,0.8948003440651645,1.0,-0.000728920000000001,0.9739671428571429,-0.10852062267004933,0.026886383347788378,-0.026728681079003853,0.10594436073731547
frozenset({'Noodles'}),frozenset({'Butter'}),0.2052,0.1966,0.0372,0.18128654970760233,0.9221085946470109,1.0,-0.003142320000000004,0.9812957142857144,-0.09606932429358646,0.102029621503017,-0.01906080444659904,0.18525161666458448
frozenset({'Pepsi 1L'}),frozenset({'Olpers Milk (Pack of 6)'}),0.2052,0.196,0.0372,0.18128654970760233,0.9249313760591955,1.0,-0.0030192000000000066,0.9820285714285716,-0.09265396909570336,0.1021978021978022,-0.018300311308952336,0.18554123403747463
"frozenset({'Jam', 'Surf Excel'})",frozenset({'Shan Biryani Masala'}),0.0342,0.2088,0.0062,0.18128654970760233,0.8682306020479038,1.0,-0.0009409600000000011,0.9663942857142858,-0.13580182770186422,0.02618243243243243,-0.03477433050100819,0.10549001814882032
"frozenset({'Jam', 'Olpers Milk (Pack of 6)'})",frozenset({'Guard Rice (1kg)'}),0.032,0.1952,0.0058,0.18125,0.9285348360655736,1.0,-0.0004464000000000013,0.9829618320610687,-0.07365364308342154,0.026196928635953024,-0.017333499005964238,0.10548155737704917
"frozenset({'Frozen Paratha', 'Bread'})",frozenset({'Biscuits'}),0.0398,0.1972,0.0072,0.1809045226130653,0.9173657333319742,1.0,-0.0006485599999999994,0.9801055214723926,-0.08576567045755085,0.03133159268929504,-0.020298302674308273,0.10870783939983894
"frozenset({'Frozen Paratha', 'Nestle Water'})",frozenset({'National Ketchup (1kg)'}),0.0398,0.2048,0.0072,0.1809045226130653,0.8833228643216079,1.0,-0.0009510400000000002,0.9708269938650307,-0.12092852928610667,0.030328559393428812,-0.030049644601276036,0.10803038630653265
"frozenset({'Frozen Paratha', 'Bread'})",frozenset({'Surf Excel'}),0.0398,0.2112,0.0072,0.1809045226130653,0.8565555047967107,1.0,-0.0012057600000000002,0.9630134969325153,-0.14850724209281704,0.029532403609516,-0.03840704536883202,0.1074977158519872
frozenset({'Surf Excel'}),frozenset({'Butter'}),0.2112,0.1966,0.0382,0.1808712121212121,0.9199959924781898,1.0,-0.003321919999999999,0.9807981502890174,-0.09929790327517599,0.10335497835497835,-0.019577779286517175,0.18758718286630288
"frozenset({'Bread', 'Eggs'})",frozenset({'Frozen Paratha'}),0.0376,0.197,0.0068,0.18085106382978722,0.918025704719732,1.0,-0.0006072000000000013,0.9802857142857142,-0.0849050271830326,0.029850746268656716,-0.020110754881958647,0.10768441516362456
"frozenset({'Olpers Milk (Pack of 6)', 'Nestle Water'})",frozenset({'Butter'}),0.0376,0.1966,0.0068,0.18085106382978722,0.9198935087985108,1.0,-0.0005921600000000004,0.980774025974026,-0.0829764814025963,0.02990325417766051,-0.019602858065985537,0.10771952988030561
"frozenset({'Bread', 'Eggs'})",frozenset({'Jam'}),0.0376,0.1984,0.0068,0.18085106382978722,0.9115477007549759,1.0,-0.0006598400000000001,0.9785766233766233,-0.09159152489672634,0.029668411867364748,-0.021892385441882205,0.10756262868908716
"frozenset({'Biscuits', 'Noodles'})",frozenset({'Nestle Water'}),0.0376,0.2062,0.0068,0.18085106382978722,0.8770662649359225,1.0,-0.0009531200000000009,0.9690545454545455,-0.12712605902814839,0.02869198312236287,-0.031933656047131234,0.10691437769568896
frozenset({'Chicken'}),frozenset({'Surf Excel'}),0.198,0.2112,0.0358,0.18080808080808078,0.8560988674625037,1.0,-0.006017600000000005,0.9629001233045621,-0.17327205924697386,0.09587573647562934,-0.03852930932038441,0.17515782828282828
"frozenset({'Chicken', 'Thal Sugar (200ml)'})",frozenset({'Tapal Tea (250g)'}),0.0354,0.1996,0.0064,0.1807909604519774,0.9057663349297465,1.0,-0.00066584,0.97704,-0.09735527716367805,0.02799650043744532,-0.02349954966019815,0.10642754435424522
"frozenset({'Chicken', 'Thal Sugar (200ml)'})",frozenset({'Bread'}),0.0354,0.2058,0.0064,0.1807909604519774,0.8784789137608231,1.0,-0.0008853200000000002,0.969471724137931,-0.1254214621264925,0.0272572402044293,-0.031489599027981124,0.10594455699955527
"frozenset({'Chicken', 'Shan Biryani Masala'})",frozenset({'Olpers Milk (Pack of 6)'}),0.0354,0.196,0.0064,0.1807909604519774,0.9224028594488642,1.0,-0.0005384000000000005,0.9814344827586208,-0.08021645331235554,0.028444444444444446,-0.01891671585574951,0.1067220108382336
"frozenset({'Chicken', 'Shan Biryani Masala'})",frozenset({'Nestle Water'}),0.0354,0.2062,0.0064,0.1807909604519774,0.8767747839572134,1.0,-0.0008994799999999994,0.9689834482758621,-0.12717237011022312,0.0272108843537415,-0.032009372068559576,0.10591439390203138
"frozenset({'Biscuits', 'Guard Rice (1kg)'})",frozenset({'Frozen Paratha'}),0.0354,0.197,0.0064,0.1807909604519774,0.9177206114313573,1.0,-0.0005738000000000002,0.9802137931034482,-0.08504218020998218,0.02831858407079646,-0.02018560342219503,0.10663913504832373
frozenset({'Lux Soap'}),frozenset({'Thal Sugar (200ml)'}),0.1936,0.1964,0.035,0.18078512396694219,0.9204945212166099,1.0,-0.0030230399999999907,0.9809392181588904,-0.09674644382315864,0.09859154929577466,-0.01943115484452191,0.17949643163723894
frozenset({'Lux Soap'}),frozenset({'National Ketchup (1kg)'}),0.1936,0.2048,0.035,0.18078512396694219,0.8827398631198349,1.0,-0.004649279999999999,0.9706854981084491,-0.14143036533014045,0.09631260319207487,-0.030199793804147165,0.1758417807334711
frozenset({'National Ketchup (1kg)'}),frozenset({'Butter'}),0.2048,0.1966,0.037,0.18066406249999997,0.9189423321464902,1.0,-0.003263680000000005,0.980550178784267,-0.0998492324561405,0.10153677277716794,-0.019835620487926343,0.18443172606180058
"frozenset({'Biscuits', 'Butter'})",frozenset({'Bread'}),0.031,0.2058,0.0056,0.18064516129032257,0.8777704630239191,1.0,-0.0007798000000000006,0.9692992125984252,-0.12564854500338382,0.024221453287197228,-0.03167317893437099,0.10392802282203203
frozenset({'Lays Chips'}),frozenset({'Thal Sugar (200ml)'}),0.206,0.1964,0.0372,0.18058252427184465,0.9194629545409606,1.0,-0.0032584000000000016,0.980696682464455,-0.09935600331755873,0.10186199342825848,-0.019683269945439695,0.18499594645364126
"frozenset({'Lays Chips', 'National Ketchup (1kg)'})",frozenset({'Pepsi 1L'}),0.0432,0.2052,0.0078,0.18055555555555552,0.8799003682044616,1.0,-0.0010646400000000004,0.9699254237288135,-0.12484520995159298,0.032418952618453865,-0.031007101716714232,0.10928362573099414
frozenset({'Biscuits'}),frozenset({'Tapal Tea (250g)'}),0.1972,0.1996,0.0356,0.18052738336713997,0.904445808452605,1.0,-0.0037611199999999997,0.9767257425742574,-0.11629644288329294,0.09856035437430787,-0.02382885636289359,0.17944204839699684
"frozenset({'Pepsi 1L', 'Surf Excel'})",frozenset({'Shan Biryani Masala'}),0.041,0.2088,0.0074,0.18048780487804877,0.8644051957760956,1.0,-0.0011608,0.965452380952381,-0.14057693705040325,0.030528052805280526,-0.035783866433204296,0.10796420895243435
"frozenset({'Chicken', 'Lays Chips'})",frozenset({'Bread'}),0.041,0.2058,0.0074,0.18048780487804877,0.8770058546066509,1.0,-0.0010378000000000002,0.9691130952380952,-0.12758162863886702,0.030910609857978277,-0.031871310906511255,0.10822252245846073
"frozenset({'Noodles', 'Surf Excel'})",frozenset({'Biscuits'}),0.041,0.1972,0.0074,0.18048780487804877,0.9152525602335131,1.0,-0.0006851999999999987,0.9796071428571428,-0.08805160759721384,0.032062391681109186,-0.020817383061722986,0.10900657992381141
"frozenset({'Noodles', 'Surf Excel'})",frozenset({'Lays Chips'}),0.041,0.206,0.0074,0.18048780487804877,0.8761543926118873,1.0,-0.001046,0.9688690476190476,-0.12846019698867683,0.030884808013355594,-0.03213122811328868,0.10820506748756809
frozenset({'Jam'}),frozenset({'National Ketchup (1kg)'}),0.1984,0.2048,0.0358,0.18044354838709678,0.881072013608871,1.0,-0.004832320000000001,0.9702809348093481,-0.14412101546096587,0.0974414806750136,-0.030629340559485952,0.17762411794354838
"frozenset({'Biscuits', 'Lays Chips'})",frozenset({'Tapal Tea (250g)'}),0.0388,0.1996,0.007,0.18041237113402062,0.9038695948598228,1.0,-0.0007444800000000005,0.976588679245283,-0.09962424125638314,0.03025064822817632,-0.023972549807570444,0.10774125570729087
"frozenset({'Lux Soap', 'Nestle Water'})",frozenset({'Bread'}),0.0388,0.2058,0.007,0.18041237113402062,0.8766393155200224,1.0,-0.0009850400000000004,0.9690238993710693,-0.12770437055321626,0.029461279461279462,-0.03196629169727952,0.10721298828809875
"frozenset({'Dalda Cooking Oil (500ml)', 'Surf Excel'})",frozenset({'Nestle Water'}),0.0388,0.2062,0.007,0.18041237113402062,0.8749387542871999,1.0,-0.0010005600000000002,0.9685358490566038,-0.12945596820270777,0.029411764705882356,-0.032486304945804206,0.10717999740018198
"frozenset({'Biscuits', 'Lays Chips'})",frozenset({'Chicken'}),0.0388,0.198,0.007,0.18041237113402062,0.9111735915859627,1.0,-0.0006824000000000005,0.9785408805031447,-0.09208182652345233,0.030461270670147953,-0.021929711802966823,0.10788295324377799
"frozenset({'Dalda Cooking Oil (500ml)', 'Tapal Tea (250g)'})",frozenset({'Nestle Water'}),0.0388,0.2062,0.007,0.18041237113402062,0.8749387542871999,1.0,-0.0010005600000000002,0.9685358490566038,-0.12945596820270777,0.029411764705882356,-0.032486304945804206,0.10717999740018198
"frozenset({'Noodles', 'Pepsi 1L'})",frozenset({'Surf Excel'}),0.0388,0.2112,0.007,0.18041237113402062,0.85422524211184,1.0,-0.00119456,0.9624352201257861,-0.15077193372174036,0.02880658436213992,-0.039030969657681776,0.10677815526398
"frozenset({'Dalda Cooking Oil (500ml)', 'Surf Excel'})",frozenset({'Pepsi 1L'}),0.0388,0.2052,0.007,0.18041237113402062,0.8792025883724202,1.0,-0.0009617599999999999,0.9697559748427673,-0.12506371779000697,0.029535864978902957,-0.031187253228459208,0.10726271578143526
"frozenset({'Lux Soap', 'Nestle Water'})",frozenset({'Olpers Milk (Pack of 6)'}),0.0388,0.196,0.007,0.18041237113402062,0.9204712812960235,1.0,-0.0006048,0.9809811320754718,-0.0824742268041237,0.030728709394205442,-0.019387598092014166,0.10806332842415317
frozenset({'Tapal Tea (250g)'}),frozenset({'Butter'}),0.1996,0.1966,0.036,0.18036072144288576,0.9173993969627964,1.0,-0.0032413599999999987,0.9801872860635696,-0.10111630483881834,0.0999444752915047,-0.020213192129840976,0.18173682053832996
"frozenset({'Pepsi 1L', 'Thal Sugar (200ml)'})",frozenset({'Surf Excel'}),0.0366,0.2112,0.0066,0.18032786885245902,0.8538251366120219,1.0,-0.0011299200000000004,0.9623359999999999,-0.15089018156178394,0.02736318407960199,-0.03913809729657832,0.10578893442622951
"frozenset({'Pepsi 1L', 'Guard Rice (1kg)'})",frozenset({'Biscuits'}),0.0366,0.1972,0.0066,0.18032786885245902,0.914441525620989,1.0,-0.0006175199999999999,0.979416,-0.08852114977723495,0.02904929577464789,-0.02101660581407694,0.10689821434509361
"frozenset({'Butter', 'Nestle Water'})",frozenset({'Surf Excel'}),0.0366,0.2112,0.0066,0.18032786885245902,0.8538251366120219,1.0,-0.0011299200000000004,0.9623359999999999,-0.15089018156178394,0.02736318407960199,-0.03913809729657832,0.10578893442622951
"frozenset({'Chicken', 'Guard Rice (1kg)'})",frozenset({'Tapal Tea (250g)'}),0.0366,0.1996,0.0066,0.18032786885245902,0.9034462367357666,1.0,-0.0007053600000000004,0.976488,-0.09985560180073053,0.028745644599303136,-0.024078124871990226,0.10669700055849404
frozenset({'Guard Rice (1kg)'}),frozenset({'Noodles'}),0.1952,0.2052,0.0352,0.18032786885245902,0.8787907838813793,1.0,-0.004855039999999998,0.969656,-0.14630665380906455,0.09638554216867472,-0.03129357215342347,0.17593391493305213
"frozenset({'Biscuits', 'Thal Sugar (200ml)'})",frozenset({'Shan Biryani Masala'}),0.0366,0.2088,0.0066,0.18032786885245902,0.8636392186420451,1.0,-0.0010420800000000008,0.965264,-0.1408117267435262,0.027638190954773868,-0.035986010044920365,0.10596853212737893
"frozenset({'Pepsi 1L', 'Thal Sugar (200ml)'})",frozenset({'National Ketchup (1kg)'}),0.0366,0.2048,0.0066,0.18032786885245902,0.8805071721311475,1.0,-0.0008956800000000003,0.970144,-0.12347190286347622,0.028109028960817715,-0.030774812811294,0.10627721567622951
frozenset({'Thal Sugar (200ml)'}),frozenset({'Chicken'}),0.1964,0.198,0.0354,0.18024439918533605,0.9103252484107881,1.0,-0.003487199999999996,0.9783403726708075,-0.10919803699055307,0.09860724233983288,-0.022139153135491217,0.1795161389866074
"frozenset({'National Ketchup (1kg)', 'Eggs'})",frozenset({'Dalda Cooking Oil (500ml)'}),0.0344,0.2026,0.0062,0.18023255813953487,0.8895980164833903,1.0,-0.0007694400000000006,0.9727148936170212,-0.11388717851560659,0.0268630849220104,-0.028050466341190284,0.10541736495328174
"frozenset({'National Ketchup (1kg)', 'Eggs'})",frozenset({'Surf Excel'}),0.0344,0.2112,0.0062,0.18023255813953487,0.8533738548273432,1.0,-0.00106528,0.9622241134751772,-0.15106069200226888,0.02589807852965748,-0.0392589273078919,0.10479430937279774
"frozenset({'Nestle Water', 'Thal Sugar (200ml)'})",frozenset({'Lux Soap'}),0.0344,0.1936,0.0062,0.18023255813953487,0.9309532961752834,1.0,-0.0004598400000000004,0.9836936170212766,-0.07133106649127603,0.02795311091073039,-0.016576688815060917,0.10612867576398231
"frozenset({'Nestle Water', 'Thal Sugar (200ml)'})",frozenset({'Biscuits'}),0.0344,0.1972,0.0062,0.18023255813953487,0.9139582055757347,1.0,-0.0005836799999999996,0.9793021276595744,-0.08883477413856078,0.027506654835847386,-0.021135328675218133,0.10583636020567007
"frozenset({'Nestle Water', 'Thal Sugar (200ml)'})",frozenset({'Noodles'}),0.0344,0.2052,0.0062,0.18023255813953487,0.8783263067228795,1.0,-0.0008588800000000002,0.9695432624113475,-0.1254645319621363,0.026563838903170524,-0.031413490010650635,0.10522349154540096
"frozenset({'National Ketchup (1kg)', 'Eggs'})",frozenset({'Olpers Milk (Pack of 6)'}),0.0344,0.196,0.0062,0.18023255813953487,0.9195538680588513,1.0,-0.0005424000000000002,0.9807659574468085,-0.08307398240497957,0.027653880463871544,-0.01961124609510589,0.10593260560037968
"frozenset({'Guard Rice (1kg)', 'Frozen Paratha'})",frozenset({'Olpers Milk (Pack of 6)'}),0.0322,0.196,0.0058,0.18012422360248445,0.9190011408290023,1.0,-0.0005112000000000007,0.9806363636363638,-0.08346885592805231,0.02607913669064748,-0.019745990544173576,0.10485803016858916
"frozenset({'Lays Chips', 'Frozen Paratha'})",frozenset({'Pepsi 1L'}),0.04,0.2052,0.0072,0.18,0.8771929824561403,1.0,-0.0010080000000000002,0.9692682926829267,-0.1272727272727273,0.030252100840336135,-0.03170608958228485,0.1075438596491228
"frozenset({'Noodles', 'Shan Biryani Masala'})",frozenset({'Guard Rice (1kg)'}),0.04,0.1952,0.0072,0.18,0.9221311475409835,1.0,-0.0006080000000000009,0.9814634146341462,-0.08085106382978735,0.031578947368421054,-0.018886679920477163,0.10844262295081966
"frozenset({'Lays Chips', 'Frozen Paratha'})",frozenset({'Chicken'}),0.04,0.198,0.0072,0.18,0.9090909090909091,1.0,-0.0007200000000000002,0.9780487804878049,-0.09433962264150945,0.031195840554592718,-0.022443890274314232,0.10818181818181818
frozenset({'Surf Excel'}),frozenset({'Biscuits'}),0.2112,0.1972,0.038,0.17992424242424243,0.9123947384596472,1.0,-0.0036486399999999947,0.9789339491916859,-0.1085160651743565,0.10259179265658747,-0.021519379142697505,0.18631100559345998
"frozenset({'Lux Soap', 'Frozen Paratha'})",frozenset({'Olpers Milk (Pack of 6)'}),0.0378,0.196,0.0068,0.17989417989417988,0.9178274484396932,1.0,-0.0006088000000000005,0.9803612903225807,-0.08512589907938752,0.029955947136563875,-0.020032114559477763,0.10729402872260015
"frozenset({'Dalda Cooking Oil (500ml)', 'Chicken'})",frozenset({'Lays Chips'}),0.0378,0.206,0.0068,0.17989417989417988,0.8732727179329121,1.0,-0.0009868000000000004,0.9681677419354839,-0.13105331378423754,0.02869198312236287,-0.032878866632015245,0.10645194431602198
"frozenset({'Jam', 'Eggs'})",frozenset({'Noodles'}),0.0378,0.2052,0.0068,0.17989417989417988,0.8766772899326505,1.0,-0.0009565600000000004,0.9691432258064515,-0.12754949650110944,0.028789161727349702,-0.03183923012810784,0.10651629072681704
"frozenset({'Dalda Cooking Oil (500ml)', 'Thal Sugar (200ml)'})",frozenset({'Frozen Paratha'}),0.0378,0.197,0.0068,0.17989417989417988,0.9131684258587811,1.0,-0.0006466000000000006,0.9791419354838709,-0.08993596270147278,0.029824561403508767,-0.021302391165404888,0.1072059731958209
"frozenset({'Lux Soap', 'Frozen Paratha'})",frozenset({'Chicken'}),0.0378,0.198,0.0068,0.17989417989417988,0.9085564641120196,1.0,-0.0006844000000000008,0.9779225806451614,-0.09469571185052367,0.0296943231441048,-0.022575835543416613,0.10711880711880711
"frozenset({'Jam', 'Eggs'})",frozenset({'Bread'}),0.0378,0.2058,0.0068,0.17989417989417988,0.8741213794663745,1.0,-0.000979240000000001,0.9684116129032259,-0.13018000053175946,0.028716216216216214,-0.03261876115061713,0.10646798401900442
"frozenset({'Dalda Cooking Oil (500ml)', 'Thal Sugar (200ml)'})",frozenset({'Surf Excel'}),0.0378,0.2112,0.0068,0.17989417989417988,0.8517716851050184,1.0,-0.0011833600000000005,0.9618270967741934,-0.15315958955880685,0.02807597027250206,-0.03968790581366648,0.10604557479557479
"frozenset({'Dalda Cooking Oil (500ml)', 'Guard Rice (1kg)'})",frozenset({'Butter'}),0.0356,0.1966,0.0064,0.17977528089887643,0.9144215712048649,1.0,-0.0005989599999999999,0.9794876712328767,-0.08845803943808409,0.0283436669619132,-0.020941895819172978,0.1061643444168848
"frozenset({'Jam', 'Lays Chips'})",frozenset({'Surf Excel'}),0.0356,0.2112,0.0064,0.17977528089887643,0.8512087163772558,1.0,-0.0011187199999999993,0.9616876712328767,-0.15344101123595494,0.026622296173044926,-0.03983863983408161,0.10503915560095337
"frozenset({'Jam', 'Lays Chips'})",frozenset({'Olpers Milk (Pack of 6)'}),0.0356,0.196,0.0064,0.17977528089887643,0.9172208209126348,1.0,-0.0005776000000000002,0.9802191780821918,-0.08557341298060969,0.028419182948490232,-0.020179998881994503,0.10621417106168311
"frozenset({'Jam', 'Lays Chips'})",frozenset({'Lux Soap'}),0.0356,0.1936,0.0064,0.17977528089887643,0.9285913269570064,1.0,-0.0004921599999999993,0.9831452054794521,-0.07384999519830969,0.02872531418312388,-0.017143748885321882,0.10641656606927292
"frozenset({'Pepsi 1L', 'Tapal Tea (250g)'})",frozenset({'Lux Soap'}),0.0356,0.1936,0.0064,0.17977528089887643,0.9285913269570064,1.0,-0.0004921599999999993,0.9831452054794521,-0.07384999519830969,0.02872531418312388,-0.017143748885321882,0.10641656606927292
frozenset({'National Ketchup (1kg)'}),frozenset({'Bread'}),0.2048,0.2058,0.0368,0.1796875,0.8731171039844509,1.0,-0.0053478400000000065,0.968167619047619,-0.1545118343195268,0.09844836811128946,-0.03287899773356839,0.17925094144800777
frozenset({'Dalda Cooking Oil (500ml)'}),frozenset({'Noodles'}),0.2026,0.2052,0.0364,0.17966436327739388,0.8755573259132255,1.0,-0.005173519999999994,0.9688717208182912,-0.15127746873581807,0.09800753904146473,-0.03212838037569969,0.1785261387537067
frozenset({'Eggs'}),frozenset({'Lays Chips'}),0.1982,0.206,0.0356,0.1796165489404642,0.8719249948566223,1.0,-0.005229199999999996,0.9678400984009841,-0.15483245926957634,0.09658166033640804,-0.03322852778279067,0.17621604146052336
frozenset({'Lays Chips'}),frozenset({'Nestle Water'}),0.206,0.2062,0.037,0.1796116504854369,0.8710555309672012,1.0,-0.0054772000000000015,0.9675905325443788,-0.15714154559434468,0.0986140724946695,-0.0334950233239646,0.17952454493234016
"frozenset({'Lays Chips', 'Surf Excel'})",frozenset({'Noodles'}),0.0412,0.2052,0.0074,0.1796116504854369,0.8753004409621682,1.0,-0.0010542399999999997,0.9688094674556212,-0.12936475993206825,0.03096234309623431,-0.032194702459188596,0.10783701432653911
"frozenset({'Lays Chips', 'Surf Excel'})",frozenset({'Butter'}),0.0412,0.1966,0.0074,0.1796116504854369,0.9135892700174817,1.0,-0.0006999199999999997,0.9792923076923077,-0.08979043083807135,0.03211805555555555,-0.02114556822823388,0.10862576420507858
frozenset({'Biscuits'}),frozenset({'Guard Rice (1kg)'}),0.1972,0.1952,0.0354,0.1795131845841785,0.9196372161074717,1.0,-0.003093439999999996,0.9808810877626699,-0.09816530297760627,0.09915966386554623,-0.01949156985067285,0.18043282180028597
"frozenset({'Dalda Cooking Oil (500ml)', 'Pepsi 1L'})",frozenset({'Chicken'}),0.039,0.198,0.007,0.1794871794871795,0.9065009065009064,1.0,-0.0007220000000000004,0.9774375000000001,-0.09692576184722787,0.03043478260869565,-0.02308331734765651,0.10742035742035742
"frozenset({'Dalda Cooking Oil (500ml)', 'Pepsi 1L'})",frozenset({'Shan Biryani Masala'}),0.039,0.2088,0.007,0.1794871794871795,0.8596129285784457,1.0,-0.0011431999999999996,0.9642750000000001,-0.1452567914411323,0.029069767441860465,-0.037048559798812594,0.10650604185086944
"frozenset({'Olpers Milk (Pack of 6)', 'Surf Excel'})",frozenset({'Chicken'}),0.039,0.198,0.007,0.1794871794871795,0.9065009065009064,1.0,-0.0007220000000000004,0.9774375000000001,-0.09692576184722787,0.03043478260869565,-0.02308331734765651,0.10742035742035742
"frozenset({'Frozen Paratha', 'Surf Excel'})",frozenset({'Olpers Milk (Pack of 6)'}),0.039,0.196,0.007,0.1794871794871795,0.9157509157509157,1.0,-0.0006440000000000005,0.979875,-0.0873694207027541,0.03070175438596491,-0.0205383339711698,0.10760073260073261
"frozenset({'Frozen Paratha', 'Surf Excel'})",frozenset({'Shan Biryani Masala'}),0.039,0.2088,0.007,0.1794871794871795,0.8596129285784457,1.0,-0.0011431999999999996,0.9642750000000001,-0.1452567914411323,0.029069767441860465,-0.037048559798812594,0.10650604185086944
"frozenset({'Lays Chips', 'Tapal Tea (250g)'})",frozenset({'Noodles'}),0.039,0.2052,0.007,0.1794871794871795,0.8746938571499975,1.0,-0.001002799999999999,0.9686625,-0.12973168775388744,0.029510961214165264,-0.03235130915050391,0.1068001199580147
"frozenset({'Dalda Cooking Oil (500ml)', 'Frozen Paratha'})",frozenset({'Chicken'}),0.039,0.198,0.007,0.1794871794871795,0.9065009065009064,1.0,-0.0007220000000000004,0.9774375000000001,-0.09692576184722787,0.03043478260869565,-0.02308331734765651,0.10742035742035742
"frozenset({'Dalda Cooking Oil (500ml)', 'Pepsi 1L'})",frozenset({'Surf Excel'}),0.039,0.2112,0.007,0.1794871794871795,0.8498445998445998,1.0,-0.0012368000000000006,0.9613499999999999,-0.15530274492076654,0.028782894736842108,-0.040203879960472255,0.10631555944055944
"frozenset({'Olpers Milk (Pack of 6)', 'Surf Excel'})",frozenset({'Frozen Paratha'}),0.039,0.197,0.007,0.1794871794871795,0.9111024339450735,1.0,-0.0006830000000000004,0.97865625,-0.09217273954116066,0.03056768558951965,-0.02180924098732319,0.10751008720551868
"frozenset({'Dalda Cooking Oil (500ml)', 'Pepsi 1L'})",frozenset({'Lays Chips'}),0.039,0.206,0.007,0.1794871794871795,0.8712969878018422,1.0,-0.0010339999999999993,0.9676875,-0.13323025383326884,0.029411764705882356,-0.03339146160304849,0.10673388100572567
"frozenset({'Lays Chips', 'Tapal Tea (250g)'})",frozenset({'Biscuits'}),0.039,0.1972,0.007,0.1794871794871795,0.9101783949654133,1.0,-0.0006907999999999992,0.9784125,-0.09312734233869871,0.03054101221640489,-0.02206380233286061,0.10749206844541531
frozenset({'Nestle Water'}),frozenset({'Lays Chips'}),0.2062,0.206,0.037,0.17943743937924345,0.8710555309672012,1.0,-0.0054772000000000015,0.9676288416075651,-0.15717491491571928,0.0986140724946695,-0.03345410657526013,0.17952454493234016
frozenset({'Jam'}),frozenset({'Lays Chips'}),0.1984,0.206,0.0356,0.17943548387096775,0.8710460382085814,1.0,-0.0052703999999999945,0.9676265356265357,-0.15589504770558824,0.09652928416485901,-0.03345656943203053,0.17612550892577514
frozenset({'Tapal Tea (250g)'}),frozenset({'Lux Soap'}),0.1996,0.1936,0.0358,0.17935871743486972,0.9264396561718478,1.0,-0.002842560000000001,0.9826461538461538,-0.09024893894252387,0.10016787912702854,-0.017660320641282576,0.18213803640338527
"frozenset({'Frozen Paratha', 'Shan Biryani Masala'})",frozenset({'National Ketchup (1kg)'}),0.0368,0.2048,0.0066,0.1793478260869565,0.8757218070652173,1.0,-0.0009366399999999999,0.9689854304635762,-0.12841661913745445,0.02808510638297872,-0.03200726095704665,0.10578719429347826
"frozenset({'Lux Soap', 'Butter'})",frozenset({'Guard Rice (1kg)'}),0.0368,0.1952,0.0066,0.1793478260869565,0.9187900926585887,1.0,-0.0005833600000000006,0.9806834437086093,-0.08405182350500262,0.029281277728482696,-0.019697035180223036,0.10657965074839629
"frozenset({'Noodles', 'Lays Chips'})",frozenset({'Pepsi 1L'}),0.0368,0.2052,0.0066,0.1793478260869565,0.8740147470124586,1.0,-0.00095136,0.968498013245033,-0.13017207408380402,0.028037383177570093,-0.03252664055491127,0.1057557843885075
"frozenset({'Frozen Paratha', 'Thal Sugar (200ml)'})",frozenset({'Butter'}),0.0368,0.1966,0.0066,0.1793478260869565,0.912247335132027,1.0,-0.00063488,0.9789774834437086,-0.09080091533180779,0.0291005291005291,-0.02147395309066901,0.10645926400990756
"frozenset({'Biscuits', 'Eggs'})",frozenset({'Bread'}),0.0368,0.2058,0.0066,0.1793478260869565,0.871466599061985,1.0,-0.0009734399999999999,0.9677668874172186,-0.1327920377160817,0.027966101694915254,-0.033306690900331774,0.10570889846621878
"frozenset({'Lux Soap', 'Pepsi 1L'})",frozenset({'Dalda Cooking Oil (500ml)'}),0.0368,0.2026,0.0066,0.1793478260869565,0.8852311257993905,1.0,-0.0008556800000000002,0.9716662251655629,-0.11863354037267082,0.028350515463917526,-0.029159987350192488,0.10596216575818704
"frozenset({'Lux Soap', 'Shan Biryani Masala'})",frozenset({'Jam'}),0.0368,0.1984,0.0066,0.1793478260869565,0.9039708976157083,1.0,-0.0007011199999999995,0.9767841059602649,-0.09933354490637887,0.028871391076115485,-0.02376768202724985,0.10630697755960729
"frozenset({'Frozen Paratha', 'Thal Sugar (200ml)'})",frozenset({'Lays Chips'}),0.0368,0.206,0.0066,0.1793478260869565,0.8706205149852259,1.0,-0.0009807999999999996,0.9675231788079471,-0.13366185513060916,0.0279424216765453,-0.03356696966378271,0.10569333051920642
frozenset({'Noodles'}),frozenset({'Olpers Milk (Pack of 6)'}),0.2052,0.196,0.0368,0.1793372319688109,0.9149858773918923,1.0,-0.003419200000000004,0.9796959619952494,-0.10466562833661497,0.10098792535675082,-0.020724835859687936,0.18354616700481363
frozenset({'Noodles'}),frozenset({'Lays Chips'}),0.2052,0.206,0.0368,0.1793372319688109,0.8705690872272375,1.0,-0.0054711999999999955,0.9675106888361046,-0.15758137134272499,0.09829059829059829,-0.033580312381850226,0.17898900433392
frozenset({'Pepsi 1L'}),frozenset({'Lux Soap'}),0.2052,0.1936,0.0368,0.1793372319688109,0.9263286775248497,1.0,-0.0029267200000000007,0.9826204275534441,-0.09096153081115489,0.10165745856353592,-0.01768696432439123,0.18470993829845506
frozenset({'Guard Rice (1kg)'}),frozenset({'Jam'}),0.1952,0.1984,0.035,0.1793032786885246,0.9037463643574829,1.0,-0.003727679999999997,0.9767310861423221,-0.11687099945823375,0.09760178471834914,-0.02382325512908606,0.17785728450555263
"frozenset({'Lays Chips', 'Shan Biryani Masala'})",frozenset({'Thal Sugar (200ml)'}),0.0424,0.1964,0.0076,0.1792452830188679,0.9126541905237674,1.0,-0.0007273599999999989,0.9790988505747126,-0.09086184841701299,0.032871972318339104,-0.021347333226894076,0.10897091034853783
"frozenset({'Lays Chips', 'Shan Biryani Masala'})",frozenset({'Lux Soap'}),0.0424,0.1936,0.0076,0.1792452830188679,0.9258537346015905,1.0,-0.0006086399999999997,0.9825103448275861,-0.07717589774802187,0.03327495621716287,-0.017800988319856253,0.10925074068298768
"frozenset({'Pepsi 1L', 'Jam'})",frozenset({'Nestle Water'}),0.0346,0.2062,0.0062,0.1791907514450867,0.8690143135067251,1.0,-0.0009345199999999994,0.9670943661971831,-0.13504624277456642,0.026427962489343565,-0.034025256430981726,0.1046293233462097
"frozenset({'Butter', 'Pepsi 1L'})",frozenset({'Surf Excel'}),0.0346,0.2112,0.0062,0.1791907514450867,0.8484410579786302,1.0,-0.0011075199999999999,0.9610028169014083,-0.15614267587762581,0.02587646076794658,-0.040579676159879945,0.10427340602557365
"frozenset({'Guard Rice (1kg)', 'Thal Sugar (200ml)'})",frozenset({'Butter'}),0.0346,0.1966,0.0062,0.1791907514450867,0.9114483796799934,1.0,-0.0006023599999999997,0.9787901408450704,-0.09143512896488071,0.02755555555555556,-0.021669465465413616,0.10536343269100723
"frozenset({'Nestle Water', 'Eggs'})",frozenset({'Dalda Cooking Oil (500ml)'}),0.0346,0.2026,0.0062,0.1791907514450867,0.8844558314170123,1.0,-0.0008099600000000002,0.9714802816901408,-0.11919169325312272,0.02683982683982684,-0.029356970848900557,0.10489646160605766
"frozenset({'Butter', 'Pepsi 1L'})",frozenset({'Lux Soap'}),0.0346,0.1936,0.0062,0.1791907514450867,0.9255720632494148,1.0,-0.0004985599999999995,0.9824450704225351,-0.07689033380423309,0.02792792792792793,-0.017868611799247636,0.10560777241675823
"frozenset({'Pepsi 1L', 'Jam'})",frozenset({'Guard Rice (1kg)'}),0.0346,0.1952,0.0062,0.1791907514450867,0.9179854069932719,1.0,-0.0005539200000000003,0.9804957746478873,-0.0847050188090651,0.027728085867620753,-0.019892207448947954,0.10547652326352695
"frozenset({'Nestle Water', 'Eggs'})",frozenset({'Butter'}),0.0346,0.1966,0.0062,0.1791907514450867,0.9114483796799934,1.0,-0.0006023599999999997,0.9787901408450704,-0.09143512896488071,0.02755555555555556,-0.021669465465413616,0.10536343269100723
"frozenset({'Noodles', 'Tapal Tea (250g)'})",frozenset({'Dalda Cooking Oil (500ml)'}),0.0402,0.2026,0.0072,0.1791044776119403,0.8840299980846016,1.0,-0.0009445200000000008,0.9713781818181818,-0.12024320567072527,0.03056027164685908,-0.029465164770579026,0.10732124176747064
"frozenset({'Frozen Paratha', 'Tapal Tea (250g)'})",frozenset({'Noodles'}),0.0324,0.2052,0.0058,0.17901234567901234,0.8723798522369023,1.0,-0.0008484799999999995,0.9681022556390977,-0.1313322684101687,0.025021570319240724,-0.03294873467663269,0.10363872644574398
"frozenset({'Butter', 'Thal Sugar (200ml)'})",frozenset({'Jam'}),0.0324,0.1984,0.0058,0.17901234567901234,0.9022799681401832,1.0,-0.00062816,0.976384962406015,-0.10066279502070434,0.025777777777777774,-0.024186195510214142,0.10412310832337714
"frozenset({'Butter', 'Thal Sugar (200ml)'})",frozenset({'Shan Biryani Masala'}),0.0324,0.2088,0.0058,0.17901234567901234,0.8573388203017832,1.0,-0.0009651200000000007,0.9637172932330828,-0.14673721340388018,0.024638912489379775,-0.03764870364128877,0.10339506172839505
"frozenset({'Frozen Paratha', 'Tapal Tea (250g)'})",frozenset({'Pepsi 1L'}),0.0324,0.2052,0.0058,0.17901234567901234,0.8723798522369023,1.0,-0.0008484799999999995,0.9681022556390977,-0.1313322684101687,0.025021570319240724,-0.03294873467663269,0.10363872644574398
"frozenset({'Butter', 'Shan Biryani Masala'})",frozenset({'Lays Chips'}),0.038,0.206,0.0068,0.17894736842105263,0.8686765457332652,1.0,-0.0010280000000000003,0.9670512820512821,-0.1358063834284507,0.02866779089376054,-0.0340713244067347,0.10597853857945835
"frozenset({'Biscuits', 'Surf Excel'})",frozenset({'Lays Chips'}),0.038,0.206,0.0068,0.17894736842105263,0.8686765457332652,1.0,-0.0010280000000000003,0.9670512820512821,-0.1358063834284507,0.02866779089376054,-0.0340713244067347,0.10597853857945835
"frozenset({'National Ketchup (1kg)', 'Shan Biryani Masala'})",frozenset({'Butter'}),0.038,0.1966,0.0068,0.17894736842105263,0.9102104192322108,1.0,-0.0006708,0.9785,-0.09300648882480174,0.029850746268656716,-0.02197240674501788,0.10676768217593832
"frozenset({'Butter', 'Shan Biryani Masala'})",frozenset({'National Ketchup (1kg)'}),0.038,0.2048,0.0068,0.17894736842105263,0.873766447368421,1.0,-0.0009824000000000005,0.9685128205128205,-0.1305688463583201,0.028813559322033895,-0.03251085460129197,0.10607524671052632
"frozenset({'Jam', 'Chicken'})",frozenset({'Bread'}),0.038,0.2058,0.0068,0.17894736842105263,0.8695207406270778,1.0,-0.0010204000000000003,0.9672948717948718,-0.1349378471303888,0.028691983122362867,-0.03381091863377912,0.1059945782824408
"frozenset({'Butter', 'Shan Biryani Masala'})",frozenset({'Biscuits'}),0.038,0.1972,0.0068,0.17894736842105263,0.9074410163339384,1.0,-0.0006935999999999999,0.9777692307692307,-0.09586466165413535,0.0297723292469352,-0.02273621272913223,0.10671506352087115
"frozenset({'Jam', 'Chicken'})",frozenset({'Guard Rice (1kg)'}),0.038,0.1952,0.0068,0.17894736842105263,0.9167385677308023,1.0,-0.0006176000000000003,0.9802051282051282,-0.08626662196893511,0.03003533568904593,-0.020194621743224877,0.10689171699741157
"frozenset({'Bread', 'Shan Biryani Masala'})",frozenset({'Pepsi 1L'}),0.038,0.2052,0.0068,0.17894736842105263,0.8720631989330051,1.0,-0.0009975999999999995,0.9680256410256409,-0.1323217317487266,0.028764805414551606,-0.03303048764336608,0.10604288499025341
frozenset({'Bread'}),frozenset({'National Ketchup (1kg)'}),0.2058,0.2048,0.0368,0.17881438289601553,0.8731171039844509,1.0,-0.0053478400000000065,0.9683559763313611,-0.1546762922856219,0.09844836811128946,-0.03267808991949758,0.17925094144800777
frozenset({'Chicken'}),frozenset({'National Ketchup (1kg)'}),0.198,0.2048,0.0354,0.17878787878787877,0.8729876893939393,1.0,-0.005150400000000006,0.9683247232472324,-0.15355443454617027,0.09635274904735981,-0.032711420035363724,0.1758197206439394
frozenset({'Chicken'}),frozenset({'Shan Biryani Masala'}),0.198,0.2088,0.0354,0.17878787878787877,0.8562637872982699,1.0,-0.0059424000000000005,0.9634538745387453,-0.17308028380692742,0.09531502423263327,-0.037932408003186605,0.17416405433646812
frozenset({'Chicken'}),frozenset({'Thal Sugar (200ml)'}),0.198,0.1964,0.0354,0.17878787878787877,0.9103252484107881,1.0,-0.003487199999999996,0.9785535055350553,-0.10939205721814406,0.09860724233983288,-0.021916527143007986,0.1795161389866074
"frozenset({'Bread', 'Thal Sugar (200ml)'})",frozenset({'Jam'}),0.0358,0.1984,0.0064,0.1787709497206704,0.9010632546404759,1.0,-0.0007027199999999996,0.9760979591836735,-0.10223463687150833,0.028094820017559263,-0.024487338172816363,0.10551450711839971
"frozenset({'Bread', 'Thal Sugar (200ml)'})",frozenset({'Chicken'}),0.0358,0.198,0.0064,0.1787709497206704,0.9028835844478302,1.0,-0.0006883999999999996,0.9765850340136055,-0.10036038767917325,0.02814423922603342,-0.023976371919363606,0.10554709102195137
"frozenset({'Lux Soap', 'Bread'})",frozenset({'Biscuits'}),0.0358,0.1972,0.0064,0.1787709497206704,0.9065463981778419,1.0,-0.0006597599999999988,0.9775591836734694,-0.09658831383296423,0.02824360105913504,-0.02295596696478524,0.10561265538771857
"frozenset({'Chicken', 'Surf Excel'})",frozenset({'Lays Chips'}),0.0358,0.206,0.0064,0.1787709497206704,0.867820144275099,1.0,-0.0009747999999999988,0.9668435374149661,-0.13641808757179147,0.027187765505522515,-0.03429351420570478,0.10491945544285947
"frozenset({'Lux Soap', 'Tapal Tea (250g)'})",frozenset({'Pepsi 1L'}),0.0358,0.2052,0.0064,0.1787709497206704,0.871203458677731,1.0,-0.0009461599999999988,0.96781768707483,-0.13294290884974636,0.027280477408354646,-0.03325245379885455,0.10498001677066658
"frozenset({'Bread', 'Thal Sugar (200ml)'})",frozenset({'Nestle Water'}),0.0358,0.2062,0.0064,0.1787709497206704,0.8669784176560156,1.0,-0.0009819599999999996,0.9666000000000001,-0.13728253393057857,0.027164685908319185,-0.034554107179805484,0.10490438853637787
"frozenset({'Olpers Milk (Pack of 6)', 'Shan Biryani Masala'})",frozenset({'Biscuits'}),0.0358,0.1972,0.0064,0.1787709497206704,0.9065463981778419,1.0,-0.0006597599999999988,0.9775591836734694,-0.09658831383296423,0.02824360105913504,-0.02295596696478524,0.10561265538771857
"frozenset({'Lux Soap', 'Tapal Tea (250g)'})",frozenset({'Eggs'}),0.0358,0.1982,0.0064,0.1787709497206704,0.9019725011133723,1.0,-0.0006955599999999987,0.9763414965986396,-0.10129848946470059,0.0281195079086116,-0.024231791318694924,0.10553078263026457
"frozenset({'Lux Soap', 'Tapal Tea (250g)'})",frozenset({'Olpers Milk (Pack of 6)'}),0.0358,0.196,0.0064,0.1787709497206704,0.9120966822483183,1.0,-0.0006167999999999998,0.9790204081632654,-0.09087051835089452,0.028393966282165038,-0.021429167014091553,0.1057120054725801
"frozenset({'Olpers Milk (Pack of 6)', 'Shan Biryani Masala'})",frozenset({'Chicken'}),0.0358,0.198,0.0064,0.1787709497206704,0.9028835844478302,1.0,-0.0006883999999999996,0.9765850340136055,-0.10036038767917325,0.02814423922603342,-0.023976371919363606,0.10554709102195137
"frozenset({'Lux Soap', 'Tapal Tea (250g)'})",frozenset({'Chicken'}),0.0358,0.198,0.0064,0.1787709497206704,0.9028835844478302,1.0,-0.0006883999999999996,0.9765850340136055,-0.10036038767917325,0.02814423922603342,-0.023976371919363606,0.10554709102195137
"frozenset({'Lux Soap', 'Tapal Tea (250g)'})",frozenset({'Bread'}),0.0358,0.2058,0.0064,0.1787709497206704,0.8686635069031603,1.0,-0.0009676399999999996,0.9670870748299321,-0.135551907118002,0.027210884353741496,-0.034033052479639406,0.10493455163390177
"frozenset({'Lux Soap', 'Bread'})",frozenset({'Tapal Tea (250g)'}),0.0358,0.1996,0.0064,0.1787709497206704,0.8956460406847214,1.0,-0.0007456799999999994,0.9746367346938776,-0.10781081925118836,0.02794759825327511,-0.02602330119856272,0.10541753898859171
frozenset({'Dalda Cooking Oil (500ml)'}),frozenset({'Butter'}),0.2026,0.1966,0.0362,0.17867719644619942,0.9088361975900275,1.0,-0.0036311599999999944,0.978178125,-0.1117381767693302,0.0997245179063361,-0.02230869249912942,0.18140370503896952
frozenset({'Lays Chips'}),frozenset({'Noodles'}),0.206,0.2052,0.0368,0.17864077669902914,0.8705690872272376,1.0,-0.0054711999999999955,0.9676643026004728,-0.15771510273735662,0.09829059829059829,-0.03341623465144798,0.17898900433392
"frozenset({'Eggs', 'Thal Sugar (200ml)'})",frozenset({'Shan Biryani Masala'}),0.0392,0.2088,0.007,0.17857142857142858,0.8552271483305965,1.0,-0.0011849599999999997,0.9632000000000001,-0.14979470479966014,0.029045643153526972,-0.0382059800664452,0.10604816639299398
"frozenset({'Chicken', 'Frozen Paratha'})",frozenset({'National Ketchup (1kg)'}),0.0392,0.2048,0.007,0.17857142857142858,0.8719308035714286,1.0,-0.0010281599999999993,0.9680695652173914,-0.1326014733497038,0.029535864978902957,-0.03298361598160392,0.10637555803571429
frozenset({'Olpers Milk (Pack of 6)'}),frozenset({'Dalda Cooking Oil (500ml)'}),0.196,0.2026,0.035,0.17857142857142858,0.8813989564236356,1.0,-0.004709600000000001,0.9707478260869565,-0.14336856460961478,0.09625962596259625,-0.030133648643806656,0.1756628120152306
"frozenset({'Eggs', 'Thal Sugar (200ml)'})",frozenset({'Biscuits'}),0.0392,0.1972,0.007,0.17857142857142858,0.9055346276441611,1.0,-0.0007302399999999992,0.9773217391304347,-0.09794201592308838,0.03051438535309503,-0.02320449854082139,0.10703419298753986
"frozenset({'Chicken', 'Frozen Paratha'})",frozenset({'Dalda Cooking Oil (500ml)'}),0.0392,0.2026,0.007,0.17857142857142858,0.8813989564236356,1.0,-0.0009419199999999997,0.9707478260869565,-0.1228454572012854,0.029812606473594547,-0.030133648643806656,0.10656113383161754
"frozenset({'Chicken', 'Frozen Paratha'})",frozenset({'Eggs'}),0.0392,0.1982,0.007,0.17857142857142858,0.9009658353755227,1.0,-0.0007694399999999988,0.9761043478260871,-0.10265989240884625,0.030381944444444448,-0.024480632861775268,0.10694464465907454
"frozenset({'Eggs', 'Thal Sugar (200ml)'})",frozenset({'Tapal Tea (250g)'}),0.0392,0.1996,0.007,0.17857142857142858,0.8946464357286,1.0,-0.000824319999999999,0.9744,-0.10918261385551092,0.030198446937014668,-0.026272577996715923,0.10682078442599485
"frozenset({'Eggs', 'Thal Sugar (200ml)'})",frozenset({'Surf Excel'}),0.0392,0.2112,0.007,0.17857142857142858,0.845508658008658,1.0,-0.0012790399999999995,0.9602782608695651,-0.15978732335245555,0.02875924404272802,-0.041364821790785274,0.10585768398268398
frozenset({'Biscuits'}),frozenset({'Nestle Water'}),0.1972,0.2062,0.0352,0.17849898580121706,0.8656594849719548,1.0,-0.005462639999999991,0.96628,-0.16199423508060187,0.09560021727322109,-0.03489671730761266,0.17460351811884328
"frozenset({'Butter', 'National Ketchup (1kg)'})",frozenset({'Olpers Milk (Pack of 6)'}),0.037,0.196,0.0066,0.1783783783783784,0.9100937672366244,1.0,-0.0006519999999999998,0.9785526315789473,-0.09303918490824507,0.029151943462897525,-0.021917439827887585,0.10602592388306675
"frozenset({'Butter', 'Eggs'})",frozenset({'Lays Chips'}),0.037,0.206,0.0066,0.1783783783783784,0.8659144581474679,1.0,-0.0010219999999999995,0.9663815789473684,-0.13852367914554467,0.027918781725888325,-0.034787936551160706,0.10520860666491735
"frozenset({'Butter', 'Eggs'})",frozenset({'Olpers Milk (Pack of 6)'}),0.037,0.196,0.0066,0.1783783783783784,0.9100937672366244,1.0,-0.0006519999999999998,0.9785526315789473,-0.09303918490824507,0.029151943462897525,-0.021917439827887585,0.10602592388306675
"frozenset({'Biscuits', 'Jam'})",frozenset({'Butter'}),0.037,0.1966,0.0066,0.1783783783783784,0.9073162684556378,1.0,-0.0006741999999999998,0.9778223684210526,-0.09590327169274535,0.02907488986784141,-0.02268063433111975,0.1059745401556185
"frozenset({'Dalda Cooking Oil (500ml)', 'Jam'})",frozenset({'Pepsi 1L'}),0.037,0.2052,0.0066,0.1783783783783784,0.8692903429745535,1.0,-0.0009923999999999992,0.9673552631578947,-0.13505348248550655,0.02801358234295416,-0.033746378487193765,0.10527106053421843
frozenset({'Pepsi 1L'}),frozenset({'Thal Sugar (200ml)'}),0.2052,0.1964,0.0366,0.17836257309941522,0.9081597408320531,1.0,-0.0037012799999999943,0.9780469750889679,-0.1128750118935217,0.10027397260273975,-0.022445777626412106,0.18235847595907625
frozenset({'Pepsi 1L'}),frozenset({'Guard Rice (1kg)'}),0.2052,0.1952,0.0366,0.17836257309941522,0.9137426900584795,1.0,-0.0034550399999999995,0.9795074733096084,-0.10616284300494823,0.1006047278724574,-0.020921256089195813,0.1829312865497076
frozenset({'Tapal Tea (250g)'}),frozenset({'Pepsi 1L'}),0.1996,0.2052,0.0356,0.17835671342685372,0.8691847632887608,1.0,-0.005357920000000002,0.967329756097561,-0.15827409536053244,0.09642470205850488,-0.033773636855996825,0.17592299608964518
frozenset({'Tapal Tea (250g)'}),frozenset({'Biscuits'}),0.1996,0.1972,0.0356,0.17835671342685372,0.9044458084526051,1.0,-0.0037611199999999997,0.9770663414634146,-0.11660449612095479,0.09856035437430787,-0.02347195636914084,0.17944204839699684
"frozenset({'Pepsi 1L', 'National Ketchup (1kg)'})",frozenset({'Dalda Cooking Oil (500ml)'}),0.0404,0.2026,0.0072,0.1782178217821782,0.87965361195547,1.0,-0.0009850399999999995,0.9703301204819277,-0.12478085065415442,0.03053435114503817,-0.03057709834188838,0.1068779138525896
frozenset({'Thal Sugar (200ml)'}),frozenset({'Lux Soap'}),0.1964,0.1936,0.035,0.17820773930753567,0.9204945212166099,1.0,-0.0030230399999999907,0.9812698884758364,-0.09705082403823653,0.09859154929577466,-0.01908762486664723,0.17949643163723894
"frozenset({'Chicken', 'Tapal Tea (250g)'})",frozenset({'Pepsi 1L'}),0.0348,0.2052,0.0062,0.1781609195402299,0.8682306020479039,1.0,-0.0009409599999999994,0.9670993006993006,-0.13587477617974925,0.02651839178785287,-0.034019980447622174,0.10418767224574847
"frozenset({'Chicken', 'Tapal Tea (250g)'})",frozenset({'Noodles'}),0.0348,0.2052,0.0062,0.1781609195402299,0.8682306020479039,1.0,-0.0009409599999999994,0.9670993006993006,-0.13587477617974925,0.02651839178785287,-0.034019980447622174,0.10418767224574847
"frozenset({'Chicken', 'Eggs'})",frozenset({'Pepsi 1L'}),0.0348,0.2052,0.0062,0.1781609195402299,0.8682306020479039,1.0,-0.0009409599999999994,0.9670993006993006,-0.13587477617974925,0.02651839178785287,-0.034019980447622174,0.10418767224574847
"frozenset({'Chicken', 'Eggs'})",frozenset({'Biscuits'}),0.0348,0.1972,0.0062,0.1781609195402299,0.9034529388449792,1.0,-0.0006625599999999995,0.9768335664335663,-0.09968104952759217,0.027457927369353412,-0.02371584511680381,0.10480054090601758
"frozenset({'National Ketchup (1kg)', 'Thal Sugar (200ml)'})",frozenset({'Olpers Milk (Pack of 6)'}),0.0348,0.196,0.0062,0.1781609195402299,0.9089842833685198,1.0,-0.0006208000000000003,0.9782937062937063,-0.09398883277012711,0.027604630454140695,-0.022187911019614575,0.10489678630072719
frozenset({'Butter'}),frozenset({'Frozen Paratha'}),0.1966,0.197,0.035,0.17802644964394712,0.9036875616444016,1.0,-0.003730199999999996,0.9769170792079207,-0.11712068121020296,0.09760178471834914,-0.02362833170118666,0.17784571213161823
"frozenset({'Butter', 'Surf Excel'})",frozenset({'Eggs'}),0.0382,0.1982,0.0068,0.17801047120418848,0.8981355762068036,1.0,-0.0007712399999999994,0.9754382165605096,-0.10548343153506534,0.029616724738675958,-0.02518025542006923,0.10615962510764418
"frozenset({'Biscuits', 'Bread'})",frozenset({'Thal Sugar (200ml)'}),0.0382,0.1964,0.0068,0.17801047120418848,0.9063669613247886,1.0,-0.0007024799999999993,0.977628025477707,-0.09699118563191719,0.02985074626865672,-0.022883933294937178,0.1063168445633977
"frozenset({'Butter', 'Surf Excel'})",frozenset({'Lux Soap'}),0.0382,0.1936,0.0068,0.17801047120418848,0.9194755744018,1.0,-0.0005955199999999996,0.9810343949044585,-0.08345572160498665,0.03022222222222222,-0.019332252970996427,0.10656721907316861
"frozenset({'Olpers Milk (Pack of 6)', 'Eggs'})",frozenset({'Dalda Cooking Oil (500ml)'}),0.0382,0.2026,0.0068,0.17801047120418848,0.8786301638903676,1.0,-0.0009393200000000004,0.9700853503184713,-0.1255849274556258,0.029059829059829057,-0.030837131672700687,0.10578707173240026
"frozenset({'Nestle Water', 'Shan Biryani Masala'})",frozenset({'Frozen Paratha'}),0.0382,0.197,0.0068,0.17801047120418848,0.9036064528131394,1.0,-0.0007254000000000002,0.9768980891719744,-0.09983979387913523,0.029772329246935198,-0.02364823013177028,0.1062641188508252
"frozenset({'Nestle Water', 'Shan Biryani Masala'})",frozenset({'Lays Chips'}),0.0382,0.206,0.0068,0.17801047120418848,0.8641285009912062,1.0,-0.0010692000000000002,0.9659490445859873,-0.14050968270989722,0.028643639427127214,-0.03525129571260896,0.10551008997102627
"frozenset({'Olpers Milk (Pack of 6)', 'Eggs'})",frozenset({'Thal Sugar (200ml)'}),0.0382,0.1964,0.0068,0.17801047120418848,0.9063669613247886,1.0,-0.0007024799999999993,0.977628025477707,-0.09699118563191719,0.02985074626865672,-0.022883933294937178,0.1063168445633977
"frozenset({'Butter', 'Olpers Milk (Pack of 6)'})",frozenset({'Lays Chips'}),0.0326,0.206,0.0058,0.17791411042944785,0.8636607302400382,1.0,-0.000915599999999999,0.9658358208955224,-0.14028915869406655,0.02491408934707904,-0.03537265688986415,0.10303472511763655
"frozenset({'Butter', 'Olpers Milk (Pack of 6)'})",frozenset({'Frozen Paratha'}),0.0326,0.197,0.0058,0.17791411042944785,0.9031173118246083,1.0,-0.0006221999999999998,0.9767835820895522,-0.09982159817234385,0.0259159964253798,-0.023768231096578028,0.10367786739746504
"frozenset({'Guard Rice (1kg)', 'Eggs'})",frozenset({'Bread'}),0.0326,0.2058,0.0058,0.17791411042944785,0.8645000506775892,1.0,-0.0009090800000000005,0.9660791044776119,-0.13942944785276082,0.024935511607910573,-0.035111923407897455,0.10304840604076863
"frozenset({'Butter', 'Olpers Milk (Pack of 6)'})",frozenset({'Shan Biryani Masala'}),0.0326,0.2088,0.0058,0.17791411042944785,0.8520790729379686,1.0,-0.00100688,0.9624298507462686,-0.15214723926380366,0.024617996604414258,-0.039036766393518905,0.10284594410361281
"frozenset({'Lux Soap', 'Dalda Cooking Oil (500ml)'})",frozenset({'Jam'}),0.0326,0.1984,0.0058,0.17791411042944785,0.8967445082129428,1.0,-0.0006678399999999994,0.9750805970149253,-0.10636495104128832,0.02575488454706927,-0.025556249464261653,0.1035739906985949
"frozenset({'Butter', 'Olpers Milk (Pack of 6)'})",frozenset({'Chicken'}),0.0326,0.198,0.0058,0.17791411042944785,0.8985561132800396,1.0,-0.0006548000000000005,0.9755671641791045,-0.10450514865011531,0.02580071174377224,-0.025044750087970268,0.10360351986118857
"frozenset({'Butter', 'Olpers Milk (Pack of 6)'})",frozenset({'Noodles'}),0.0326,0.2052,0.0058,0.17791411042944785,0.8670278286035471,1.0,-0.0008895199999999995,0.9668089552238806,-0.13683996775602877,0.025,-0.034330510280010246,0.10308960882096174
"frozenset({'Biscuits', 'Shan Biryani Masala'})",frozenset({'Surf Excel'}),0.0416,0.2112,0.0074,0.1778846153846154,0.8422567016317016,1.0,-0.0013859199999999988,0.9594760233918128,-0.16347097456027765,0.030154849225753868,-0.042235528163520046,0.10646124708624709
"frozenset({'Dalda Cooking Oil (500ml)', 'Lays Chips'})",frozenset({'Tapal Tea (250g)'}),0.0416,0.1996,0.0074,0.1778846153846154,0.8912054878988747,1.0,-0.0009033599999999989,0.9735859649122808,-0.11298327063155351,0.03165098374679213,-0.027130665436512505,0.1074793818406043
"frozenset({'Biscuits', 'Shan Biryani Masala'})",frozenset({'Eggs'}),0.0416,0.1982,0.0074,0.1778846153846154,0.8975005821625399,1.0,-0.0008451199999999996,0.975288888888889,-0.10647476213513944,0.031841652323580036,-0.02533722201968645,0.10761031980128852
"frozenset({'Guard Rice (1kg)', 'Shan Biryani Masala'})",frozenset({'Eggs'}),0.036,0.1982,0.0064,0.1777777777777778,0.8969615427738538,1.0,-0.0007351999999999984,0.9751621621621623,-0.10647665392190916,0.028094820017559263,-0.025470469222028152,0.10503419665881827
"frozenset({'Pepsi 1L', 'Bread'})",frozenset({'Chicken'}),0.036,0.198,0.0064,0.1777777777777778,0.8978675645342313,1.0,-0.0007279999999999995,0.9754054054054055,-0.10554395731848751,0.028119507908611598,-0.025214740925464083,0.10505050505050506
"frozenset({'National Ketchup (1kg)', 'Frozen Paratha'})",frozenset({'Pepsi 1L'}),0.036,0.2052,0.0064,0.1777777777777778,0.8663634394628549,1.0,-0.0009871999999999988,0.9666486486486486,-0.13793874357254624,0.027257240204429302,-0.034502041044567416,0.10448343079922029
"frozenset({'Pepsi 1L', 'Bread'})",frozenset({'Guard Rice (1kg)'}),0.036,0.1952,0.0064,0.1777777777777778,0.9107468123861567,1.0,-0.0006271999999999996,0.9788108108108108,-0.0922787193973634,0.028469750889679714,-0.02164789043516675,0.10528233151183973
frozenset({'Chicken'}),frozenset({'Lux Soap'}),0.198,0.1936,0.0352,0.17777777777777778,0.9182736455463729,1.0,-0.003132799999999998,0.9807567567567568,-0.09988776655443315,0.09876543209876544,-0.01962081128747794,0.1797979797979798
frozenset({'Lays Chips'}),frozenset({'Lux Soap'}),0.206,0.1936,0.0366,0.17766990291262136,0.9177164406643665,1.0,-0.0032815999999999956,0.9806280991735538,-0.10146558654381288,0.10082644628099176,-0.019754584681769143,0.18335974484474044
"frozenset({'Pepsi 1L', 'Chicken'})",frozenset({'Dalda Cooking Oil (500ml)'}),0.0394,0.2026,0.007,0.17766497461928935,0.8769248500458506,1.0,-0.0009824400000000002,0.9696777777777777,-0.127479679860484,0.029787234042553193,-0.031270410560209,0.10610790685554793
"frozenset({'Biscuits', 'Lux Soap'})",frozenset({'Jam'}),0.0394,0.1984,0.007,0.17766497461928935,0.8954887833633536,1.0,-0.0008169599999999994,0.9747851851851851,-0.1083334659389271,0.03032928942807626,-0.025867047630627055,0.10647361634190274
"frozenset({'Pepsi 1L', 'Chicken'})",frozenset({'Lux Soap'}),0.0394,0.1936,0.007,0.17766497461928935,0.9176909846037673,1.0,-0.0006278399999999993,0.9806222222222222,-0.08539670622031428,0.03097345132743363,-0.01976069615663523,0.10691099970633888
frozenset({'Frozen Paratha'}),frozenset({'Butter'}),0.197,0.1966,0.035,0.17766497461928935,0.9036875616444016,1.0,-0.003730199999999996,0.9769740740740741,-0.11717218676182325,0.09760178471834914,-0.023568615111663745,0.17784571213161823
"frozenset({'Shan Biryani Masala', 'Thal Sugar (200ml)'})",frozenset({'Eggs'}),0.0394,0.1982,0.007,0.17766497461928935,0.8963924047390986,1.0,-0.0008090799999999985,0.9750283950617284,-0.10740076035936519,0.03035559410234172,-0.025611156623485457,0.10649141768300492
"frozenset({'Pepsi 1L', 'Nestle Water'})",frozenset({'Lays Chips'}),0.0394,0.206,0.007,0.17766497461928935,0.8624513331033464,1.0,-0.0011163999999999992,0.9655432098765432,-0.14238706221462633,0.029362416107382553,-0.035686429950517184,0.1058227785717806
"frozenset({'Dalda Cooking Oil (500ml)', 'Bread'})",frozenset({'Lays Chips'}),0.0428,0.206,0.0076,0.17757009345794394,0.8619907449414755,1.0,-0.0012167999999999997,0.9654318181818182,-0.1432958999095568,0.03150912106135987,-0.035805927634831286,0.10723164867071955
"frozenset({'Lux Soap', 'Guard Rice (1kg)'})",frozenset({'Biscuits'}),0.0338,0.1972,0.006,0.1775147928994083,0.900176434581178,1.0,-0.0006653599999999985,0.9760661870503596,-0.10295610408259244,0.02666666666666667,-0.02452068647308381,0.10397037819412606
frozenset({'Nestle Water'}),frozenset({'Butter'}),0.2062,0.1966,0.0366,0.17749757516973813,0.9028360893679458,1.0,-0.0039389199999999985,0.9767752358490566,-0.11939015518913672,0.09994538503549974,-0.023776978877597544,0.18183118839870427
frozenset({'Biscuits'}),frozenset({'Chicken'}),0.1972,0.198,0.035,0.1774847870182556,0.896387813223513,1.0,-0.004045599999999996,0.9750579531442665,-0.1258602023419902,0.09716823986674072,-0.02558006606202545,0.17712623189296617
frozenset({'Jam'}),frozenset({'Noodles'}),0.1984,0.2052,0.0352,0.1774193548387097,0.8646167389800667,1.0,-0.005511679999999998,0.9662274509803922,-0.163415559772296,0.0955483170466884,-0.03495300095783884,0.17447965792617748
"frozenset({'Olpers Milk (Pack of 6)', 'Tapal Tea (250g)'})",frozenset({'Chicken'}),0.0372,0.198,0.0066,0.1774193548387097,0.8960573476702509,1.0,-0.0007656,0.9749803921568628,-0.10752688172043011,0.02887139107611548,-0.025661652320810874,0.1053763440860215
"frozenset({'Surf Excel', 'Eggs'})",frozenset({'Jam'}),0.0372,0.1984,0.0066,0.1774193548387097,0.8942507804370449,1.0,-0.0007804799999999992,0.9744941176470588,-0.10938813952706102,0.02882096069868996,-0.026173459532547787,0.10534274193548387
"frozenset({'Surf Excel', 'Eggs'})",frozenset({'Bread'}),0.0372,0.2058,0.0066,0.1774193548387097,0.8620959904699207,1.0,-0.0010557600000000002,0.9654980392156863,-0.1424731182795699,0.027918781725888325,-0.03573488436324644,0.10474466284209537
"frozenset({'Surf Excel', 'Eggs'})",frozenset({'Tapal Tea (250g)'}),0.0372,0.1996,0.0066,0.1774193548387097,0.8888745232400285,1.0,-0.0008251199999999995,0.9730352941176471,-0.11492562259735913,0.028670721112076452,-0.027711950476374703,0.10524274355161937
"frozenset({'Pepsi 1L', 'Olpers Milk (Pack of 6)'})",frozenset({'National Ketchup (1kg)'}),0.0372,0.2048,0.0066,0.1774193548387097,0.8663054435483871,1.0,-0.00101856,0.9667137254901962,-0.1381465447088311,0.028037383177570093,-0.03443240085675343,0.10482295866935484
"frozenset({'Surf Excel', 'Eggs'})",frozenset({'Guard Rice (1kg)'}),0.0372,0.1952,0.0066,0.1774193548387097,0.9089106292966684,1.0,-0.0006614400000000001,0.9783843137254902,-0.09427701570143332,0.029229406554472984,-0.022093246969794145,0.10561541512427287
"frozenset({'Lays Chips', 'Thal Sugar (200ml)'})",frozenset({'Frozen Paratha'}),0.0372,0.197,0.0066,0.1774193548387097,0.9006058621254298,1.0,-0.0007283999999999997,0.9761960784313726,-0.10283952290593654,0.028998242530755707,-0.02438436508255333,0.10546094645488784
frozenset({'Noodles'}),frozenset({'Dalda Cooking Oil (500ml)'}),0.2052,0.2026,0.0364,0.1773879142300195,0.8755573259132257,1.0,-0.005173519999999994,0.9693511848341233,-0.15169726696739155,0.09800753904146473,-0.03161786527461812,0.1785261387537067
"frozenset({'Dalda Cooking Oil (500ml)', 'Shan Biryani Masala'})",frozenset({'Thal Sugar (200ml)'}),0.0406,0.1964,0.0072,0.17733990147783252,0.9029526551824467,1.0,-0.0007738399999999996,0.9768311377245509,-0.100740478446974,0.03133159268929504,-0.023718390395927668,0.10699988963911992
"frozenset({'Pepsi 1L', 'Shan Biryani Masala'})",frozenset({'Frozen Paratha'}),0.0406,0.197,0.0072,0.17733990147783252,0.9002025455727538,1.0,-0.0007982000000000006,0.9761017964071855,-0.10358323773533987,0.03125,-0.02448331073744395,0.10694406241404317
"frozenset({'Dalda Cooking Oil (500ml)', 'Shan Biryani Masala'})",frozenset({'Jam'}),0.0406,0.1984,0.0072,0.17733990147783252,0.8938503098681074,1.0,-0.0008550399999999996,0.9743999999999999,-0.11014695879794707,0.03106125970664366,-0.026272577996715913,0.10681511202923884
"frozenset({'Surf Excel', 'Bread'})",frozenset({'Noodles'}),0.0406,0.2052,0.0072,0.17733990147783252,0.8642295393656556,1.0,-0.0011311199999999993,0.9661341317365268,-0.14070756829377512,0.030176026823134954,-0.035052967441076346,0.10621381038803906
"frozenset({'Dalda Cooking Oil (500ml)', 'Nestle Water'})",frozenset({'Pepsi 1L'}),0.0406,0.2052,0.0072,0.17733990147783252,0.8642295393656556,1.0,-0.0011311199999999993,0.9661341317365268,-0.14070756829377512,0.030176026823134954,-0.035052967441076346,0.10621381038803906
"frozenset({'Surf Excel', 'Bread'})",frozenset({'Frozen Paratha'}),0.0406,0.197,0.0072,0.17733990147783252,0.9002025455727538,1.0,-0.0007982000000000006,0.9761017964071855,-0.10358323773533987,0.03125,-0.02448331073744395,0.10694406241404317
frozenset({'Guard Rice (1kg)'}),frozenset({'Thal Sugar (200ml)'}),0.1952,0.1964,0.0346,0.17725409836065573,0.9025157757670862,1.0,-0.0037372800000000025,0.9767292652552927,-0.11833066526170749,0.0969187675070028,-0.023825163812026214,0.17671258889519548
frozenset({'Thal Sugar (200ml)'}),frozenset({'National Ketchup (1kg)'}),0.1964,0.2048,0.0348,0.17718940936863542,0.8651826629327901,1.0,-0.005422720000000006,0.9664435643564357,-0.162415239008027,0.09497816593886463,-0.03472156769537801,0.17355564218431768
"frozenset({'Butter', 'Frozen Paratha'})",frozenset({'Nestle Water'}),0.035,0.2062,0.0062,0.17714285714285713,0.8590827213523624,1.0,-0.0010170000000000005,0.9646875000000001,-0.14528571428571435,0.026382978723404255,-0.03660511823777131,0.10360537619509491
"frozenset({'Lux Soap', 'Thal Sugar (200ml)'})",frozenset({'Nestle Water'}),0.035,0.2062,0.0062,0.17714285714285713,0.8590827213523624,1.0,-0.0010170000000000005,0.9646875000000001,-0.14528571428571435,0.026382978723404255,-0.03660511823777131,0.10360537619509491
"frozenset({'Lux Soap', 'National Ketchup (1kg)'})",frozenset({'Nestle Water'}),0.035,0.2062,0.0062,0.17714285714285713,0.8590827213523624,1.0,-0.0010170000000000005,0.9646875000000001,-0.14528571428571435,0.026382978723404255,-0.03660511823777131,0.10360537619509491
"frozenset({'Lux Soap', 'National Ketchup (1kg)'})",frozenset({'Bread'}),0.035,0.2058,0.0062,0.17714285714285713,0.8607524642510064,1.0,-0.0010030000000000013,0.9651736111111111,-0.14357286000572592,0.02642796248934356,-0.03608303054286437,0.10363459669582117
"frozenset({'Jam', 'Guard Rice (1kg)'})",frozenset({'Pepsi 1L'}),0.035,0.2052,0.0062,0.17714285714285713,0.8632692843219159,1.0,-0.000982000000000001,0.9659027777777778,-0.1409906676238336,0.026495726495726495,-0.035300884319505364,0.10367864104706209
"frozenset({'Dalda Cooking Oil (500ml)', 'Olpers Milk (Pack of 6)'})",frozenset({'Guard Rice (1kg)'}),0.035,0.1952,0.0062,0.17714285714285713,0.9074941451990631,1.0,-0.0006320000000000015,0.9780555555555556,-0.09554043839758146,0.027678571428571427,-0.022436807725078136,0.10445257611241217
"frozenset({'Biscuits', 'Chicken'})",frozenset({'Eggs'}),0.035,0.1982,0.0062,0.17714285714285713,0.8937581086925184,1.0,-0.0007370000000000007,0.9744097222222223,-0.10967261904761916,0.02731277533039648,-0.026262338310230553,0.10421219547354764
"frozenset({'Shan Biryani Masala', 'Eggs'})",frozenset({'Lux Soap'}),0.0384,0.1936,0.0068,0.17708333333333334,0.9146866391184574,1.0,-0.0006342399999999995,0.9799291139240507,-0.08841898643825832,0.03019538188277087,-0.020481977513227494,0.10610365013774105
"frozenset({'Shan Biryani Masala', 'Eggs'})",frozenset({'Lays Chips'}),0.0384,0.206,0.0068,0.17708333333333334,0.8596278317152104,1.0,-0.0011104,0.964860759493671,-0.14516398929049534,0.02861952861952862,-0.036418975650713656,0.10504652103559871
"frozenset({'National Ketchup (1kg)', 'Surf Excel'})",frozenset({'Bread'}),0.0418,0.2058,0.0074,0.17703349282296652,0.8602210535615477,1.0,-0.001202439999999999,0.9650453488372094,-0.14499247569069287,0.030807660283097418,-0.03622073429493011,0.1064953664309196
frozenset({'Bread'}),frozenset({'Butter'}),0.2058,0.1966,0.0364,0.17687074829931973,0.8996477533027454,1.0,-0.0040602799999999994,0.9760314049586777,-0.12315388077827882,0.09945355191256831,-0.024557196540552984,0.18100912796451235
"frozenset({'Guard Rice (1kg)', 'Bread'})",frozenset({'Lays Chips'}),0.0362,0.206,0.0064,0.17679558011049723,0.8582309714101808,1.0,-0.0010572000000000003,0.964523489932886,-0.1463147289053245,0.02714164546225615,-0.03678138525126292,0.10393177063777288
"frozenset({'Lays Chips', 'Olpers Milk (Pack of 6)'})",frozenset({'Guard Rice (1kg)'}),0.0362,0.1952,0.0064,0.17679558011049723,0.9057150620414817,1.0,-0.0006662400000000011,0.9776429530201342,-0.09748103755033256,0.028444444444444442,-0.0228683149720462,0.10479123267819944
"frozenset({'Lays Chips', 'Olpers Milk (Pack of 6)'})",frozenset({'Jam'}),0.0362,0.1984,0.0064,0.17679558011049723,0.8911067545891997,1.0,-0.0007820800000000001,0.9737557046979866,-0.11252302025782689,0.028045574057843997,-0.02695162161864117,0.10452682231331313
"frozenset({'Guard Rice (1kg)', 'Bread'})",frozenset({'Pepsi 1L'}),0.0362,0.2052,0.0064,0.17679558011049723,0.8615769011232809,1.0,-0.0010282399999999997,0.9654953020134227,-0.1428793757017241,0.02723404255319149,-0.03573782069640509,0.10399233196558
"frozenset({'Dalda Cooking Oil (500ml)', 'Butter'})",frozenset({'Guard Rice (1kg)'}),0.0362,0.1952,0.0064,0.17679558011049723,0.9057150620414817,1.0,-0.0006662400000000011,0.9776429530201342,-0.09748103755033256,0.028444444444444442,-0.0228683149720462,0.10479123267819944
"frozenset({'Dalda Cooking Oil (500ml)', 'Butter'})",frozenset({'Jam'}),0.0362,0.1984,0.0064,0.17679558011049723,0.8911067545891997,1.0,-0.0007820800000000001,0.9737557046979866,-0.11252302025782689,0.028045574057843997,-0.02695162161864117,0.10452682231331313
"frozenset({'Surf Excel', 'Shan Biryani Masala'})",frozenset({'Frozen Paratha'}),0.0396,0.197,0.007,0.17676767676767677,0.8972978516125724,1.0,-0.000801200000000001,0.9754233128834355,-0.10648591174906978,0.03048780487804878,-0.025195919342868297,0.10615033584576732
"frozenset({'Surf Excel', 'Shan Biryani Masala'})",frozenset({'Nestle Water'}),0.0396,0.2062,0.007,0.17676767676767677,0.8572632238975595,1.0,-0.0011655200000000006,0.9642478527607363,-0.1477526266682894,0.02931323283082077,-0.03707775665447622,0.10535765021701006
frozenset({'Chicken'}),frozenset({'Biscuits'}),0.198,0.1972,0.035,0.17676767676767677,0.8963878132235131,1.0,-0.004045599999999996,0.9751803680981594,-0.12596993361481637,0.09716823986674072,-0.025451324404986573,0.17712623189296617
"frozenset({'Chicken', 'Olpers Milk (Pack of 6)'})",frozenset({'Thal Sugar (200ml)'}),0.0396,0.1964,0.007,0.17676767676767677,0.9000390874117962,1.0,-0.0007774399999999999,0.9761521472392638,-0.10365534969547639,0.030567685589519653,-0.02443046693917773,0.10620461231459195
"frozenset({'Chicken', 'Olpers Milk (Pack of 6)'})",frozenset({'Surf Excel'}),0.0396,0.2112,0.007,0.17676767676767677,0.836968166513621,1.0,-0.0013635200000000009,0.9581742331288343,-0.1686205838997221,0.028712059064807217,-0.043651525395947306,0.10495580808080808
frozenset({'Lux Soap'}),frozenset({'Jam'}),0.1936,0.1984,0.0342,0.1766528925619835,0.8903875633164491,1.0,-0.004210239999999997,0.9735869510664994,-0.13244279803907744,0.09558412520961432,-0.027129625047425773,0.174515962410024
"frozenset({'Bread', 'Tapal Tea (250g)'})",frozenset({'Eggs'}),0.0306,0.1982,0.0054,0.17647058823529413,0.8903662373122813,1.0,-0.0006649199999999994,0.9736142857142859,-0.11270441786673165,0.024171888988361687,-0.027100787933032996,0.10185789754852496
"frozenset({'Bread', 'Tapal Tea (250g)'})",frozenset({'Jam'}),0.0306,0.1984,0.0054,0.17647058823529413,0.8894686907020873,1.0,-0.0006710399999999995,0.9733714285714286,-0.1136238951539164,0.02415026833631485,-0.027357050604672986,0.101844165085389
"frozenset({'Bread', 'Tapal Tea (250g)'})",frozenset({'Guard Rice (1kg)'}),0.0306,0.1952,0.0054,0.17647058823529413,0.9040501446480231,1.0,-0.0005731199999999999,0.9772571428571428,-0.09867972478770219,0.024500907441016333,-0.02327213191439598,0.10206726133076181
"frozenset({'Surf Excel', 'Thal Sugar (200ml)'})",frozenset({'Lux Soap'}),0.0408,0.1936,0.0072,0.1764705882352941,0.9115216334467671,1.0,-0.0006988800000000007,0.9792000000000001,-0.09189598586215611,0.03169014084507042,-0.021241830065359492,0.1068303354399611
"frozenset({'Olpers Milk (Pack of 6)', 'Frozen Paratha'})",frozenset({'National Ketchup (1kg)'}),0.0374,0.2048,0.0066,0.1764705882352941,0.861672794117647,1.0,-0.0010595200000000013,0.9656,-0.14293345996319834,0.028013582342954157,-0.03562551781275894,0.10434857536764705
"frozenset({'Guard Rice (1kg)', 'Surf Excel'})",frozenset({'Lays Chips'}),0.034,0.206,0.006,0.1764705882352941,0.8566533409480297,1.0,-0.0010039999999999997,0.9641428571428572,-0.14764705882352938,0.025641025641025644,-0.037190694917765596,0.10279840091376355
"frozenset({'Butter', 'Jam'})",frozenset({'Biscuits'}),0.0374,0.1972,0.0066,0.1764705882352941,0.8948812790836416,1.0,-0.0007752799999999997,0.9748285714285714,-0.10875871859761739,0.028947368421052635,-0.025821389841437326,0.10496957403651115
"frozenset({'Biscuits', 'Dalda Cooking Oil (500ml)'})",frozenset({'Jam'}),0.034,0.1984,0.006,0.1764705882352941,0.8894686907020872,1.0,-0.0007455999999999999,0.9733714285714286,-0.11397823162529044,0.026501766784452298,-0.02735705060467302,0.10335626185958253
"frozenset({'Surf Excel', 'Thal Sugar (200ml)'})",frozenset({'Biscuits'}),0.0408,0.1972,0.0072,0.1764705882352941,0.8948812790836416,1.0,-0.000845760000000001,0.9748285714285714,-0.10910216718266268,0.031195840554592725,-0.025821389841437326,0.10649087221095334
"frozenset({'Olpers Milk (Pack of 6)', 'Frozen Paratha'})",frozenset({'Chicken'}),0.0374,0.198,0.0066,0.1764705882352941,0.89126559714795,1.0,-0.0008052000000000007,0.973857142857143,-0.11248386501936207,0.028846153846153844,-0.026844653073199384,0.10490196078431371
"frozenset({'Surf Excel', 'Thal Sugar (200ml)'})",frozenset({'Guard Rice (1kg)'}),0.0408,0.1952,0.0072,0.1764705882352941,0.904050144648023,1.0,-0.0007641600000000016,0.9772571428571428,-0.09962453066332935,0.031468531468531465,-0.023272131914396015,0.10667791706846672
"frozenset({'Shan Biryani Masala', 'Tapal Tea (250g)'})",frozenset({'Butter'}),0.034,0.1966,0.006,0.1764705882352941,0.8976123511459517,1.0,-0.0006843999999999999,0.9755571428571429,-0.10561076476760693,0.026714158504007126,-0.02505527976687316,0.10349470408712823
"frozenset({'Pepsi 1L', 'Eggs'})",frozenset({'Thal Sugar (200ml)'}),0.0408,0.1964,0.0072,0.1764705882352941,0.8985264166766502,1.0,-0.0008131200000000005,0.9758,-0.10533515731874152,0.03130434782608696,-0.024800163968026246,0.10656523301785072
"frozenset({'Pepsi 1L', 'Lays Chips'})",frozenset({'Frozen Paratha'}),0.0408,0.197,0.0072,0.1764705882352941,0.8957897879964167,1.0,-0.0008376000000000008,0.9750714285714286,-0.10816339180561593,0.031222896790980052,-0.025565892608600135,0.10650940579277396
frozenset({'Jam'}),frozenset({'Guard Rice (1kg)'}),0.1984,0.1952,0.035,0.17641129032258066,0.9037463643574828,1.0,-0.003727679999999997,0.9771867809057527,-0.11728283194394094,0.09760178471834914,-0.023345812223433595,0.17785728450555263
frozenset({'Shan Biryani Masala'}),frozenset({'Lux Soap'}),0.2088,0.1936,0.0368,0.17624521072796934,0.9103574934295937,1.0,-0.003623680000000004,0.9789320930232558,-0.11068105403080786,0.10065645514223195,-0.021521316061545955,0.18316392767803424
frozenset({'Shan Biryani Masala'}),frozenset({'Frozen Paratha'}),0.2088,0.197,0.0368,0.17624521072796934,0.8946457397358849,1.0,-0.004333600000000007,0.9748046511627906,-0.12955548858945495,0.09972899728997288,-0.02584656198260358,0.18152362059241106
frozenset({'Thal Sugar (200ml)'}),frozenset({'Guard Rice (1kg)'}),0.1964,0.1952,0.0346,0.17617107942973523,0.9025157757670862,1.0,-0.0037372800000000025,0.9769018541409146,-0.11848642945370347,0.0969187675070028,-0.023644285002814097,0.17671258889519548
"frozenset({'National Ketchup (1kg)', 'Nestle Water'})",frozenset({'Bread'}),0.0386,0.2058,0.0068,0.17616580310880828,0.85600487419246,1.0,-0.0011438800000000008,0.96402893081761,-0.1489155622672951,0.028619528619528618,-0.037313267301928646,0.10460379562631862
"frozenset({'Jam', 'Nestle Water'})",frozenset({'Thal Sugar (200ml)'}),0.0386,0.1964,0.0068,0.17616580310880828,0.8969745575804903,1.0,-0.0007810400000000002,0.9754389937106918,-0.10672044773835293,0.029798422436459245,-0.02517943864010915,0.1053945105157076
"frozenset({'Noodles', 'Bread'})",frozenset({'Nestle Water'}),0.0386,0.2062,0.0068,0.17616580310880828,0.854344340973852,1.0,-0.001159320000000001,0.9635433962264152,-0.1506228530150037,0.02857142857142857,-0.03783597491961667,0.10457174733519949
"frozenset({'National Ketchup (1kg)', 'Nestle Water'})",frozenset({'Butter'}),0.0386,0.1966,0.0068,0.17616580310880828,0.8960620707467359,1.0,-0.0007887600000000003,0.9751962264150943,-0.1076617328303041,0.0297723292469352,-0.02543464885635016,0.10537689951981614
"frozenset({'Dalda Cooking Oil (500ml)', 'National Ketchup (1kg)'})",frozenset({'Guard Rice (1kg)'}),0.0386,0.1952,0.0068,0.17616580310880828,0.9024887454344686,1.0,-0.0007347200000000012,0.9768955974842767,-0.10103076906152728,0.029955947136563875,-0.023650841067584166,0.10550093434128938
frozenset({'Surf Excel'}),frozenset({'Eggs'}),0.2112,0.1982,0.0372,0.17613636363636362,0.8886799376204018,1.0,-0.004659839999999998,0.9732193103448277,-0.13704121964991528,0.0999462654486835,-0.027517630785278583,0.18191278323089624
"frozenset({'Biscuits', 'Nestle Water'})",frozenset({'Guard Rice (1kg)'}),0.0352,0.1952,0.0062,0.17613636363636362,0.9023379284649775,1.0,-0.0006710400000000012,0.9768606896551724,-0.10086580086580105,0.02765388046387154,-0.023687420928971664,0.10394932935916541
"frozenset({'Biscuits', 'Nestle Water'})",frozenset({'Jam'}),0.0352,0.1984,0.0062,0.17613636363636362,0.8877840909090908,1.0,-0.0007836800000000001,0.9729765517241379,-0.11583577712609973,0.027264731750219876,-0.027773997459626217,0.10369318181818181
"frozenset({'Lux Soap', 'Chicken'})",frozenset({'Shan Biryani Masala'}),0.0352,0.2088,0.0062,0.17613636363636362,0.8435649599442702,1.0,-0.0011497600000000014,0.9603531034482758,-0.16122229202189733,0.02607232968881413,-0.04128366577810464,0.10291492511320097
"frozenset({'Biscuits', 'Nestle Water'})",frozenset({'Shan Biryani Masala'}),0.0352,0.2088,0.0062,0.17613636363636362,0.8435649599442702,1.0,-0.0011497600000000014,0.9603531034482758,-0.16122229202189733,0.02607232968881413,-0.04128366577810464,0.10291492511320097
"frozenset({'Biscuits', 'Nestle Water'})",frozenset({'Thal Sugar (200ml)'}),0.0352,0.1964,0.0062,0.17613636363636362,0.8968246620996111,1.0,-0.0007132800000000002,0.9754041379310344,-0.10653857183825642,0.027506654835847383,-0.0252160731254808,0.10385229587113497
"frozenset({'Noodles', 'Guard Rice (1kg)'})",frozenset({'National Ketchup (1kg)'}),0.0352,0.2048,0.0062,0.17613636363636362,0.8600408380681817,1.0,-0.0010089600000000006,0.965208275862069,-0.1443284811864873,0.026518391787852865,-0.03604582037680633,0.10320490056818181
"frozenset({'Lux Soap', 'Chicken'})",frozenset({'Guard Rice (1kg)'}),0.0352,0.1952,0.0062,0.17613636363636362,0.9023379284649775,1.0,-0.0006710400000000012,0.9768606896551724,-0.10086580086580105,0.02765388046387154,-0.023687420928971664,0.10394932935916541
"frozenset({'Noodles', 'Guard Rice (1kg)'})",frozenset({'Lays Chips'}),0.0352,0.206,0.0062,0.17613636363636362,0.8550308914386584,1.0,-0.0010512000000000004,0.9637517241379311,-0.14946764946764954,0.026382978723404255,-0.037611632699793916,0.1031167255075022
frozenset({'Butter'}),frozenset({'Pepsi 1L'}),0.1966,0.2052,0.0346,0.17599186164801628,0.8576601444835101,1.0,-0.005742320000000002,0.9645535802469135,-0.17120831390377336,0.09422657952069717,-0.036749041711101806,0.1723039230267372
"frozenset({'Lays Chips', 'National Ketchup (1kg)'})",frozenset({'Frozen Paratha'}),0.0432,0.197,0.0076,0.17592592592592593,0.8930250047001316,1.0,-0.0009104000000000013,0.9744269662921348,-0.11126755054949367,0.03267411865864144,-0.026244176929108444,0.1072523030644858
"frozenset({'Lays Chips', 'National Ketchup (1kg)'})",frozenset({'Lux Soap'}),0.0432,0.1936,0.0076,0.17592592592592593,0.9087082950719315,1.0,-0.000763520000000001,0.9785528089887641,-0.09502190362405429,0.0331588132635253,-0.021917254556143434,0.10759106213651669
frozenset({'Bread'}),frozenset({'Guard Rice (1kg)'}),0.2058,0.1952,0.0362,0.17589893100097181,0.9011215727508801,1.0,-0.003972160000000002,0.9765792452830188,-0.1213903710630704,0.09923245614035088,-0.023982441599190107,0.18067487533655147
"frozenset({'Butter', 'Guard Rice (1kg)'})",frozenset({'Pepsi 1L'}),0.0364,0.2052,0.0064,0.1758241758241758,0.85684296210612,1.0,-0.0010692799999999997,0.9643573333333333,-0.14776571517014167,0.0272108843537415,-0.036960020352068676,0.10350662982241929
"frozenset({'Biscuits', 'Frozen Paratha'})",frozenset({'Guard Rice (1kg)'}),0.0364,0.1952,0.0064,0.1758241758241758,0.9007386056566383,1.0,-0.0007052800000000008,0.9764906666666666,-0.10262618737195019,0.02841918294849023,-0.024075328250278583,0.10430553053503873
"frozenset({'Butter', 'Guard Rice (1kg)'})",frozenset({'Dalda Cooking Oil (500ml)'}),0.0364,0.2026,0.0064,0.1758241758241758,0.8678389724786565,1.0,-0.0009746400000000006,0.967512,-0.13647209060053103,0.027515047291487533,-0.03357891168274917,0.10370675721119946
"frozenset({'Biscuits', 'Frozen Paratha'})",frozenset({'Olpers Milk (Pack of 6)'}),0.0364,0.196,0.0064,0.1758241758241758,0.8970621215519173,1.0,-0.0007344000000000005,0.97552,-0.1064125747670052,0.02831858407079646,-0.025094308676398253,0.1042386185243328
"frozenset({'Butter', 'Bread'})",frozenset({'Surf Excel'}),0.0364,0.2112,0.0064,0.1758241758241758,0.8325008325008324,1.0,-0.0012876800000000002,0.9570773333333333,-0.1727335164835165,0.026533996683250415,-0.04484764728172438,0.10306360306360306
frozenset({'National Ketchup (1kg)'}),frozenset({'Frozen Paratha'}),0.2048,0.197,0.036,0.17578124999999997,0.8922906091370557,1.0,-0.004345600000000005,0.974255924170616,-0.1317934782608697,0.0984144341170038,-0.02642434620174351,0.1792611833756345
frozenset({'Chicken'}),frozenset({'Tapal Tea (250g)'}),0.198,0.1996,0.0348,0.17575757575757572,0.8805489767413613,1.0,-0.004720800000000004,0.9710735294117647,-0.14467490438364236,0.09592061742006615,-0.029788136234912888,0.17505313657618266
"frozenset({'Noodles', 'Frozen Paratha'})",frozenset({'Tapal Tea (250g)'}),0.033,0.1996,0.0058,0.17575757575757572,0.8805489767413613,1.0,-0.0007868000000000007,0.9710735294117647,-0.12302592488351013,0.025573192239858905,-0.029788136234912888,0.10240784599502033
"frozenset({'Noodles', 'Frozen Paratha'})",frozenset({'Bread'}),0.033,0.2058,0.0058,0.17575757575757572,0.8540212621845272,1.0,-0.0009914000000000008,0.9635514705882353,-0.15021212121212132,0.02489270386266094,-0.03782727806903083,0.10197013870483257
"frozenset({'Noodles', 'Frozen Paratha'})",frozenset({'Surf Excel'}),0.033,0.2112,0.0058,0.17575757575757572,0.8321854912764002,1.0,-0.0011696000000000007,0.957,-0.17255318521141313,0.024328859060402684,-0.04493207941483808,0.10160984848484847
frozenset({'Chicken'}),frozenset({'Eggs'}),0.198,0.1982,0.0348,0.17575757575757572,0.8867687979696052,1.0,-0.004443599999999999,0.9727720588235296,-0.1373465375913356,0.09629219701162146,-0.027990052684490223,0.17566889887777878
frozenset({'Lays Chips'}),frozenset({'Olpers Milk (Pack of 6)'}),0.206,0.196,0.0362,0.17572815533980585,0.8965722211214584,1.0,-0.004175999999999999,0.9754063604240283,-0.1268576011276231,0.09896118097320941,-0.025213737139544973,0.18021101644541315
frozenset({'Dalda Cooking Oil (500ml)'}),frozenset({'Guard Rice (1kg)'}),0.2026,0.1952,0.0356,0.175715695952616,0.900182868609713,1.0,-0.003947520000000003,0.9763621556886227,-0.12208210556005025,0.09828823854224185,-0.024210119343171,0.17904637256647193
"frozenset({'Lays Chips', 'Chicken'})",frozenset({'National Ketchup (1kg)'}),0.041,0.2048,0.0072,0.17560975609756097,0.8574695121951219,1.0,-0.0011968000000000013,0.9645917159763313,-0.14772390638886163,0.03017602682313495,-0.0367080531972322,0.10538300304878048
"frozenset({'Lays Chips', 'Chicken'})",frozenset({'Frozen Paratha'}),0.041,0.197,0.0072,0.17560975609756097,0.8914200817135074,1.0,-0.000877000000000001,0.9740532544378697,-0.11269886144593809,0.031195840554592718,-0.026637912705403544,0.10607898972390739
"frozenset({'Noodles', 'Surf Excel'})",frozenset({'Bread'}),0.041,0.2058,0.0072,0.17560975609756097,0.853302993671336,1.0,-0.0012378000000000007,0.963378698224852,-0.15201532679979377,0.030050083472454088,-0.03801340204285954,0.10529758941904287
frozenset({'Eggs'}),frozenset({'Chicken'}),0.1982,0.198,0.0348,0.17558022199798184,0.8867687979696053,1.0,-0.004443599999999999,0.9728053855569156,-0.13737609069864068,0.09629219701162146,-0.027954835413987734,0.17566889887777878
"frozenset({'Olpers Milk (Pack of 6)', 'Nestle Water'})",frozenset({'Surf Excel'}),0.0376,0.2112,0.0066,0.17553191489361702,0.8311170212765958,1.0,-0.0013411199999999995,0.9567380645161289,-0.1743308167467398,0.027250206440957887,-0.04521816063182426,0.10339095744680851
"frozenset({'Bread', 'Eggs'})",frozenset({'Biscuits'}),0.0376,0.1972,0.0066,0.17553191489361702,0.8901212722800053,1.0,-0.0008147199999999997,0.9737187096774192,-0.113683552499386,0.028921998247151623,-0.026990639145967815,0.10450023736567261
"frozenset({'Olpers Milk (Pack of 6)', 'Nestle Water'})",frozenset({'National Ketchup (1kg)'}),0.0376,0.2048,0.0066,0.17553191489361702,0.8570894281914894,1.0,-0.001100480000000001,0.9645006451612903,-0.1476694505871998,0.027989821882951654,-0.03680594203518987,0.10387923869680851
"frozenset({'Biscuits', 'Noodles'})",frozenset({'Tapal Tea (250g)'}),0.0376,0.1996,0.0066,0.17553191489361702,0.8794184112906664,1.0,-0.0009049600000000007,0.9708077419354838,-0.12470510417815023,0.028620988725065046,-0.030070071347305067,0.10429902357907304
"frozenset({'Biscuits', 'Noodles'})",frozenset({'Shan Biryani Masala'}),0.0376,0.2088,0.0066,0.17553191489361702,0.8406700904866715,1.0,-0.001250880000000001,0.9596490322580645,-0.16453058905233928,0.027522935779816512,-0.04204763031645979,0.10357055514795793
"frozenset({'Biscuits', 'Noodles'})",frozenset({'Lux Soap'}),0.0376,0.1936,0.0066,0.17553191489361702,0.9066731141199227,1.0,-0.0006793600000000004,0.9780851612903225,-0.0966207759699625,0.029385574354407838,-0.022405859506923326,0.10481141199226306
"frozenset({'Bread', 'Eggs'})",frozenset({'Surf Excel'}),0.0376,0.2112,0.0066,0.17553191489361702,0.8311170212765958,1.0,-0.0013411199999999995,0.9567380645161289,-0.1743308167467398,0.027250206440957887,-0.04521816063182426,0.10339095744680851
"frozenset({'Biscuits', 'Noodles'})",frozenset({'National Ketchup (1kg)'}),0.0376,0.2048,0.0066,0.17553191489361702,0.8570894281914894,1.0,-0.001100480000000001,0.9645006451612903,-0.1476694505871998,0.027989821882951654,-0.03680594203518987,0.10387923869680851
"frozenset({'Jam', 'Surf Excel'})",frozenset({'Olpers Milk (Pack of 6)'}),0.0342,0.196,0.006,0.17543859649122806,0.895094880057286,1.0,-0.0007032000000000002,0.975063829787234,-0.10821791320406281,0.026761819803746655,-0.025573884961159137,0.10302542069459363
frozenset({'Noodles'}),frozenset({'Eggs'}),0.2052,0.1982,0.036,0.17543859649122806,0.8851594172110397,1.0,-0.004670639999999997,0.9723957446808511,-0.14032924481363696,0.0979858464888405,-0.02838788165224735,0.17853665445146671
frozenset({'Pepsi 1L'}),frozenset({'Bread'}),0.2052,0.2058,0.036,0.17543859649122806,0.8524713143402723,1.0,-0.006230160000000005,0.9631787234042554,-0.17880685223069467,0.09599999999999997,-0.038228914012555966,0.17518285509692597
"frozenset({'Jam', 'Bread'})",frozenset({'Lays Chips'}),0.0422,0.206,0.0074,0.17535545023696683,0.8512400496940138,1.0,-0.0012931999999999996,0.9628390804597702,-0.15430286889744796,0.03073089700996678,-0.038595150835054354,0.1056388901670271
"frozenset({'Dalda Cooking Oil (500ml)', 'Tapal Tea (250g)'})",frozenset({'Frozen Paratha'}),0.0388,0.197,0.0068,0.17525773195876287,0.8896331571510805,1.0,-0.0008436000000000008,0.9736374999999999,-0.1143126605743277,0.0296943231441048,-0.02707629893055683,0.10488774922811239
"frozenset({'Lux Soap', 'Nestle Water'})",frozenset({'Chicken'}),0.0388,0.198,0.0068,0.17525773195876287,0.8851400603977922,1.0,-0.0008824000000000011,0.9724250000000001,-0.11894491653366705,0.029565217391304344,-0.028356942694809394,0.10480058315109861
"frozenset({'Dalda Cooking Oil (500ml)', 'Surf Excel'})",frozenset({'Shan Biryani Masala'}),0.0388,0.2088,0.0068,0.17525773195876287,0.8393569538254927,1.0,-0.0013014400000000018,0.95933,-0.16605083188731268,0.028239202657807307,-0.042394170931796184,0.103912390883596
"frozenset({'Dalda Cooking Oil (500ml)', 'Surf Excel'})",frozenset({'Thal Sugar (200ml)'}),0.0388,0.1964,0.0068,0.17525773195876287,0.8923509773867764,1.0,-0.0008203200000000003,0.974365,-0.11150985253817047,0.0297723292469352,-0.026309442560026278,0.1049404749406849
"frozenset({'Dalda Cooking Oil (500ml)', 'Surf Excel'})",frozenset({'Lays Chips'}),0.0388,0.206,0.0068,0.17525773195876287,0.8507656891202082,1.0,-0.0011928,0.962725,-0.15432865482548752,0.02857142857142857,-0.03871822171440442,0.10413372034831347
"frozenset({'Noodles', 'Pepsi 1L'})",frozenset({'Nestle Water'}),0.0388,0.2062,0.0068,0.17525773195876287,0.8499405041647085,1.0,-0.0012005600000000007,0.9624825000000001,-0.1551768708186416,0.028547439126784212,-0.038979929505211786,0.10411771176017678
"frozenset({'Noodles', 'Pepsi 1L'})",frozenset({'Dalda Cooking Oil (500ml)'}),0.0388,0.2026,0.0068,0.17525773195876287,0.8650430995003103,1.0,-0.001060880000000001,0.9668475000000001,-0.13964386129334597,0.02898550724637681,-0.034289275195933194,0.10441070210968746
"frozenset({'Noodles', 'Pepsi 1L'})",frozenset({'Butter'}),0.0388,0.1966,0.0068,0.17525773195876287,0.8914431940934022,1.0,-0.0008280800000000001,0.9741225,-0.11244609083897321,0.02974628171478565,-0.02656493408169918,0.10492286394479344
"frozenset({'Biscuits', 'Lays Chips'})",frozenset({'Surf Excel'}),0.0388,0.2112,0.0068,0.17525773195876287,0.8298188066229303,1.0,-0.0013945600000000004,0.9564199999999999,-0.17584279863618943,0.027960526315789474,-0.04556575563037161,0.10372735082786629
frozenset({'Thal Sugar (200ml)'}),frozenset({'Nestle Water'}),0.1964,0.2062,0.0344,0.17515274949083504,0.8494313748343115,1.0,-0.006097679999999994,0.9623600000000001,-0.18071740692179827,0.09342748506246606,-0.03911218255122821,0.1709905357541469
"frozenset({'Chicken', 'Shan Biryani Masala'})",frozenset({'Noodles'}),0.0354,0.2052,0.0062,0.1751412429378531,0.8535148291318377,1.0,-0.0010640800000000002,0.963558904109589,-0.15104903046304974,0.026450511945392493,-0.03781927159303836,0.10267783394456008
"frozenset({'Biscuits', 'Guard Rice (1kg)'})",frozenset({'Nestle Water'}),0.0354,0.2062,0.0062,0.1751412429378531,0.8493755719585505,1.0,-0.00109948,0.9623465753424659,-0.15529378531073446,0.026338147833474938,-0.03912667808282551,0.1026045690925929
"frozenset({'Lux Soap', 'Noodles'})",frozenset({'Eggs'}),0.0354,0.1982,0.0062,0.1751412429378531,0.8836591470123769,1.0,-0.00081628,0.9720452054794522,-0.12009769303201506,0.02726473175021988,-0.028758739164563334,0.10321138837104563
"frozenset({'Lux Soap', 'Noodles'})",frozenset({'Nestle Water'}),0.0354,0.2062,0.0062,0.1751412429378531,0.8493755719585505,1.0,-0.00109948,0.9623465753424659,-0.15529378531073446,0.026338147833474938,-0.03912667808282551,0.1026045690925929
"frozenset({'Chicken', 'National Ketchup (1kg)'})",frozenset({'Nestle Water'}),0.0354,0.2062,0.0062,0.1751412429378531,0.8493755719585505,1.0,-0.00109948,0.9623465753424659,-0.15529378531073446,0.026338147833474938,-0.03912667808282551,0.1026045690925929
"frozenset({'Chicken', 'Shan Biryani Masala'})",frozenset({'Lux Soap'}),0.0354,0.1936,0.0062,0.1751412429378531,0.9046551804641173,1.0,-0.0006534399999999999,0.9776219178082193,-0.09849923725798769,0.02782764811490126,-0.022890323737781364,0.10358301816314143
"frozenset({'Chicken', 'Shan Biryani Masala'})",frozenset({'Pepsi 1L'}),0.0354,0.2052,0.0062,0.1751412429378531,0.8535148291318377,1.0,-0.0010640800000000002,0.963558904109589,-0.15104903046304974,0.026450511945392493,-0.03781927159303836,0.10267783394456008
"frozenset({'Chicken', 'Thal Sugar (200ml)'})",frozenset({'Pepsi 1L'}),0.0354,0.2052,0.0062,0.1751412429378531,0.8535148291318377,1.0,-0.0010640800000000002,0.963558904109589,-0.15104903046304974,0.026450511945392493,-0.03781927159303836,0.10267783394456008
"frozenset({'Jam', 'Olpers Milk (Pack of 6)'})",frozenset({'Shan Biryani Masala'}),0.032,0.2088,0.0056,0.175,0.8381226053639845,1.0,-0.0010816000000000003,0.9590303030303031,-0.16633858267716536,0.023809523809523808,-0.04271991911021237,0.10090996168582375
"frozenset({'Jam', 'Olpers Milk (Pack of 6)'})",frozenset({'Chicken'}),0.032,0.198,0.0056,0.175,0.8838383838383838,1.0,-0.0007360000000000005,0.9721212121212123,-0.11954261954261962,0.0249554367201426,-0.02867830423940152,0.10164141414141413
"frozenset({'Jam', 'Olpers Milk (Pack of 6)'})",frozenset({'National Ketchup (1kg)'}),0.032,0.2048,0.0056,0.175,0.8544921874999999,1.0,-0.0009536000000000006,0.963878787878788,-0.14959839357429727,0.024221453287197228,-0.03747484909456743,0.101171875
"frozenset({'National Ketchup (1kg)', 'Tapal Tea (250g)'})",frozenset({'Pepsi 1L'}),0.04,0.2052,0.007,0.175,0.8528265107212475,1.0,-0.0012079999999999999,0.9633939393939394,-0.15237134207870837,0.029387069689336694,-0.03799698037242074,0.10455653021442494
"frozenset({'Lays Chips', 'Frozen Paratha'})",frozenset({'Olpers Milk (Pack of 6)'}),0.04,0.196,0.007,0.175,0.8928571428571428,1.0,-0.0008399999999999996,0.9745454545454546,-0.11111111111111106,0.03056768558951965,-0.02611940298507465,0.10535714285714284
"frozenset({'National Ketchup (1kg)', 'Tapal Tea (250g)'})",frozenset({'Thal Sugar (200ml)'}),0.04,0.1964,0.007,0.175,0.8910386965376782,1.0,-0.000856,0.9740606060606061,-0.11298838437170011,0.03051438535309503,-0.026630164260826285,0.10532077393075356
frozenset({'Bread'}),frozenset({'Pepsi 1L'}),0.2058,0.2052,0.036,0.17492711370262387,0.8524713143402723,1.0,-0.006230160000000005,0.9633088339222613,-0.17891776771498888,0.09599999999999997,-0.038088684319798845,0.17518285509692597
"frozenset({'Jam', 'Thal Sugar (200ml)'})",frozenset({'Dalda Cooking Oil (500ml)'}),0.0366,0.2026,0.0064,0.17486338797814208,0.8630966830115601,1.0,-0.0010151600000000002,0.9663854304635762,-0.14136907248653377,0.027491408934707903,-0.03478381241767987,0.10322636328818259
"frozenset({'Pepsi 1L', 'Thal Sugar (200ml)'})",frozenset({'Dalda Cooking Oil (500ml)'}),0.0366,0.2026,0.0064,0.17486338797814208,0.8630966830115601,1.0,-0.0010151600000000002,0.9663854304635762,-0.14136907248653377,0.027491408934707903,-0.03478381241767987,0.10322636328818259
"frozenset({'Jam', 'Thal Sugar (200ml)'})",frozenset({'Bread'}),0.0366,0.2058,0.0064,0.17486338797814208,0.8496763264244026,1.0,-0.0011322800000000003,0.9625072847682119,-0.15514850562616814,0.02711864406779661,-0.03895317555006036,0.1029807707626376
"frozenset({'Jam', 'Thal Sugar (200ml)'})",frozenset({'Olpers Milk (Pack of 6)'}),0.0366,0.196,0.0064,0.17486338797814208,0.8921601427456228,1.0,-0.0007736000000000002,0.9743841059602649,-0.11148002121233082,0.028293545534924844,-0.026289318435146678,0.10375822460131594
"frozenset({'Biscuits', 'Thal Sugar (200ml)'})",frozenset({'Jam'}),0.0366,0.1984,0.0064,0.17486338797814208,0.8813678829543452,1.0,-0.0008614399999999998,0.9714754966887417,-0.12258652094717665,0.02799650043744532,-0.029362040945431534,0.10356072624713555
"frozenset({'Pepsi 1L', 'Thal Sugar (200ml)'})",frozenset({'Nestle Water'}),0.0366,0.2062,0.0064,0.17486338797814208,0.848028069729108,1.0,-0.0011469199999999992,0.9620225165562915,-0.1568399000092988,0.027072758037225045,-0.03947670952615006,0.10295060766511371
"frozenset({'Pepsi 1L', 'Thal Sugar (200ml)'})",frozenset({'Biscuits'}),0.0366,0.1972,0.0064,0.17486338797814208,0.8867311763597469,1.0,-0.0008175199999999995,0.9729298013245032,-0.1170681971795488,0.028144239226033423,-0.02782338318617079,0.1036588745164544
"frozenset({'Biscuits', 'Thal Sugar (200ml)'})",frozenset({'Pepsi 1L'}),0.0366,0.2052,0.0064,0.17486338797814208,0.852160760127398,1.0,-0.0011103199999999997,0.9632344370860926,-0.1525986520214181,0.027187765505522515,-0.0381688626344463,0.10302623589940242
"frozenset({'Lux Soap', 'Lays Chips'})",frozenset({'Jam'}),0.0366,0.1984,0.0064,0.17486338797814208,0.8813678829543452,1.0,-0.0008614399999999998,0.9714754966887417,-0.12258652094717665,0.02799650043744532,-0.029362040945431534,0.10356072624713555
"frozenset({'Pepsi 1L', 'Guard Rice (1kg)'})",frozenset({'Butter'}),0.0366,0.1966,0.0064,0.17486338797814208,0.8894373752703056,1.0,-0.0007955599999999998,0.973656953642384,-0.11428292335361682,0.028218694885361554,-0.027055777970945882,0.10370839795651762
"frozenset({'Pepsi 1L', 'Guard Rice (1kg)'})",frozenset({'Eggs'}),0.0366,0.1982,0.0064,0.17486338797814208,0.8822572551873971,1.0,-0.000854119999999999,0.971717880794702,-0.1216715955258493,0.02802101576182137,-0.02910527815148155,0.1035770017590004
"frozenset({'Lux Soap', 'Lays Chips'})",frozenset({'Chicken'}),0.0366,0.198,0.0064,0.17486338797814208,0.8831484241320307,1.0,-0.0008468,0.9719602649006622,-0.1207547600305737,0.028045574057843997,-0.028848643418775476,0.1035933101506872
"frozenset({'Pepsi 1L', 'Guard Rice (1kg)'})",frozenset({'Bread'}),0.0366,0.2058,0.0064,0.17486338797814208,0.8496763264244026,1.0,-0.0011322800000000003,0.9625072847682119,-0.15514850562616814,0.02711864406779661,-0.03895317555006036,0.1029807707626376
"frozenset({'Jam', 'Thal Sugar (200ml)'})",frozenset({'Biscuits'}),0.0366,0.1972,0.0064,0.17486338797814208,0.8867311763597469,1.0,-0.0008175199999999995,0.9729298013245032,-0.1170681971795488,0.028144239226033423,-0.02782338318617079,0.1036588745164544
"frozenset({'Chicken', 'Guard Rice (1kg)'})",frozenset({'Nestle Water'}),0.0366,0.2062,0.0064,0.17486338797814208,0.848028069729108,1.0,-0.0011469199999999992,0.9620225165562915,-0.1568399000092988,0.027072758037225045,-0.03947670952615006,0.10295060766511371
frozenset({'National Ketchup (1kg)'}),frozenset({'Jam'}),0.2048,0.1984,0.0358,0.17480468749999997,0.8810720136088709,1.0,-0.004832320000000001,0.9714063905325444,-0.14511262300123004,0.0974414806750136,-0.029435270084830364,0.17762411794354838
frozenset({'Lays Chips'}),frozenset({'Butter'}),0.206,0.1966,0.036,0.17475728155339806,0.8888976681251173,1.0,-0.004499599999999999,0.9735317647058824,-0.13600696417560362,0.09819967266775777,-0.027187849697039995,0.1789351005935861
"frozenset({'Lays Chips', 'Surf Excel'})",frozenset({'National Ketchup (1kg)'}),0.0412,0.2048,0.0072,0.17475728155339806,0.8533070388349514,1.0,-0.001237760000000001,0.9635952941176471,-0.15203804881883584,0.030150753768844223,-0.037780078529429,0.10495676577669903
frozenset({'Frozen Paratha'}),frozenset({'Eggs'}),0.197,0.1982,0.0344,0.1746192893401015,0.8810256778007141,1.0,-0.004645400000000001,0.9714305043050431,-0.14396038253906276,0.09534368070953436,-0.02940971646283172,0.1740906739334211
"frozenset({'Jam', 'Eggs'})",frozenset({'Lux Soap'}),0.0378,0.1936,0.0066,0.1746031746031746,0.9018759018759018,1.0,-0.0007180800000000003,0.9769846153846155,-0.10158730158730161,0.029359430604982206,-0.0235575711766188,0.10434704184704184
"frozenset({'Jam', 'Eggs'})",frozenset({'Surf Excel'}),0.0378,0.2112,0.0066,0.1746031746031746,0.8267195767195766,1.0,-0.0013833600000000001,0.9556615384615385,-0.17887011435398534,0.027227722772277228,-0.04639556972214175,0.1029265873015873
"frozenset({'Dalda Cooking Oil (500ml)', 'Chicken'})",frozenset({'National Ketchup (1kg)'}),0.0378,0.2048,0.0066,0.1746031746031746,0.8525545634920634,1.0,-0.0011414400000000005,0.9634153846153847,-0.15235532490830175,0.027966101694915254,-0.037973874996007816,0.1034148685515873
frozenset({'Lux Soap'}),frozenset({'Guard Rice (1kg)'}),0.1936,0.1952,0.0338,0.17458677685950413,0.8943994716163121,1.0,-0.003990720000000003,0.9750267834793492,-0.12771513717779356,0.09521126760563378,-0.025612851814731462,0.1738712572822111
frozenset({'Eggs'}),frozenset({'Nestle Water'}),0.1982,0.2062,0.0346,0.17457114026236126,0.8466107675187258,1.0,-0.006268839999999998,0.9616819070904646,-0.18431736443845417,0.09356408869659276,-0.03984487243340733,0.17118469719228635
"frozenset({'Lays Chips', 'Shan Biryani Masala'})",frozenset({'Frozen Paratha'}),0.0424,0.197,0.0074,0.17452830188679247,0.8859304664304186,1.0,-0.0009528000000000002,0.9727771428571428,-0.11852161452113687,0.03189655172413793,-0.027984680091167547,0.1060458768317211
"frozenset({'Lays Chips', 'Shan Biryani Masala'})",frozenset({'Guard Rice (1kg)'}),0.0424,0.1952,0.0074,0.17452830188679247,0.8940999072069286,1.0,-0.0008764800000000007,0.9749577142857142,-0.11007293989993376,0.03214596003475239,-0.0256855095840054,0.10621906897618312
"frozenset({'Nestle Water', 'Thal Sugar (200ml)'})",frozenset({'Chicken'}),0.0344,0.198,0.006,0.1744186046511628,0.8809020436927414,1.0,-0.0008111999999999998,0.9714366197183099,-0.12281976744186043,0.026501766784452298,-0.029403236095806997,0.10236081747709655
"frozenset({'Frozen Paratha', 'Eggs'})",frozenset({'Shan Biryani Masala'}),0.0344,0.2088,0.006,0.1744186046511628,0.8353381448810479,1.0,-0.00118272,0.9583549295774648,-0.16953350763726432,0.02529510961214165,-0.043454746396407,0.10157711841753542
frozenset({'Jam'}),frozenset({'Pepsi 1L'}),0.1984,0.2052,0.0346,0.1743951612903226,0.8498789536565429,1.0,-0.006111680000000001,0.9626881562881563,-0.18056763604734716,0.0937669376693767,-0.03875797522606619,0.17150557284789034
"frozenset({'Dalda Cooking Oil (500ml)', 'Pepsi 1L'})",frozenset({'Noodles'}),0.039,0.2052,0.0068,0.17435897435897435,0.849702604088569,1.0,-0.0012027999999999995,0.9626459627329192,-0.1554487179487179,0.02864363942712721,-0.03880350483269457,0.10374868795921427
"frozenset({'Dalda Cooking Oil (500ml)', 'Frozen Paratha'})",frozenset({'Thal Sugar (200ml)'}),0.039,0.1964,0.0068,0.17435897435897435,0.8877748185283827,1.0,-0.0008596000000000003,0.973304347826087,-0.11625013523747706,0.02974628171478565,-0.027427856696149378,0.10449109614079063
"frozenset({'Dalda Cooking Oil (500ml)', 'Frozen Paratha'})",frozenset({'Olpers Milk (Pack of 6)'}),0.039,0.196,0.0068,0.17435897435897435,0.889586603872318,1.0,-0.000844000000000001,0.9737888198757765,-0.11438174228871915,0.029798422436459242,-0.026916698558489622,0.10452642595499738
"frozenset({'Dalda Cooking Oil (500ml)', 'Frozen Paratha'})",frozenset({'Butter'}),0.039,0.1966,0.0068,0.17435897435897435,0.8868716905339489,1.0,-0.0008673999999999999,0.9730621118012422,-0.11718137850909188,0.029720279720279717,-0.02768362663807026,0.10447348514489918
"frozenset({'Lays Chips', 'Tapal Tea (250g)'})",frozenset({'Chicken'}),0.039,0.198,0.0068,0.17435897435897435,0.8806008806008805,1.0,-0.0009220000000000009,0.9713664596273293,-0.12364553159532252,0.029539530842745434,-0.029477588081079375,0.10435120435120435
"frozenset({'Dalda Cooking Oil (500ml)', 'Frozen Paratha'})",frozenset({'Tapal Tea (250g)'}),0.039,0.1996,0.0068,0.17435897435897435,0.8735419557062843,1.0,-0.0009844000000000007,0.9694285714285715,-0.1309181827854028,0.029335634167385674,-0.031535514294134995,0.10421355531575972
"frozenset({'Frozen Paratha', 'Surf Excel'})",frozenset({'Chicken'}),0.039,0.198,0.0068,0.17435897435897435,0.8806008806008805,1.0,-0.0009220000000000009,0.9713664596273293,-0.12364553159532252,0.029539530842745434,-0.029477588081079375,0.10435120435120435
"frozenset({'Olpers Milk (Pack of 6)', 'Surf Excel'})",frozenset({'Lays Chips'}),0.039,0.206,0.0068,0.17435897435897435,0.846402788150361,1.0,-0.0012339999999999999,0.9616770186335405,-0.15884049016579135,0.028547439126784212,-0.039850158238067555,0.10368434154841921
"frozenset({'Frozen Paratha', 'Surf Excel'})",frozenset({'Guard Rice (1kg)'}),0.039,0.1952,0.0068,0.17435897435897435,0.8932324506094997,1.0,-0.0008128000000000007,0.9747577639751552,-0.11062115520714255,0.029903254177660505,-0.025895906611612406,0.10459751996637243
"frozenset({'Lays Chips', 'Tapal Tea (250g)'})",frozenset({'Lux Soap'}),0.039,0.1936,0.0068,0.17435897435897435,0.9006145369781733,1.0,-0.0007504,0.9766956521739131,-0.10300334925602593,0.03011514614703277,-0.023860398860398865,0.10474147065056155
"frozenset({'Lays Chips', 'Tapal Tea (250g)'})",frozenset({'Olpers Milk (Pack of 6)'}),0.039,0.196,0.0068,0.17435897435897435,0.889586603872318,1.0,-0.000844000000000001,0.9737888198757765,-0.11438174228871915,0.029798422436459242,-0.026916698558489622,0.10452642595499738
"frozenset({'Lays Chips', 'Guard Rice (1kg)'})",frozenset({'National Ketchup (1kg)'}),0.039,0.2048,0.0068,0.17435897435897435,0.8513621794871794,1.0,-0.0011872000000000002,0.9631304347826087,-0.15374255374255377,0.028691983122362867,-0.03828096785843267,0.10378104967948718
frozenset({'Tapal Tea (250g)'}),frozenset({'Chicken'}),0.1996,0.198,0.0348,0.17434869739478956,0.8805489767413613,1.0,-0.004720800000000004,0.9713543689320389,-0.1449221973358483,0.09592061742006615,-0.029490402250885846,0.17505313657618266
"frozenset({'Biscuits', 'Butter'})",frozenset({'Eggs'}),0.031,0.1982,0.0054,0.17419354838709677,0.8788776407018001,1.0,-0.0007441999999999995,0.9709296875000001,-0.1245147905233569,0.02412868632707775,-0.029940697945751073,0.10071937762442629
"frozenset({'Biscuits', 'Butter'})",frozenset({'Thal Sugar (200ml)'}),0.031,0.1964,0.0054,0.17419354838709677,0.8869325274292097,1.0,-0.0006883999999999996,0.9731093749999999,-0.1162641445701739,0.024324324324324326,-0.027633712808490814,0.10084422836870113
"frozenset({'Biscuits', 'Butter'})",frozenset({'Tapal Tea (250g)'}),0.031,0.1996,0.0054,0.17419354838709677,0.8727131682720279,1.0,-0.0007875999999999994,0.969234375,-0.13082621839805975,0.023978685612788632,-0.03174219341941932,0.10062382830176482
frozenset({'Guard Rice (1kg)'}),frozenset({'Surf Excel'}),0.1952,0.2112,0.034,0.17418032786885246,0.8247174615002484,1.0,-0.007226240000000002,0.9551722084367246,-0.2089146282796137,0.0912996777658432,-0.04693163302630267,0.16758258817685048
frozenset({'Guard Rice (1kg)'}),frozenset({'Tapal Tea (250g)'}),0.1952,0.1996,0.034,0.17418032786885246,0.8726469332106837,1.0,-0.004961920000000002,0.9692188585607941,-0.1535004355745625,0.0942350332594235,-0.03175871080853016,0.17226050461578896
"frozenset({'Dalda Cooking Oil (500ml)', 'Guard Rice (1kg)'})",frozenset({'Tapal Tea (250g)'}),0.0356,0.1996,0.0062,0.17415730337078653,0.8725315800139606,1.0,-0.0009057600000000002,0.9691918367346939,-0.13155479125756717,0.027074235807860263,-0.03178747704799285,0.10260971380964176
"frozenset({'Jam', 'Lays Chips'})",frozenset({'Dalda Cooking Oil (500ml)'}),0.0356,0.2026,0.0062,0.17415730337078653,0.8596115664895683,1.0,-0.00101256,0.9655591836734694,-0.14482024760291998,0.026724137931034484,-0.03566929599851201,0.10237973756890757
"frozenset({'Pepsi 1L', 'Tapal Tea (250g)'})",frozenset({'Chicken'}),0.0356,0.198,0.0062,0.17415730337078653,0.8795823402564976,1.0,-0.0008488000000000002,0.9711292517006803,-0.12431020140361569,0.027264731750219876,-0.0297290481661016,0.10273521734195892
"frozenset({'Lays Chips', 'Eggs'})",frozenset({'Bread'}),0.0356,0.2058,0.0062,0.17415730337078653,0.8462454002467761,1.0,-0.0011264800000000009,0.9616843537414966,-0.1585305442345366,0.026360544217687076,-0.0398422269317722,0.10214181980978587
"frozenset({'Dalda Cooking Oil (500ml)', 'Guard Rice (1kg)'})",frozenset({'Olpers Milk (Pack of 6)'}),0.0356,0.196,0.0062,0.17415730337078653,0.8885576702591149,1.0,-0.0007776000000000007,0.9735510204081633,-0.11508270089153584,0.027506654835847383,-0.027167533120912288,0.1028949782160055
"frozenset({'Pepsi 1L', 'Tapal Tea (250g)'})",frozenset({'Lays Chips'}),0.0356,0.206,0.0062,0.17415730337078653,0.8454238027708084,1.0,-0.0011335999999999994,0.9614421768707483,-0.1593728560020694,0.026338147833474938,-0.04010415192596154,0.10212719537471365
"frozenset({'Lays Chips', 'Eggs'})",frozenset({'Pepsi 1L'}),0.0356,0.2052,0.0062,0.17415730337078653,0.8487198020018837,1.0,-0.0011051200000000002,0.9624108843537414,-0.15599345039805776,0.026427962489343565,-0.03905724286514025,0.10218586416102679
"frozenset({'Dalda Cooking Oil (500ml)', 'Guard Rice (1kg)'})",frozenset({'Pepsi 1L'}),0.0356,0.2052,0.0062,0.17415730337078653,0.8487198020018837,1.0,-0.0011051200000000002,0.9624108843537414,-0.15599345039805776,0.026427962489343565,-0.03905724286514025,0.10218586416102679
"frozenset({'Lays Chips', 'Eggs'})",frozenset({'Tapal Tea (250g)'}),0.0356,0.1996,0.0062,0.17415730337078653,0.8725315800139606,1.0,-0.0009057600000000002,0.9691918367346939,-0.13155479125756717,0.027074235807860263,-0.03178747704799285,0.10260971380964176
"frozenset({'Biscuits', 'Tapal Tea (250g)'})",frozenset({'National Ketchup (1kg)'}),0.0356,0.2048,0.0062,0.17415730337078653,0.8503774578651685,1.0,-0.0010908800000000007,0.9628952380952381,-0.15429353791144765,0.026473099914602904,-0.03853457825605317,0.10221537043539326
"frozenset({'Pepsi 1L', 'Tapal Tea (250g)'})",frozenset({'Eggs'}),0.0356,0.1982,0.0062,0.17415730337078653,0.8786947697819704,1.0,-0.0008559199999999996,0.9708870748299321,-0.12522237827715352,0.027240773286467488,-0.029985902505878598,0.10271941858751234
"frozenset({'Noodles', 'Tapal Tea (250g)'})",frozenset({'Lays Chips'}),0.0402,0.206,0.007,0.17412935323383086,0.8452881224943246,1.0,-0.0012811999999999988,0.9614096385542169,-0.16015400385009612,0.029264214046822747,-0.040139353609784795,0.10405496787905136
frozenset({'Bread'}),frozenset({'Lux Soap'}),0.2058,0.1936,0.0358,0.17395529640427598,0.8985294235758057,1.0,-0.004042880000000006,0.9762183529411764,-0.12449115079673023,0.09845984598459846,-0.024360991562157753,0.1794363258880884
frozenset({'Bread'}),frozenset({'Thal Sugar (200ml)'}),0.2058,0.1964,0.0358,0.17395529640427598,0.885719431793666,1.0,-0.004619120000000004,0.9728287058823529,-0.13975531504186814,0.09770742358078602,-0.027930193623349937,0.17811817773370622
"frozenset({'Noodles', 'Olpers Milk (Pack of 6)'})",frozenset({'Nestle Water'}),0.0368,0.2062,0.0064,0.1739130434782609,0.8434192215240587,1.0,-0.0011881599999999997,0.9609157894736843,-0.1615963789876833,0.02704987320371936,-0.040673918520709375,0.10247543541517312
"frozenset({'Noodles', 'Lays Chips'})",frozenset({'Shan Biryani Masala'}),0.0368,0.2088,0.0064,0.1739130434782609,0.8329168748958854,1.0,-0.0012838399999999996,0.9577684210526316,-0.17236638597697193,0.026755852842809364,-0.04409372664527189,0.10228219223721474
"frozenset({'Noodles', 'Olpers Milk (Pack of 6)'})",frozenset({'Bread'}),0.0368,0.2058,0.0064,0.1739130434782609,0.845058520302531,1.0,-0.0011734399999999996,0.9614,-0.15991452618725735,0.027095681625740897,-0.04014978156854585,0.10250559851269701
"frozenset({'Olpers Milk (Pack of 6)', 'Guard Rice (1kg)'})",frozenset({'Lays Chips'}),0.0368,0.206,0.0064,0.1739130434782609,0.8442380751371888,1.0,-0.0011807999999999992,0.9611578947368421,-0.16075629519909373,0.027072758037225045,-0.040411784032417,0.10249050232165471
"frozenset({'Olpers Milk (Pack of 6)', 'Guard Rice (1kg)'})",frozenset({'National Ketchup (1kg)'}),0.0368,0.2048,0.0064,0.1739130434782609,0.8491847826086957,1.0,-0.0011366399999999995,0.9626105263157895,-0.155680224403927,0.027210884353741496,-0.03884174612894758,0.10258152173913045
"frozenset({'Lux Soap', 'Butter'})",frozenset({'Eggs'}),0.0368,0.1982,0.0064,0.1739130434782609,0.8774623788005091,1.0,-0.0008937599999999995,0.9706000000000001,-0.12662646778800374,0.02799650043744532,-0.03029054193282501,0.10310182950905981
"frozenset({'Tapal Tea (250g)', 'Thal Sugar (200ml)'})",frozenset({'Chicken'}),0.0368,0.198,0.0064,0.1739130434782609,0.878348704435661,1.0,-0.0008863999999999999,0.970842105263158,-0.12571480439321045,0.028021015761821366,-0.030033611623116106,0.10311813790074661
"frozenset({'Lux Soap', 'Butter'})",frozenset({'Biscuits'}),0.0368,0.1972,0.0064,0.1739130434782609,0.8819119851838788,1.0,-0.0008569599999999995,0.9718105263157895,-0.12204903837389475,0.0281195079086116,-0.02900717055523056,0.10318370226651381
"frozenset({'Lux Soap', 'Pepsi 1L'})",frozenset({'Tapal Tea (250g)'}),0.0368,0.1996,0.0064,0.1739130434782609,0.8713078330574193,1.0,-0.0009452799999999997,0.9689052631578947,-0.1329552614996849,0.02782608695652174,-0.03209264932751013,0.10298858586738696
"frozenset({'Frozen Paratha', 'Shan Biryani Masala'})",frozenset({'Butter'}),0.0368,0.1966,0.0064,0.1739130434782609,0.8846034764916627,1.0,-0.0008348799999999997,0.9725368421052631,-0.11927947698075247,0.028193832599118944,-0.02823868125683234,0.10323322570657703
"frozenset({'Noodles', 'Olpers Milk (Pack of 6)'})",frozenset({'Surf Excel'}),0.0368,0.2112,0.0064,0.1739130434782609,0.8234519104084322,1.0,-0.0013721599999999999,0.9548631578947367,-0.18206521739130432,0.026490066225165563,-0.047270482405855865,0.1021080368906456
"frozenset({'Olpers Milk (Pack of 6)', 'Guard Rice (1kg)'})",frozenset({'Nestle Water'}),0.0368,0.2062,0.0064,0.1739130434782609,0.8434192215240587,1.0,-0.0011881599999999997,0.9609157894736843,-0.1615963789876833,0.02704987320371936,-0.040673918520709375,0.10247543541517312
"frozenset({'Frozen Paratha', 'Thal Sugar (200ml)'})",frozenset({'Olpers Milk (Pack of 6)'}),0.0368,0.196,0.0064,0.1739130434782609,0.8873114463176576,1.0,-0.0008127999999999998,0.9732631578947369,-0.11649238671803334,0.028268551236749116,-0.027471338957386956,0.10328305235137535
"frozenset({'Jam', 'Shan Biryani Masala'})",frozenset({'Chicken'}),0.0414,0.198,0.0072,0.17391304347826086,0.8783487044356609,1.0,-0.0009972000000000002,0.970842105263158,-0.12624191049129527,0.031007751937984496,-0.03003361162311614,0.10513833992094862
"frozenset({'Jam', 'Shan Biryani Masala'})",frozenset({'Dalda Cooking Oil (500ml)'}),0.0414,0.2026,0.0072,0.17391304347826086,0.858405940169106,1.0,-0.0011876400000000002,0.9652736842105263,-0.14681144586355752,0.030405405405405407,-0.03597561640549177,0.10472552470063093
"frozenset({'Guard Rice (1kg)', 'Frozen Paratha'})",frozenset({'Lux Soap'}),0.0322,0.1936,0.0056,0.17391304347826086,0.8983111749910169,1.0,-0.0006339199999999996,0.9761684210526316,-0.10471785383903787,0.025431425976385102,-0.024413388543823324,0.10141933165648581
"frozenset({'National Ketchup (1kg)', 'Shan Biryani Masala'})",frozenset({'Nestle Water'}),0.038,0.2062,0.0066,0.1736842105263158,0.8423094593904743,1.0,-0.0012356,0.9606496815286625,-0.16290475688218542,0.027777777777777776,-0.04096219384439933,0.1028459849915769
"frozenset({'National Ketchup (1kg)', 'Olpers Milk (Pack of 6)'})",frozenset({'Nestle Water'}),0.038,0.2062,0.0066,0.1736842105263158,0.8423094593904743,1.0,-0.0012356,0.9606496815286625,-0.16290475688218542,0.027777777777777776,-0.04096219384439933,0.1028459849915769
"frozenset({'National Ketchup (1kg)', 'Shan Biryani Masala'})",frozenset({'Frozen Paratha'}),0.038,0.197,0.0066,0.1736842105263158,0.8816457387122629,1.0,-0.0008860000000000005,0.9717834394904458,-0.1224568774878373,0.02889667250437828,-0.02903585239562168,0.1035933742986909
"frozenset({'National Ketchup (1kg)', 'Olpers Milk (Pack of 6)'})",frozenset({'Frozen Paratha'}),0.038,0.197,0.0066,0.1736842105263158,0.8816457387122629,1.0,-0.0008860000000000005,0.9717834394904458,-0.1224568774878373,0.02889667250437828,-0.02903585239562168,0.1035933742986909
"frozenset({'Bread', 'Shan Biryani Masala'})",frozenset({'Surf Excel'}),0.038,0.2112,0.0066,0.1736842105263158,0.8223684210526316,1.0,-0.001425599999999999,0.9545987261146496,-0.18336162988115437,0.027205276174773287,-0.0475605850325611,0.1024671052631579
"frozenset({'National Ketchup (1kg)', 'Olpers Milk (Pack of 6)'})",frozenset({'Pepsi 1L'}),0.038,0.2052,0.0066,0.1736842105263158,0.8464142813173285,1.0,-0.0011975999999999992,0.9618598726114649,-0.15868977579901405,0.027895181741335588,-0.03965247794877226,0.10292397660818714
"frozenset({'National Ketchup (1kg)', 'Olpers Milk (Pack of 6)'})",frozenset({'Lays Chips'}),0.038,0.206,0.0066,0.1736842105263158,0.8431272355646399,1.0,-0.001228,0.9608917197452229,-0.1620651427968115,0.02780117944397641,-0.0406999867426753,0.10286152273888606
"frozenset({'National Ketchup (1kg)', 'Olpers Milk (Pack of 6)'})",frozenset({'Biscuits'}),0.038,0.1972,0.0066,0.1736842105263158,0.8807515746770579,1.0,-0.0008935999999999996,0.9715414012738853,-0.12337769923234103,0.028871391076115485,-0.0292922140927805,0.103576385182022
"frozenset({'National Ketchup (1kg)', 'Olpers Milk (Pack of 6)'})",frozenset({'Butter'}),0.038,0.1966,0.0066,0.1736842105263158,0.8834395245489105,1.0,-0.0008707999999999997,0.9722675159235669,-0.12060941828254844,0.02894736842105263,-0.028523511916460288,0.1036274562295872
frozenset({'Eggs'}),frozenset({'Frozen Paratha'}),0.1982,0.197,0.0344,0.17356205852674067,0.8810256778007141,1.0,-0.004645400000000001,0.9716398046398046,-0.14414478150836,0.09534368070953436,-0.029187971946773774,0.1740906739334211
frozenset({'Eggs'}),frozenset({'National Ketchup (1kg)'}),0.1982,0.2048,0.0344,0.17356205852674067,0.8474709889001009,1.0,-0.00619136,0.9622017094017095,-0.18332125277734354,0.09332609875203472,-0.039283125595145046,0.17076540426337034
frozenset({'Pepsi 1L'}),frozenset({'Tapal Tea (250g)'}),0.2052,0.1996,0.0356,0.17348927875243664,0.8691847632887607,1.0,-0.005357920000000002,0.9684084905660378,-0.15921171492416683,0.09642470205850488,-0.0326220905141971,0.17592299608964518
"frozenset({'Chicken', 'Bread'})",frozenset({'Jam'}),0.0392,0.1984,0.0068,0.17346938775510204,0.8743416721527321,1.0,-0.0009772799999999996,0.9698370370370369,-0.1301180179796344,0.029462738301559793,-0.031101063179762918,0.10387179065174457
"frozenset({'Chicken', 'Frozen Paratha'})",frozenset({'Surf Excel'}),0.0392,0.2112,0.0068,0.17346938775510204,0.8213512677798392,1.0,-0.00147904,0.9543506172839505,-0.18459203642317987,0.02791461412151067,-0.04783292627395786,0.10283317872603587
"frozenset({'Eggs', 'Thal Sugar (200ml)'})",frozenset({'Guard Rice (1kg)'}),0.0392,0.1952,0.0068,0.17346938775510204,0.8886751421880227,1.0,-0.0008518400000000004,0.9737086419753086,-0.1153429524676113,0.029876977152899824,-0.027001257759565078,0.10415272666443626
"frozenset({'Chicken', 'Frozen Paratha'})",frozenset({'Lux Soap'}),0.0392,0.1936,0.0068,0.17346938775510204,0.8960195648507338,1.0,-0.0007891199999999999,0.9756444444444444,-0.10776559017611327,0.030088495575221235,-0.02496355685131195,0.1042966773486254
"frozenset({'Chicken', 'Frozen Paratha'})",frozenset({'Butter'}),0.0392,0.1966,0.0068,0.17346938775510204,0.8823468349700002,1.0,-0.0009067199999999997,0.9720148148148148,-0.12186834691727057,0.0296943231441048,-0.02879090396427428,0.10402869184296303
"frozenset({'Eggs', 'Thal Sugar (200ml)'})",frozenset({'Olpers Milk (Pack of 6)'}),0.0392,0.196,0.0068,0.17346938775510204,0.8850478967097043,1.0,-0.0008832000000000007,0.9727407407407408,-0.11908357423307597,0.029772329246935198,-0.028023149558330806,0.10408163265306122
"frozenset({'Eggs', 'Thal Sugar (200ml)'})",frozenset({'Frozen Paratha'}),0.0392,0.197,0.0068,0.17346938775510204,0.8805552677923961,1.0,-0.0009224000000000003,0.9715308641975308,-0.12371510118242884,0.029642545771578026,-0.029303377639972567,0.10399357712628199
"frozenset({'Chicken', 'Bread'})",frozenset({'Guard Rice (1kg)'}),0.0392,0.1952,0.0068,0.17346938775510204,0.8886751421880227,1.0,-0.0008518400000000004,0.9737086419753086,-0.1153429524676113,0.029876977152899824,-0.027001257759565078,0.10415272666443626
"frozenset({'Pepsi 1L', 'Jam'})",frozenset({'Olpers Milk (Pack of 6)'}),0.0346,0.196,0.006,0.17341040462427745,0.8847469623687625,1.0,-0.0007815999999999995,0.9726713286713288,-0.11889260724064489,0.026714158504007126,-0.028096511661346458,0.10201132476111832
"frozenset({'Butter', 'Pepsi 1L'})",frozenset({'National Ketchup (1kg)'}),0.0346,0.2048,0.006,0.17341040462427745,0.8467304913294798,1.0,-0.0010860799999999997,0.9620251748251749,-0.15789534897244736,0.02570694087403599,-0.03947383724311187,0.10135363981213873
"frozenset({'Guard Rice (1kg)', 'Thal Sugar (200ml)'})",frozenset({'Shan Biryani Masala'}),0.0346,0.2088,0.006,0.17341040462427745,0.8305096006909839,1.0,-0.00122448,0.957186013986014,-0.17450490816431236,0.02527379949452401,-0.044729013366686755,0.10107301840409275
"frozenset({'Butter', 'Pepsi 1L'})",frozenset({'Thal Sugar (200ml)'}),0.0346,0.1964,0.006,0.17341040462427745,0.8829450337285003,1.0,-0.0007954399999999997,0.9721874125874126,-0.12074367319182004,0.02666666666666667,-0.028608257062870256,0.10198015139564179
"frozenset({'Butter', 'Pepsi 1L'})",frozenset({'Eggs'}),0.0346,0.1982,0.006,0.17341040462427745,0.8749263603646693,1.0,-0.0008577199999999993,0.9700097902097903,-0.12897812370303083,0.026455026455026457,-0.030917430002148333,0.10184142834644751
"frozenset({'Butter', 'Pepsi 1L'})",frozenset({'Olpers Milk (Pack of 6)'}),0.0346,0.196,0.006,0.17341040462427745,0.8847469623687625,1.0,-0.0007815999999999995,0.9726713286713288,-0.11889260724064489,0.026714158504007126,-0.028096511661346458,0.10201132476111832
"frozenset({'Butter', 'Pepsi 1L'})",frozenset({'Lays Chips'}),0.0346,0.206,0.006,0.17341040462427745,0.841798080700376,1.0,-0.0011275999999999994,0.9605734265734267,-0.16294797687861265,0.025575447570332484,-0.04104483044801327,0.10126830910825524
"frozenset({'Surf Excel', 'Nestle Water'})",frozenset({'Shan Biryani Masala'}),0.0404,0.2088,0.007,0.17326732673267328,0.8298243617465195,1.0,-0.00143552,0.9570203592814371,-0.17607865841093523,0.028901734104046242,-0.0449098499334261,0.10339611547361634
"frozenset({'Pepsi 1L', 'National Ketchup (1kg)'})",frozenset({'Tapal Tea (250g)'}),0.0404,0.1996,0.007,0.17326732673267328,0.86807277922181,1.0,-0.001063839999999999,0.968148502994012,-0.13672208342329548,0.030042918454935626,-0.03289939188821429,0.1041687335066172
"frozenset({'Nestle Water', 'Surf Excel'})",frozenset({'Dalda Cooking Oil (500ml)'}),0.0404,0.2026,0.007,0.17326732673267328,0.8552187894011515,1.0,-0.0011850399999999992,0.964519760479042,-0.1499625422664965,0.029661016949152543,-0.036785394115032254,0.1039090829122399
"frozenset({'Nestle Water', 'Surf Excel'})",frozenset({'National Ketchup (1kg)'}),0.0404,0.2048,0.007,0.17326732673267328,0.8460318688118812,1.0,-0.0012739200000000004,0.9618586826347306,-0.15941695281762763,0.029387069689336694,-0.03965376416917345,0.10372350711633664
"frozenset({'Pepsi 1L', 'National Ketchup (1kg)'})",frozenset({'Surf Excel'}),0.0404,0.2112,0.007,0.17326732673267328,0.8203945394539455,1.0,-0.0015324800000000001,0.9541173652694611,-0.18576235684293213,0.028618152085036798,-0.04808908882774685,0.10320563306330634
"frozenset({'Lux Soap', 'Bread'})",frozenset({'Eggs'}),0.0358,0.1982,0.0062,0.17318435754189945,0.8737858604535795,1.0,-0.0008955599999999992,0.9697445945945946,-0.13028980446927366,0.027216856892010536,-0.03119935452494454,0.1022329456730688
"frozenset({'Lux Soap', 'Bread'})",frozenset({'National Ketchup (1kg)'}),0.0358,0.2048,0.0062,0.17318435754189945,0.8456267458100559,1.0,-0.0011318400000000003,0.9617621621621621,-0.15919256021198674,0.02645051194539249,-0.03975810168272203,0.10172889752094973
"frozenset({'Olpers Milk (Pack of 6)', 'Shan Biryani Masala'})",frozenset({'Eggs'}),0.0358,0.1982,0.0062,0.17318435754189945,0.8737858604535795,1.0,-0.0008955599999999992,0.9697445945945946,-0.13028980446927366,0.027216856892010536,-0.03119935452494454,0.1022329456730688
"frozenset({'Lux Soap', 'Bread'})",frozenset({'Frozen Paratha'}),0.0358,0.197,0.0062,0.17318435754189945,0.8791084139182713,1.0,-0.0008526000000000002,0.9711959459459458,-0.12481992902568431,0.02736098852603707,-0.02965833431892971,0.10232821938008678
"frozenset({'Bread', 'Thal Sugar (200ml)'})",frozenset({'Tapal Tea (250g)'}),0.0358,0.1996,0.0062,0.17318435754189945,0.8676571019133239,1.0,-0.00094568,0.9680513513513513,-0.136585534943643,0.02705061082024433,-0.033003051546852256,0.10212324089519823
frozenset({'Guard Rice (1kg)'}),frozenset({'Lux Soap'}),0.1952,0.1936,0.0338,0.17315573770491802,0.8943994716163121,1.0,-0.003990720000000003,0.9752743494423791,-0.12793656004431778,0.09521126760563378,-0.02535250780640126,0.1738712572822111
"frozenset({'Biscuits', 'Shan Biryani Masala'})",frozenset({'Bread'}),0.0416,0.2058,0.0072,0.17307692307692307,0.8409957389549225,1.0,-0.0013612799999999994,0.9604279069767443,-0.16476876597722512,0.02997502081598668,-0.04120256474827114,0.10403117290872392
"frozenset({'Dalda Cooking Oil (500ml)', 'Jam'})",frozenset({'Eggs'}),0.037,0.1982,0.0064,0.17297297297297298,0.8727193389151009,1.0,-0.0009333999999999992,0.9694967320261438,-0.13152777386354017,0.027972027972027972,-0.0314629920516675,0.10263179425641586
"frozenset({'Biscuits', 'Jam'})",frozenset({'Surf Excel'}),0.037,0.2112,0.0064,0.17297297297297298,0.819000819000819,1.0,-0.0014143999999999988,0.9537777777777777,-0.18665540540540523,0.026468155500413565,-0.04846225535880707,0.10163800163800164
"frozenset({'Dalda Cooking Oil (500ml)', 'Eggs'})",frozenset({'Pepsi 1L'}),0.037,0.2052,0.0064,0.17297297297297298,0.8429482113692641,1.0,-0.0011923999999999988,0.961032679738562,-0.16210778182609153,0.02714164546225615,-0.040547341503556884,0.10208102839681787
"frozenset({'Dalda Cooking Oil (500ml)', 'Eggs'})",frozenset({'Jam'}),0.037,0.1984,0.0064,0.17297297297297298,0.8718395815170009,1.0,-0.0009407999999999994,0.9692549019607843,-0.13243243243243236,0.02794759825327511,-0.03172034309758859,0.10261551874455101
"frozenset({'Lays Chips', 'Nestle Water'})",frozenset({'National Ketchup (1kg)'}),0.037,0.2048,0.0064,0.17297297297297298,0.8445945945945946,1.0,-0.0011776,0.9615163398692811,-0.16041848299912814,0.027187765505522512,-0.04002392734787101,0.10211148648648649
"frozenset({'Dalda Cooking Oil (500ml)', 'Jam'})",frozenset({'Thal Sugar (200ml)'}),0.037,0.1964,0.0064,0.17297297297297298,0.8807177849947708,1.0,-0.0008667999999999992,0.9716732026143791,-0.12330014224751056,0.028193832599118944,-0.029152597096847945,0.10277976550888976
"frozenset({'Dalda Cooking Oil (500ml)', 'Jam'})",frozenset({'Olpers Milk (Pack of 6)'}),0.037,0.196,0.0064,0.17297297297297298,0.882515168229454,1.0,-0.0008519999999999995,0.9721568627450982,-0.1214505644885391,0.028243601059135037,-0.028640580879386847,0.10281301709873139
"frozenset({'Dalda Cooking Oil (500ml)', 'Eggs'})",frozenset({'Frozen Paratha'}),0.037,0.197,0.0064,0.17297297297297298,0.8780353958018933,1.0,-0.000889,0.9709477124183006,-0.12605995292249225,0.028119507908611598,-0.029921577866783348,0.10273014130882152
"frozenset({'Dalda Cooking Oil (500ml)', 'Jam'})",frozenset({'Butter'}),0.037,0.1966,0.0064,0.17297297297297298,0.8798218360781942,1.0,-0.0008741999999999995,0.9714313725490197,-0.1242220138119191,0.028169014084507043,-0.029408796399087646,0.10276319045393309
"frozenset({'Biscuits', 'Jam'})",frozenset({'Thal Sugar (200ml)'}),0.037,0.1964,0.0064,0.17297297297297298,0.8807177849947708,1.0,-0.0008667999999999992,0.9716732026143791,-0.12330014224751056,0.028193832599118944,-0.029152597096847945,0.10277976550888976
"frozenset({'Butter', 'Eggs'})",frozenset({'Lux Soap'}),0.037,0.1936,0.0064,0.17297297297297298,0.8934554389099845,1.0,-0.0007631999999999995,0.9750588235294118,-0.11018711018711011,0.028545941123996433,-0.02557915057915056,0.1030154121063212
"frozenset({'Lays Chips', 'Nestle Water'})",frozenset({'Dalda Cooking Oil (500ml)'}),0.037,0.2026,0.0064,0.17297297297297298,0.8537659080600838,1.0,-0.0010961999999999994,0.9641764705882353,-0.15100421522439864,0.0274442538593482,-0.037154536025867844,0.10228115578559804
frozenset({'Butter'}),frozenset({'Chicken'}),0.1966,0.198,0.034,0.17293997965412006,0.873434240677374,1.0,-0.004926800000000002,0.96969987699877,-0.15280500210902423,0.09428729894620078,-0.031246908161945076,0.17232857568564589
"frozenset({'Nestle Water', 'Bread'})",frozenset({'Pepsi 1L'}),0.0428,0.2052,0.0074,0.17289719626168226,0.8425789291504984,1.0,-0.0013825599999999997,0.9609446327683616,-0.16331043345964483,0.030756442227763924,-0.04064268210659,0.10447978721466179
"frozenset({'Dalda Cooking Oil (500ml)', 'Bread'})",frozenset({'Guard Rice (1kg)'}),0.0428,0.1952,0.0074,0.17289719626168226,0.8857438333077984,1.0,-0.0009545600000000001,0.9730350282485876,-0.11875827336697421,0.032090199479618386,-0.027712231285186073,0.10540351616362802
frozenset({'National Ketchup (1kg)'}),frozenset({'Chicken'}),0.2048,0.198,0.0354,0.1728515625,0.8729876893939393,1.0,-0.005150400000000006,0.9695962219598584,-0.15466443726937285,0.09635274904735981,-0.03135715399002495,0.1758197206439394
"frozenset({'Butter', 'Thal Sugar (200ml)'})",frozenset({'Eggs'}),0.0324,0.1982,0.0056,0.17283950617283952,0.8720459443634689,1.0,-0.0008216799999999991,0.9693402985074627,-0.13167442277861094,0.02488888888888889,-0.03162945101915747,0.10054689738510796
frozenset({'Lays Chips'}),frozenset({'Eggs'}),0.206,0.1982,0.0356,0.17281553398058253,0.8719249948566223,1.0,-0.005229199999999996,0.9693122065727701,-0.15611602717968917,0.09658166033640804,-0.031659348989046474,0.17621604146052336
frozenset({'Lays Chips'}),frozenset({'Jam'}),0.206,0.1984,0.0356,0.17281553398058253,0.8710460382085813,1.0,-0.0052703999999999945,0.9690704225352114,-0.15715273967701138,0.09652928416485901,-0.031916749026219396,0.17612550892577514
"frozenset({'Biscuits', 'Bread'})",frozenset({'Eggs'}),0.0382,0.1982,0.0066,0.17277486910994766,0.8717198239654272,1.0,-0.0009712399999999991,0.9692645569620254,-0.1326990129960978,0.028720626631853784,-0.03171006596414608,0.10303728319271349
"frozenset({'Nestle Water', 'Shan Biryani Masala'})",frozenset({'National Ketchup (1kg)'}),0.0382,0.2048,0.0066,0.17277486910994766,0.8436272905759162,1.0,-0.0012233599999999997,0.9612860759493671,-0.16157987331005222,0.027918781725888325,-0.0402730519241101,0.10250071580497383
"frozenset({'Butter', 'Surf Excel'})",frozenset({'Nestle Water'}),0.0382,0.2062,0.0066,0.17277486910994766,0.8378994622208907,1.0,-0.0012768399999999996,0.9595936708860761,-0.16746057560146466,0.027754415475189233,-0.04210774866471697,0.10239131428339285
"frozenset({'Biscuits', 'Bread'})",frozenset({'Pepsi 1L'}),0.0382,0.2052,0.0066,0.17277486910994766,0.8419827929334681,1.0,-0.0012386399999999992,0.9608025316455696,-0.1632685341895888,0.02787162162162162,-0.04079659145703615,0.10246930590000307
"frozenset({'Olpers Milk (Pack of 6)', 'Eggs'})",frozenset({'Lux Soap'}),0.0382,0.1936,0.0066,0.17277486910994766,0.8924321751546883,1.0,-0.0007955199999999992,0.9748253164556963,-0.1113643363104403,0.029307282415630548,-0.025824815091830773,0.10343288910042837
"frozenset({'Olpers Milk (Pack of 6)', 'Eggs'})",frozenset({'Butter'}),0.0382,0.1966,0.0066,0.17277486910994766,0.8788141867240471,1.0,-0.0009101199999999995,0.9711987341772153,-0.1253954257371176,0.02892199824715162,-0.02965537825498175,0.10317278552140313
"frozenset({'Olpers Milk (Pack of 6)', 'Eggs'})",frozenset({'Chicken'}),0.0382,0.198,0.0066,0.17277486910994766,0.8726003490401396,1.0,-0.0009636000000000002,0.9695063291139241,-0.13179274237226937,0.028745644599303132,-0.03145278165841939,0.10305410122164049
frozenset({'Dalda Cooking Oil (500ml)'}),frozenset({'Olpers Milk (Pack of 6)'}),0.2026,0.196,0.035,0.1727541954590326,0.8813989564236356,1.0,-0.004709600000000001,0.9718997613365156,-0.14438387913644365,0.09625962596259625,-0.028912692215133602,0.1756628120152306
"frozenset({'Jam', 'Tapal Tea (250g)'})",frozenset({'Lays Chips'}),0.0336,0.206,0.0058,0.17261904761904762,0.837956541840037,1.0,-0.0011215999999999995,0.9596546762589929,-0.16673802388088096,0.02480752780153978,-0.042041501739234724,0.10038719371243643
"frozenset({'Pepsi 1L', 'Nestle Water'})",frozenset({'Noodles'}),0.0394,0.2052,0.0068,0.17258883248730963,0.8410761817120352,1.0,-0.0012848799999999995,0.9605865030674846,-0.16437080399541504,0.028595458368376788,-0.04103065867223246,0.10286361702338191
"frozenset({'Biscuits', 'Lux Soap'})",frozenset({'Thal Sugar (200ml)'}),0.0394,0.1964,0.0068,0.17258883248730963,0.8787618762082976,1.0,-0.0009381599999999995,0.9712220858895705,-0.12558632654372545,0.029694323144104803,-0.029630621593691335,0.10360602520495828
"frozenset({'Biscuits', 'Lux Soap'})",frozenset({'Tapal Tea (250g)'}),0.0394,0.1996,0.0068,0.17258883248730963,0.8646735094554591,1.0,-0.0010642400000000002,0.9673546012269938,-0.14009941655959732,0.02928509905254091,-0.033747085847938986,0.10332848437992737
"frozenset({'Noodles', 'Thal Sugar (200ml)'})",frozenset({'Frozen Paratha'}),0.0394,0.197,0.0068,0.17258883248730963,0.8760854440980184,1.0,-0.0009618000000000005,0.9704969325153373,-0.12834472929910815,0.029616724738675958,-0.030399959542578302,0.10355329949238579
"frozenset({'Pepsi 1L', 'Nestle Water'})",frozenset({'Biscuits'}),0.0394,0.1972,0.0068,0.17258883248730963,0.8751969193068441,1.0,-0.0009696799999999997,0.9702552147239263,-0.12926033357505437,0.02959094865100087,-0.030656661077093115,0.10353579555399964
frozenset({'Noodles'}),frozenset({'Lux Soap'}),0.2052,0.1936,0.0354,0.17251461988304095,0.8910879126190132,1.0,-0.004326719999999999,0.9745187279151943,-0.13328306015776903,0.09741331865712713,-0.026147544787895636,0.17768292977623124
frozenset({'Olpers Milk (Pack of 6)'}),frozenset({'Bread'}),0.196,0.2058,0.0338,0.17244897959183672,0.8379445072489636,1.0,-0.006536800000000009,0.9596991368680641,-0.19390128144280994,0.0918478260869565,-0.041993226401615825,0.1683430515063168
"frozenset({'Dalda Cooking Oil (500ml)', 'Nestle Water'})",frozenset({'Surf Excel'}),0.0406,0.2112,0.007,0.1724137931034483,0.8163531870428423,1.0,-0.001574719999999999,0.9531333333333333,-0.18994224728967535,0.028594771241830064,-0.04917115478771769,0.10277886624869384
"frozenset({'Chicken', 'Eggs'})",frozenset({'Noodles'}),0.0348,0.2052,0.006,0.1724137931034483,0.8402231632721652,1.0,-0.001140959999999999,0.9603833333333333,-0.16458939205096235,0.025641025641025644,-0.04125088940180134,0.10082677959265982
"frozenset({'Dalda Cooking Oil (500ml)', 'Nestle Water'})",frozenset({'Tapal Tea (250g)'}),0.0406,0.1996,0.007,0.1724137931034483,0.8637965586345104,1.0,-0.0011037599999999996,0.9671500000000001,-0.14115372220431835,0.030017152658662095,-0.03396577573282323,0.10374196669200471
"frozenset({'Dalda Cooking Oil (500ml)', 'Shan Biryani Masala'})",frozenset({'Pepsi 1L'}),0.0406,0.2052,0.007,0.1724137931034483,0.8402231632721652,1.0,-0.001331119999999999,0.9603833333333333,-0.16541981279793996,0.02931323283082077,-0.04125088940180134,0.1032634267661491
"frozenset({'Dalda Cooking Oil (500ml)', 'Shan Biryani Masala'})",frozenset({'Olpers Milk (Pack of 6)'}),0.0406,0.196,0.007,0.1724137931034483,0.8796622097114708,1.0,-0.0009576000000000003,0.9715,-0.1247947454844007,0.03048780487804878,-0.02933607822954194,0.10406403940886699
"frozenset({'Pepsi 1L', 'Shan Biryani Masala'})",frozenset({'Dalda Cooking Oil (500ml)'}),0.0406,0.2026,0.007,0.1724137931034483,0.8510058889607517,1.0,-0.0012255599999999997,0.963525,-0.154326211127565,0.02963590177815411,-0.037855789937988105,0.1034823160976274
"frozenset({'Chicken', 'Eggs'})",frozenset({'Jam'}),0.0348,0.1984,0.006,0.1724137931034483,0.8690211345939934,1.0,-0.0009043199999999993,0.9686,-0.1350634454082729,0.026408450704225355,-0.03241792277513936,0.10132786429365963
"frozenset({'National Ketchup (1kg)', 'Thal Sugar (200ml)'})",frozenset({'Biscuits'}),0.0348,0.1972,0.006,0.1724137931034483,0.8743092956564316,1.0,-0.0008625599999999992,0.97005,-0.12963497330832482,0.026548672566371685,-0.030874697180557673,0.10141987829614606
frozenset({'Biscuits'}),frozenset({'Dalda Cooking Oil (500ml)'}),0.1972,0.2026,0.034,0.1724137931034483,0.8510058889607517,1.0,-0.005952719999999995,0.963525,-0.17904037305190804,0.09294696555494807,-0.037855789937988105,0.17011607720325425
"frozenset({'Surf Excel', 'Bread'})",frozenset({'Jam'}),0.0406,0.1984,0.007,0.1724137931034483,0.8690211345939934,1.0,-0.0010550399999999993,0.9686,-0.1357691060425899,0.03017241379310345,-0.03241792277513936,0.1038480255839822
"frozenset({'Dalda Cooking Oil (500ml)', 'Shan Biryani Masala'})",frozenset({'Butter'}),0.0406,0.1966,0.007,0.1724137931034483,0.8769775844529415,1.0,-0.0009819599999999996,0.970775,-0.1275643823657791,0.030408340573414426,-0.030104813164739494,0.10400954151611885
"frozenset({'Chicken', 'Eggs'})",frozenset({'Thal Sugar (200ml)'}),0.0348,0.1964,0.006,0.1724137931034483,0.8778706369829343,1.0,-0.0008347199999999989,0.9710166666666666,-0.12597797739785555,0.026642984014209593,-0.029848440637819443,0.1014818456352272
frozenset({'Shan Biryani Masala'}),frozenset({'Guard Rice (1kg)'}),0.2088,0.1952,0.036,0.17241379310344826,0.8832673827020915,1.0,-0.004757760000000007,0.9724666666666666,-0.14312944030497332,0.09782608695652172,-0.02831288133269353,0.17842001130582247
frozenset({'Jam'}),frozenset({'Surf Excel'}),0.1984,0.2112,0.0342,0.17237903225806453,0.816188599706745,1.0,-0.00770208,0.9530933008526187,-0.21932750136686716,0.09110282365476827,-0.04921522279657134,0.16715542521994137
frozenset({'Jam'}),frozenset({'Lux Soap'}),0.1984,0.1936,0.0342,0.17237903225806453,0.8903875633164491,1.0,-0.004210239999999997,0.9743590742996345,-0.13313028696320875,0.09558412520961432,-0.02631568420378902,0.174515962410024
"frozenset({'National Ketchup (1kg)', 'Surf Excel'})",frozenset({'Lays Chips'}),0.0418,0.206,0.0072,0.1722488038277512,0.8361592418822874,1.0,-0.0014107999999999985,0.9592254335260116,-0.16977462863304213,0.029925187032418955,-0.04250780374338637,0.10360013006921541
"frozenset({'Guard Rice (1kg)', 'Shan Biryani Masala'})",frozenset({'Pepsi 1L'}),0.036,0.2052,0.0062,0.17222222222222222,0.8392895819796404,1.0,-0.0011871999999999994,0.9601610738255033,-0.16571747627024003,0.026382978723404255,-0.041491919700274,0.10121832358674464
"frozenset({'Noodles', 'Eggs'})",frozenset({'Tapal Tea (250g)'}),0.036,0.1996,0.0062,0.17222222222222222,0.8628367846804721,1.0,-0.0009855999999999997,0.9669261744966443,-0.14156038147765135,0.02702702702702703,-0.03420511966239103,0.10164217323535961
"frozenset({'Noodles', 'Eggs'})",frozenset({'Lux Soap'}),0.036,0.1936,0.0062,0.17222222222222222,0.8895775941230487,1.0,-0.0007695999999999996,0.9741744966442953,-0.1140756551642357,0.02775290957923008,-0.02651014109347442,0.10212350780532599
"frozenset({'Guard Rice (1kg)', 'Shan Biryani Masala'})",frozenset({'Surf Excel'}),0.036,0.2112,0.0062,0.17222222222222222,0.8154461279461279,1.0,-0.0014031999999999994,0.9529127516778524,-0.19013550135501348,0.025726141078838173,-0.049414018480955606,0.10078914141414141
"frozenset({'Pepsi 1L', 'Bread'})",frozenset({'Dalda Cooking Oil (500ml)'}),0.036,0.2026,0.0062,0.17222222222222222,0.8500603268619064,1.0,-0.0010936000000000001,0.9633020134228188,-0.15467300294184208,0.02667814113597246,-0.0380960343338071,0.10141219699462542
"frozenset({'Butter', 'Tapal Tea (250g)'})",frozenset({'Lays Chips'}),0.036,0.206,0.0062,0.17222222222222222,0.8360302049622438,1.0,-0.0012159999999999992,0.9591946308724834,-0.16905794683572453,0.026293469041560647,-0.04254128183599215,0.1011596548004315
"frozenset({'Butter', 'Lays Chips'})",frozenset({'Tapal Tea (250g)'}),0.036,0.1996,0.0062,0.17222222222222222,0.8628367846804721,1.0,-0.0009855999999999997,0.9669261744966443,-0.14156038147765135,0.02702702702702703,-0.03420511966239103,0.10164217323535961
"frozenset({'Guard Rice (1kg)', 'Shan Biryani Masala'})",frozenset({'Nestle Water'}),0.036,0.2062,0.0062,0.17222222222222222,0.835219312425908,1.0,-0.0012231999999999998,0.9589530201342283,-0.1698888888888889,0.02627118644067797,-0.0428039528568629,0.10114505873477746
"frozenset({'Noodles', 'National Ketchup (1kg)'})",frozenset({'Butter'}),0.043,0.1966,0.0074,0.17209302325581396,0.875345998249308,1.0,-0.0010537999999999988,0.9703988764044944,-0.1295294753921037,0.03186907838070629,-0.030504078596198695,0.10486645059026711
"frozenset({'Noodles', 'National Ketchup (1kg)'})",frozenset({'Shan Biryani Masala'}),0.043,0.2088,0.0074,0.17209302325581396,0.8242003029493006,1.0,-0.001578399999999999,0.9556629213483147,-0.18225907022932483,0.03027823240589198,-0.0463940555411856,0.10376681814131694
"frozenset({'Olpers Milk (Pack of 6)', 'Tapal Tea (250g)'})",frozenset({'Lux Soap'}),0.0372,0.1936,0.0064,0.17204301075268819,0.8886519150448771,1.0,-0.0008019199999999985,0.9739636363636365,-0.11515485709034075,0.0285204991087344,-0.02673237753882913,0.1025504309961788
"frozenset({'Lays Chips', 'Thal Sugar (200ml)'})",frozenset({'Dalda Cooking Oil (500ml)'}),0.0372,0.2026,0.0064,0.17204301075268819,0.8491757687694382,1.0,-0.001136719999999999,0.9630935064935066,-0.15574408382931604,0.027420736932305054,-0.03832077909118613,0.10181617467545565
"frozenset({'Lux Soap', 'Dalda Cooking Oil (500ml)'})",frozenset({'Shan Biryani Masala'}),0.0326,0.2088,0.0056,0.17177914110429449,0.8226970359401077,1.0,-0.0012068799999999996,0.9553007407407408,-0.18218926621902315,0.023748939779474128,-0.04679077211287352,0.099299532237971
"frozenset({'Lux Soap', 'Dalda Cooking Oil (500ml)'})",frozenset({'Eggs'}),0.0326,0.1982,0.0056,0.17177914110429449,0.8666959692446745,1.0,-0.0008613199999999988,0.9680992592592593,-0.13717995272951966,0.024866785079928955,-0.032951931773142304,0.10001671485083544
"frozenset({'Lux Soap', 'Olpers Milk (Pack of 6)'})",frozenset({'Noodles'}),0.0326,0.2052,0.0056,0.17177914110429449,0.8371303172723903,1.0,-0.0010895199999999992,0.9596474074074074,-0.16743917282417586,0.024117140396210164,-0.04204939468508494,0.0995347947236872
"frozenset({'Butter', 'Olpers Milk (Pack of 6)'})",frozenset({'Bread'}),0.0326,0.2058,0.0056,0.17177914110429449,0.8346897041024999,1.0,-0.0011090800000000001,0.958922962962963,-0.1699343601184092,0.024054982817869414,-0.04283663925422504,0.09949501272901799
"frozenset({'Lux Soap', 'Dalda Cooking Oil (500ml)'})",frozenset({'Frozen Paratha'}),0.0326,0.197,0.0056,0.17177914110429449,0.8719753355547943,1.0,-0.0008221999999999995,0.969548148148148,-0.13177042265258884,0.024999999999999998,-0.03140829252267189,0.1001027685216904
frozenset({'Chicken'}),frozenset({'Butter'}),0.198,0.1966,0.034,0.1717171717171717,0.873434240677374,1.0,-0.004926800000000002,0.9699585365853659,-0.15303092424863649,0.09428729894620078,-0.030971904758312525,0.17232857568564589
"frozenset({'Surf Excel', 'Shan Biryani Masala'})",frozenset({'Dalda Cooking Oil (500ml)'}),0.0396,0.2026,0.0068,0.17171717171717168,0.8475674813285868,1.0,-0.0012229600000000012,0.9627146341463415,-0.15772639572435296,0.02888700084961767,-0.03872940592278445,0.10264042198889187
"frozenset({'Chicken', 'Olpers Milk (Pack of 6)'})",frozenset({'Guard Rice (1kg)'}),0.0396,0.1952,0.0068,0.17171717171717168,0.8796986256002647,1.0,-0.0009299200000000016,0.9716487804878048,-0.12464346222308026,0.029824561403508767,-0.029178464566138578,0.10327661864547108
"frozenset({'Lux Soap', 'Guard Rice (1kg)'})",frozenset({'Noodles'}),0.0338,0.2052,0.0058,0.1715976331360947,0.8362457755170307,1.0,-0.0011357599999999995,0.9594371428571428,-0.16851738647896347,0.024871355060034305,-0.04227776404618181,0.09993137017428516
"frozenset({'Pepsi 1L', 'Lays Chips'})",frozenset({'Dalda Cooking Oil (500ml)'}),0.0408,0.2026,0.007,0.1715686274509804,0.846834291465846,1.0,-0.0012660800000000002,0.9625420118343196,-0.15864709892136816,0.02961082910321489,-0.03891569168424832,0.10305973327139345
"frozenset({'Surf Excel', 'Thal Sugar (200ml)'})",frozenset({'Eggs'}),0.0408,0.1982,0.007,0.1715686274509804,0.8656338418313845,1.0,-0.0010865599999999994,0.96785325443787,-0.13928542128148325,0.03017241379310345,-0.03321448309930106,0.10344324409885045
"frozenset({'Pepsi 1L', 'Lays Chips'})",frozenset({'Nestle Water'}),0.0408,0.2062,0.007,0.1715686274509804,0.8320495996652784,1.0,-0.0014129600000000004,0.9581964497041422,-0.1738522718324278,0.029166666666666667,-0.04362732747419954,0.10275812555866187
"frozenset({'Surf Excel', 'Thal Sugar (200ml)'})",frozenset({'National Ketchup (1kg)'}),0.0408,0.2048,0.007,0.1715686274509804,0.8377374387254901,1.0,-0.0013558400000000014,0.9598863905325444,-0.16800491683023072,0.02933780385582565,-0.041789955418787245,0.1028741574754902
frozenset({'Noodles'}),frozenset({'Guard Rice (1kg)'}),0.2052,0.1952,0.0352,0.17153996101364524,0.8787907838813792,1.0,-0.004855039999999998,0.9714409411764705,-0.1478752436647173,0.09638554216867472,-0.029398656792190322,0.17593391493305213
frozenset({'Noodles'}),frozenset({'Jam'}),0.2052,0.1984,0.0352,0.17153996101364524,0.8646167389800667,1.0,-0.005511679999999998,0.9675783529411764,-0.1645835722203111,0.0955483170466884,-0.033508032667608226,0.17447965792617748
frozenset({'Shan Biryani Masala'}),frozenset({'Olpers Milk (Pack of 6)'}),0.2088,0.196,0.0358,0.17145593869731798,0.8747751974352957,1.0,-0.005124800000000006,0.9703768786127168,-0.153208872051698,0.09701897018970188,-0.030527439431196547,0.1770544999609039
"frozenset({'Lux Soap', 'Thal Sugar (200ml)'})",frozenset({'Tapal Tea (250g)'}),0.035,0.1996,0.006,0.1714285714285714,0.858860578299456,1.0,-0.0009860000000000008,0.966,-0.14551357733175924,0.026246719160104987,-0.035196687370600444,0.10074434583452618
"frozenset({'Dalda Cooking Oil (500ml)', 'Olpers Milk (Pack of 6)'})",frozenset({'Lux Soap'}),0.035,0.1936,0.006,0.1714285714285714,0.8854781582054309,1.0,-0.0007760000000000006,0.9732413793103448,-0.118184587267743,0.026954177897574125,-0.027494331065759662,0.10121015348288075
"frozenset({'Biscuits', 'Chicken'})",frozenset({'Nestle Water'}),0.035,0.2062,0.006,0.1714285714285714,0.8313703755022862,1.0,-0.0012170000000000002,0.9580344827586207,-0.17368345939774513,0.025510204081632654,-0.04380376489220029,0.10026326728557572
"frozenset({'Dalda Cooking Oil (500ml)', 'Olpers Milk (Pack of 6)'})",frozenset({'Lays Chips'}),0.035,0.206,0.006,0.1714285714285714,0.8321775312066574,1.0,-0.0012100000000000001,0.9582758620689655,-0.17285714285714288,0.025531914893617023,-0.04354084202950703,0.10027739251040221
"frozenset({'Dalda Cooking Oil (500ml)', 'Olpers Milk (Pack of 6)'})",frozenset({'National Ketchup (1kg)'}),0.035,0.2048,0.006,0.1714285714285714,0.8370535714285713,1.0,-0.0011680000000000006,0.9597241379310344,-0.16786432883012367,0.02566295979469632,-0.041966082207530946,0.1003627232142857
"frozenset({'Butter', 'Frozen Paratha'})",frozenset({'Tapal Tea (250g)'}),0.035,0.1996,0.006,0.1714285714285714,0.858860578299456,1.0,-0.0009860000000000008,0.966,-0.14551357733175924,0.026246719160104987,-0.035196687370600444,0.10074434583452618
"frozenset({'Dalda Cooking Oil (500ml)', 'Olpers Milk (Pack of 6)'})",frozenset({'Noodles'}),0.035,0.2052,0.006,0.1714285714285714,0.835421888053467,1.0,-0.0011820000000000008,0.9592413793103447,-0.16953528399311543,0.025619128949615714,-0.042490473793946396,0.10033416875522137
"frozenset({'Dalda Cooking Oil (500ml)', 'Olpers Milk (Pack of 6)'})",frozenset({'Surf Excel'}),0.035,0.2112,0.006,0.1714285714285714,0.8116883116883116,1.0,-0.0013920000000000009,0.9519999999999998,-0.19381787802840444,0.024979184013322234,-0.05042016806722693,0.09991883116883116
"frozenset({'Dalda Cooking Oil (500ml)', 'Olpers Milk (Pack of 6)'})",frozenset({'Tapal Tea (250g)'}),0.035,0.1996,0.006,0.1714285714285714,0.858860578299456,1.0,-0.0009860000000000008,0.966,-0.14551357733175924,0.026246719160104987,-0.035196687370600444,0.10074434583452618
"frozenset({'Jam', 'Guard Rice (1kg)'})",frozenset({'Nestle Water'}),0.035,0.2062,0.006,0.1714285714285714,0.8313703755022862,1.0,-0.0012170000000000002,0.9580344827586207,-0.17368345939774513,0.025510204081632654,-0.04380376489220029,0.10026326728557572
"frozenset({'National Ketchup (1kg)', 'Lays Chips'})",frozenset({'Eggs'}),0.0432,0.1982,0.0074,0.1712962962962963,0.8642598198602236,1.0,-0.0011622400000000001,0.9675351955307263,-0.1410047363925771,0.03162393162393162,-0.033554132830760384,0.10431616025712898
"frozenset({'National Ketchup (1kg)', 'Lays Chips'})",frozenset({'Bread'}),0.0432,0.2058,0.0074,0.1712962962962963,0.8323435194183494,1.0,-0.0014905600000000001,0.9583642458100559,-0.17390979689366787,0.030629139072847682,-0.043444603001389706,0.1036267681675845
"frozenset({'Lays Chips', 'Olpers Milk (Pack of 6)'})",frozenset({'Lux Soap'}),0.0362,0.1936,0.0062,0.17127071823204418,0.8846628007853522,1.0,-0.0008083200000000004,0.973056,-0.1191530510563277,0.027728085867620753,-0.02769008155748489,0.10164775581023697
"frozenset({'Lays Chips', 'Olpers Milk (Pack of 6)'})",frozenset({'Biscuits'}),0.0362,0.1972,0.0062,0.17127071823204418,0.8685127699393722,1.0,-0.0009386400000000001,0.9687119999999999,-0.13575540192647018,0.0272887323943662,-0.032298557259536384,0.10135544025192472
"frozenset({'Olpers Milk (Pack of 6)', 'Frozen Paratha'})",frozenset({'Nestle Water'}),0.0374,0.2062,0.0064,0.1711229946524064,0.8298884318739399,1.0,-0.0013118799999999996,0.9576812903225808,-0.17556058732529314,0.026981450252951098,-0.044188719258747275,0.10108041100224588
"frozenset({'Olpers Milk (Pack of 6)', 'Frozen Paratha'})",frozenset({'Thal Sugar (200ml)'}),0.0374,0.1964,0.0064,0.1711229946524064,0.8712983434440246,1.0,-0.0009453600000000001,0.9695045161290322,-0.13303687025049254,0.02814423922603342,-0.031454710487299135,0.10185477634860646
"frozenset({'Butter', 'Jam'})",frozenset({'Dalda Cooking Oil (500ml)'}),0.0374,0.2026,0.0064,0.1711229946524064,0.8446347218776229,1.0,-0.0011772400000000004,0.9620245161290323,-0.16043325865236285,0.027397260273972605,-0.039474548968640076,0.10135616662531476
"frozenset({'Butter', 'Jam'})",frozenset({'Chicken'}),0.0374,0.198,0.0064,0.1711229946524064,0.8642575487495273,1.0,-0.0010052000000000004,0.9675741935483871,-0.14027664586426716,0.02794759825327511,-0.03351247549575262,0.10172311348781937
"frozenset({'Olpers Milk (Pack of 6)', 'Frozen Paratha'})",frozenset({'Biscuits'}),0.0374,0.1972,0.0064,0.1711229946524064,0.8677636645659554,1.0,-0.0009752799999999994,0.9685393548387097,-0.13667193578403336,0.028045574057844,-0.03248256769755055,0.10178867785358657
"frozenset({'Noodles', 'Bread'})",frozenset({'Pepsi 1L'}),0.0386,0.2052,0.0066,0.17098445595854922,0.8332575826440021,1.0,-0.001320720000000001,0.9587274999999998,-0.17228370615030614,0.02782462057335582,-0.043049250177970275,0.10157409932430385
"frozenset({'National Ketchup (1kg)', 'Nestle Water'})",frozenset({'Shan Biryani Masala'}),0.0386,0.2088,0.0066,0.17098445595854922,0.8188910725984158,1.0,-0.0014596800000000014,0.9543849999999999,-0.1870204947648408,0.027408637873754152,-0.047795176998800294,0.10129682568042403
"frozenset({'Eggs', 'Tapal Tea (250g)'})",frozenset({'Surf Excel'}),0.0386,0.2112,0.0066,0.17098445595854922,0.8095854922279793,1.0,-0.0015523200000000011,0.9514899999999998,-0.19655691124853764,0.027138157894736843,-0.0509831947787155,0.10111722797927461
"frozenset({'Pepsi 1L', 'Frozen Paratha'})",frozenset({'Biscuits'}),0.0386,0.1972,0.0066,0.17098445595854922,0.8670611356924404,1.0,-0.0010119200000000004,0.9683774999999999,-0.13754220378515628,0.02879581151832461,-0.03265513707206125,0.10222650789813871
"frozenset({'Dalda Cooking Oil (500ml)', 'National Ketchup (1kg)'})",frozenset({'Noodles'}),0.0386,0.2052,0.0066,0.17098445595854922,0.8332575826440021,1.0,-0.001320720000000001,0.9587274999999998,-0.17228370615030614,0.02782462057335582,-0.043049250177970275,0.10157409932430385
"frozenset({'Dalda Cooking Oil (500ml)', 'National Ketchup (1kg)'})",frozenset({'Chicken'}),0.0386,0.198,0.0066,0.17098445595854922,0.8635578583765112,1.0,-0.0010428000000000008,0.9674125,-0.1411470430587816,0.028695652173913042,-0.03368521700929026,0.10215889464594127
"frozenset({'National Ketchup (1kg)', 'Nestle Water'})",frozenset({'Olpers Milk (Pack of 6)'}),0.0386,0.196,0.0066,0.17098445595854922,0.8723696732579042,1.0,-0.0009656000000000005,0.9698249999999999,-0.13207784604778663,0.02894736842105263,-0.031113860748073117,0.10232896267315217
"frozenset({'Noodles', 'Bread'})",frozenset({'Lux Soap'}),0.0386,0.1936,0.0066,0.17098445595854922,0.8831841733396137,1.0,-0.0008729599999999999,0.9727199999999999,-0.12093873818957633,0.02925531914893617,-0.028045069495846696,0.10253768252472915
"frozenset({'National Ketchup (1kg)', 'Nestle Water'})",frozenset({'Guard Rice (1kg)'}),0.0386,0.1952,0.0066,0.17098445595854922,0.8759449588040431,1.0,-0.0009347200000000009,0.9707899999999999,-0.12839630986983455,0.029049295774647887,-0.030088896671782796,0.10239796568419264
frozenset({'National Ketchup (1kg)'}),frozenset({'Lux Soap'}),0.2048,0.1936,0.035,0.1708984375,0.8827398631198348,1.0,-0.004649279999999999,0.9726190812720849,-0.14313721626733916,0.09631260319207487,-0.028151739211309517,0.1758417807334711
"frozenset({'Noodles', 'Nestle Water'})",frozenset({'Pepsi 1L'}),0.0398,0.2052,0.0068,0.1708542713567839,0.8326231547601556,1.0,-0.0013669600000000013,0.9585769696969696,-0.17311355162911346,0.028547439126784212,-0.043213045600422856,0.10199633645811905
"frozenset({'Frozen Paratha', 'Bread'})",frozenset({'Eggs'}),0.0398,0.1982,0.0068,0.1708542713567839,0.8620296233944699,1.0,-0.0010883600000000009,0.967019393939394,-0.1428721454713485,0.029411764705882353,-0.034105423600918026,0.1025815251839419
"frozenset({'Noodles', 'Nestle Water'})",frozenset({'Biscuits'}),0.0398,0.1972,0.0068,0.1708542713567839,0.8664009703690868,1.0,-0.0010485599999999996,0.9682254545454545,-0.13837042354630288,0.029539530842745437,-0.032817300253134125,0.10266851498873678
"frozenset({'Frozen Paratha', 'Nestle Water'})",frozenset({'Shan Biryani Masala'}),0.0398,0.2088,0.0068,0.1708542713567839,0.8182675831263597,1.0,-0.001510240000000002,0.9542351515151515,-0.18785014179809964,0.02812241521918941,-0.04795971769870589,0.10171066058260651
"frozenset({'Frozen Paratha', 'Bread'})",frozenset({'Thal Sugar (200ml)'}),0.0398,0.1964,0.0068,0.1708542713567839,0.8699300985579629,1.0,-0.0010167199999999996,0.969190303030303,-0.13473485571316493,0.02964254577157803,-0.03178910980987566,0.10273874463969541
"frozenset({'Noodles', 'Nestle Water'})",frozenset({'Bread'}),0.0398,0.2058,0.0068,0.1708542713567839,0.8301956820057527,1.0,-0.0013908400000000017,0.9578533333333333,-0.17560667659907597,0.028475711892797316,-0.04400116928130962,0.10194802975030644
"frozenset({'Noodles', 'Surf Excel'})",frozenset({'Eggs'}),0.041,0.1982,0.007,0.17073170731707316,0.8614112377248898,1.0,-0.0011262,0.9668764705882353,-0.14366261863455454,0.030146425495262707,-0.034258284713054164,0.10302478403189683
"frozenset({'Pepsi 1L', 'Surf Excel'})",frozenset({'Dalda Cooking Oil (500ml)'}),0.041,0.2026,0.007,0.17073170731707316,0.8427033924830857,1.0,-0.0013066000000000006,0.9615705882352941,-0.16292583171230493,0.029585798816568046,-0.03996525292566697,0.10264127320443983
"frozenset({'Lays Chips', 'Chicken'})",frozenset({'Biscuits'}),0.041,0.1972,0.007,0.17073170731707316,0.8657794488695394,1.0,-0.0010851999999999988,0.9680823529411763,-0.1391603190479853,0.030276816608996542,-0.03296997095531494,0.10311433236036213
"frozenset({'Pepsi 1L', 'Surf Excel'})",frozenset({'Noodles'}),0.041,0.2052,0.007,0.17073170731707316,0.8320258641182903,1.0,-0.0014132000000000007,0.9584352941176469,-0.17390662302183071,0.029264214046822744,-0.043367252998146505,0.10242238387296153
"frozenset({'Noodles', 'Surf Excel'})",frozenset({'Pepsi 1L'}),0.041,0.2052,0.007,0.17073170731707316,0.8320258641182903,1.0,-0.0014132000000000007,0.9584352941176469,-0.17390662302183071,0.029264214046822744,-0.043367252998146505,0.10242238387296153
"frozenset({'Pepsi 1L', 'Surf Excel'})",frozenset({'National Ketchup (1kg)'}),0.041,0.2048,0.007,0.17073170731707316,0.8336509146341462,1.0,-0.001396800000000001,0.9589176470588234,-0.17223606007546438,0.029313232830820768,-0.04284242037591405,0.10245569740853658
"frozenset({'Lays Chips', 'Chicken'})",frozenset({'Thal Sugar (200ml)'}),0.041,0.1964,0.007,0.17073170731707316,0.8693060454026128,1.0,-0.0010523999999999993,0.9690470588235293,-0.1355242485898987,0.030381944444444448,-0.03194162852529472,0.10318662758929015
frozenset({'Nestle Water'}),frozenset({'Biscuits'}),0.2062,0.1972,0.0352,0.17070805043646947,0.8656594849719548,1.0,-0.005462639999999991,0.9680547368421053,-0.16353055286129947,0.09560021727322109,-0.032999438918199446,0.17460351811884328
"frozenset({'Jam', 'Bread'})",frozenset({'Pepsi 1L'}),0.0422,0.2052,0.0072,0.17061611374407581,0.8314625426124552,1.0,-0.0014594399999999993,0.9583017142857142,-0.17466609220163715,0.02997502081598668,-0.043512690306900074,0.10285191652116071
"frozenset({'Butter', 'Chicken'})",frozenset({'Olpers Milk (Pack of 6)'}),0.034,0.196,0.0058,0.17058823529411762,0.8703481392557021,1.0,-0.000864000000000001,0.9693617021276596,-0.13360549267025437,0.025869759143621763,-0.03160667251975421,0.10009003601440575
"frozenset({'Guard Rice (1kg)', 'Surf Excel'})",frozenset({'Noodles'}),0.034,0.2052,0.0058,0.17058823529411762,0.8313266827198715,1.0,-0.0011768000000000004,0.9582695035460992,-0.17357956221606,0.024850042844901457,-0.04354776636371713,0.09942667125329663
"frozenset({'Biscuits', 'Dalda Cooking Oil (500ml)'})",frozenset({'Noodles'}),0.034,0.2052,0.0058,0.17058823529411762,0.8313266827198715,1.0,-0.0011768000000000004,0.9582695035460992,-0.17357956221606,0.024850042844901457,-0.04354776636371713,0.09942667125329663
"frozenset({'Shan Biryani Masala', 'Tapal Tea (250g)'})",frozenset({'Surf Excel'}),0.034,0.2112,0.0058,0.17058823529411762,0.8077094474153297,1.0,-0.0013808000000000006,0.9510354609929077,-0.19772037344636012,0.02422723475355054,-0.05148550292327888,0.09902517825311942
"frozenset({'Biscuits', 'Dalda Cooking Oil (500ml)'})",frozenset({'Thal Sugar (200ml)'}),0.034,0.1964,0.0058,0.17058823529411762,0.8685755361207619,1.0,-0.000877600000000001,0.9688794326241134,-0.13542373927535353,0.025823686553873553,-0.03212016513922644,0.10005990176111176
"frozenset({'Shan Biryani Masala', 'Tapal Tea (250g)'})",frozenset({'Nestle Water'}),0.034,0.2062,0.0058,0.17058823529411762,0.8272950305243338,1.0,-0.0012108000000000006,0.957063829787234,-0.1777034166960198,0.024744027303754263,-0.044862389400204546,0.09935813316597249
"frozenset({'Biscuits', 'Dalda Cooking Oil (500ml)'})",frozenset({'Bread'}),0.034,0.2058,0.0058,0.17058823529411762,0.8289029897673353,1.0,-0.0011972000000000016,0.95754609929078,-0.176058823529412,0.02478632478632478,-0.0443361429185122,0.09938546847310352
"frozenset({'Guard Rice (1kg)', 'Tapal Tea (250g)'})",frozenset({'Butter'}),0.034,0.1966,0.0058,0.17058823529411762,0.8676919394410866,1.0,-0.0008844000000000005,0.9686382978723403,-0.1363300036995931,0.02580071174377224,-0.03237710319377941,0.10004488061755729
"frozenset({'Butter', 'Chicken'})",frozenset({'Dalda Cooking Oil (500ml)'}),0.034,0.2026,0.0058,0.17058823529411762,0.8419952383717553,1.0,-0.0010884000000000007,0.9614042553191489,-0.16266140602582504,0.025129982668977466,-0.04014517770991018,0.09960803669937865
"frozenset({'Butter', 'Chicken'})",frozenset({'Shan Biryani Masala'}),0.034,0.2088,0.0058,0.17058823529411762,0.8169934640522875,1.0,-0.0012992000000000012,0.9539290780141844,-0.1882352941176472,0.024472573839662445,-0.048295961458395334,0.0991830065359477
"frozenset({'Butter', 'Chicken'})",frozenset({'Guard Rice (1kg)'}),0.034,0.1952,0.0058,0.17058823529411762,0.8739151398264222,1.0,-0.0008368000000000013,0.9703262411347516,-0.12994595937635894,0.02596239928379588,-0.030581218570927424,0.10015067502410799
"frozenset({'Shan Biryani Masala', 'Tapal Tea (250g)'})",frozenset({'Biscuits'}),0.034,0.1972,0.0058,0.17058823529411762,0.8650519031141868,1.0,-0.0009048000000000007,0.9679148936170212,-0.13903743315508033,0.025732031943212066,-0.03314868548316189,0.09999999999999999
"frozenset({'Butter', 'Chicken'})",frozenset({'Lux Soap'}),0.034,0.1936,0.0058,0.17058823529411762,0.8811375789985415,1.0,-0.0007824000000000008,0.9722553191489361,-0.12253335839127995,0.026149684400360685,-0.02853641456582635,0.10027345649003402
frozenset({'Frozen Paratha'}),frozenset({'Jam'}),0.197,0.1984,0.0336,0.17055837563451776,0.8596692320288194,1.0,-0.005484800000000005,0.9664332925336596,-0.1689418954216156,0.09286898839137646,-0.03473256532620039,0.1699566071720976
"frozenset({'Noodles', 'Guard Rice (1kg)'})",frozenset({'Butter'}),0.0352,0.1966,0.006,0.17045454545454544,0.8670119300841579,1.0,-0.0009203200000000005,0.9684821917808218,-0.1371744729562149,0.026572187776793623,-0.03254350827166362,0.1004866826967539
"frozenset({'Biscuits', 'Nestle Water'})",frozenset({'Chicken'}),0.0352,0.198,0.006,0.17045454545454544,0.8608815426997244,1.0,-0.000969600000000001,0.9667945205479452,-0.14346590909090923,0.02640845070422535,-0.03434595329857178,0.10037878787878787
"frozenset({'Noodles', 'Jam'})",frozenset({'Thal Sugar (200ml)'}),0.0352,0.1964,0.006,0.17045454545454544,0.8678948342899463,1.0,-0.0009132799999999998,0.9687232876712328,-0.13626814362108478,0.026595744680851064,-0.03228652880220825,0.10050222181077578
"frozenset({'Noodles', 'Jam'})",frozenset({'National Ketchup (1kg)'}),0.0352,0.2048,0.006,0.17045454545454544,0.8322975852272726,1.0,-0.0012089600000000002,0.9585972602739726,-0.17276385586244744,0.02564102564102564,-0.04319096396561188,0.09987571022727272
"frozenset({'Lux Soap', 'Surf Excel'})",frozenset({'Biscuits'}),0.0352,0.1972,0.006,0.17045454545454544,0.8643739627512447,1.0,-0.00094144,0.967758904109589,-0.1398820844427539,0.026501766784452298,-0.033315214929564706,0.10044025447169463
"frozenset({'Noodles', 'Jam'})",frozenset({'Dalda Cooking Oil (500ml)'}),0.0352,0.2026,0.006,0.17045454545454544,0.8413353674952885,1.0,-0.0011315200000000004,0.9612493150684931,-0.16350688985480444,0.025884383088869714,-0.04031283489522769,0.1000347751951898
"frozenset({'Lux Soap', 'Chicken'})",frozenset({'Bread'}),0.0352,0.2058,0.006,0.17045454545454544,0.8282533792737873,1.0,-0.001244160000000001,0.9573917808219178,-0.17690417690417706,0.02553191489361702,-0.0445044756301367,0.09980453220249139
"frozenset({'Lux Soap', 'Chicken'})",frozenset({'Olpers Milk (Pack of 6)'}),0.0352,0.196,0.006,0.17045454545454544,0.8696660482374767,1.0,-0.0008992000000000002,0.9692054794520548,-0.13444976076555026,0.02664298401420959,-0.03177295341474448,0.10053339517625232
frozenset({'Tapal Tea (250g)'}),frozenset({'Shan Biryani Masala'}),0.1996,0.2088,0.034,0.17034068136272545,0.8158078609325932,1.0,-0.007676479999999999,0.9536444444444445,-0.22001898533909922,0.09081196581196584,-0.0486088455981731,0.16658796520243552
frozenset({'Tapal Tea (250g)'}),frozenset({'Guard Rice (1kg)'}),0.1996,0.1952,0.034,0.17034068136272545,0.8726469332106837,1.0,-0.004961920000000002,0.9700367149758454,-0.15421413546696375,0.0942350332594235,-0.03088881540416819,0.17226050461578896
"frozenset({'Dalda Cooking Oil (500ml)', 'Noodles'})",frozenset({'Chicken'}),0.0364,0.198,0.0062,0.1703296703296703,0.8602508602508601,1.0,-0.0010072000000000006,0.9666490066225165,-0.14426657805177104,0.02716914986853637,-0.03450165794305449,0.10082140082140081
"frozenset({'Butter', 'Guard Rice (1kg)'})",frozenset({'Thal Sugar (200ml)'}),0.0364,0.1964,0.0062,0.1703296703296703,0.867259013898525,1.0,-0.0009489600000000004,0.9685774834437085,-0.13706797933927278,0.02736098852603707,-0.03244192343246601,0.10094894921778831
"frozenset({'Olpers Milk (Pack of 6)', 'Nestle Water'})",frozenset({'Bread'}),0.0376,0.2058,0.0064,0.1702127659574468,0.8270785517854558,1.0,-0.0013380800000000002,0.9571128205128205,-0.17847158496766896,0.0270042194092827,-0.04480890712988316,0.10065545975228997
"frozenset({'Olpers Milk (Pack of 6)', 'Nestle Water'})",frozenset({'Guard Rice (1kg)'}),0.0376,0.1952,0.0064,0.1702127659574468,0.8719916288803626,1.0,-0.0009395200000000001,0.9698871794871795,-0.13234763793725207,0.028268551236749116,-0.03104775601708898,0.10149982560167423
"frozenset({'Biscuits', 'Noodles'})",frozenset({'Bread'}),0.0376,0.2058,0.0064,0.1702127659574468,0.8270785517854558,1.0,-0.0013380800000000002,0.9571128205128205,-0.17847158496766896,0.0270042194092827,-0.04480890712988316,0.10065545975228997
"frozenset({'Olpers Milk (Pack of 6)', 'Nestle Water'})",frozenset({'Noodles'}),0.0376,0.2052,0.0064,0.1702127659574468,0.8294969101240098,1.0,-0.0013155199999999997,0.9578358974358974,-0.1759921229504687,0.027072758037225045,-0.0440201736821253,0.10070092488905479
"frozenset({'Olpers Milk (Pack of 6)', 'Nestle Water'})",frozenset({'Frozen Paratha'}),0.0376,0.197,0.0064,0.1702127659574468,0.8640241926773949,1.0,-0.0010072000000000006,0.9677179487179487,-0.1405416266660714,0.028045574057843997,-0.03335894650380225,0.10135003780105843
"frozenset({'Dalda Cooking Oil (500ml)', 'Tapal Tea (250g)'})",frozenset({'Lux Soap'}),0.0388,0.1936,0.0066,0.17010309278350516,0.8786316776007498,1.0,-0.0009116799999999998,0.9716869565217392,-0.1256519102486355,0.029229406554472984,-0.029138029782359662,0.10209700093720712
"frozenset({'Noodles', 'Pepsi 1L'})",frozenset({'Tapal Tea (250g)'}),0.0388,0.1996,0.0066,0.17010309278350516,0.8522199037249758,1.0,-0.0011444800000000007,0.9644571428571429,-0.15283371614764177,0.028472821397756688,-0.03685270766678515,0.10158461252401711
"frozenset({'Noodles', 'Pepsi 1L'})",frozenset({'Bread'}),0.0388,0.2058,0.0066,0.17010309278350516,0.8265456403474497,1.0,-0.0013850400000000006,0.9569863354037268,-0.17920134144826735,0.02773109243697479,-0.0449469997689434,0.1010865318144931
"frozenset({'Biscuits', 'Lays Chips'})",frozenset({'Frozen Paratha'}),0.0388,0.197,0.0066,0.17010309278350516,0.8634674760584018,1.0,-0.0010436000000000004,0.9675900621118012,-0.14126526899419567,0.028795811518324606,-0.03349552579887279,0.10180281542728557
"frozenset({'Biscuits', 'Lays Chips'})",frozenset({'Dalda Cooking Oil (500ml)'}),0.0388,0.2026,0.0066,0.17010309278350516,0.8396006553973601,1.0,-0.0012608800000000007,0.9608422360248448,-0.16580054702293298,0.028109028960817715,-0.04075358316590775,0.10133979910646136
"frozenset({'Biscuits', 'National Ketchup (1kg)'})",frozenset({'Noodles'}),0.0388,0.2052,0.0066,0.17010309278350516,0.8289624404654248,1.0,-0.00136176,0.9577093167701863,-0.176721587192824,0.02780117944397641,-0.04415816207410019,0.10113341773678182
"frozenset({'Biscuits', 'National Ketchup (1kg)'})",frozenset({'Olpers Milk (Pack of 6)'}),0.0388,0.196,0.0066,0.17010309278350516,0.8678729223648222,1.0,-0.0010048000000000001,0.9687950310559007,-0.13673129470166234,0.02892199824715162,-0.03221008360260553,0.10188828108563014
"frozenset({'Biscuits', 'National Ketchup (1kg)'})",frozenset({'Lux Soap'}),0.0388,0.1936,0.0066,0.17010309278350516,0.8786316776007498,1.0,-0.0009116799999999998,0.9716869565217392,-0.1256519102486355,0.029229406554472984,-0.029138029782359662,0.10209700093720712
"frozenset({'Noodles', 'Pepsi 1L'})",frozenset({'Lays Chips'}),0.0388,0.206,0.0066,0.17010309278350516,0.8257431688519669,1.0,-0.0013927999999999996,0.956745341614907,-0.1800246099122108,0.027707808564231738,-0.04521021060011943,0.10107096386748074
"frozenset({'Biscuits', 'Lays Chips'})",frozenset({'Shan Biryani Masala'}),0.0388,0.2088,0.0066,0.17010309278350516,0.8146699845953311,1.0,-0.0015014400000000015,0.9533714285714286,-0.19137936308850087,0.02738589211618257,-0.04890913450011988,0.100856144092902
"frozenset({'Lux Soap', 'Nestle Water'})",frozenset({'Guard Rice (1kg)'}),0.0388,0.1952,0.0066,0.17010309278350516,0.8714297786040223,1.0,-0.0009737600000000006,0.9697590062111802,-0.13306949743634602,0.029023746701846962,-0.03118402984156915,0.10195728409667061
"frozenset({'Dalda Cooking Oil (500ml)', 'Tapal Tea (250g)'})",frozenset({'Butter'}),0.0388,0.1966,0.0066,0.17010309278350516,0.865224276620067,1.0,-0.0010280799999999998,0.968072049689441,-0.13945740640260443,0.028846153846153844,-0.032980964919709775,0.10183689735818188
"frozenset({'Noodles', 'Pepsi 1L'})",frozenset({'Shan Biryani Masala'}),0.0388,0.2088,0.0066,0.17010309278350516,0.8146699845953311,1.0,-0.0015014400000000015,0.9533714285714286,-0.19137936308850087,0.02738589211618257,-0.04890913450011988,0.100856144092902
"frozenset({'Biscuits', 'National Ketchup (1kg)'})",frozenset({'Frozen Paratha'}),0.0388,0.197,0.0066,0.17010309278350516,0.8634674760584018,1.0,-0.0010436000000000004,0.9675900621118012,-0.14126526899419567,0.028795811518324606,-0.03349552579887279,0.10180281542728557
"frozenset({'Guard Rice (1kg)', 'Nestle Water'})",frozenset({'Tapal Tea (250g)'}),0.04,0.1996,0.0068,0.16999999999999998,0.8517034068136272,1.0,-0.0011840000000000002,0.9643373493975903,-0.15352697095435686,0.029209621993127145,-0.03698150924537733,0.10203406813627254
"frozenset({'Noodles', 'Shan Biryani Masala'})",frozenset({'Frozen Paratha'}),0.04,0.197,0.0068,0.16999999999999998,0.8629441624365481,1.0,-0.0010800000000000002,0.9674698795180722,-0.14195583596214514,0.029539530842745434,-0.033623910336239134,0.10225888324873095
"frozenset({'Bread', 'Tapal Tea (250g)'})",frozenset({'Noodles'}),0.0306,0.2052,0.0052,0.16993464052287582,0.8281415230159641,1.0,-0.0010791199999999994,0.9575149606299213,-0.17632679738562082,0.022549869904596707,-0.04437010502909433,0.09763788556358216
frozenset({'National Ketchup (1kg)'}),frozenset({'Thal Sugar (200ml)'}),0.2048,0.1964,0.0348,0.16992187499999997,0.8651826629327901,1.0,-0.005422720000000006,0.9681016470588235,-0.16384978341584175,0.09497816593886463,-0.032949384021901465,0.17355564218431768
"frozenset({'Lays Chips', 'Surf Excel'})",frozenset({'Eggs'}),0.0412,0.1982,0.007,0.16990291262135923,0.8572296297747691,1.0,-0.0011658399999999987,0.9659111111111113,-0.14799731892594534,0.030120481927710843,-0.03529195233055719,0.10261038668403986
"frozenset({'Biscuits', 'Olpers Milk (Pack of 6)'})",frozenset({'Surf Excel'}),0.033,0.2112,0.0056,0.16969696969696968,0.8034894398530762,1.0,-0.0013696000000000003,0.9500145985401459,-0.2018629878552058,0.02347024308466052,-0.052615403528182454,0.0981060606060606
"frozenset({'Noodles', 'Frozen Paratha'})",frozenset({'Nestle Water'}),0.033,0.2062,0.0056,0.16969696969696968,0.822972694941657,1.0,-0.0012046000000000001,0.956036496350365,-0.1819692437838001,0.023972602739726026,-0.045985172969299964,0.09842753431502219
"frozenset({'Olpers Milk (Pack of 6)', 'Thal Sugar (200ml)'})",frozenset({'Dalda Cooking Oil (500ml)'}),0.033,0.2026,0.0056,0.16969696969696968,0.8375960991953094,1.0,-0.0010858000000000005,0.9603722627737226,-0.1670204583910168,0.02434782608695652,-0.04126289227869366,0.09866882048520745
"frozenset({'Biscuits', 'Olpers Milk (Pack of 6)'})",frozenset({'Nestle Water'}),0.033,0.2062,0.0056,0.16969696969696968,0.822972694941657,1.0,-0.0012046000000000001,0.956036496350365,-0.1819692437838001,0.023972602739726026,-0.045985172969299964,0.09842753431502219
"frozenset({'Noodles', 'Frozen Paratha'})",frozenset({'Lays Chips'}),0.033,0.206,0.0056,0.16969696969696968,0.8237716975581053,1.0,-0.0011980000000000003,0.9562773722627738,-0.18115284582350452,0.023993144815766924,-0.04572170063353943,0.09844071785819358
"frozenset({'Olpers Milk (Pack of 6)', 'Thal Sugar (200ml)'})",frozenset({'Shan Biryani Masala'}),0.033,0.2088,0.0056,0.16969696969696968,0.812724950655985,1.0,-0.0012904000000000006,0.952905109489051,-0.19243617275113345,0.023708721422523282,-0.04942243466004845,0.0982584465343086
"frozenset({'Jam', 'Surf Excel'})",frozenset({'Chicken'}),0.0342,0.198,0.0058,0.1695906432748538,0.8565184003780494,1.0,-0.0009716000000000013,0.9657887323943661,-0.1478114293712083,0.02561837455830388,-0.03542313806127957,0.09944178628389154
"frozenset({'Lux Soap', 'Jam'})",frozenset({'Dalda Cooking Oil (500ml)'}),0.0342,0.2026,0.0058,0.1695906432748538,0.8370712896093474,1.0,-0.0011289200000000011,0.9602492957746478,-0.16773047116436093,0.025108225108225104,-0.041396233665846764,0.09910924068974673
frozenset({'Shan Biryani Masala'}),frozenset({'Chicken'}),0.2088,0.198,0.0354,0.16954022988505746,0.8562637872982699,1.0,-0.0059424000000000005,0.9657301038062284,-0.1750293365002615,0.09531502423263327,-0.0354859976495543,0.17416405433646812
frozenset({'Surf Excel'}),frozenset({'Chicken'}),0.2112,0.198,0.0358,0.16950757575757575,0.8560988674625037,1.0,-0.006017600000000005,0.9656921322690992,-0.17566229495945906,0.09587573647562934,-0.03552671351923225,0.17515782828282828
"frozenset({'Chicken', 'Thal Sugar (200ml)'})",frozenset({'Eggs'}),0.0354,0.1982,0.006,0.1694915254237288,0.8551540132377842,1.0,-0.0010162799999999996,0.9654326530612246,-0.14936771371629126,0.02636203866432338,-0.035805031898567194,0.09988198874617318
"frozenset({'Chicken', 'Thal Sugar (200ml)'})",frozenset({'Nestle Water'}),0.0354,0.2062,0.006,0.1694915254237288,0.8219763599598875,1.0,-0.0012994799999999996,0.9558000000000001,-0.18335901386748837,0.02546689303904924,-0.04624398409709144,0.0992947442831544
"frozenset({'Lux Soap', 'Noodles'})",frozenset({'Lays Chips'}),0.0354,0.206,0.006,0.1694915254237288,0.8227743952608195,1.0,-0.0012924,0.9560408163265306,-0.18254237288135594,0.02548853016142736,-0.04598044656961106,0.0993088695079809
"frozenset({'Lux Soap', 'Noodles'})",frozenset({'Frozen Paratha'}),0.0354,0.197,0.006,0.1694915254237288,0.8603630732168974,1.0,-0.0009738000000000004,0.9668775510204081,-0.14402342710089633,0.026501766784452298,-0.03425712898663911,0.0999741891078035
"frozenset({'Biscuits', 'Guard Rice (1kg)'})",frozenset({'Lux Soap'}),0.0354,0.1936,0.006,0.1694915254237288,0.8754727552878554,1.0,-0.0008534399999999996,0.9709714285714286,-0.12850999241082717,0.02690582959641256,-0.02989642184557439,0.10024163048045945
"frozenset({'Chicken', 'Guard Rice (1kg)'})",frozenset({'Frozen Paratha'}),0.0366,0.197,0.0062,0.16939890710382513,0.8598929294610412,1.0,-0.001010200000000001,0.9667697368421051,-0.14465981601768813,0.027264731750219876,-0.03437246936011816,0.10043549416104962
"frozenset({'Pepsi 1L', 'Guard Rice (1kg)'})",frozenset({'National Ketchup (1kg)'}),0.0366,0.2048,0.0062,0.16939890710382513,0.8271431010928961,1.0,-0.0012956800000000004,0.957378947368421,-0.1782532371408604,0.026360544217687076,-0.04451847698211127,0.09983617230191257
"frozenset({'Chicken', 'Guard Rice (1kg)'})",frozenset({'Lux Soap'}),0.0366,0.1936,0.0062,0.16939890710382513,0.8749943548751298,1.0,-0.0008857600000000002,0.9708631578947368,-0.12914137084404947,0.02767857142857143,-0.030011275912915258,0.10071185024612744
"frozenset({'Pepsi 1L', 'Guard Rice (1kg)'})",frozenset({'Shan Biryani Masala'}),0.0366,0.2088,0.0062,0.16939890710382513,0.8112974478152544,1.0,-0.001442080000000001,0.9525631578947368,-0.19447726009957989,0.025919732441471572,-0.04979915684551932,0.09954619684693172
"frozenset({'Pepsi 1L', 'Thal Sugar (200ml)'})",frozenset({'Chicken'}),0.0366,0.198,0.0062,0.16939890710382513,0.8555500358779047,1.0,-0.0010468000000000005,0.9655657894736842,-0.1491193581656667,0.02714535901926445,-0.03566221059373426,0.10035601920847823
"frozenset({'Pepsi 1L', 'Guard Rice (1kg)'})",frozenset({'Dalda Cooking Oil (500ml)'}),0.0366,0.2026,0.0062,0.16939890710382513,0.8361249116674488,1.0,-0.0012151600000000007,0.9600276315789473,-0.1690483345019088,0.026609442060085836,-0.04163668534759828,0.10000053943542687
"frozenset({'Lux Soap', 'Lays Chips'})",frozenset({'Olpers Milk (Pack of 6)'}),0.0366,0.196,0.0062,0.16939890710382513,0.8642801382848221,1.0,-0.0009736000000000007,0.9679736842105263,-0.14015328185550516,0.027385159010600707,-0.03308593643802845,0.1005157800825248
"frozenset({'Butter', 'Nestle Water'})",frozenset({'Chicken'}),0.0366,0.198,0.0062,0.16939890710382513,0.8555500358779047,1.0,-0.0010468000000000005,0.9655657894736842,-0.1491193581656667,0.02714535901926445,-0.03566221059373426,0.10035601920847823
"frozenset({'Jam', 'Thal Sugar (200ml)'})",frozenset({'Frozen Paratha'}),0.0366,0.197,0.0062,0.16939890710382513,0.8598929294610412,1.0,-0.001010200000000001,0.9667697368421051,-0.14465981601768813,0.027264731750219876,-0.03437246936011816,0.10043549416104962
"frozenset({'Butter', 'Nestle Water'})",frozenset({'Eggs'}),0.0366,0.1982,0.0062,0.16939890710382513,0.8546867159627908,1.0,-0.0010541199999999995,0.965325,-0.15000569216757736,0.027121609798775155,-0.0359205448942066,0.10034022045403164
"frozenset({'Butter', 'Nestle Water'})",frozenset({'Frozen Paratha'}),0.0366,0.197,0.0062,0.16939890710382513,0.8598929294610412,1.0,-0.001010200000000001,0.9667697368421051,-0.14465981601768813,0.027264731750219876,-0.03437246936011816,0.10043549416104962
"frozenset({'Lux Soap', 'Lays Chips'})",frozenset({'Pepsi 1L'}),0.0366,0.2052,0.0062,0.16939890710382513,0.8255307363734169,1.0,-0.0013103200000000002,0.9568973684210526,-0.17990498942801442,0.026315789473684213,-0.04504415311546913,0.09980666602754609
"frozenset({'Biscuits', 'Thal Sugar (200ml)'})",frozenset({'Nestle Water'}),0.0366,0.2062,0.0062,0.16939890710382513,0.8215271925500734,1.0,-0.0013469199999999997,0.9556934210526317,-0.1840054644808743,0.02620456466610313,-0.04636066124486629,0.09973340117557891
"frozenset({'Pepsi 1L', 'Guard Rice (1kg)'})",frozenset({'Jam'}),0.0366,0.1984,0.0062,0.16939890710382513,0.8538251366120219,1.0,-0.0010614400000000003,0.9650842105263158,-0.15089018156178394,0.0270979020979021,-0.036179008104010556,0.10032445355191257
frozenset({'Jam'}),frozenset({'Frozen Paratha'}),0.1984,0.197,0.0336,0.1693548387096774,0.8596692320288193,1.0,-0.005484800000000005,0.9667184466019416,-0.16918703360050555,0.09286898839137646,-0.03442734905395094,0.1699566071720976
frozenset({'Jam'}),frozenset({'Tapal Tea (250g)'}),0.1984,0.1996,0.0336,0.1693548387096774,0.8484711358200271,1.0,-0.0060006400000000015,0.9635883495145631,-0.18219976680917221,0.09220636663007684,-0.03778755783398625,0.1688457560281854
"frozenset({'Dalda Cooking Oil (500ml)', 'Chicken'})",frozenset({'Tapal Tea (250g)'}),0.0378,0.1996,0.0064,0.16931216931216933,0.8482573612834134,1.0,-0.00114488,0.9635388535031847,-0.1567693099784197,0.027705627705627706,-0.037840867925825424,0.10068814878434118
"frozenset({'Jam', 'Eggs'})",frozenset({'Tapal Tea (250g)'}),0.0378,0.1996,0.0064,0.16931216931216933,0.8482573612834134,1.0,-0.00114488,0.9635388535031847,-0.1567693099784197,0.027705627705627706,-0.037840867925825424,0.10068814878434118
"frozenset({'Jam', 'Eggs'})",frozenset({'Dalda Cooking Oil (500ml)'}),0.0378,0.2026,0.0064,0.16931216931216933,0.8356967883127805,1.0,-0.0012582799999999996,0.9599273885350318,-0.16966274560566094,0.02735042735042735,-0.04174546110839061,0.10045075395519622
"frozenset({'Dalda Cooking Oil (500ml)', 'Thal Sugar (200ml)'})",frozenset({'Pepsi 1L'}),0.0378,0.2052,0.0064,0.16931216931216933,0.8251080375836712,1.0,-0.0013565599999999997,0.9567974522292992,-0.18052228716212615,0.02704987320371936,-0.04515328471040597,0.10025062656641605
"frozenset({'Dalda Cooking Oil (500ml)', 'Thal Sugar (200ml)'})",frozenset({'Jam'}),0.0378,0.1984,0.0064,0.16931216931216933,0.8533879501621439,1.0,-0.0010995199999999997,0.9649834394904458,-0.1514991181657848,0.0278503046127067,-0.03628721393192448,0.10078511691414918
"frozenset({'Dalda Cooking Oil (500ml)', 'Thal Sugar (200ml)'})",frozenset({'Lays Chips'}),0.0378,0.206,0.0064,0.16931216931216933,0.8219037345250939,1.0,-0.0013867999999999997,0.9558343949044587,-0.18380676697309958,0.026958719460825613,-0.04620633587887992,0.10019006523860893
"frozenset({'Dalda Cooking Oil (500ml)', 'Pepsi 1L'})",frozenset({'Lux Soap'}),0.039,0.1936,0.0066,0.16923076923076924,0.8741258741258742,1.0,-0.0009503999999999997,0.9706666666666668,-0.13031674208144792,0.02920353982300885,-0.0302197802197802,0.10166083916083916
"frozenset({'Olpers Milk (Pack of 6)', 'Surf Excel'})",frozenset({'Nestle Water'}),0.039,0.2062,0.0066,0.16923076923076924,0.8207117809445648,1.0,-0.0014418,0.9555000000000001,-0.18521658702019422,0.02766135792120704,-0.04657247514390369,0.10061926434380364
"frozenset({'Dalda Cooking Oil (500ml)', 'Pepsi 1L'})",frozenset({'Jam'}),0.039,0.1984,0.0066,0.16923076923076924,0.8529776674937966,1.0,-0.0011376,0.9648888888888889,-0.15208149514718855,0.028596187175043326,-0.03638876093965912,0.10124844913151365
"frozenset({'Frozen Paratha', 'Surf Excel'})",frozenset({'National Ketchup (1kg)'}),0.039,0.2048,0.0066,0.16923076923076924,0.8263221153846154,1.0,-0.0013871999999999999,0.9571851851851852,-0.17946130559652254,0.027824620573355816,-0.04472991796935459,0.10072866586538462
"frozenset({'Jam', 'Shan Biryani Masala'})",frozenset({'Guard Rice (1kg)'}),0.0414,0.1952,0.007,0.16908212560386474,0.8661994139542251,1.0,-0.0010812799999999996,0.9685674418604651,-0.13877722845980475,0.03048780487804878,-0.03245262723177843,0.10247139067078483
"frozenset({'Nestle Water', 'Tapal Tea (250g)'})",frozenset({'Dalda Cooking Oil (500ml)'}),0.0414,0.2026,0.007,0.16908212560386474,0.8345613307199642,1.0,-0.0013876399999999999,0.9596616279069767,-0.17135927605386125,0.029535864978902957,-0.042033953343535574,0.10181648234783562
"frozenset({'Jam', 'Shan Biryani Masala'})",frozenset({'Eggs'}),0.0414,0.1982,0.007,0.16908212560386474,0.8530884238338282,1.0,-0.0012054799999999992,0.9649569767441861,-0.15229013805510067,0.030094582975064493,-0.03631563282132109,0.10219999317529262
"frozenset({'Jam', 'Olpers Milk (Pack of 6)'})",frozenset({'Biscuits'}),0.032,0.1972,0.0054,0.16875,0.8557302231237324,1.0,-0.0009103999999999996,0.9657744360902255,-0.1483315954118873,0.02412868632707775,-0.03543846537120077,0.09806668356997972
"frozenset({'Jam', 'Olpers Milk (Pack of 6)'})",frozenset({'Nestle Water'}),0.032,0.2062,0.0054,0.16875,0.8183802133850632,1.0,-0.0011983999999999996,0.9549473684210527,-0.18650398406374497,0.023195876288659795,-0.04717813051146382,0.09746908341416102
frozenset({'Pepsi 1L'}),frozenset({'Butter'}),0.2052,0.1966,0.0346,0.16861598440545808,0.8576601444835101,1.0,-0.005742320000000002,0.9663404454865182,-0.1727408370033452,0.09422657952069717,-0.0348319835630345,0.1723039230267372
frozenset({'Pepsi 1L'}),frozenset({'Jam'}),0.2052,0.1984,0.0346,0.16861598440545808,0.8498789536565428,1.0,-0.006111680000000001,0.9641753810082063,-0.18183159703627544,0.0937669376693767,-0.03715570807702335,0.17150557284789034
"frozenset({'Nestle Water', 'Thal Sugar (200ml)'})",frozenset({'Frozen Paratha'}),0.0344,0.197,0.0058,0.1686046511627907,0.8558611734151811,1.0,-0.0009768000000000008,0.9658461538461537,-0.14851123868833327,0.025709219858156027,-0.03536158012105768,0.09902313776413646
"frozenset({'Pepsi 1L', 'Tapal Tea (250g)'})",frozenset({'Dalda Cooking Oil (500ml)'}),0.0356,0.2026,0.006,0.16853932584269662,0.831882161118937,1.0,-0.0012125599999999997,0.959035135135135,-0.17324859693440164,0.02583979328165375,-0.042714665359046125,0.09907716538926539
"frozenset({'Lays Chips', 'Eggs'})",frozenset({'Biscuits'}),0.0356,0.1972,0.006,0.16853932584269662,0.8546618957540397,1.0,-0.001020319999999999,0.9655297297297296,-0.1498989234168585,0.026455026455026457,-0.0357008895830884,0.09948264466577023
"frozenset({'Jam', 'Lays Chips'})",frozenset({'Chicken'}),0.0356,0.198,0.006,0.16853932584269662,0.8512087163772556,1.0,-0.0010488,0.9645675675675676,-0.15344101123595502,0.026362038664323375,-0.03673400767743564,0.09942117807286346
"frozenset({'Lux Soap', 'Butter'})",frozenset({'Pepsi 1L'}),0.0368,0.2052,0.0062,0.16847826086956522,0.821044156284431,1.0,-0.0013513600000000002,0.9558379084967319,-0.18453135241424518,0.026293469041560647,-0.04620249009868493,0.09934634291041614
"frozenset({'Lux Soap', 'Pepsi 1L'})",frozenset({'Lays Chips'}),0.0368,0.206,0.0062,0.16847826086956522,0.8178556352891516,1.0,-0.0013807999999999997,0.954875816993464,-0.18779649214431823,0.02620456466610313,-0.04725659840105135,0.099287674124103
"frozenset({'Noodles', 'Lays Chips'})",frozenset({'Thal Sugar (200ml)'}),0.0368,0.1964,0.0062,0.16847826086956522,0.8578322854865846,1.0,-0.0010275199999999996,0.9664209150326797,-0.146801993325104,0.02731277533039648,-0.034745817733243874,0.10002324448773577
"frozenset({'Noodles', 'Olpers Milk (Pack of 6)'})",frozenset({'Frozen Paratha'}),0.0368,0.197,0.0062,0.16847826086956522,0.855219598322666,1.0,-0.0010496000000000004,0.9656993464052287,-0.14948500592471067,0.027240773286467485,-0.03551897774649414,0.09997517104391966
"frozenset({'Frozen Paratha', 'Thal Sugar (200ml)'})",frozenset({'Surf Excel'}),0.0368,0.2112,0.0062,0.16847826086956522,0.7977190382081687,1.0,-0.0015721600000000004,0.9486222222222221,-0.2083987274655356,0.02564102564102564,-0.05416041979010495,0.09891716073781291
"frozenset({'Olpers Milk (Pack of 6)', 'Guard Rice (1kg)'})",frozenset({'Dalda Cooking Oil (500ml)'}),0.0368,0.2026,0.0062,0.16847826086956522,0.8315807545388214,1.0,-0.0012556800000000003,0.9589647058823529,-0.17373594261932176,0.026586620926243566,-0.04279124546079106,0.09954021631829692
"frozenset({'Thal Sugar (200ml)', 'Tapal Tea (250g)'})",frozenset({'Bread'}),0.0368,0.2058,0.0062,0.16847826086956522,0.8186504415430768,1.0,-0.00137344,0.955116339869281,-0.18698266097412217,0.026226734348561757,-0.046992872236760005,0.09930229855917522
"frozenset({'Lux Soap', 'Pepsi 1L'})",frozenset({'Butter'}),0.0368,0.1966,0.0062,0.16847826086956522,0.8569596178512981,1.0,-0.0010348800000000002,0.9661803921568627,-0.14769820971867012,0.0272887323943662,-0.03500340942299574,0.10000718740324649
"frozenset({'Frozen Paratha', 'Thal Sugar (200ml)'})",frozenset({'Jam'}),0.0368,0.1984,0.0062,0.16847826086956522,0.8491847826086957,1.0,-0.0011011199999999997,0.9640156862745097,-0.15568022440392706,0.027074235807860263,-0.037327518875292884,0.09986413043478261
"frozenset({'National Ketchup (1kg)', 'Bread'})",frozenset({'Lux Soap'}),0.0368,0.1936,0.0062,0.16847826086956522,0.8702389507725476,1.0,-0.0009244800000000001,0.9697882352941176,-0.13405410421790176,0.027653880463871544,-0.031152950310559,0.10025152712899749
"frozenset({'Thal Sugar (200ml)', 'Tapal Tea (250g)'})",frozenset({'Olpers Milk (Pack of 6)'}),0.0368,0.196,0.0062,0.16847826086956522,0.8595829636202307,1.0,-0.0010128000000000003,0.9669019607843138,-0.14500389425940355,0.02736098852603707,-0.034231018818948744,0.10005545696539485
"frozenset({'Lux Soap', 'Shan Biryani Masala'})",frozenset({'Biscuits'}),0.0368,0.1972,0.0062,0.16847826086956522,0.8543522356468825,1.0,-0.00105696,0.9654588235294117,-0.1503755975415434,0.027216856892010536,-0.03577695457204132,0.09995921157068524
"frozenset({'Lux Soap', 'Shan Biryani Masala'})",frozenset({'Chicken'}),0.0368,0.198,0.0062,0.16847826086956522,0.8509003074220465,1.0,-0.0010864000000000004,0.9644967320261438,-0.15391939066962876,0.02712160979877515,-0.036810148541689264,0.09989569609134827
"frozenset({'Noodles', 'Lays Chips'})",frozenset({'Guard Rice (1kg)'}),0.0368,0.1952,0.0062,0.16847826086956522,0.8631058446186742,1.0,-0.0009833600000000008,0.9678640522875817,-0.14138486312399368,0.02745792736935341,-0.03320295617598757,0.10012027797576621
"frozenset({'Biscuits', 'Eggs'})",frozenset({'Chicken'}),0.0368,0.198,0.0062,0.16847826086956522,0.8509003074220465,1.0,-0.0010864000000000004,0.9644967320261438,-0.15391939066962876,0.02712160979877515,-0.036810148541689264,0.09989569609134827
"frozenset({'National Ketchup (1kg)', 'Olpers Milk (Pack of 6)'})",frozenset({'Guard Rice (1kg)'}),0.038,0.1952,0.0064,0.16842105263157897,0.8628127696289906,1.0,-0.0010175999999999996,0.9677974683544305,-0.1418376449598572,0.02821869488536155,-0.03327403997070209,0.10060396893874031
"frozenset({'National Ketchup (1kg)', 'Olpers Milk (Pack of 6)'})",frozenset({'Lux Soap'}),0.038,0.1936,0.0064,0.16842105263157897,0.8699434536755113,1.0,-0.000956799999999999,0.9697215189873418,-0.13450292397660804,0.028419182948490232,-0.031223893065998293,0.1007394519356242
"frozenset({'Bread', 'Shan Biryani Masala'})",frozenset({'Noodles'}),0.038,0.2052,0.0064,0.16842105263157897,0.820765363701652,1.0,-0.0013975999999999988,0.9557721518987342,-0.1850047654347134,0.02702702702702703,-0.04627446825417844,0.09980506822612087
"frozenset({'Bread', 'Shan Biryani Masala'})",frozenset({'Nestle Water'}),0.038,0.2062,0.0064,0.16842105263157897,0.8167849303180358,1.0,-0.0014355999999999996,0.9545696202531647,-0.18908382066276797,0.02691337258200168,-0.047592526289268106,0.09972943999183216
"frozenset({'Shan Biryani Masala', 'Bread'})",frozenset({'Jam'}),0.038,0.1984,0.0064,0.16842105263157897,0.8488964346349747,1.0,-0.001139199999999999,0.9639493670886077,-0.15614035087719286,0.02782608695652174,-0.03739888643765098,0.100339558573854
"frozenset({'Biscuits', 'Surf Excel'})",frozenset({'Jam'}),0.038,0.1984,0.0064,0.16842105263157897,0.8488964346349747,1.0,-0.001139199999999999,0.9639493670886077,-0.15614035087719286,0.02782608695652174,-0.03739888643765098,0.100339558573854
"frozenset({'Butter', 'Shan Biryani Masala'})",frozenset({'Frozen Paratha'}),0.038,0.197,0.0064,0.16842105263157897,0.8549292011755277,1.0,-0.0010860000000000002,0.965632911392405,-0.1499420113768156,0.027996500437445317,-0.035590220882217985,0.10045418113812452
"frozenset({'National Ketchup (1kg)', 'Shan Biryani Masala'})",frozenset({'Thal Sugar (200ml)'}),0.038,0.1964,0.0064,0.16842105263157897,0.857541001179119,1.0,-0.0010631999999999994,0.9663544303797469,-0.14725761772853177,0.028070175438596492,-0.03481700767598435,0.10050380533819275
"frozenset({'National Ketchup (1kg)', 'Shan Biryani Masala'})",frozenset({'Biscuits'}),0.038,0.1972,0.0064,0.16842105263157897,0.8540621330201774,1.0,-0.0010935999999999993,0.9653924050632912,-0.1508330574864834,0.027972027972027972,-0.03584821545642877,0.10043770684317285
"frozenset({'National Ketchup (1kg)', 'Shan Biryani Masala'})",frozenset({'Tapal Tea (250g)'}),0.038,0.1996,0.0064,0.16842105263157897,0.8437928488556061,1.0,-0.0011847999999999997,0.9625063291139242,-0.16138171515745883,0.02768166089965398,-0.038954207106972796,0.100242590444046
"frozenset({'Jam', 'Chicken'})",frozenset({'Butter'}),0.038,0.1966,0.0064,0.16842105263157897,0.8566686298656102,1.0,-0.0010707999999999994,0.966113924050633,-0.14815429741546285,0.028045574057843997,-0.035074617087902694,0.10048723028323608
"frozenset({'Butter', 'Shan Biryani Masala'})",frozenset({'Pepsi 1L'}),0.038,0.2052,0.0064,0.16842105263157897,0.820765363701652,1.0,-0.0013975999999999988,0.9557721518987342,-0.1850047654347134,0.02702702702702703,-0.04627446825417844,0.09980506822612087
"frozenset({'Bread', 'Shan Biryani Masala'})",frozenset({'Dalda Cooking Oil (500ml)'}),0.038,0.2026,0.0064,0.16842105263157897,0.8312983841637659,1.0,-0.0012987999999999993,0.9588987341772153,-0.17420462471162604,0.027327070879590094,-0.04286298892453101,0.10000519561490104
"frozenset({'Biscuits', 'Surf Excel'})",frozenset({'Bread'}),0.038,0.2058,0.0064,0.16842105263157897,0.8183724617666617,1.0,-0.0014203999999999996,0.9550506329113925,-0.187457108166605,0.02695871946082561,-0.04706490477010959,0.09975960308935605
frozenset({'Lux Soap'}),frozenset({'Olpers Milk (Pack of 6)'}),0.1936,0.196,0.0326,0.1683884297520661,0.8591246415921739,1.0,-0.005345600000000006,0.9667975155279503,-0.16898145806569104,0.09131652661064425,-0.0343427490645944,0.1673574801821555
frozenset({'Lux Soap'}),frozenset({'Dalda Cooking Oil (500ml)'}),0.1936,0.2026,0.0326,0.1683884297520661,0.8311373630408001,1.0,-0.006623360000000002,0.9588611180124224,-0.20124453087019936,0.08965896589658966,-0.04290390048649849,0.1646483116183825
"frozenset({'Chicken', 'Frozen Paratha'})",frozenset({'Olpers Milk (Pack of 6)'}),0.0392,0.196,0.0066,0.1683673469387755,0.8590170762182423,1.0,-0.0010832000000000003,0.9667730061349694,-0.14589573949960136,0.02887139107611548,-0.0343689714691847,0.1010204081632653
"frozenset({'Chicken', 'Bread'})",frozenset({'Surf Excel'}),0.0392,0.2112,0.0066,0.1683673469387755,0.7971938775510203,1.0,-0.0016790399999999997,0.9484957055214723,-0.20934825543120472,0.027071369975389663,-0.05430103075713045,0.09980867346938775
frozenset({'Olpers Milk (Pack of 6)'}),frozenset({'Thal Sugar (200ml)'}),0.196,0.1964,0.033,0.1683673469387755,0.8572675506047633,1.0,-0.0054943999999999965,0.9662920245398773,-0.17155846426697965,0.0918196994991653,-0.034883839050802,0.16819589342865454
frozenset({'Olpers Milk (Pack of 6)'}),frozenset({'Biscuits'}),0.196,0.1972,0.033,0.1683673469387755,0.8537897917787804,1.0,-0.005651199999999995,0.9653300613496932,-0.175594720226702,0.09161576901721268,-0.03591511342952726,0.16785507306370825
"frozenset({'Eggs', 'Thal Sugar (200ml)'})",frozenset({'Nestle Water'}),0.0392,0.2062,0.0066,0.1683673469387755,0.8165244759397454,1.0,-0.0014830399999999997,0.9545079754601228,-0.1895423500061347,0.027638190954773868,-0.04766018274278721,0.10018755319780676
frozenset({'Tapal Tea (250g)'}),frozenset({'Jam'}),0.1996,0.1984,0.0336,0.1683366733466934,0.8484711358200272,1.0,-0.0060006400000000015,0.9638515662650602,-0.18242309862443337,0.09220636663007684,-0.037504150016600055,0.1688457560281854
"frozenset({'Biscuits', 'Pepsi 1L'})",frozenset({'Tapal Tea (250g)'}),0.0404,0.1996,0.0068,0.16831683168316833,0.8432706998154725,1.0,-0.0012638399999999996,0.9623857142857143,-0.16225709707900246,0.02915951972555746,-0.039084418186946114,0.10119248397785671
"frozenset({'Biscuits', 'Pepsi 1L'})",frozenset({'Nestle Water'}),0.0404,0.2062,0.0068,0.16831683168316833,0.8162794940987795,1.0,-0.0015304799999999999,0.9544500000000001,-0.18998579898110174,0.02835696413678065,-0.0477238200010477,0.10064726162237951
"frozenset({'Biscuits', 'Pepsi 1L'})",frozenset({'Butter'}),0.0404,0.1966,0.0068,0.16831683168316833,0.8561385131392082,1.0,-0.0011426399999999995,0.9659928571428572,-0.14901563918246402,0.029539530842745437,-0.03520434194278276,0.10145241380699617
"frozenset({'Lux Soap', 'Eggs'})",frozenset({'Lays Chips'}),0.0404,0.206,0.0068,0.16831683168316833,0.8170719984619822,1.0,-0.0015223999999999993,0.9546904761904763,-0.18917253171100235,0.028380634390651086,-0.04745990971893156,0.1006632702105162
"frozenset({'Biscuits', 'Pepsi 1L'})",frozenset({'Jam'}),0.0404,0.1984,0.0068,0.16831683168316833,0.8483711274353243,1.0,-0.0012153599999999995,0.9638285714285715,-0.15701027305235737,0.029310344827586206,-0.037528902590857866,0.10129551261577771
"frozenset({'Surf Excel', 'Nestle Water'})",frozenset({'Lays Chips'}),0.0404,0.206,0.0068,0.16831683168316833,0.8170719984619822,1.0,-0.0015223999999999993,0.9546904761904763,-0.18917253171100235,0.028380634390651086,-0.04745990971893156,0.1006632702105162
"frozenset({'Lux Soap', 'Eggs'})",frozenset({'Shan Biryani Masala'}),0.0404,0.2088,0.0068,0.16831683168316833,0.8061150942680475,1.0,-0.0016355200000000005,0.9513238095238096,-0.20041172434075094,0.028052805280528052,-0.051166795142608294,0.10044194074579872
"frozenset({'Biscuits', 'Shan Biryani Masala'})",frozenset({'Guard Rice (1kg)'}),0.0416,0.1952,0.007,0.16826923076923078,0.8620349936948297,1.0,-0.0011203200000000002,0.967620809248555,-0.14309654214011283,0.030461270670147953,-0.0334626854259061,0.10206494325346785
"frozenset({'Dalda Cooking Oil (500ml)', 'Lays Chips'})",frozenset({'Pepsi 1L'}),0.0416,0.2052,0.007,0.16826923076923078,0.8200254910781227,1.0,-0.0015363199999999999,0.9555976878612717,-0.1863308235659396,0.02919099249374479,-0.04646548720529594,0.10119114559904034
"frozenset({'Dalda Cooking Oil (500ml)', 'Lays Chips'})",frozenset({'Eggs'}),0.0416,0.1982,0.007,0.16826923076923078,0.848987037180781,1.0,-0.0012451199999999997,0.9640138728323701,-0.15654168007724495,0.030068728522336774,-0.03732947023044301,0.10179354575797564
"frozenset({'Dalda Cooking Oil (500ml)', 'Bread'})",frozenset({'Butter'}),0.0428,0.1966,0.0072,0.16822429906542055,0.855667848755954,1.0,-0.0012144800000000004,0.965885393258427,-0.14981890672956416,0.031007751937984496,-0.03531951821580712,0.10242344149608769
frozenset({'Thal Sugar (200ml)'}),frozenset({'Olpers Milk (Pack of 6)'}),0.1964,0.196,0.033,0.1680244399185336,0.8572675506047632,1.0,-0.0054943999999999965,0.9663745410036719,-0.17162920295378145,0.0918196994991653,-0.034795472738142284,0.16819589342865454
frozenset({'National Ketchup (1kg)'}),frozenset({'Eggs'}),0.2048,0.1982,0.0344,0.16796875,0.847470988900101,1.0,-0.00619136,0.9636657276995306,-0.1845619658119658,0.09332609875203472,-0.03770422798702917,0.17076540426337034
frozenset({'Dalda Cooking Oil (500ml)'}),frozenset({'Biscuits'}),0.2026,0.1972,0.034,0.16781836130306022,0.8510058889607517,1.0,-0.005952719999999995,0.9646932384341635,-0.18003455083909167,0.09294696555494807,-0.03659895203903808,0.17011607720325425
frozenset({'Nestle Water'}),frozenset({'Eggs'}),0.2062,0.1982,0.0346,0.16779825412221144,0.8466107675187258,1.0,-0.006268839999999998,0.9634682983682984,-0.18582974252926984,0.09356408869659276,-0.03791686939110569,0.17118469719228635
"frozenset({'Biscuits', 'Butter'})",frozenset({'Chicken'}),0.031,0.198,0.0052,0.16774193548387095,0.8471814923427825,1.0,-0.0009380000000000005,0.9636434108527132,-0.15694016865212163,0.02323503127792672,-0.03772825999517339,0.09700228087324861
"frozenset({'Biscuits', 'Butter'})",frozenset({'Frozen Paratha'}),0.031,0.197,0.0052,0.16774193548387095,0.8514819060094971,1.0,-0.0009070000000000007,0.9648449612403099,-0.1525446533687646,0.02333931777378815,-0.03643594584823046,0.09706893728508269
"frozenset({'Guard Rice (1kg)', 'Frozen Paratha'})",frozenset({'Tapal Tea (250g)'}),0.0322,0.1996,0.0054,0.16770186335403728,0.8401896961625114,1.0,-0.0010271199999999994,0.9616746268656716,-0.16425405070011695,0.023851590106007067,-0.03985274443523578,0.09737798578523507
"frozenset({'National Ketchup (1kg)', 'Guard Rice (1kg)'})",frozenset({'Surf Excel'}),0.0322,0.2112,0.0054,0.16770186335403728,0.7940429136081311,1.0,-0.0014006399999999999,0.9477373134328357,-0.2113612081922387,0.0226890756302521,-0.05514469655928337,0.09663502258610955
"frozenset({'National Ketchup (1kg)', 'Guard Rice (1kg)'})",frozenset({'Tapal Tea (250g)'}),0.0322,0.1996,0.0054,0.16770186335403728,0.8401896961625114,1.0,-0.0010271199999999994,0.9616746268656716,-0.16425405070011695,0.023851590106007067,-0.03985274443523578,0.09737798578523507
"frozenset({'Nestle Water', 'Eggs'})",frozenset({'Bread'}),0.0346,0.2058,0.0058,0.1676300578034682,0.8145289494823528,1.0,-0.0013206800000000003,0.9541430555555556,-0.19084971098265902,0.024722932651321396,-0.048060869046250065,0.09790637972777881
"frozenset({'Nestle Water', 'Eggs'})",frozenset({'Biscuits'}),0.0346,0.1972,0.0058,0.1676300578034682,0.8500510030601837,1.0,-0.0010231199999999998,0.964475,-0.15449290593799261,0.02566371681415929,-0.03683351045905802,0.09852091125467528
"frozenset({'Nestle Water', 'Eggs'})",frozenset({'Olpers Milk (Pack of 6)'}),0.0346,0.196,0.0058,0.1676300578034682,0.8552553969564705,1.0,-0.0009816,0.9659166666666666,-0.1491584763224595,0.02580071174377224,-0.03528599775688034,0.09861094726908104
"frozenset({'Butter', 'Pepsi 1L'})",frozenset({'Dalda Cooking Oil (500ml)'}),0.0346,0.2026,0.0058,0.1676300578034682,0.8273941648739793,1.0,-0.0012099600000000004,0.9579875,-0.17769279571408436,0.025064822817631807,-0.04385495635381464,0.09812894795405394
"frozenset({'Pepsi 1L', 'Jam'})",frozenset({'Chicken'}),0.0346,0.198,0.0058,0.1676300578034682,0.8466164535528697,1.0,-0.0010508000000000002,0.9635138888888889,-0.15801218624626326,0.025573192239858905,-0.037867758349790274,0.09846149354819875
"frozenset({'Bread', 'Thal Sugar (200ml)'})",frozenset({'Shan Biryani Masala'}),0.0358,0.2088,0.006,0.1675977653631285,0.8026712900532974,1.0,-0.0014750400000000004,0.9505020134228188,-0.20316683745991873,0.025146689019279127,-0.052075625172992294,0.09816669877351827
"frozenset({'Jam', 'National Ketchup (1kg)'})",frozenset({'Nestle Water'}),0.0358,0.2062,0.006,0.1675977653631285,0.8127922665525146,1.0,-0.0013819599999999998,0.9536255033557048,-0.192818354829528,0.025423728813559324,-0.048629673263884454,0.09834786425285427
"frozenset({'Jam', 'National Ketchup (1kg)'})",frozenset({'Noodles'}),0.0358,0.2052,0.006,0.1675977653631285,0.8167532425103728,1.0,-0.001346159999999999,0.9548268456375839,-0.18876623813690505,0.025531914893617023,-0.047310310313124666,0.09841876572249993
"frozenset({'Lux Soap', 'Bread'})",frozenset({'Chicken'}),0.0358,0.198,0.006,0.1675977653631285,0.8464533604198409,1.0,-0.0010883999999999998,0.9634765100671142,-0.15834497206703907,0.02633889376646181,-0.03790802323799439,0.0989503978330794
"frozenset({'Lux Soap', 'Tapal Tea (250g)'})",frozenset({'Thal Sugar (200ml)'}),0.0358,0.1964,0.006,0.1675977653631285,0.8533491108102267,1.0,-0.001031119999999999,0.9653986577181208,-0.15127224073987125,0.026525198938992044,-0.03584150651676392,0.09907383176506732
"frozenset({'Olpers Milk (Pack of 6)', 'Shan Biryani Masala'})",frozenset({'Guard Rice (1kg)'}),0.0358,0.1952,0.006,0.1675977653631285,0.8585951094422567,1.0,-0.00098816,0.9668402684563758,-0.14588918941264012,0.026666666666666665,-0.034297011228717075,0.09916773514058065
"frozenset({'Lux Soap', 'Bread'})",frozenset({'Pepsi 1L'}),0.0358,0.2052,0.006,0.1675977653631285,0.8167532425103728,1.0,-0.001346159999999999,0.9548268456375839,-0.18876623813690505,0.025531914893617023,-0.047310310313124666,0.09841876572249993
"frozenset({'Dalda Cooking Oil (500ml)', 'Eggs'})",frozenset({'Nestle Water'}),0.037,0.2062,0.0062,0.16756756756756758,0.812645817495478,1.0,-0.0014294,0.9535909090909093,-0.1931621621621622,0.026160337552742618,-0.04866771533438198,0.09881773140745014
"frozenset({'Dalda Cooking Oil (500ml)', 'Eggs'})",frozenset({'National Ketchup (1kg)'}),0.037,0.2048,0.0062,0.16756756756756758,0.8182010135135135,1.0,-0.0013776000000000005,0.9552727272727274,-0.1874744835469912,0.02631578947368421,-0.04682146935668063,0.09892050253378379
"frozenset({'Lays Chips', 'Nestle Water'})",frozenset({'Guard Rice (1kg)'}),0.037,0.1952,0.0062,0.16756756756756758,0.8584404076207355,1.0,-0.0010224000000000006,0.9668051948051948,-0.1462033462033463,0.02743362831858407,-0.03433453334049756,0.09966493132476739
"frozenset({'Biscuits', 'Jam'})",frozenset({'Nestle Water'}),0.037,0.2062,0.0062,0.16756756756756758,0.812645817495478,1.0,-0.0014294,0.9535909090909093,-0.1931621621621622,0.026160337552742618,-0.04866771533438198,0.09881773140745014
"frozenset({'Dalda Cooking Oil (500ml)', 'Jam'})",frozenset({'Lays Chips'}),0.037,0.206,0.0062,0.16756756756756758,0.8134347940173183,1.0,-0.0014219999999999997,0.9538311688311689,-0.192354516678841,0.026182432432432432,-0.048403567295254926,0.09883232747310418
"frozenset({'Dalda Cooking Oil (500ml)', 'Eggs'})",frozenset({'Surf Excel'}),0.037,0.2112,0.0062,0.16756756756756758,0.7934070434070435,1.0,-0.0016143999999999993,0.9475844155844156,-0.21284113381674352,0.0256198347107438,-0.0553149498382764,0.09846181408681409
"frozenset({'Dalda Cooking Oil (500ml)', 'Jam'})",frozenset({'Surf Excel'}),0.037,0.2112,0.0062,0.16756756756756758,0.7934070434070435,1.0,-0.0016143999999999993,0.9475844155844156,-0.21284113381674352,0.0256198347107438,-0.0553149498382764,0.09846181408681409
"frozenset({'Butter', 'Eggs'})",frozenset({'Nestle Water'}),0.037,0.2062,0.0062,0.16756756756756758,0.812645817495478,1.0,-0.0014294,0.9535909090909093,-0.1931621621621622,0.026160337552742618,-0.04866771533438198,0.09881773140745014
"frozenset({'Butter', 'Surf Excel'})",frozenset({'Bread'}),0.0382,0.2058,0.0064,0.16753926701570682,0.814087789191967,1.0,-0.0014615599999999998,0.9540389937106918,-0.1918793028299558,0.02693602693602694,-0.04817518633126819,0.09931871028141998
"frozenset({'Nestle Water', 'Shan Biryani Masala'})",frozenset({'Chicken'}),0.0382,0.198,0.0064,0.16753926701570682,0.8461579142207415,1.0,-0.0011635999999999999,0.9634088050314465,-0.1589808610871252,0.027850304612706697,-0.03798096382081445,0.09993124966946956
"frozenset({'Nestle Water', 'Shan Biryani Masala'})",frozenset({'Bread'}),0.0382,0.2058,0.0064,0.16753926701570682,0.814087789191967,1.0,-0.0014615599999999998,0.9540389937106918,-0.1918793028299558,0.02693602693602694,-0.04817518633126819,0.09931871028141998
"frozenset({'Biscuits', 'Bread'})",frozenset({'Lux Soap'}),0.0382,0.1936,0.0064,0.16753926701570682,0.8653887759075766,1.0,-0.0009955199999999989,0.9686943396226415,-0.13921331722378827,0.028393966282165038,-0.03231737721266515,0.10029855912768812
"frozenset({'Biscuits', 'Bread'})",frozenset({'Noodles'}),0.0382,0.2052,0.0064,0.16753926701570682,0.8164681628445751,1.0,-0.0014386399999999988,0.9547597484276729,-0.18944030676203805,0.0270042194092827,-0.04738391165613133,0.09936417541818479
"frozenset({'Biscuits', 'Bread'})",frozenset({'Surf Excel'}),0.0382,0.2112,0.0064,0.16753926701570682,0.7932730445819451,1.0,-0.0016678399999999994,0.9475522012578615,-0.21318717277486904,0.02633744855967078,-0.0553508278198443,0.09892114865936856
"frozenset({'Pepsi 1L', 'Chicken'})",frozenset({'National Ketchup (1kg)'}),0.0394,0.2048,0.0066,0.16751269035532995,0.8179330583756345,1.0,-0.001469119999999999,0.955209756097561,-0.1881297156643291,0.027777777777777776,-0.04689047993545027,0.09986962642766498
"frozenset({'Shan Biryani Masala', 'Thal Sugar (200ml)'})",frozenset({'Surf Excel'}),0.0394,0.2112,0.0066,0.16751269035532995,0.7931472081218274,1.0,-0.0017212799999999986,0.9475219512195121,-0.21352546258391994,0.027049180327868853,-0.05538452034060605,0.09938134517766498
frozenset({'Frozen Paratha'}),frozenset({'Noodles'}),0.197,0.2052,0.033,0.16751269035532995,0.816338646955799,1.0,-0.007424399999999998,0.9547292682926828,-0.2188577795857726,0.08938244853737813,-0.0474173498297308,0.16416570190281118
"frozenset({'Biscuits', 'Lux Soap'})",frozenset({'Noodles'}),0.0394,0.2052,0.0066,0.16751269035532995,0.816338646955799,1.0,-0.0014848799999999992,0.9547292682926828,-0.18976490254113812,0.027731092436974792,-0.0474173498297308,0.09983821652269421
"frozenset({'Shan Biryani Masala', 'Thal Sugar (200ml)'})",frozenset({'Noodles'}),0.0394,0.2052,0.0066,0.16751269035532995,0.816338646955799,1.0,-0.0014848799999999992,0.9547292682926828,-0.18976490254113812,0.027731092436974792,-0.0474173498297308,0.09983821652269421
"frozenset({'Biscuits', 'Lux Soap'})",frozenset({'National Ketchup (1kg)'}),0.0394,0.2048,0.0066,0.16751269035532995,0.8179330583756345,1.0,-0.001469119999999999,0.955209756097561,-0.1881297156643291,0.027777777777777776,-0.04689047993545027,0.09986962642766498
"frozenset({'Noodles', 'Thal Sugar (200ml)'})",frozenset({'Shan Biryani Masala'}),0.0394,0.2088,0.0066,0.16751269035532995,0.8022638426979404,1.0,-0.00162672,0.9504048780487805,-0.20419045323773516,0.027317880794701984,-0.05218315172481049,0.0995609428788144
"frozenset({'Shan Biryani Masala', 'Thal Sugar (200ml)'})",frozenset({'Biscuits'}),0.0394,0.1972,0.0066,0.16751269035532995,0.8494558334448781,1.0,-0.0011696799999999993,0.9643390243902438,-0.15575713349774417,0.028695652173913046,-0.036979708077566065,0.10049062509652908
"frozenset({'Dalda Cooking Oil (500ml)', 'Shan Biryani Masala'})",frozenset({'Surf Excel'}),0.0406,0.2112,0.0068,0.16748768472906403,0.7930288102701896,1.0,-0.0017747199999999996,0.9474934911242603,-0.21385672833138922,0.027755102040816323,-0.05541622118526366,0.09984232721301686
"frozenset({'Pepsi 1L', 'Shan Biryani Masala'})",frozenset({'Olpers Milk (Pack of 6)'}),0.0406,0.196,0.0068,0.16748768472906403,0.8545290037197144,1.0,-0.0011576000000000008,0.9657514792899409,-0.15069934075547559,0.029590948651000867,-0.035463078695194,0.10109078114004222
"frozenset({'Pepsi 1L', 'Shan Biryani Masala'})",frozenset({'Lux Soap'}),0.0406,0.1936,0.0068,0.16748768472906403,0.8651223384765704,1.0,-0.00106016,0.9686343195266273,-0.13978755498359724,0.02990325417766051,-0.03238134334193448,0.10130582583560639
"frozenset({'Pepsi 1L', 'Shan Biryani Masala'})",frozenset({'Bread'}),0.0406,0.2058,0.0068,0.16748768472906403,0.813837146399728,1.0,-0.0015554800000000006,0.9539798816568048,-0.1925241973413868,0.028380634390651083,-0.04824013506791234,0.1002647364364465
"frozenset({'National Ketchup (1kg)', 'Surf Excel'})",frozenset({'Jam'}),0.0418,0.1984,0.007,0.1674641148325359,0.844073159438185,1.0,-0.0012931199999999992,0.9628413793103447,-0.16162949408288455,0.030017152658662095,-0.038592671117095925,0.10137318644852601
"frozenset({'National Ketchup (1kg)', 'Surf Excel'})",frozenset({'Thal Sugar (200ml)'}),0.0418,0.1964,0.007,0.1674641148325359,0.8526686091269648,1.0,-0.0012095199999999995,0.9652436781609195,-0.15277658483349582,0.030276816608996542,-0.03600782126364372,0.10155283134702152
"frozenset({'National Ketchup (1kg)', 'Surf Excel'})",frozenset({'Pepsi 1L'}),0.0418,0.2052,0.007,0.1674641148325359,0.8161019241351652,1.0,-0.001577359999999999,0.9546735632183907,-0.19039296249981885,0.029166666666666667,-0.04747846649152503,0.1007885876306929
"frozenset({'National Ketchup (1kg)', 'Surf Excel'})",frozenset({'Nestle Water'}),0.0418,0.2062,0.007,0.1674641148325359,0.8121441068503196,1.0,-0.0016191599999999988,0.9534724137931035,-0.19445725485674745,0.029045643153526972,-0.04879804127924426,0.10070586924943963
frozenset({'Biscuits'}),frozenset({'Olpers Milk (Pack of 6)'}),0.1972,0.196,0.033,0.167342799188641,0.8537897917787806,1.0,-0.005651199999999995,0.9655834348355665,-0.17581104792244787,0.09161576901721268,-0.03564328459124254,0.16785507306370825
frozenset({'Guard Rice (1kg)'}),frozenset({'Eggs'}),0.1952,0.1982,0.0326,0.16700819672131145,0.8426246050520255,1.0,-0.006088640000000006,0.9625544895448955,-0.18835629999208067,0.09035476718403548,-0.03890222409414883,0.16574425981373342
frozenset({'Nestle Water'}),frozenset({'Thal Sugar (200ml)'}),0.2062,0.1964,0.0344,0.16682832201745879,0.8494313748343115,1.0,-0.006097679999999994,0.9645071012805587,-0.18254122211445184,0.09342748506246606,-0.03679900196931459,0.1709905357541469
"frozenset({'Olpers Milk (Pack of 6)', 'Tapal Tea (250g)'})",frozenset({'Thal Sugar (200ml)'}),0.0372,0.1964,0.0062,0.16666666666666669,0.8486082824168365,1.0,-0.0011060799999999989,0.9643200000000001,-0.15632667367683128,0.02726473175021988,-0.037000165920026515,0.0991174473862865
"frozenset({'Surf Excel', 'Eggs'})",frozenset({'Dalda Cooking Oil (500ml)'}),0.0372,0.2026,0.0062,0.16666666666666669,0.8226390259953933,1.0,-0.0013367199999999996,0.9568800000000001,-0.1829599456890699,0.026541095890410957,-0.045063121812557456,0.09863441921684765
"frozenset({'Butter', 'Tapal Tea (250g)'})",frozenset({'Shan Biryani Masala'}),0.036,0.2088,0.006,0.16666666666666669,0.7982120051085568,1.0,-0.0015167999999999996,0.9494400000000001,-0.20775805391190003,0.025125628140703515,-0.05325244354566902,0.09770114942528736
"frozenset({'Jam', 'Frozen Paratha'})",frozenset({'Shan Biryani Masala'}),0.0336,0.2088,0.0056,0.16666666666666669,0.7982120051085568,1.0,-0.0014156799999999999,0.9494400000000001,-0.20734908136482938,0.023648648648648646,-0.05325244354566902,0.0967432950191571
"frozenset({'Butter', 'Lays Chips'})",frozenset({'Pepsi 1L'}),0.036,0.2052,0.006,0.16666666666666669,0.8122157244964263,1.0,-0.001387199999999999,0.95376,-0.1934404283801873,0.025510204081632654,-0.04848179835598051,0.09795321637426901
"frozenset({'Butter', 'Tapal Tea (250g)'})",frozenset({'Frozen Paratha'}),0.036,0.197,0.006,0.16666666666666669,0.8460236886632826,1.0,-0.0010919999999999992,0.9636,-0.1588132635253053,0.02643171806167401,-0.03777501037775009,0.09856175972927243
"frozenset({'Frozen Paratha', 'Tapal Tea (250g)'})",frozenset({'Thal Sugar (200ml)'}),0.0324,0.1964,0.0054,0.16666666666666669,0.8486082824168365,1.0,-0.000963359999999999,0.9643200000000001,-0.15567190226876074,0.024171888988361683,-0.037000165920026515,0.09708078750848609
"frozenset({'Butter', 'Thal Sugar (200ml)'})",frozenset({'Lux Soap'}),0.0324,0.1936,0.0054,0.16666666666666669,0.8608815426997246,1.0,-0.0008726399999999992,0.9676800000000001,-0.14311016648955,0.02447869446962829,-0.033399470899470866,0.09727961432506887
"frozenset({'Lays Chips', 'Thal Sugar (200ml)'})",frozenset({'Noodles'}),0.0372,0.2052,0.0062,0.16666666666666669,0.8122157244964263,1.0,-0.0014334399999999994,0.95376,-0.19363484087102173,0.026248941574936496,-0.04848179835598051,0.09844054580896687
"frozenset({'Surf Excel', 'Eggs'})",frozenset({'National Ketchup (1kg)'}),0.0372,0.2048,0.0062,0.16666666666666669,0.8138020833333334,1.0,-0.0014185600000000001,0.9542400000000001,-0.1920107418596845,0.026293469041560647,-0.04795439302481555,0.09847005208333334
"frozenset({'Shan Biryani Masala', 'Eggs'})",frozenset({'Guard Rice (1kg)'}),0.0384,0.1952,0.0064,0.16666666666666669,0.8538251366120219,1.0,-0.00109568,0.9657600000000001,-0.15112994350282485,0.028169014084507043,-0.03545394300861497,0.09972677595628417
"frozenset({'Guard Rice (1kg)', 'Shan Biryani Masala'})",frozenset({'Thal Sugar (200ml)'}),0.036,0.1964,0.006,0.16666666666666669,0.8486082824168365,1.0,-0.0010703999999999991,0.9643200000000001,-0.1561624649859943,0.026501766784452298,-0.037000165920026515,0.0986082824168364
"frozenset({'Guard Rice (1kg)', 'Shan Biryani Masala'})",frozenset({'Olpers Milk (Pack of 6)'}),0.036,0.196,0.006,0.16666666666666669,0.8503401360544218,1.0,-0.0010559999999999996,0.9648000000000001,-0.15438596491228065,0.02654867256637168,-0.03648424543946931,0.09863945578231294
"frozenset({'Frozen Paratha', 'Tapal Tea (250g)'})",frozenset({'Eggs'}),0.0324,0.1982,0.0054,0.16666666666666669,0.8409014463504879,1.0,-0.0010216799999999988,0.9621600000000001,-0.16355463347164573,0.023978685612788635,-0.03932817826556909,0.09695593676421124
"frozenset({'Surf Excel', 'Eggs'})",frozenset({'Pepsi 1L'}),0.0372,0.2052,0.0062,0.16666666666666669,0.8122157244964263,1.0,-0.0014334399999999994,0.95376,-0.19363484087102173,0.026248941574936496,-0.04848179835598051,0.09844054580896687
"frozenset({'Frozen Paratha', 'Tapal Tea (250g)'})",frozenset({'Guard Rice (1kg)'}),0.0324,0.1952,0.0054,0.16666666666666669,0.8538251366120219,1.0,-0.0009244800000000001,0.9657600000000001,-0.15033368458025992,0.0243024302430243,-0.03545394300861497,0.09716530054644809
"frozenset({'Pepsi 1L', 'Bread'})",frozenset({'Lux Soap'}),0.036,0.1936,0.006,0.16666666666666669,0.8608815426997246,1.0,-0.0009695999999999993,0.9676800000000001,-0.1435678749111584,0.026833631484794278,-0.033399470899470866,0.09882920110192839
frozenset({'Surf Excel'}),frozenset({'Lux Soap'}),0.2112,0.1936,0.0352,0.16666666666666669,0.8608815426997246,1.0,-0.005688319999999997,0.9676800000000001,-0.17003367003366995,0.09523809523809525,-0.033399470899470866,0.17424242424242425
"frozenset({'Noodles', 'Eggs'})",frozenset({'Chicken'}),0.036,0.198,0.006,0.16666666666666669,0.8417508417508418,1.0,-0.0011279999999999997,0.9624000000000001,-0.1631944444444444,0.02631578947368421,-0.039068994181213616,0.0984848484848485
"frozenset({'Noodles', 'Eggs'})",frozenset({'Biscuits'}),0.036,0.1972,0.006,0.16666666666666669,0.8451656524678839,1.0,-0.001099199999999999,0.96336,-0.15969316596931646,0.026408450704225355,-0.038033549244311536,0.09854631507775526
"frozenset({'Jam', 'Tapal Tea (250g)'})",frozenset({'Shan Biryani Masala'}),0.0336,0.2088,0.0056,0.16666666666666669,0.7982120051085568,1.0,-0.0014156799999999999,0.9494400000000001,-0.20734908136482938,0.023648648648648646,-0.05325244354566902,0.0967432950191571
"frozenset({'Frozen Paratha', 'Tapal Tea (250g)'})",frozenset({'National Ketchup (1kg)'}),0.0324,0.2048,0.0054,0.16666666666666669,0.8138020833333334,1.0,-0.0012355199999999995,0.9542400000000001,-0.19124038783015704,0.02329594477998274,-0.04795439302481555,0.09651692708333334
"frozenset({'Butter', 'Thal Sugar (200ml)'})",frozenset({'Biscuits'}),0.0324,0.1972,0.0054,0.16666666666666669,0.8451656524678839,1.0,-0.0009892799999999986,0.96336,-0.15919360444907868,0.024085637823371992,-0.038033549244311536,0.09702501690331305
"frozenset({'Surf Excel', 'Thal Sugar (200ml)'})",frozenset({'Jam'}),0.0408,0.1984,0.0068,0.16666666666666666,0.8400537634408602,1.0,-0.00129472,0.9619199999999999,-0.16562282533054976,0.029259896729776247,-0.03958749168330007,0.10047043010752688
"frozenset({'Lays Chips', 'National Ketchup (1kg)'})",frozenset({'Surf Excel'}),0.0432,0.2112,0.0072,0.16666666666666666,0.7891414141414141,1.0,-0.0019238400000000013,0.9465599999999998,-0.2183006535947714,0.029126213592233007,-0.056457065584854645,0.10037878787878787
"frozenset({'Chicken', 'Olpers Milk (Pack of 6)'})",frozenset({'Biscuits'}),0.0396,0.1972,0.0066,0.16666666666666666,0.8451656524678837,1.0,-0.0012091200000000002,0.9633599999999999,-0.16019587268275623,0.028670721112076455,-0.03803354924431157,0.10006761325219743
"frozenset({'Chicken', 'Olpers Milk (Pack of 6)'})",frozenset({'Eggs'}),0.0396,0.1982,0.0066,0.16666666666666666,0.8409014463504877,1.0,-0.00124872,0.96216,-0.16457898399443285,0.028546712802768166,-0.03932817826556913,0.09998318197107299
"frozenset({'National Ketchup (1kg)', 'Lays Chips'})",frozenset({'Chicken'}),0.0432,0.198,0.0072,0.16666666666666666,0.8417508417508417,1.0,-0.0013536000000000017,0.9624,-0.1642208245981833,0.030769230769230767,-0.03906899418121365,0.1015151515151515
"frozenset({'Chicken', 'Olpers Milk (Pack of 6)'})",frozenset({'Frozen Paratha'}),0.0396,0.197,0.0066,0.16666666666666666,0.8460236886632825,1.0,-0.0012012000000000012,0.9635999999999999,-0.15931372549019623,0.028695652173913042,-0.03777501037775013,0.10008460236886632
"frozenset({'Chicken', 'Tapal Tea (250g)'})",frozenset({'Biscuits'}),0.0348,0.1972,0.0058,0.16666666666666666,0.8451656524678837,1.0,-0.0010625599999999997,0.9633599999999999,-0.1595262974573319,0.02564102564102564,-0.03803354924431157,0.09803921568627451
"frozenset({'Surf Excel', 'Tapal Tea (250g)'})",frozenset({'Jam'}),0.0396,0.1984,0.0066,0.16666666666666666,0.8400537634408602,1.0,-0.0012566399999999998,0.9619199999999999,-0.16545012165450118,0.028522039757994815,-0.03958749168330007,0.09996639784946236
"frozenset({'Surf Excel', 'Shan Biryani Masala'})",frozenset({'Thal Sugar (200ml)'}),0.0396,0.1964,0.0066,0.16666666666666666,0.8486082824168364,1.0,-0.00117744,0.96432,-0.156656129258869,0.02877070619006103,-0.03700016592002655,0.10013577732518669
"frozenset({'Surf Excel', 'Thal Sugar (200ml)'})",frozenset({'Dalda Cooking Oil (500ml)'}),0.0408,0.2026,0.0068,0.16666666666666666,0.8226390259953932,1.0,-0.0014660800000000007,0.95688,-0.18352059925093642,0.028740490278951814,-0.04506312181255749,0.10011516946363935
"frozenset({'Surf Excel', 'Tapal Tea (250g)'})",frozenset({'Eggs'}),0.0396,0.1982,0.0066,0.16666666666666666,0.8409014463504877,1.0,-0.00124872,0.96216,-0.16457898399443285,0.028546712802768166,-0.03932817826556913,0.09998318197107299
"frozenset({'Chicken', 'Eggs'})",frozenset({'Bread'}),0.0348,0.2058,0.0058,0.16666666666666666,0.8098477486232587,1.0,-0.0013618400000000004,0.95304,-0.19566666666666674,0.024701873935264053,-0.04927390245949805,0.09742468415937804
"frozenset({'Chicken', 'Olpers Milk (Pack of 6)'})",frozenset({'Tapal Tea (250g)'}),0.0396,0.1996,0.0066,0.16666666666666666,0.83500334001336,1.0,-0.0013041600000000004,0.96048,-0.17063903281519865,0.028374892519346516,-0.04114609361985675,0.09986639946559786
"frozenset({'Pepsi 1L', 'Lays Chips'})",frozenset({'Olpers Milk (Pack of 6)'}),0.0408,0.196,0.0068,0.16666666666666666,0.8503401360544217,1.0,-0.0011968000000000005,0.9648,-0.15503875968992253,0.029565217391304344,-0.03648424543946934,0.10068027210884353
"frozenset({'Surf Excel', 'Shan Biryani Masala'})",frozenset({'Bread'}),0.0396,0.2058,0.0066,0.16666666666666666,0.8098477486232587,1.0,-0.0015496800000000012,0.95304,-0.19645247657295864,0.027638190954773868,-0.04927390245949805,0.09936831875607385
frozenset({'Olpers Milk (Pack of 6)'}),frozenset({'Lux Soap'}),0.196,0.1936,0.0326,0.16632653061224487,0.8591246415921739,1.0,-0.005345600000000006,0.9672851897184822,-0.16940043097984553,0.09131652661064425,-0.033821266601878876,0.1673574801821555
frozenset({'Olpers Milk (Pack of 6)'}),frozenset({'Butter'}),0.196,0.1966,0.0326,0.16632653061224487,0.8460149064712353,1.0,-0.005933600000000004,0.963686658506732,-0.18459432553509217,0.09055555555555556,-0.037681689554089036,0.1660727261403035
"frozenset({'Jam', 'Bread'})",frozenset({'National Ketchup (1kg)'}),0.0422,0.2048,0.007,0.16587677725118483,0.8099452014218008,1.0,-0.0016425600000000004,0.9533363636363638,-0.19678070146013735,0.029166666666666667,-0.04894771472436517,0.10002823237559241
"frozenset({'Jam', 'Bread'})",frozenset({'Nestle Water'}),0.0422,0.2062,0.007,0.16587677725118483,0.8044460584441553,1.0,-0.00170164,0.9516579545454547,-0.2024258170121243,0.02899751449875725,-0.05079771069389666,0.09991220045876409
"frozenset({'Jam', 'Bread'})",frozenset({'Dalda Cooking Oil (500ml)'}),0.0422,0.2026,0.007,0.16587677725118483,0.8187402628390169,1.0,-0.00154972,0.9559738636363637,-0.18774653757062967,0.02943650126156434,-0.04605370297067366,0.10021380817149567
"frozenset({'Jam', 'Bread'})",frozenset({'Surf Excel'}),0.0422,0.2112,0.007,0.16587677725118483,0.7854014074393221,1.0,-0.0019126399999999993,0.9456636363636364,-0.22195505753582345,0.028409090909090908,-0.05745844668967441,0.09951035832256211
"frozenset({'Lays Chips', 'Chicken'})",frozenset({'Tapal Tea (250g)'}),0.041,0.1996,0.0068,0.16585365853658535,0.8309301529889045,1.0,-0.0013836000000000013,0.9595438596491227,-0.1750328914077524,0.029084687767322495,-0.04216184590631516,0.09996089740456522
"frozenset({'Chicken', 'Nestle Water'})",frozenset({'Lux Soap'}),0.041,0.1936,0.0068,0.16585365853658535,0.8566821205402136,1.0,-0.0011376,0.9667368421052631,-0.14853501854076354,0.029850746268656716,-0.034407665505226497,0.10048881273936705
"frozenset({'Lays Chips', 'Chicken'})",frozenset({'Dalda Cooking Oil (500ml)'}),0.041,0.2026,0.0068,0.16585365853658535,0.8186261526978547,1.0,-0.0015066000000000012,0.9559473684210525,-0.18767283689180114,0.028716216216216214,-0.04608269558993561,0.0997086653985987
"frozenset({'Frozen Paratha', 'Nestle Water'})",frozenset({'Biscuits'}),0.0398,0.1972,0.0066,0.1658291457286432,0.8409185888876431,1.0,-0.0012485599999999993,0.9623927710843372,-0.16459000142369762,0.028645833333333336,-0.03907679904254705,0.0996488527831857
frozenset({'Butter'}),frozenset({'Olpers Milk (Pack of 6)'}),0.1966,0.196,0.0326,0.16581892166836215,0.8460149064712355,1.0,-0.005933600000000004,0.963819512195122,-0.18470672173584982,0.09055555555555556,-0.03753865464134062,0.1660727261403035
"frozenset({'Pepsi 1L', 'Frozen Paratha'})",frozenset({'National Ketchup (1kg)'}),0.0386,0.2048,0.0064,0.16580310880829016,0.8095854922279793,1.0,-0.0015052800000000003,0.9532521739130435,-0.19655691124853755,0.0270042194092827,-0.049040356126395686,0.09852655440414508
"frozenset({'National Ketchup (1kg)', 'Nestle Water'})",frozenset({'Pepsi 1L'}),0.0386,0.2052,0.0064,0.16580310880829016,0.8080073528669112,1.0,-0.0015207200000000006,0.9527726708074534,-0.19817349694019043,0.026958719460825613,-0.04956830799158258,0.09849609631447646
"frozenset({'Eggs', 'Tapal Tea (250g)'})",frozenset({'Lux Soap'}),0.0386,0.1936,0.0064,0.16580310880829016,0.8564210165717467,1.0,-0.0010729599999999995,0.9666782608695652,-0.14848766662238158,0.0283436669619132,-0.03447035118019572,0.09943048002397979
"frozenset({'National Ketchup (1kg)', 'Nestle Water'})",frozenset({'Lays Chips'}),0.0386,0.206,0.0064,0.16580310880829016,0.8048694602344183,1.0,-0.0015515999999999993,0.9518136645962734,-0.2013872304193879,0.026868178001679264,-0.05062580754623404,0.09843553498666935
"frozenset({'Noodles', 'Bread'})",frozenset({'Biscuits'}),0.0386,0.1972,0.0064,0.16580310880829016,0.8407865558229725,1.0,-0.00121192,0.9623627329192547,-0.16455393706346877,0.02789886660854403,-0.03910923167876162,0.09912873493152845
"frozenset({'Noodles', 'Bread'})",frozenset({'Olpers Milk (Pack of 6)'}),0.0386,0.196,0.0064,0.16580310880829016,0.8459342286137252,1.0,-0.0011656000000000001,0.9638012422360249,-0.1592663037537439,0.028045574057843997,-0.03755832237774856,0.09922808501638998
"frozenset({'Eggs', 'Tapal Tea (250g)'})",frozenset({'Guard Rice (1kg)'}),0.0386,0.1952,0.0064,0.16580310880829016,0.8494011721736175,1.0,-0.0011347200000000005,0.964760248447205,-0.15570387283744624,0.02814423922603342,-0.03652695227598143,0.0992949970270959
"frozenset({'Dalda Cooking Oil (500ml)', 'National Ketchup (1kg)'})",frozenset({'Biscuits'}),0.0386,0.1972,0.0064,0.16580310880829016,0.8407865558229725,1.0,-0.00121192,0.9623627329192547,-0.16455393706346877,0.02789886660854403,-0.03910923167876162,0.09912873493152845
"frozenset({'Noodles', 'Bread'})",frozenset({'Shan Biryani Masala'}),0.0386,0.2088,0.0064,0.16580310880829016,0.7940761916105851,1.0,-0.001659680000000001,0.9484571428571429,-0.21243523316062188,0.026556016597510373,-0.05434389685504278,0.09822722490222938
"frozenset({'Eggs', 'Tapal Tea (250g)'})",frozenset({'Jam'}),0.0386,0.1984,0.0064,0.16580310880829016,0.8357011532675915,1.0,-0.0012582399999999999,0.9609242236024845,-0.16977547495682208,0.027753686036426715,-0.0406647844207957,0.0990305866622096
"frozenset({'Noodles', 'Chicken'})",frozenset({'Shan Biryani Masala'}),0.0374,0.2088,0.0062,0.16577540106951869,0.7939434917122542,1.0,-0.0016091200000000012,0.9484256410256411,-0.2123622849480815,0.02583333333333333,-0.054378916747322203,0.0977344438297785
"frozenset({'Noodles', 'Chicken'})",frozenset({'Bread'}),0.0374,0.2058,0.0062,0.16577540106951869,0.8055170119996048,1.0,-0.0014969200000000014,0.9520217948717948,-0.20052404273788235,0.026160337552742614,-0.05039612053699487,0.09795086865915195
"frozenset({'Olpers Milk (Pack of 6)', 'Frozen Paratha'})",frozenset({'Bread'}),0.0374,0.2058,0.0062,0.16577540106951869,0.8055170119996048,1.0,-0.0014969200000000014,0.9520217948717948,-0.20052404273788235,0.026160337552742614,-0.05039612053699487,0.09795086865915195
"frozenset({'Olpers Milk (Pack of 6)', 'Frozen Paratha'})",frozenset({'Noodles'}),0.0374,0.2052,0.0062,0.16577540106951869,0.8078723249001886,1.0,-0.0014744800000000002,0.9527410256410256,-0.1981135624647301,0.02622673434856176,-0.04960316926331317,0.09799491301039287
"frozenset({'Noodles', 'Chicken'})",frozenset({'Dalda Cooking Oil (500ml)'}),0.0374,0.2026,0.0062,0.16577540106951869,0.8182398868189471,1.0,-0.001377240000000001,0.9558576923076924,-0.18749795789450766,0.02651839178785287,-0.046180836381341,0.09818878641827365
"frozenset({'Noodles', 'Chicken'})",frozenset({'Tapal Tea (250g)'}),0.0374,0.1996,0.0062,0.16577540106951869,0.8305380815106147,1.0,-0.0012650400000000011,0.9594538461538461,-0.17489451360124775,0.0268630849220104,-0.0422596188536748,0.09841876265900784
"frozenset({'Lays Chips', 'Olpers Milk (Pack of 6)'})",frozenset({'Thal Sugar (200ml)'}),0.0362,0.1964,0.006,0.16574585635359115,0.843919838867572,1.0,-0.00110968,0.9632556291390728,-0.16099865360508844,0.0264783759929391,-0.03814602245695475,0.09814787726029864
"frozenset({'Dalda Cooking Oil (500ml)', 'Butter'})",frozenset({'Nestle Water'}),0.0362,0.2062,0.006,0.16574585635359115,0.8038111365353596,1.0,-0.00146444,0.9515086092715233,-0.20206864958246173,0.025380710659898477,-0.05096264001815173,0.0974219097480856
"frozenset({'Lays Chips', 'Olpers Milk (Pack of 6)'})",frozenset({'Dalda Cooking Oil (500ml)'}),0.0362,0.2026,0.006,0.16574585635359115,0.8180940590009435,1.0,-0.0013341200000000003,0.9558238410596027,-0.1874574956582342,0.02577319587628866,-0.046217887693013354,0.09768043064471266
"frozenset({'Lux Soap', 'Thal Sugar (200ml)'})",frozenset({'Eggs'}),0.035,0.1982,0.0058,0.16571428571428568,0.8360962952284848,1.0,-0.0011370000000000009,0.9610616438356165,-0.16884466884466895,0.025505716798592787,-0.04051598189787267,0.09748882802364132
"frozenset({'Jam', 'Guard Rice (1kg)'})",frozenset({'Olpers Milk (Pack of 6)'}),0.035,0.196,0.0058,0.16571428571428568,0.845481049562682,1.0,-0.001060000000000001,0.9636986301369863,-0.1592308847829354,0.025754884547069267,-0.03766879886282877,0.09765306122448977
"frozenset({'Lux Soap', 'National Ketchup (1kg)'})",frozenset({'Surf Excel'}),0.035,0.2112,0.0058,0.16571428571428568,0.7846320346320345,1.0,-0.0015920000000000014,0.9454794520547944,-0.22144943663931022,0.024126455906821963,-0.05766444508838023,0.09658820346320345
"frozenset({'Lux Soap', 'National Ketchup (1kg)'})",frozenset({'Frozen Paratha'}),0.035,0.197,0.0058,0.16571428571428568,0.8411892675852064,1.0,-0.0010950000000000014,0.9624999999999999,-0.1636282127913929,0.025641025641025637,-0.03896103896103902,0.09757795503988395
"frozenset({'Butter', 'Frozen Paratha'})",frozenset({'Olpers Milk (Pack of 6)'}),0.035,0.196,0.0058,0.16571428571428568,0.845481049562682,1.0,-0.001060000000000001,0.9636986301369863,-0.1592308847829354,0.025754884547069267,-0.03766879886282877,0.09765306122448977
"frozenset({'Biscuits', 'Chicken'})",frozenset({'Frozen Paratha'}),0.035,0.197,0.0058,0.16571428571428568,0.8411892675852064,1.0,-0.0010950000000000014,0.9624999999999999,-0.1636282127913929,0.025641025641025637,-0.03896103896103902,0.09757795503988395
"frozenset({'Biscuits', 'Chicken'})",frozenset({'Tapal Tea (250g)'}),0.035,0.1996,0.0058,0.16571428571428568,0.8302318923561407,1.0,-0.0011860000000000013,0.9593835616438356,-0.1748488869231905,0.025349650349650348,-0.042335974869708054,0.0973862009733753
"frozenset({'Biscuits', 'Chicken'})",frozenset({'Shan Biryani Masala'}),0.035,0.2088,0.0058,0.16571428571428568,0.7936507936507934,1.0,-0.0015080000000000015,0.9483561643835616,-0.21224489795918386,0.02436974789915966,-0.054456160624006995,0.09674603174603172
"frozenset({'Olpers Milk (Pack of 6)', 'Bread'})",frozenset({'Butter'}),0.0338,0.1966,0.0056,0.16568047337278108,0.8427287557109923,1.0,-0.0010450799999999994,0.9629404255319148,-0.16188233836240273,0.02491103202846975,-0.03848584344936385,0.09708235265790631
"frozenset({'Lux Soap', 'Guard Rice (1kg)'})",frozenset({'Frozen Paratha'}),0.0338,0.197,0.0056,0.16568047337278108,0.841017631333914,1.0,-0.0010585999999999998,0.9624609929078013,-0.16363389042434134,0.02486678507992895,-0.03900314648470602,0.09705343465593369
"frozenset({'Guard Rice (1kg)', 'Eggs'})",frozenset({'Butter'}),0.0326,0.1966,0.0054,0.16564417177914112,0.8425441087443597,1.0,-0.0010091599999999994,0.9628985294117648,-0.16190286726390626,0.02412868632707775,-0.03853102840535086,0.09655555486210363
"frozenset({'Guard Rice (1kg)', 'Eggs'})",frozenset({'Jam'}),0.0326,0.1984,0.0054,0.16564417177914112,0.834900059370671,1.0,-0.0010678399999999987,0.9607411764705882,-0.16971931720652259,0.02393617021276596,-0.04086305915775808,0.0964309568573125
"frozenset({'Lays Chips', 'Shan Biryani Masala'})",frozenset({'Olpers Milk (Pack of 6)'}),0.0424,0.196,0.007,0.1650943396226415,0.8423180592991913,1.0,-0.0013104000000000006,0.9629830508474577,-0.1635220125786164,0.03025064822817632,-0.03843987609124192,0.10040431266846361
"frozenset({'Lays Chips', 'Surf Excel'})",frozenset({'Biscuits'}),0.0412,0.1972,0.0068,0.16504854368932037,0.8369601606963508,1.0,-0.0013246399999999993,0.9614930232558139,-0.16886269070735083,0.02936096718480138,-0.04004914836905782,0.09976565115500502
"frozenset({'Lays Chips', 'Surf Excel'})",frozenset({'Nestle Water'}),0.0412,0.2062,0.0068,0.16504854368932037,0.8004294068347254,1.0,-0.0016954400000000003,0.9507139534883721,-0.20637641078575536,0.028262676641729007,-0.05184108882675689,0.09901311762545553
"frozenset({'Lays Chips', 'Surf Excel'})",frozenset({'Dalda Cooking Oil (500ml)'}),0.0412,0.2026,0.0068,0.16504854368932037,0.8146522393352437,1.0,-0.00154712,0.9550255813953488,-0.19178476154586113,0.028691983122362867,-0.04709237059277606,0.09930610797496621
"frozenset({'Lays Chips', 'Surf Excel'})",frozenset({'Olpers Milk (Pack of 6)'}),0.0412,0.196,0.0068,0.16504854368932037,0.8420844065781651,1.0,-0.0012752000000000015,0.9629302325581395,-0.16359120671606578,0.029513888888888885,-0.03849683620731298,0.09987121062017039
"frozenset({'Lays Chips', 'Frozen Paratha'})",frozenset({'Eggs'}),0.04,0.1982,0.0066,0.165,0.832492431886983,1.0,-0.0013279999999999993,0.960239520958084,-0.17327766179540702,0.02849740932642487,-0.04140683462210024,0.09914984863773967
"frozenset({'Noodles', 'Shan Biryani Masala'})",frozenset({'Dalda Cooking Oil (500ml)'}),0.04,0.2026,0.0066,0.165,0.8144126357354393,1.0,-0.0015040000000000001,0.9549700598802395,-0.19183673469387758,0.027966101694915254,-0.04715324805618259,0.09878825271470879
"frozenset({'Guard Rice (1kg)', 'Nestle Water'})",frozenset({'National Ketchup (1kg)'}),0.04,0.2048,0.0066,0.165,0.8056640625,1.0,-0.0015920000000000014,0.9523353293413175,-0.2008072653884966,0.027707808564231735,-0.05005030181086519,0.09861328125
"frozenset({'Lays Chips', 'Frozen Paratha'})",frozenset({'Jam'}),0.04,0.1984,0.0066,0.165,0.8316532258064517,1.0,-0.0013360000000000004,0.96,-0.17413972888425447,0.028472821397756688,-0.04166666666666665,0.09913306451612904
"frozenset({'Guard Rice (1kg)', 'Nestle Water'})",frozenset({'Lux Soap'}),0.04,0.1936,0.0066,0.165,0.8522727272727273,1.0,-0.001144,0.965748502994012,-0.15294117647058822,0.02907488986784141,-0.035466269841269826,0.09954545454545455
"frozenset({'Guard Rice (1kg)', 'Nestle Water'})",frozenset({'Eggs'}),0.04,0.1982,0.0066,0.165,0.832492431886983,1.0,-0.0013279999999999993,0.960239520958084,-0.17327766179540702,0.02849740932642487,-0.04140683462210024,0.09914984863773967
"frozenset({'Noodles', 'Shan Biryani Masala'})",frozenset({'Pepsi 1L'}),0.04,0.2052,0.0066,0.165,0.8040935672514621,1.0,-0.001608,0.9518562874251497,-0.20241691842900303,0.02766135792120704,-0.05057876195269249,0.09858187134502924
"frozenset({'Lays Chips', 'Frozen Paratha'})",frozenset({'Biscuits'}),0.04,0.1972,0.0066,0.165,0.836713995943205,1.0,-0.0012879999999999992,0.9614371257485029,-0.1689401888772297,0.028620988725065046,-0.04010961634280018,0.0992342799188641
"frozenset({'Noodles', 'Shan Biryani Masala'})",frozenset({'Biscuits'}),0.04,0.1972,0.0066,0.165,0.836713995943205,1.0,-0.0012879999999999992,0.9614371257485029,-0.1689401888772297,0.028620988725065046,-0.04010961634280018,0.0992342799188641
"frozenset({'Noodles', 'Shan Biryani Masala'})",frozenset({'Tapal Tea (250g)'}),0.04,0.1996,0.0066,0.165,0.8266533066132264,1.0,-0.0013839999999999998,0.958562874251497,-0.1792746113989637,0.028326180257510727,-0.04322838580709644,0.09903306613226454
"frozenset({'Noodles', 'Shan Biryani Masala'})",frozenset({'Thal Sugar (200ml)'}),0.04,0.1964,0.0066,0.165,0.8401221995926681,1.0,-0.0012560000000000002,0.9623952095808384,-0.16543730242360383,0.028720626631853784,-0.039074166251866584,0.09930244399185337
"frozenset({'Lays Chips', 'Frozen Paratha'})",frozenset({'Thal Sugar (200ml)'}),0.04,0.1964,0.0066,0.165,0.8401221995926681,1.0,-0.0012560000000000002,0.9623952095808384,-0.16543730242360383,0.028720626631853784,-0.039074166251866584,0.09930244399185337
frozenset({'Thal Sugar (200ml)'}),frozenset({'Butter'}),0.1964,0.1966,0.0324,0.164969450101833,0.8391121571812462,1.0,-0.006212240000000001,0.9621204878048781,-0.19263428683414743,0.08985024958402661,-0.03937086121255538,0.16488553888611487
frozenset({'Guard Rice (1kg)'}),frozenset({'Frozen Paratha'}),0.1952,0.197,0.0322,0.1649590163934426,0.8373554131646832,1.0,-0.006254400000000007,0.9616294478527606,-0.19442344421454738,0.08944444444444445,-0.03990159851377013,0.16420539652159438
frozenset({'Guard Rice (1kg)'}),frozenset({'National Ketchup (1kg)'}),0.1952,0.2048,0.0322,0.1649590163934426,0.8054639472336064,1.0,-0.007776960000000006,0.9522885889570551,-0.2308284102349792,0.08754758020663403,-0.0501018405515058,0.16109278944672129
"frozenset({'Biscuits', 'National Ketchup (1kg)'})",frozenset({'Shan Biryani Masala'}),0.0388,0.2088,0.0064,0.16494845360824742,0.7899830153651696,1.0,-0.0017014400000000011,0.9474864197530865,-0.216657837903916,0.026533996683250412,-0.055424098068443624,0.097799897302208
"frozenset({'Dalda Cooking Oil (500ml)', 'Tapal Tea (250g)'})",frozenset({'Shan Biryani Masala'}),0.0388,0.2088,0.0064,0.16494845360824742,0.7899830153651696,1.0,-0.0017014400000000011,0.9474864197530865,-0.216657837903916,0.026533996683250412,-0.055424098068443624,0.097799897302208
"frozenset({'Biscuits', 'Lays Chips'})",frozenset({'Pepsi 1L'}),0.0388,0.2052,0.0064,0.16494845360824742,0.803842366511927,1.0,-0.0015617599999999997,0.9517975308641974,-0.20247256736294048,0.02693602693602694,-0.05064361649692071,0.09806876871445509
"frozenset({'Biscuits', 'National Ketchup (1kg)'})",frozenset({'Dalda Cooking Oil (500ml)'}),0.0388,0.2026,0.0064,0.16494845360824742,0.8141582112944098,1.0,-0.0014608800000000003,0.954911111111111,-0.19190390617610897,0.02723404255319149,-0.047217891135882345,0.09826889610323526
"frozenset({'Dalda Cooking Oil (500ml)', 'Tapal Tea (250g)'})",frozenset({'Chicken'}),0.0388,0.198,0.0064,0.16494845360824742,0.8330729980214516,1.0,-0.0012824000000000004,0.9604197530864198,-0.1725028517314853,0.027777777777777776,-0.0412114044784945,0.09863584296573988
"frozenset({'Lux Soap', 'Nestle Water'})",frozenset({'Eggs'}),0.0388,0.1982,0.0064,0.16494845360824742,0.8322323592747095,1.0,-0.0012901599999999994,0.9601802469135803,-0.1733657267557485,0.027753686036426715,-0.0414711229630239,0.09861953457405308
"frozenset({'Bread', 'Eggs'})",frozenset({'Shan Biryani Masala'}),0.0376,0.2088,0.0062,0.16489361702127658,0.7897203880329338,1.0,-0.0016508800000000013,0.947424203821656,-0.21671462477158657,0.025811823480432972,-0.055493406191510906,0.09729355180565745
"frozenset({'Bread', 'Eggs'})",frozenset({'Lux Soap'}),0.0376,0.1936,0.0062,0.16489361702127658,0.8517232284156848,1.0,-0.0010793600000000006,0.9656254777070064,-0.15318240650332668,0.02755555555555556,-0.03559819317798042,0.09845920520485317
"frozenset({'Bread', 'Eggs'})",frozenset({'Lays Chips'}),0.0376,0.206,0.0062,0.16489361702127658,0.8004544515595952,1.0,-0.0015456000000000003,0.9507770700636943,-0.20573765254616325,0.026116259477674812,-0.05177126319738464,0.09749535219995868
"frozenset({'Dalda Cooking Oil (500ml)', 'Noodles'})",frozenset({'Jam'}),0.0364,0.1984,0.006,0.16483516483516483,0.8308224034030486,1.0,-0.0012217599999999997,0.9598105263157894,-0.17445340522263594,0.026223776223776224,-0.04187229935732929,0.0975385501595179
"frozenset({'Dalda Cooking Oil (500ml)', 'Noodles'})",frozenset({'Olpers Milk (Pack of 6)'}),0.0364,0.196,0.006,0.16483516483516483,0.8409957389549226,1.0,-0.0011344000000000007,0.9626842105263158,-0.16402544823597465,0.026501766784452298,-0.03876223279208355,0.09772370486656201
"frozenset({'Dalda Cooking Oil (500ml)', 'Noodles'})",frozenset({'Surf Excel'}),0.0364,0.2112,0.006,0.16483516483516483,0.7804695304695305,1.0,-0.0016876800000000004,0.9444842105263157,-0.2259494891073839,0.024834437086092717,-0.05877894924548069,0.09662212787212787
"frozenset({'Butter', 'Guard Rice (1kg)'})",frozenset({'Noodles'}),0.0364,0.2052,0.006,0.16483516483516483,0.8032902769744875,1.0,-0.00146928,0.9516684210526315,-0.20263471468290742,0.02546689303904924,-0.05078615395676291,0.09703746545851809
"frozenset({'Butter', 'Bread'})",frozenset({'Jam'}),0.0364,0.1984,0.006,0.16483516483516483,0.8308224034030486,1.0,-0.0012217599999999997,0.9598105263157894,-0.17445340522263594,0.026223776223776224,-0.04187229935732929,0.0975385501595179
frozenset({'Butter'}),frozenset({'Thal Sugar (200ml)'}),0.1966,0.1964,0.0324,0.16480162767039674,0.8391121571812462,1.0,-0.006212240000000001,0.9621666260657734,-0.192673002009776,0.08985024958402661,-0.03932102081832161,0.16488553888611487
"frozenset({'Biscuits', 'Nestle Water'})",frozenset({'Eggs'}),0.0352,0.1982,0.0058,0.16477272727272727,0.831345748096505,1.0,-0.0011766400000000005,0.9599782312925171,-0.17373842373842383,0.025483304042179262,-0.04169028776162724,0.09701804880286212
"frozenset({'Biscuits', 'Nestle Water'})",frozenset({'Lux Soap'}),0.0352,0.1936,0.0058,0.16477272727272727,0.8510987978963186,1.0,-0.0010147200000000002,0.9654857142857143,-0.15349985477781006,0.026008968609865468,-0.035748106060606064,0.09736570247933884
"frozenset({'Noodles', 'Guard Rice (1kg)'})",frozenset({'Lux Soap'}),0.0352,0.1936,0.0058,0.16477272727272727,0.8510987978963186,1.0,-0.0010147200000000002,0.9654857142857143,-0.15349985477781006,0.026008968609865468,-0.035748106060606064,0.09736570247933884
"frozenset({'Lux Soap', 'Surf Excel'})",frozenset({'Frozen Paratha'}),0.0352,0.197,0.0058,0.16477272727272727,0.8364097831102907,1.0,-0.0011344000000000007,0.9614149659863945,-0.1685526816279955,0.02561837455830388,-0.04013358994679047,0.09710717581910475
"frozenset({'Noodles', 'Jam'})",frozenset({'Chicken'}),0.0352,0.198,0.0058,0.16477272727272727,0.8321854912764003,1.0,-0.0011696000000000015,0.96021768707483,-0.17287863021473865,0.025505716798592783,-0.04143051462253459,0.09703282828282828
"frozenset({'Lux Soap', 'Surf Excel'})",frozenset({'National Ketchup (1kg)'}),0.0352,0.2048,0.0058,0.16477272727272727,0.8045543323863635,1.0,-0.0014089600000000008,0.9520761904761905,-0.2011420740063957,0.02476515798462852,-0.050336107554417434,0.09654651988636363
"frozenset({'Noodles', 'Guard Rice (1kg)'})",frozenset({'Surf Excel'}),0.0352,0.2112,0.0058,0.16477272727272727,0.7801738980716253,1.0,-0.0016342400000000012,0.9444136054421768,-0.22603346021067555,0.024106400665004152,-0.05885810437027477,0.09611742424242424
"frozenset({'Lux Soap', 'Chicken'})",frozenset({'Butter'}),0.0352,0.1966,0.0058,0.16477272727272727,0.8381115324146861,1.0,-0.001120320000000001,0.9618938775510204,-0.1668096054888509,0.025663716814159288,-0.039615724081743506,0.0971371266068621
"frozenset({'Lux Soap', 'Surf Excel'})",frozenset({'Eggs'}),0.0352,0.1982,0.0058,0.16477272727272727,0.831345748096505,1.0,-0.0011766400000000005,0.9599782312925171,-0.17373842373842383,0.025483304042179262,-0.04169028776162724,0.09701804880286212
"frozenset({'Noodles', 'Guard Rice (1kg)'})",frozenset({'Chicken'}),0.0352,0.198,0.0058,0.16477272727272727,0.8321854912764003,1.0,-0.0011696000000000015,0.96021768707483,-0.17287863021473865,0.025505716798592783,-0.04143051462253459,0.09703282828282828
"frozenset({'Guard Rice (1kg)', 'Surf Excel'})",frozenset({'Butter'}),0.034,0.1966,0.0056,0.16470588235294117,0.8377715277362217,1.0,-0.0010844000000000001,0.9618169014084507,-0.16698490914690484,0.024888888888888887,-0.039698926620685616,0.09659505714798636
"frozenset({'Shan Biryani Masala', 'Tapal Tea (250g)'})",frozenset({'Jam'}),0.034,0.1984,0.0056,0.16470588235294117,0.8301707779886148,1.0,-0.0011456,0.9596619718309859,-0.174762020990969,0.024691358024691357,-0.042033579899025474,0.09646584440227704
"frozenset({'Shan Biryani Masala', 'Tapal Tea (250g)'})",frozenset({'Thal Sugar (200ml)'}),0.034,0.1964,0.0056,0.16470588235294117,0.8386246555648736,1.0,-0.0010776000000000006,0.9620563380281689,-0.166111727709952,0.02491103202846975,-0.0394401663104266,0.09660956032107344
"frozenset({'Biscuits', 'Dalda Cooking Oil (500ml)'})",frozenset({'Pepsi 1L'}),0.034,0.2052,0.0056,0.16470588235294117,0.8026602453847036,1.0,-0.0013768,0.9515211267605633,-0.20287634091712836,0.023972602739726026,-0.05094881435211226,0.09599816534801055
"frozenset({'Guard Rice (1kg)', 'Surf Excel'})",frozenset({'Bread'}),0.034,0.2058,0.0056,0.16470588235294117,0.8003201280512204,1.0,-0.0013972000000000012,0.9508028169014084,-0.2052653229123819,0.02391118701964133,-0.05174278222999098,0.09595838335334134
"frozenset({'Butter', 'Chicken'})",frozenset({'Surf Excel'}),0.034,0.2112,0.0056,0.16470588235294117,0.7798573975044564,1.0,-0.0015808000000000003,0.944338028169014,-0.22613870450904097,0.02337228714524207,-0.05894284691564253,0.09561051693404635
"frozenset({'Butter', 'Chicken'})",frozenset({'Noodles'}),0.034,0.2052,0.0056,0.16470588235294117,0.8026602453847036,1.0,-0.0013768,0.9515211267605633,-0.20287634091712836,0.023972602739726026,-0.05094881435211226,0.09599816534801055
frozenset({'Eggs'}),frozenset({'Guard Rice (1kg)'}),0.1982,0.1952,0.0326,0.16448032290615539,0.8426246050520255,1.0,-0.006088640000000006,0.9632328502415458,-0.18892790340617854,0.09035476718403548,-0.03817057292972742,0.16574425981373342
frozenset({'Frozen Paratha'}),frozenset({'Tapal Tea (250g)'}),0.197,0.1996,0.0324,0.16446700507614212,0.8239829913634374,1.0,-0.006921200000000002,0.957951397326853,-0.21012556772642269,0.08896210873146622,-0.043894296506569064,0.16339582718736967
"frozenset({'Nestle Water', 'Tapal Tea (250g)'})",frozenset({'Guard Rice (1kg)'}),0.0414,0.1952,0.0068,0.16425120772946858,0.8414508592698184,1.0,-0.00128128,0.9629687861271675,-0.16427172118116457,0.029590948651000867,-0.038455258785451585,0.09954363665161953
frozenset({'Bread'}),frozenset({'Olpers Milk (Pack of 6)'}),0.2058,0.196,0.0338,0.16423712342079685,0.8379445072489635,1.0,-0.006536800000000009,0.9619953488372094,-0.19582537964983449,0.0918478260869565,-0.03950606539701884,0.1683430515063168
"frozenset({'Noodles', 'Tapal Tea (250g)'})",frozenset({'Shan Biryani Masala'}),0.0402,0.2088,0.0066,0.16417910447761194,0.7862983930920112,1.0,-0.0017937600000000001,0.9466142857142857,-0.2206770302788727,0.027227722772277228,-0.05639648069058149,0.09789414993995539
"frozenset({'Noodles', 'Tapal Tea (250g)'})",frozenset({'Pepsi 1L'}),0.0402,0.2052,0.0066,0.16417910447761194,0.8000931017427483,1.0,-0.0016490399999999992,0.9509214285714286,-0.20655032992138994,0.027638190954773868,-0.05161159476898346,0.09817142358383521
"frozenset({'Noodles', 'Tapal Tea (250g)'})",frozenset({'Biscuits'}),0.0402,0.1972,0.0066,0.16417910447761194,0.8325512397444825,1.0,-0.0013274399999999992,0.9604928571428571,-0.17324709088346296,0.028596187175043326,-0.04113215685399607,0.09882383215767007
"frozenset({'Lays Chips', 'Guard Rice (1kg)'})",frozenset({'Bread'}),0.039,0.2058,0.0064,0.1641025641025641,0.7973885524905933,1.0,-0.0016262000000000004,0.950116564417178,-0.20911452305634856,0.026845637583892617,-0.052502437543988804,0.09760035882484862
"frozenset({'Lays Chips', 'Tapal Tea (250g)'})",frozenset({'Shan Biryani Masala'}),0.039,0.2088,0.0064,0.1641025641025641,0.785931820414579,1.0,-0.0017431999999999994,0.9465276073619632,-0.22083713388061205,0.026512013256006627,-0.05649322029504033,0.09737695254936635
"frozenset({'Lays Chips', 'Tapal Tea (250g)'})",frozenset({'Frozen Paratha'}),0.039,0.197,0.0064,0.1641025641025641,0.8330079396069243,1.0,-0.0012830000000000003,0.960644171779141,-0.1725993488847634,0.02787456445993031,-0.0409681642558355,0.09829493687361708
"frozenset({'Olpers Milk (Pack of 6)', 'Surf Excel'})",frozenset({'Noodles'}),0.039,0.2052,0.0064,0.1641025641025641,0.799720097965712,1.0,-0.0016027999999999988,0.9508343558282207,-0.20672754475571362,0.02691337258200168,-0.05170789619707586,0.09764582396161343
"frozenset({'Lays Chips', 'Guard Rice (1kg)'})",frozenset({'Olpers Milk (Pack of 6)'}),0.039,0.196,0.0064,0.1641025641025641,0.837257980115123,1.0,-0.0012440000000000003,0.9618404907975461,-0.16823542139997838,0.027996500437445317,-0.039673427733129235,0.09837781266352695
"frozenset({'Dalda Cooking Oil (500ml)', 'Pepsi 1L'})",frozenset({'Eggs'}),0.039,0.1982,0.0064,0.1641025641025641,0.8279645010220187,1.0,-0.001329799999999999,0.9592085889570553,-0.17777599529424334,0.027729636048526865,-0.04252611112177087,0.09819658982121142
"frozenset({'Dalda Cooking Oil (500ml)', 'Pepsi 1L'})",frozenset({'Thal Sugar (200ml)'}),0.039,0.1964,0.0064,0.1641025641025641,0.8355527703796544,1.0,-0.0012595999999999996,0.961361963190184,-0.16998650472334678,0.02794759825327511,-0.04019093566131893,0.0983445610736853
"frozenset({'Dalda Cooking Oil (500ml)', 'Frozen Paratha'})",frozenset({'Eggs'}),0.039,0.1982,0.0064,0.1641025641025641,0.8279645010220187,1.0,-0.001329799999999999,0.9592085889570553,-0.17777599529424334,0.027729636048526865,-0.04252611112177087,0.09819658982121142
"frozenset({'Dalda Cooking Oil (500ml)', 'Chicken'})",frozenset({'Noodles'}),0.0378,0.2052,0.0062,0.164021164021164,0.7993234114091814,1.0,-0.0015565600000000002,0.9507417721518986,-0.2069288240142512,0.026182432432432432,-0.05181031200155509,0.09711779448621553
"frozenset({'Jam', 'Eggs'})",frozenset({'Olpers Milk (Pack of 6)'}),0.0378,0.196,0.0062,0.164021164021164,0.8368426735773674,1.0,-0.0012088000000000003,0.961746835443038,-0.16848701780208636,0.027240773286467485,-0.039774671615467654,0.09782690854119425
"frozenset({'Dalda Cooking Oil (500ml)', 'Chicken'})",frozenset({'Bread'}),0.0378,0.2058,0.0062,0.164021164021164,0.7969930224546355,1.0,-0.0015792400000000009,0.9500240506329113,-0.20931280550519038,0.02611625947767481,-0.052604930721274236,0.09707375013497462
"frozenset({'Lux Soap', 'Frozen Paratha'})",frozenset({'Bread'}),0.0378,0.2058,0.0062,0.164021164021164,0.7969930224546355,1.0,-0.0015792400000000009,0.9500240506329113,-0.20931280550519038,0.02611625947767481,-0.052604930721274236,0.09707375013497462
"frozenset({'Lux Soap', 'Lays Chips'})",frozenset({'Nestle Water'}),0.0366,0.2062,0.006,0.16393442622950818,0.7950263153710387,1.0,-0.0015469199999999994,0.9494470588235294,-0.21111675210035857,0.02533783783783784,-0.05324461296358252,0.09651619468604411
"frozenset({'Lux Soap', 'Lays Chips'})",frozenset({'Noodles'}),0.0366,0.2052,0.006,0.16393442622950818,0.7989007126194356,1.0,-0.00151032,0.9506431372549019,-0.20715649483178616,0.025445292620865142,-0.05191944359649196,0.09658709615568976
"frozenset({'Lux Soap', 'Lays Chips'})",frozenset({'Dalda Cooking Oil (500ml)'}),0.0366,0.2026,0.006,0.16393442622950818,0.8091531403233375,1.0,-0.0014151600000000004,0.9537529411764706,-0.19667128062305092,0.025728987993138937,-0.0484895582775167,0.09677471558267117
"frozenset({'Biscuits', 'Thal Sugar (200ml)'})",frozenset({'National Ketchup (1kg)'}),0.0366,0.2048,0.006,0.16393442622950818,0.8004610655737704,1.0,-0.00149568,0.951121568627451,-0.20556123627007952,0.02548853016142736,-0.0513903090675199,0.09661565061475409
"frozenset({'Jam', 'Thal Sugar (200ml)'})",frozenset({'Noodles'}),0.0366,0.2052,0.006,0.16393442622950818,0.7989007126194356,1.0,-0.00151032,0.9506431372549019,-0.20715649483178616,0.025445292620865142,-0.05191944359649196,0.09658709615568976
"frozenset({'Butter', 'Nestle Water'})",frozenset({'Dalda Cooking Oil (500ml)'}),0.0366,0.2026,0.006,0.16393442622950818,0.8091531403233375,1.0,-0.0014151600000000004,0.9537529411764706,-0.19667128062305092,0.025728987993138937,-0.0484895582775167,0.09677471558267117
"frozenset({'Butter', 'Nestle Water'})",frozenset({'Jam'}),0.0366,0.1984,0.006,0.16393442622950818,0.8262823902696985,1.0,-0.00126144,0.9587764705882352,-0.17913499880712996,0.026200873362445417,-0.04299597526258958,0.09708818085668958
"frozenset({'Pepsi 1L', 'Guard Rice (1kg)'})",frozenset({'Nestle Water'}),0.0366,0.2062,0.006,0.16393442622950818,0.7950263153710387,1.0,-0.0015469199999999994,0.9494470588235294,-0.21111675210035857,0.02533783783783784,-0.05324461296358252,0.09651619468604411
"frozenset({'Pepsi 1L', 'Thal Sugar (200ml)'})",frozenset({'Butter'}),0.0366,0.1966,0.006,0.16393442622950818,0.8338475393159114,1.0,-0.00119556,0.9609294117647058,-0.17138286343384998,0.026408450704225355,-0.04065916575864054,0.09722662308423527
"frozenset({'Jam', 'Thal Sugar (200ml)'})",frozenset({'Eggs'}),0.0366,0.1982,0.006,0.16393442622950818,0.8271161767381846,1.0,-0.0012541199999999992,0.9590156862745098,-0.17828082086624236,0.026223776223776227,-0.04273581163693165,0.09710343914906287
"frozenset({'Lux Soap', 'Noodles'})",frozenset({'Guard Rice (1kg)'}),0.0354,0.1952,0.0058,0.1638418079096045,0.8393535241270722,1.0,-0.0011100800000000011,0.9624972972972972,-0.16556595612669223,0.02580071174377224,-0.03896395637474591,0.09677746133185143
"frozenset({'Chicken', 'Shan Biryani Masala'})",frozenset({'Biscuits'}),0.0354,0.1972,0.0058,0.1638418079096045,0.8308408109006314,1.0,-0.0011808800000000005,0.9601054054054052,-0.17428522513268283,0.02557319223985891,-0.04155230703836009,0.09662678630774343
"frozenset({'Chicken', 'Shan Biryani Masala'})",frozenset({'Butter'}),0.0354,0.1966,0.0058,0.1638418079096045,0.8333764390112132,1.0,-0.0011596400000000008,0.9608229729729729,-0.17168863779033283,0.02564102564102564,-0.040774448705993886,0.09667166692530073
"frozenset({'Lux Soap', 'Noodles'})",frozenset({'Butter'}),0.0354,0.1966,0.0058,0.1638418079096045,0.8333764390112132,1.0,-0.0011596400000000008,0.9608229729729729,-0.17168863779033283,0.02564102564102564,-0.040774448705993886,0.09667166692530073
"frozenset({'Lux Soap', 'Jam'})",frozenset({'National Ketchup (1kg)'}),0.0342,0.2048,0.0056,0.16374269005847952,0.7995248538011696,1.0,-0.0014041600000000007,0.9509034965034965,-0.20611099368233174,0.02399314481576692,-0.051631425982797394,0.09554322002923976
"frozenset({'Lux Soap', 'Jam'})",frozenset({'Bread'}),0.0342,0.2058,0.0056,0.16374269005847952,0.7956398933842542,1.0,-0.0014383600000000005,0.9497076923076924,-0.210076473234368,0.02389078498293515,-0.05295556527514541,0.09547678720611051
"frozenset({'Lux Soap', 'Jam'})",frozenset({'Thal Sugar (200ml)'}),0.0342,0.1964,0.0056,0.16374269005847952,0.8337204178130322,1.0,-0.0011168799999999998,0.9609482517482517,-0.17115990535388081,0.024888888888888887,-0.04063876299343015,0.09612796417384262
"frozenset({'Olpers Milk (Pack of 6)', 'Thal Sugar (200ml)'})",frozenset({'Surf Excel'}),0.033,0.2112,0.0054,0.16363636363636364,0.7747933884297521,1.0,-0.0015696,0.9431304347826086,-0.23111582295255764,0.022613065326633167,-0.060298727641526835,0.09460227272727273
"frozenset({'Biscuits', 'Olpers Milk (Pack of 6)'})",frozenset({'Jam'}),0.033,0.1984,0.0054,0.16363636363636364,0.8247800586510264,1.0,-0.0011472000000000001,0.9584347826086955,-0.18012246820536976,0.023893805309734513,-0.0433678098348757,0.09542705278592375
"frozenset({'Nestle Water', 'Bread'})",frozenset({'Jam'}),0.0428,0.1984,0.007,0.1635514018691589,0.8243518239372929,1.0,-0.0014915199999999988,0.9583374301675976,-0.18207209054775914,0.029888983774551667,-0.04347380006342452,0.09941682996683751
"frozenset({'Dalda Cooking Oil (500ml)', 'Bread'})",frozenset({'Noodles'}),0.0428,0.2052,0.007,0.1635514018691589,0.7970341221693904,1.0,-0.0017825599999999999,0.9502078212290502,-0.21013419844016712,0.029045643153526972,-0.052401356480675766,0.0988322311490044
"frozenset({'Nestle Water', 'Bread'})",frozenset({'Lux Soap'}),0.0428,0.1936,0.007,0.1635514018691589,0.8447902989109447,1.0,-0.0012860799999999993,0.9640759776536313,-0.16103214432390733,0.03051438535309503,-0.03726264649161842,0.09985421333127367
"frozenset({'Dalda Cooking Oil (500ml)', 'Bread'})",frozenset({'Jam'}),0.0428,0.1984,0.007,0.1635514018691589,0.8243518239372929,1.0,-0.0014915199999999988,0.9583374301675976,-0.18207209054775914,0.029888983774551667,-0.04347380006342452,0.09941682996683751
"frozenset({'Dalda Cooking Oil (500ml)', 'Lays Chips'})",frozenset({'Butter'}),0.0416,0.1966,0.0068,0.16346153846153846,0.8314422098755772,1.0,-0.00137856,0.9603862068965517,-0.17459674150928106,0.029386343993085564,-0.04124777388406962,0.09902476719618124
"frozenset({'Biscuits', 'Shan Biryani Masala'})",frozenset({'Butter'}),0.0416,0.1966,0.0068,0.16346153846153846,0.8314422098755772,1.0,-0.00137856,0.9603862068965517,-0.17459674150928106,0.029386343993085564,-0.04124777388406962,0.09902476719618124
"frozenset({'Dalda Cooking Oil (500ml)', 'Lays Chips'})",frozenset({'Chicken'}),0.0416,0.198,0.0068,0.16346153846153846,0.8255633255633256,1.0,-0.001436800000000001,0.9587126436781609,-0.18064048921789522,0.029209621993127145,-0.04306541338960292,0.0989024864024864
"frozenset({'Dalda Cooking Oil (500ml)', 'Lays Chips'})",frozenset({'Surf Excel'}),0.0416,0.2112,0.0068,0.16346153846153846,0.7739656177156178,1.0,-0.0019859199999999995,0.9429333333333333,-0.2335541171157609,0.027642276422764223,-0.060520361990950226,0.09782925407925408
frozenset({'Frozen Paratha'}),frozenset({'Guard Rice (1kg)'}),0.197,0.1952,0.0322,0.1634517766497462,0.8373554131646833,1.0,-0.006254400000000007,0.9620485436893204,-0.1947743763819254,0.08944444444444445,-0.039448587661846196,0.16420539652159438
"frozenset({'Lux Soap', 'Eggs'})",frozenset({'Chicken'}),0.0404,0.198,0.0066,0.16336633663366337,0.8250825082508251,1.0,-0.0013991999999999997,0.9586035502958581,-0.18094912939569816,0.028472821397756688,-0.043184118910644186,0.09834983498349835
"frozenset({'Lux Soap', 'Eggs'})",frozenset({'National Ketchup (1kg)'}),0.0404,0.2048,0.0066,0.16336633663366337,0.7976871905940593,1.0,-0.0016739200000000006,0.9504757396449705,-0.20904976471411024,0.02766135792120704,-0.052104707452636616,0.09779644956683169
"frozenset({'Biscuits', 'Pepsi 1L'})",frozenset({'Frozen Paratha'}),0.0404,0.197,0.0066,0.16336633663366337,0.8292707443333166,1.0,-0.0013588000000000003,0.9597988165680473,-0.17664739162991933,0.028596187175043326,-0.04188501041885011,0.09843443735236468
"frozenset({'Lux Soap', 'Eggs'})",frozenset({'Jam'}),0.0404,0.1984,0.0066,0.16336633663366337,0.8234190354519324,1.0,-0.0014153599999999992,0.9581254437869823,-0.1826572646837154,0.028423772609819122,-0.04370466986818441,0.09831623283296072
"frozenset({'Lux Soap', 'Eggs'})",frozenset({'Olpers Milk (Pack of 6)'}),0.0404,0.196,0.0066,0.16336633663366337,0.8335017175186906,1.0,-0.0013184000000000008,0.9609940828402368,-0.1723002289669306,0.028720626631853784,-0.040589133540219695,0.09851990301070923
"frozenset({'Pepsi 1L', 'National Ketchup (1kg)'})",frozenset({'Olpers Milk (Pack of 6)'}),0.0404,0.196,0.0066,0.16336633663366337,0.8335017175186906,1.0,-0.0013184000000000008,0.9609940828402368,-0.1723002289669306,0.028720626631853784,-0.040589133540219695,0.09851990301070923
"frozenset({'Nestle Water', 'Surf Excel'})",frozenset({'Butter'}),0.0404,0.1966,0.0066,0.16336633663366337,0.8309579686351138,1.0,-0.0013426399999999991,0.9602769230769231,-0.17491401771756113,0.028645833333333336,-0.04136627254958505,0.09846851928326099
"frozenset({'Lays Chips', 'Bread'})",frozenset({'Olpers Milk (Pack of 6)'}),0.0404,0.196,0.0066,0.16336633663366337,0.8335017175186906,1.0,-0.0013184000000000008,0.9609940828402368,-0.1723002289669306,0.028720626631853784,-0.040589133540219695,0.09851990301070923
"frozenset({'Nestle Water', 'Surf Excel'})",frozenset({'Olpers Milk (Pack of 6)'}),0.0404,0.196,0.0066,0.16336633663366337,0.8335017175186906,1.0,-0.0013184000000000008,0.9609940828402368,-0.1723002289669306,0.028720626631853784,-0.040589133540219695,0.09851990301070923
"frozenset({'Pepsi 1L', 'National Ketchup (1kg)'})",frozenset({'Chicken'}),0.0404,0.198,0.0066,0.16336633663366337,0.8250825082508251,1.0,-0.0013991999999999997,0.9586035502958581,-0.18094912939569816,0.028472821397756688,-0.043184118910644186,0.09834983498349835
"frozenset({'Biscuits', 'Pepsi 1L'})",frozenset({'Guard Rice (1kg)'}),0.0404,0.1952,0.0066,0.16336633663366337,0.836917708164259,1.0,-0.0012860800000000002,0.9619502958579882,-0.16878930735067146,0.028820960698689956,-0.03955475070369861,0.09858890602174972
"frozenset({'Lays Chips', 'Bread'})",frozenset({'Butter'}),0.0404,0.1966,0.0066,0.16336633663366337,0.8309579686351138,1.0,-0.0013426399999999991,0.9602769230769231,-0.17491401771756113,0.028645833333333336,-0.04136627254958505,0.09846851928326099
"frozenset({'Pepsi 1L', 'National Ketchup (1kg)'})",frozenset({'Thal Sugar (200ml)'}),0.0404,0.1964,0.0066,0.16336633663366337,0.8318041580125427,1.0,-0.0013345599999999985,0.960515976331361,-0.17404459097121494,0.028670721112076455,-0.041107097270204854,0.09848561230868505
"frozenset({'Biscuits', 'Pepsi 1L'})",frozenset({'Bread'}),0.0404,0.2058,0.0066,0.16336633663366337,0.7938111595416101,1.0,-0.00171432,0.9492804733727811,-0.21302039842538473,0.02754590984974958,-0.05342944266725842,0.09771815373957221
"frozenset({'Chicken', 'Bread'})",frozenset({'Tapal Tea (250g)'}),0.0392,0.1996,0.0064,0.163265306122449,0.8179624555232916,1.0,-0.0014243199999999989,0.9565756097560976,-0.1880677736933281,0.027538726333907054,-0.045395669512182664,0.09766471718948101
"frozenset({'Chicken', 'Bread'})",frozenset({'Pepsi 1L'}),0.0392,0.2052,0.0064,0.163265306122449,0.7956398933842543,1.0,-0.0016438399999999997,0.9498829268292682,-0.21093910401182603,0.026890756302521007,-0.052761315900290644,0.09722719497155588
"frozenset({'Chicken', 'Bread'})",frozenset({'Thal Sugar (200ml)'}),0.0392,0.1964,0.0064,0.163265306122449,0.8312897460409827,1.0,-0.0012988799999999988,0.9603999999999999,-0.174393125671321,0.02792321116928447,-0.041232819658475604,0.09792593208362776
"frozenset({'Chicken', 'Frozen Paratha'})",frozenset({'Tapal Tea (250g)'}),0.0392,0.1996,0.0064,0.163265306122449,0.8179624555232916,1.0,-0.0014243199999999989,0.9565756097560976,-0.1880677736933281,0.027538726333907054,-0.045395669512182664,0.09766471718948101
frozenset({'Olpers Milk (Pack of 6)'}),frozenset({'Jam'}),0.196,0.1984,0.032,0.16326530612244897,0.8229098090849243,1.0,-0.006886400000000001,0.9580097560975609,-0.2111459968602826,0.0883002207505519,-0.043830705935068645,0.16227781435154706
"frozenset({'Bread', 'Shan Biryani Masala'})",frozenset({'Eggs'}),0.038,0.1982,0.0062,0.1631578947368421,0.823198258006267,1.0,-0.0013315999999999996,0.9581257861635222,-0.1825109649122807,0.026956521739130435,-0.04370429691089782,0.09721971427054013
"frozenset({'National Ketchup (1kg)', 'Olpers Milk (Pack of 6)'})",frozenset({'Eggs'}),0.038,0.1982,0.0062,0.1631578947368421,0.823198258006267,1.0,-0.0013315999999999996,0.9581257861635222,-0.1825109649122807,0.026956521739130435,-0.04370429691089782,0.09721971427054013
"frozenset({'National Ketchup (1kg)', 'Olpers Milk (Pack of 6)'})",frozenset({'Thal Sugar (200ml)'}),0.038,0.1964,0.0062,0.1631578947368421,0.8307428448922715,1.0,-0.0012632,0.9602767295597485,-0.17477447562122975,0.02716914986853637,-0.04136648240811085,0.09736306142137421
"frozenset({'Frozen Paratha', 'Shan Biryani Masala'})",frozenset({'Eggs'}),0.0368,0.1982,0.006,0.16304347826086957,0.8226209801254771,1.0,-0.0012937599999999997,0.9579948051948053,-0.18291634619734876,0.026200873362445417,-0.043846996431941156,0.09665796516474356
"frozenset({'Noodles', 'Lays Chips'})",frozenset({'Lux Soap'}),0.0368,0.1936,0.006,0.16304347826086957,0.8421667265540783,1.0,-0.0011244799999999998,0.9634909090909092,-0.16288124594419207,0.026737967914438505,-0.037892512077294674,0.09701760689902983
"frozenset({'Biscuits', 'Eggs'})",frozenset({'Jam'}),0.0368,0.1984,0.006,0.16304347826086957,0.8217917251051894,1.0,-0.0013011199999999994,0.9577558441558442,-0.18376570550483587,0.026178010471204192,-0.044107437299314406,0.09664270687237027
"frozenset({'Olpers Milk (Pack of 6)', 'Guard Rice (1kg)'})",frozenset({'Shan Biryani Masala'}),0.0368,0.2088,0.006,0.16304347826086957,0.7808595702148925,1.0,-0.0016838399999999998,0.9453298701298702,-0.22562387445330587,0.025041736227045076,-0.0578318019958676,0.0958895552223888
"frozenset({'Olpers Milk (Pack of 6)', 'Guard Rice (1kg)'})",frozenset({'Eggs'}),0.0368,0.1982,0.006,0.16304347826086957,0.8226209801254771,1.0,-0.0012937599999999997,0.9579948051948053,-0.18291634619734876,0.026200873362445417,-0.043846996431941156,0.09665796516474356
"frozenset({'National Ketchup (1kg)', 'Bread'})",frozenset({'Shan Biryani Masala'}),0.0368,0.2088,0.006,0.16304347826086957,0.7808595702148925,1.0,-0.0016838399999999998,0.9453298701298702,-0.22562387445330587,0.025041736227045076,-0.0578318019958676,0.0958895552223888
"frozenset({'Noodles', 'Olpers Milk (Pack of 6)'})",frozenset({'National Ketchup (1kg)'}),0.0368,0.2048,0.006,0.16304347826086957,0.7961107336956521,1.0,-0.0015366399999999997,0.950109090909091,-0.21004286589099813,0.025466893039049237,-0.05251071647274955,0.09617017663043478
"frozenset({'Biscuits', 'Eggs'})",frozenset({'Lays Chips'}),0.0368,0.206,0.006,0.16304347826086957,0.7914731954411145,1.0,-0.0015807999999999994,0.9486753246753248,-0.2147826086956521,0.02533783783783784,-0.054101412769685664,0.09608484592655128
"frozenset({'Lux Soap', 'Pepsi 1L'})",frozenset({'Bread'}),0.0368,0.2058,0.006,0.16304347826086957,0.7922423627836227,1.0,-0.0015734399999999997,0.9489142857142858,-0.2139966053009531,0.0253592561284869,-0.05383596290497412,0.09609899860565344
"frozenset({'Lux Soap', 'Shan Biryani Masala'})",frozenset({'Nestle Water'}),0.0368,0.2062,0.006,0.16304347826086957,0.7907055201788049,1.0,-0.00158816,0.9484363636363637,-0.21556704165399818,0.025316455696202535,-0.05436699639598189,0.09607072070172479
"frozenset({'Lux Soap', 'Pepsi 1L'})",frozenset({'Olpers Milk (Pack of 6)'}),0.0368,0.196,0.006,0.16304347826086957,0.8318544809228039,1.0,-0.0012128,0.9606233766233767,-0.1734553775743707,0.026455026455026457,-0.040990698680510494,0.09682786157941438
"frozenset({'Noodles', 'Olpers Milk (Pack of 6)'})",frozenset({'Dalda Cooking Oil (500ml)'}),0.0368,0.2026,0.006,0.16304347826086957,0.8047555689085368,1.0,-0.00145568,0.9527376623376624,-0.20120306072802865,0.02570694087403599,-0.04960687451609034,0.09632924159835186
"frozenset({'Frozen Paratha', 'Shan Biryani Masala'})",frozenset({'Bread'}),0.0368,0.2058,0.006,0.16304347826086957,0.7922423627836227,1.0,-0.0015734399999999997,0.9489142857142858,-0.2139966053009531,0.0253592561284869,-0.05383596290497412,0.09609899860565344
"frozenset({'Tapal Tea (250g)', 'Thal Sugar (200ml)'})",frozenset({'Lux Soap'}),0.0368,0.1936,0.006,0.16304347826086957,0.8421667265540783,1.0,-0.0011244799999999998,0.9634909090909092,-0.16288124594419207,0.026737967914438505,-0.037892512077294674,0.09701760689902983
"frozenset({'Biscuits', 'Eggs'})",frozenset({'Noodles'}),0.0368,0.2052,0.006,0.16304347826086957,0.794558860920417,1.0,-0.00155136,0.9496311688311688,-0.21162912519643792,0.025423728813559324,-0.053040414870571755,0.09614162217137046
"frozenset({'Biscuits', 'Tapal Tea (250g)'})",frozenset({'Chicken'}),0.0356,0.198,0.0058,0.16292134831460672,0.8228350924980137,1.0,-0.0012488000000000004,0.9580939597315437,-0.18251119503326363,0.02546093064091308,-0.043738967188769684,0.096107138803768
"frozenset({'Pepsi 1L', 'Tapal Tea (250g)'})",frozenset({'Frozen Paratha'}),0.0356,0.197,0.0058,0.16292134831460672,0.8270119203787143,1.0,-0.0012132000000000002,0.9592885906040267,-0.17823562596963002,0.025573192239858905,-0.0424391677277625,0.09618148634004448
"frozenset({'Biscuits', 'Tapal Tea (250g)'})",frozenset({'Shan Biryani Masala'}),0.0356,0.2088,0.0058,0.16292134831460672,0.780274656679151,1.0,-0.0016332800000000008,0.9451919463087248,-0.22600321027287332,0.02430846605196982,-0.05798616239306533,0.09534956304619224
"frozenset({'Jam', 'Lays Chips'})",frozenset({'Tapal Tea (250g)'}),0.0356,0.1996,0.0058,0.16292134831460672,0.8162392200130597,1.0,-0.0013057600000000004,0.9561825503355704,-0.18926032861400036,0.025283347863993024,-0.0458254019057887,0.09598973227353583
frozenset({'Shan Biryani Masala'}),frozenset({'Tapal Tea (250g)'}),0.2088,0.1996,0.034,0.1628352490421456,0.8158078609325933,1.0,-0.007676479999999999,0.9560842105263159,-0.22200936568752658,0.09081196581196584,-0.04593297221121238,0.16658796520243552
"frozenset({'Nestle Water', 'Thal Sugar (200ml)'})",frozenset({'Tapal Tea (250g)'}),0.0344,0.1996,0.0056,0.16279069767441862,0.815584657687468,1.0,-0.00126624,0.9560333333333334,-0.1897386717813474,0.024518388791593695,-0.04598863359018164,0.09542340494943376
"frozenset({'Frozen Paratha', 'Eggs'})",frozenset({'Nestle Water'}),0.0344,0.2062,0.0056,0.16279069767441862,0.7894796201475199,1.0,-0.0014932799999999996,0.9481500000000002,-0.21639731966890022,0.023829787234042554,-0.05468544006749984,0.09497439830374665
"frozenset({'Nestle Water', 'Thal Sugar (200ml)'})",frozenset({'Shan Biryani Masala'}),0.0344,0.2088,0.0056,0.16279069767441862,0.7796489352223114,1.0,-0.0015827200000000001,0.9450444444444446,-0.22642373191723125,0.023569023569023566,-0.05815129212030005,0.09480531052303307
"frozenset({'Surf Excel', 'Bread'})",frozenset({'Eggs'}),0.0406,0.1982,0.0066,0.16256157635467983,0.8201895880659931,1.0,-0.0014469199999999991,0.9574435294117648,-0.1860042987751575,0.028423772609819122,-0.04444802150825662,0.09793063681507957
"frozenset({'Dalda Cooking Oil (500ml)', 'Shan Biryani Masala'})",frozenset({'Guard Rice (1kg)'}),0.0406,0.1952,0.0066,0.16256157635467983,0.8327949608334007,1.0,-0.0013251200000000008,0.9610258823529412,-0.17305632897836806,0.028795811518324606,-0.04055470134855888,0.09818652588225794
"frozenset({'Pepsi 1L', 'Shan Biryani Masala'})",frozenset({'Noodles'}),0.0406,0.2052,0.0066,0.16256157635467983,0.7922104110851844,1.0,-0.0017311199999999992,0.9490847058823529,-0.2146949831083594,0.027591973244147156,-0.053646733323251344,0.09736265952236915
"frozenset({'Surf Excel', 'Bread'})",frozenset({'Shan Biryani Masala'}),0.0406,0.2088,0.0066,0.16256157635467983,0.7785516108940604,1.0,-0.0018772800000000003,0.9447858823529413,-0.22867667480375964,0.0271828665568369,-0.05844087922815999,0.09708538587848933
"frozenset({'Dalda Cooking Oil (500ml)', 'Shan Biryani Masala'})",frozenset({'Noodles'}),0.0406,0.2052,0.0066,0.16256157635467983,0.7922104110851844,1.0,-0.0017311199999999992,0.9490847058823529,-0.2146949831083594,0.027591973244147156,-0.053646733323251344,0.09736265952236915
"frozenset({'Surf Excel', 'Bread'})",frozenset({'Chicken'}),0.0406,0.198,0.0066,0.16256157635467983,0.8210180623973728,1.0,-0.0014388000000000005,0.9576823529411765,-0.18515372855444204,0.028448275862068963,-0.0441875606550127,0.09794745484400658
"frozenset({'Jam', 'Olpers Milk (Pack of 6)'})",frozenset({'Noodles'}),0.032,0.2052,0.0052,0.16249999999999998,0.7919103313840156,1.0,-0.0013664000000000003,0.9490149253731343,-0.21350000000000005,0.022413793103448276,-0.05372420734776047,0.09392056530214424
"frozenset({'Shan Biryani Masala', 'Thal Sugar (200ml)'})",frozenset({'National Ketchup (1kg)'}),0.0394,0.2048,0.0064,0.16243654822335027,0.7931472081218275,1.0,-0.0016691199999999988,0.9494206060606061,-0.21352546258391994,0.02691337258200168,-0.05327395847164203,0.09684327411167513
"frozenset({'Pepsi 1L', 'Chicken'})",frozenset({'Bread'}),0.0394,0.2058,0.0064,0.16243654822335027,0.7892932372368817,1.0,-0.001708519999999999,0.9482266666666668,-0.21746966788690933,0.02680067001675042,-0.05460016592375943,0.0967673508852417
"frozenset({'Pepsi 1L', 'Nestle Water'})",frozenset({'National Ketchup (1kg)'}),0.0394,0.2048,0.0064,0.16243654822335027,0.7931472081218275,1.0,-0.0016691199999999988,0.9494206060606061,-0.21352546258391994,0.02691337258200168,-0.05327395847164203,0.09684327411167513
"frozenset({'Biscuits', 'Lux Soap'})",frozenset({'Butter'}),0.0394,0.1966,0.0064,0.16243654822335027,0.8262286277891672,1.0,-0.0013460399999999989,0.9592109090909091,-0.17961856875210158,0.027874564459930314,-0.04252358946558343,0.09749497807912172
"frozenset({'Pepsi 1L', 'Nestle Water'})",frozenset({'Thal Sugar (200ml)'}),0.0394,0.1964,0.0064,0.16243654822335027,0.8270700011372214,1.0,-0.0013381599999999988,0.959449696969697,-0.178755009350788,0.02789886660854403,-0.0422641261531231,0.09751155313407839
"frozenset({'Biscuits', 'Lux Soap'})",frozenset({'Bread'}),0.0394,0.2058,0.0064,0.16243654822335027,0.7892932372368817,1.0,-0.001708519999999999,0.9482266666666668,-0.21746966788690933,0.02680067001675042,-0.05460016592375943,0.0967673508852417
frozenset({'Tapal Tea (250g)'}),frozenset({'Frozen Paratha'}),0.1996,0.197,0.0324,0.1623246492985972,0.8239829913634374,1.0,-0.006921200000000002,0.9586052631578947,-0.2106643420498348,0.08896210873146622,-0.04318225492080052,0.16339582718736967
"frozenset({'Nestle Water', 'Shan Biryani Masala'})",frozenset({'Guard Rice (1kg)'}),0.0382,0.1952,0.0062,0.16230366492146597,0.831473693245215,1.0,-0.0012566399999999998,0.96073,-0.1740546829552065,0.0272887323943662,-0.04087516784112082,0.09703298000171659
"frozenset({'Olpers Milk (Pack of 6)', 'Eggs'})",frozenset({'Jam'}),0.0382,0.1984,0.0062,0.16230366492146597,0.8180628272251309,1.0,-0.0013788799999999999,0.9569099999999999,-0.18780611383212295,0.026909722222222224,-0.04503035813190372,0.09677683246073299
"frozenset({'Olpers Milk (Pack of 6)', 'Eggs'})",frozenset({'National Ketchup (1kg)'}),0.0382,0.2048,0.0062,0.16230366492146597,0.7924983638743456,1.0,-0.00162336,0.9492700000000001,-0.2139795321174926,0.026182432432432432,-0.05344106523960518,0.09628855121073299
"frozenset({'Butter', 'Surf Excel'})",frozenset({'Pepsi 1L'}),0.0382,0.2052,0.0062,0.16230366492146597,0.7909535327556821,1.0,-0.0016386399999999994,0.9487924999999999,-0.21555947275645237,0.026138279932546374,-0.0539712318552265,0.09625904493636651
"frozenset({'Nestle Water', 'Shan Biryani Masala'})",frozenset({'Biscuits'}),0.0382,0.1972,0.0062,0.16230366492146597,0.8230408971676774,1.0,-0.0013330399999999989,0.9583425,-0.18270332501850267,0.02705061082024433,-0.04346827986862732,0.09687191359663562
"frozenset({'Olpers Milk (Pack of 6)', 'Eggs'})",frozenset({'Shan Biryani Masala'}),0.0382,0.2088,0.0062,0.16230366492146597,0.7773164028805841,1.0,-0.0017761599999999997,0.944495,-0.229498198808164,0.025747508305647843,-0.05876685424486102,0.09599857575575214
"frozenset({'Dalda Cooking Oil (500ml)', 'Jam'})",frozenset({'Noodles'}),0.037,0.2052,0.006,0.16216216216216217,0.7902639481586851,1.0,-0.001592399999999999,0.9486322580645161,-0.21605340280039065,0.02540220152413209,-0.05414926753628312,0.09570096412201676
"frozenset({'Lays Chips', 'Nestle Water'})",frozenset({'Lux Soap'}),0.037,0.1936,0.006,0.16216216216216217,0.8376144739781104,1.0,-0.0011631999999999997,0.9624774193548388,-0.16757909295222725,0.026714158504007126,-0.03898541398541397,0.09657694884967613
"frozenset({'Butter', 'National Ketchup (1kg)'})",frozenset({'Pepsi 1L'}),0.037,0.2052,0.006,0.16216216216216217,0.7902639481586851,1.0,-0.001592399999999999,0.9486322580645161,-0.21605340280039065,0.02540220152413209,-0.05414926753628312,0.09570096412201676
"frozenset({'Butter', 'Eggs'})",frozenset({'Pepsi 1L'}),0.037,0.2052,0.006,0.16216216216216217,0.7902639481586851,1.0,-0.001592399999999999,0.9486322580645161,-0.21605340280039065,0.02540220152413209,-0.05414926753628312,0.09570096412201676
"frozenset({'Biscuits', 'Jam'})",frozenset({'Eggs'}),0.037,0.1982,0.006,0.16216216216216217,0.8181743802329071,1.0,-0.0013333999999999993,0.9569870967741937,-0.1875017577410917,0.026178010471204192,-0.04494616841835596,0.09621730711538987
"frozenset({'Dalda Cooking Oil (500ml)', 'Eggs'})",frozenset({'Shan Biryani Masala'}),0.037,0.2088,0.006,0.16216216216216217,0.7766387076731904,1.0,-0.0017255999999999999,0.9443354838709678,-0.22996961458499918,0.025020850708924104,-0.05894569999726724,0.0954488971730351
"frozenset({'Biscuits', 'Jam'})",frozenset({'Dalda Cooking Oil (500ml)'}),0.037,0.2026,0.006,0.16216216216216217,0.8004055388063286,1.0,-0.0014961999999999996,0.9517354838709677,-0.20568584861565528,0.025684931506849314,-0.05071211166019292,0.09588858354899817
"frozenset({'Dalda Cooking Oil (500ml)', 'Jam'})",frozenset({'Biscuits'}),0.037,0.1972,0.006,0.16216216216216217,0.8223233375363194,1.0,-0.0012963999999999988,0.9581806451612903,-0.18325228994685047,0.02629272567922875,-0.04364454140238891,0.096294062825503
"frozenset({'Lays Chips', 'National Ketchup (1kg)'})",frozenset({'Jam'}),0.0432,0.1984,0.007,0.16203703703703703,0.8167189366786142,1.0,-0.0015708799999999993,0.9566055248618783,-0.18998413251286805,0.029838022165387897,-0.04536297774820729,0.09865964755077658
"frozenset({'Chicken', 'Surf Excel'})",frozenset({'Nestle Water'}),0.0358,0.2062,0.0058,0.16201117318435754,0.785699191000764,1.0,-0.0015819600000000003,0.9472680000000001,-0.2205031278225672,0.024555461473327687,-0.05566745630592398,0.09506960211109244
"frozenset({'Chicken', 'Surf Excel'})",frozenset({'Jam'}),0.0358,0.1984,0.0058,0.16201117318435754,0.8165885745179312,1.0,-0.0013027200000000003,0.956576,-0.188934718668964,0.025394045534150613,-0.0453952430334861,0.09562252207604974
"frozenset({'Olpers Milk (Pack of 6)', 'Shan Biryani Masala'})",frozenset({'Butter'}),0.0358,0.1966,0.0058,0.16201117318435754,0.8240649704189091,1.0,-0.0012382799999999996,0.958724,-0.18128315941112394,0.025595763459841128,-0.04305305802295551,0.09575634956267724
"frozenset({'Jam', 'National Ketchup (1kg)'})",frozenset({'Dalda Cooking Oil (500ml)'}),0.0358,0.2026,0.0058,0.16201117318435754,0.7996602822525051,1.0,-0.0014530799999999998,0.951564,-0.20624403869737018,0.024935511607910573,-0.05090146327519747,0.0953195056444986
frozenset({'Surf Excel'}),frozenset({'Jam'}),0.2112,0.1984,0.0342,0.16193181818181818,0.8161885997067448,1.0,-0.00770208,0.9564854237288135,-0.22209611338722182,0.09110282365476827,-0.045494238795137,0.16715542521994137
"frozenset({'Nestle Water', 'Eggs'})",frozenset({'Frozen Paratha'}),0.0346,0.197,0.0056,0.16184971098265896,0.821572136967812,1.0,-0.0012161999999999997,0.9580620689655172,-0.18364832297461353,0.024778761061946902,-0.04377370985970243,0.09513805346087263
"frozenset({'Pepsi 1L', 'Jam'})",frozenset({'Eggs'}),0.0346,0.1982,0.0056,0.16184971098265896,0.816597936340358,1.0,-0.0012577199999999995,0.9566303448275864,-0.1887346262582608,0.024647887323943664,-0.045335855596583964,0.09505199979001767
"frozenset({'Nestle Water', 'Eggs'})",frozenset({'Chicken'}),0.0346,0.198,0.0056,0.16184971098265896,0.8174227827407018,1.0,-0.0012507999999999998,0.9568689655172414,-0.18789131505894507,0.024669603524229075,-0.04507517333833048,0.09506626963274362
"frozenset({'Butter', 'Pepsi 1L'})",frozenset({'Frozen Paratha'}),0.0346,0.197,0.0056,0.16184971098265896,0.821572136967812,1.0,-0.0012161999999999997,0.9580620689655172,-0.18364832297461353,0.024778761061946902,-0.04377370985970243,0.09513805346087263
"frozenset({'Pepsi 1L', 'Jam'})",frozenset({'Shan Biryani Masala'}),0.0346,0.2088,0.0056,0.16184971098265896,0.7751422939782516,1.0,-0.0016244800000000002,0.9439834482758621,-0.23105457193573348,0.02354920100925147,-0.05934060795922782,0.09433481717715324
"frozenset({'Pepsi 1L', 'Jam'})",frozenset({'National Ketchup (1kg)'}),0.0346,0.2048,0.0056,0.16184971098265896,0.7902817919075145,1.0,-0.0014860799999999999,0.9487558620689656,-0.215613900689463,0.02395209580838323,-0.054011932868889646,0.09459673049132948
"frozenset({'Guard Rice (1kg)', 'Thal Sugar (200ml)'})",frozenset({'Biscuits'}),0.0346,0.1972,0.0056,0.16184971098265896,0.8207388995063842,1.0,-0.0012231199999999994,0.9578234482758621,-0.18450046459990097,0.02475685234305924,-0.04403374317057925,0.09512363845278993
"frozenset({'Pepsi 1L', 'Lays Chips'})",frozenset({'Noodles'}),0.0408,0.2052,0.0066,0.16176470588235292,0.7883270267171195,1.0,-0.00177216,0.9481824561403508,-0.2187074225460577,0.02756892230576441,-0.054649338346309854,0.0969642242862057
"frozenset({'Surf Excel', 'Thal Sugar (200ml)'})",frozenset({'Shan Biryani Masala'}),0.0408,0.2088,0.0066,0.16176470588235292,0.7747351814288933,1.0,-0.0019190400000000003,0.9438877192982457,-0.2326176761505789,0.02716049382716049,-0.059448046154761236,0.09668695064232588
"frozenset({'Surf Excel', 'Thal Sugar (200ml)'})",frozenset({'Pepsi 1L'}),0.0408,0.2052,0.0066,0.16176470588235292,0.7883270267171195,1.0,-0.00177216,0.9481824561403508,-0.2187074225460577,0.02756892230576441,-0.054649338346309854,0.0969642242862057
"frozenset({'Chicken', 'Olpers Milk (Pack of 6)'})",frozenset({'Shan Biryani Masala'}),0.0396,0.2088,0.0064,0.1616161616161616,0.7740237625295096,1.0,-0.0018684800000000014,0.9437204819277107,-0.2331217311454467,0.026446280991735537,-0.059635791688370084,0.0961337513061651
"frozenset({'Guard Rice (1kg)', 'Frozen Paratha'})",frozenset({'Dalda Cooking Oil (500ml)'}),0.0322,0.2026,0.0052,0.16149068322981366,0.797091230157027,1.0,-0.0013237200000000005,0.9509733333333333,-0.2082538843474486,0.022648083623693378,-0.05155419710331871,0.09357851042043497
"frozenset({'Guard Rice (1kg)', 'Frozen Paratha'})",frozenset({'Shan Biryani Masala'}),0.0322,0.2088,0.0052,0.16149068322981366,0.7734228124033221,1.0,-0.0015233600000000005,0.9435792592592592,-0.23236403128775224,0.02205258693808312,-0.05979438418880984,0.09319744889460031
"frozenset({'National Ketchup (1kg)', 'Guard Rice (1kg)'})",frozenset({'Chicken'}),0.0322,0.198,0.0052,0.16149068322981366,0.8156095112616851,1.0,-0.0011756000000000006,0.9564592592592592,-0.18936367619391262,0.02311111111111111,-0.04552283886556901,0.09387665474621996
"frozenset({'National Ketchup (1kg)', 'Guard Rice (1kg)'})",frozenset({'Biscuits'}),0.0322,0.1972,0.0052,0.16149068322981366,0.8189182719564588,1.0,-0.00114984,0.9574133333333332,-0.18598602484472052,0.0231935771632471,-0.04448096259365511,0.09392992579340581
"frozenset({'Shan Biryani Masala', 'Eggs'})",frozenset({'Olpers Milk (Pack of 6)'}),0.0384,0.196,0.0062,0.16145833333333334,0.8237670068027211,1.0,-0.0013264000000000001,0.9588074534161491,-0.18198981383912896,0.02716914986853637,-0.042962271973466,0.09654549319727891
"frozenset({'Shan Biryani Masala', 'Eggs'})",frozenset({'Bread'}),0.0384,0.2058,0.0062,0.16145833333333334,0.784540006478782,1.0,-0.0017027200000000004,0.94712049689441,-0.2221526386105545,0.026050420168067228,-0.05583186434986989,0.09579233479105928
"frozenset({'Pepsi 1L', 'Olpers Milk (Pack of 6)'})",frozenset({'Lux Soap'}),0.0372,0.1936,0.006,0.16129032258064518,0.8331111703545723,1.0,-0.0012019199999999987,0.9614769230769232,-0.17222642547630496,0.026690391459074734,-0.04006656426011261,0.09614102905891764
"frozenset({'Pepsi 1L', 'Olpers Milk (Pack of 6)'})",frozenset({'Jam'}),0.0372,0.1984,0.006,0.16129032258064518,0.8129552549427681,1.0,-0.001380479999999999,0.9557538461538462,-0.19287774126483792,0.026132404181184673,-0.04629450775867616,0.09576612903225808
"frozenset({'Pepsi 1L', 'Olpers Milk (Pack of 6)'})",frozenset({'Frozen Paratha'}),0.0372,0.197,0.006,0.16129032258064518,0.818732601932209,1.0,-0.0013283999999999995,0.9574230769230769,-0.1869616618814389,0.026292725679228746,-0.044470333025348474,0.09587358768626168
"frozenset({'Olpers Milk (Pack of 6)', 'Tapal Tea (250g)'})",frozenset({'National Ketchup (1kg)'}),0.0372,0.2048,0.006,0.16129032258064518,0.7875504032258065,1.0,-0.0016185599999999998,0.9481230769230771,-0.21886155643538652,0.025423728813559324,-0.05471538910884661,0.09529359879032259
"frozenset({'Olpers Milk (Pack of 6)', 'Tapal Tea (250g)'})",frozenset({'Dalda Cooking Oil (500ml)'}),0.0372,0.2026,0.006,0.16129032258064518,0.7961022832213484,1.0,-0.0015367199999999992,0.9507461538461539,-0.21012043448298484,0.02566295979469632,-0.05180546453392879,0.09545266375823967
"frozenset({'Pepsi 1L', 'Olpers Milk (Pack of 6)'})",frozenset({'Butter'}),0.0372,0.1966,0.006,0.16129032258064518,0.8203983854559775,1.0,-0.0013135199999999994,0.9579000000000001,-0.18525539044782177,0.02633889376646181,-0.043950307965340815,0.09590457125980377
"frozenset({'Olpers Milk (Pack of 6)', 'Tapal Tea (250g)'})",frozenset({'Frozen Paratha'}),0.0372,0.197,0.006,0.16129032258064518,0.818732601932209,1.0,-0.0013283999999999995,0.9574230769230769,-0.1869616618814389,0.026292725679228746,-0.044470333025348474,0.09587358768626168
"frozenset({'Noodles', 'Butter'})",frozenset({'Guard Rice (1kg)'}),0.0372,0.1952,0.006,0.16129032258064518,0.8262823902696986,1.0,-0.00126144,0.9595692307692308,-0.1792266248380277,0.026501766784452298,-0.042134291028025385,0.09601401374933899
"frozenset({'Lays Chips', 'Thal Sugar (200ml)'})",frozenset({'Olpers Milk (Pack of 6)'}),0.0372,0.196,0.006,0.16129032258064518,0.8229098090849244,1.0,-0.0012911999999999993,0.9586153846153848,-0.18268251273344643,0.02640845070422535,-0.04317124057133684,0.09595128373930219
frozenset({'Jam'}),frozenset({'Olpers Milk (Pack of 6)'}),0.1984,0.196,0.032,0.16129032258064516,0.8229098090849243,1.0,-0.006886400000000001,0.9586153846153846,-0.21164437450826123,0.0883002207505519,-0.04317124057133687,0.16227781435154706
"frozenset({'Jam', 'Bread'})",frozenset({'Eggs'}),0.0422,0.1982,0.0068,0.16113744075829384,0.813004241969192,1.0,-0.00156404,0.9558180790960453,-0.19363928548435821,0.02910958904109589,-0.04622419461425062,0.09772310988469687
"frozenset({'Jam', 'Bread'})",frozenset({'Chicken'}),0.0422,0.198,0.0068,0.16113744075829384,0.8138254583752214,1.0,-0.0015556000000000016,0.9560564971751413,-0.1927958119336098,0.029134532990574117,-0.04596329082507004,0.09774043755086409
"frozenset({'Jam', 'Bread'})",frozenset({'Guard Rice (1kg)'}),0.0422,0.1952,0.0068,0.16113744075829384,0.8254991842125708,1.0,-0.0014374400000000008,0.9593943502824859,-0.18079914671818564,0.02948829141370338,-0.042324253530947036,0.09798675316603217
"frozenset({'Butter', 'Lays Chips'})",frozenset({'Olpers Milk (Pack of 6)'}),0.036,0.196,0.0058,0.16111111111111112,0.8219954648526078,1.0,-0.0012560000000000002,0.9584105960264901,-0.18343264400046738,0.025641025641025637,-0.04339414040906578,0.0953514739229025
"frozenset({'National Ketchup (1kg)', 'Frozen Paratha'})",frozenset({'Dalda Cooking Oil (500ml)'}),0.036,0.2026,0.0058,0.16111111111111112,0.7952177251288801,1.0,-0.0014936000000000003,0.9505430463576159,-0.21081752484191515,0.024914089347079036,-0.052030209291307854,0.0948694746078754
"frozenset({'Butter', 'Tapal Tea (250g)'})",frozenset({'Guard Rice (1kg)'}),0.036,0.1952,0.0058,0.16111111111111112,0.8253642987249544,1.0,-0.0012272000000000003,0.9593642384105959,-0.1799835738589699,0.025732031943212063,-0.04235696929533908,0.09541211293260474
"frozenset({'Pepsi 1L', 'Bread'})",frozenset({'Eggs'}),0.036,0.1982,0.0058,0.16111111111111112,0.8128713981388049,1.0,-0.001335199999999999,0.9557880794701987,-0.19276969276969266,0.025394045534150613,-0.046257032787339565,0.09518724072205405
"frozenset({'National Ketchup (1kg)', 'Frozen Paratha'})",frozenset({'Lux Soap'}),0.036,0.1936,0.0058,0.16111111111111112,0.8321854912764004,1.0,-0.0011695999999999998,0.9612715231788079,-0.17299727842858834,0.0259159964253798,-0.04028880070546735,0.09553489439853077
"frozenset({'Noodles', 'Eggs'})",frozenset({'Butter'}),0.036,0.1966,0.0058,0.16111111111111112,0.8194868316943598,1.0,-0.0012775999999999994,0.9576953642384106,-0.18600046587467964,0.025573192239858905,-0.044173374270461634,0.09530631852605403
frozenset({'Surf Excel'}),frozenset({'Guard Rice (1kg)'}),0.2112,0.1952,0.034,0.1609848484848485,0.8247174615002485,1.0,-0.007226240000000002,0.9592198645598194,-0.21225280096247842,0.0912996777658432,-0.04251385625640098,0.16758258817685048
"frozenset({'Noodles', 'Surf Excel'})",frozenset({'Jam'}),0.041,0.1984,0.0066,0.16097560975609757,0.8113690007867821,1.0,-0.0015344,0.9553953488372093,-0.19512195121951217,0.028350515463917526,-0.046687113577722594,0.09712086939417781
"frozenset({'Pepsi 1L', 'Surf Excel'})",frozenset({'Thal Sugar (200ml)'}),0.041,0.1964,0.0066,0.16097560975609757,0.8196314142367493,1.0,-0.0014523999999999995,0.9577790697674419,-0.18664062299210973,0.028596187175043326,-0.04408211827265111,0.09729024886990215
"frozenset({'Chicken', 'Eggs'})",frozenset({'Nestle Water'}),0.0348,0.2062,0.0056,0.16091954022988506,0.7804051417550197,1.0,-0.001575759999999999,0.9460356164383563,-0.22572512348013418,0.0237892948173322,-0.05704265529115008,0.09403881958147987
frozenset({'Dalda Cooking Oil (500ml)'}),frozenset({'Lux Soap'}),0.2026,0.1936,0.0326,0.1609081934846989,0.8311373630408001,1.0,-0.006623360000000002,0.9610390588235294,-0.2030546988528018,0.08965896589658966,-0.04054043466679204,0.1646483116183825
frozenset({'Noodles'}),frozenset({'Frozen Paratha'}),0.2052,0.197,0.033,0.16081871345029242,0.816338646955799,1.0,-0.007424399999999998,0.9568850174216027,-0.22061760091285115,0.08938244853737813,-0.04505764202952378,0.16416570190281118
"frozenset({'Noodles', 'Nestle Water'})",frozenset({'Olpers Milk (Pack of 6)'}),0.0398,0.196,0.0064,0.16080402010050251,0.8204286739821557,1.0,-0.0014008000000000007,0.958059880239521,-0.1856328053770965,0.027898866608544026,-0.04377609440236006,0.09672854066249616
"frozenset({'Frozen Paratha', 'Nestle Water'})",frozenset({'Tapal Tea (250g)'}),0.0398,0.1996,0.0064,0.16080402010050251,0.8056313632289706,1.0,-0.0015440800000000006,0.9537700598802396,-0.20080734937628106,0.027467811158798282,-0.048470739504619546,0.09643407417850777
"frozenset({'Frozen Paratha', 'Nestle Water'})",frozenset({'Olpers Milk (Pack of 6)'}),0.0398,0.196,0.0064,0.16080402010050251,0.8204286739821557,1.0,-0.0014008000000000007,0.958059880239521,-0.1856328053770965,0.027898866608544026,-0.04377609440236006,0.09672854066249616
"frozenset({'Jam', 'Frozen Paratha'})",frozenset({'Biscuits'}),0.0336,0.1972,0.0054,0.16071428571428573,0.8149811648797451,1.0,-0.0012259199999999993,0.9565276595744681,-0.1902279159839117,0.023957409050576754,-0.04544807459605663,0.09404882642712258
"frozenset({'Jam', 'Tapal Tea (250g)'})",frozenset({'Thal Sugar (200ml)'}),0.0336,0.1964,0.0054,0.16071428571428573,0.8183008437590923,1.0,-0.0011990399999999993,0.9574808510638297,-0.18683620044876578,0.024042742653606414,-0.04440730996231242,0.09410459703229561
"frozenset({'Jam', 'Tapal Tea (250g)'})",frozenset({'Bread'}),0.0336,0.2058,0.0054,0.16071428571428573,0.7809246147438568,1.0,-0.0015148799999999997,0.9462808510638298,-0.22497861420017104,0.023076923076923078,-0.05676871604849444,0.09347667638483965
"frozenset({'Jam', 'Frozen Paratha'})",frozenset({'Eggs'}),0.0336,0.1982,0.0054,0.16071428571428573,0.8108692518379704,1.0,-0.0012595199999999992,0.9553361702127661,-0.1944279786603437,0.02385159010600707,-0.046751950967466024,0.09397974628802076
"frozenset({'Eggs', 'Tapal Tea (250g)'})",frozenset({'Pepsi 1L'}),0.0386,0.2052,0.0062,0.16062176165803108,0.78275712308982,1.0,-0.001720720000000001,0.9468913580246913,-0.22401124794959268,0.026094276094276097,-0.05608736580519492,0.09541809330464907
"frozenset({'National Ketchup (1kg)', 'Nestle Water'})",frozenset({'Chicken'}),0.0386,0.198,0.0062,0.16062176165803108,0.8112210184749044,1.0,-0.001442800000000001,0.9554691358024692,-0.19488132607908726,0.02690972222222222,-0.046606282221906395,0.0959674464855812
"frozenset({'Eggs', 'Tapal Tea (250g)'})",frozenset({'Lays Chips'}),0.0386,0.206,0.0062,0.16062176165803108,0.7797172896020926,1.0,-0.0017515999999999999,0.9459382716049384,-0.22711831001986443,0.026006711409395974,-0.0571514336800616,0.09535942451833593
"frozenset({'National Ketchup (1kg)', 'Nestle Water'})",frozenset({'Lux Soap'}),0.0386,0.1936,0.0062,0.16062176165803108,0.8296578598038795,1.0,-0.00127296,0.9607111111111112,-0.17597779264657906,0.027433628318584074,-0.04089563286454479,0.09632327752323042
"frozenset({'Jam', 'Nestle Water'})",frozenset({'Pepsi 1L'}),0.0386,0.2052,0.0062,0.16062176165803108,0.78275712308982,1.0,-0.001720720000000001,0.9468913580246913,-0.22401124794959268,0.026094276094276097,-0.05608736580519492,0.09541809330464907
"frozenset({'Jam', 'Nestle Water'})",frozenset({'Biscuits'}),0.0386,0.1972,0.0062,0.16062176165803108,0.8145119759535046,1.0,-0.0014119200000000005,0.9564222222222222,-0.19150910126685303,0.027003484320557495,-0.04556332628546202,0.09603096196491817
"frozenset({'Dalda Cooking Oil (500ml)', 'National Ketchup (1kg)'})",frozenset({'Tapal Tea (250g)'}),0.0386,0.1996,0.0062,0.16062176165803108,0.8047182447797148,1.0,-0.0015045600000000003,0.953562962962963,-0.20154208036178345,0.026724137931034484,-0.0486984487031096,0.09584194295326404
"frozenset({'Noodles', 'Bread'})",frozenset({'Chicken'}),0.0386,0.198,0.0062,0.16062176165803108,0.8112210184749044,1.0,-0.001442800000000001,0.9554691358024692,-0.19488132607908726,0.02690972222222222,-0.046606282221906395,0.0959674464855812
"frozenset({'Dalda Cooking Oil (500ml)', 'National Ketchup (1kg)'})",frozenset({'Eggs'}),0.0386,0.1982,0.0062,0.16062176165803108,0.81040243016161,1.0,-0.0014505200000000003,0.955230864197531,-0.19571999136442148,0.02688638334778838,-0.04686734639806549,0.09595164773113461
"frozenset({'Eggs', 'Tapal Tea (250g)'})",frozenset({'Noodles'}),0.0386,0.2052,0.0062,0.16062176165803108,0.78275712308982,1.0,-0.001720720000000001,0.9468913580246913,-0.22401124794959268,0.026094276094276097,-0.05608736580519492,0.09541809330464907
"frozenset({'Butter', 'Thal Sugar (200ml)'})",frozenset({'Surf Excel'}),0.0324,0.2112,0.0052,0.16049382716049382,0.7599139543583988,1.0,-0.0016428800000000002,0.9396,-0.2461464700946902,0.02181208053691275,-0.06428267347807579,0.09255751964085297
"frozenset({'Butter', 'Thal Sugar (200ml)'})",frozenset({'Dalda Cooking Oil (500ml)'}),0.0324,0.2026,0.0052,0.16049382716049382,0.7921709139214897,1.0,-0.00136424,0.9498441176470589,-0.21330381377662705,0.022628372497824196,-0.05280433012228014,0.09308008238577505
"frozenset({'Olpers Milk (Pack of 6)', 'Frozen Paratha'})",frozenset({'Pepsi 1L'}),0.0374,0.2052,0.006,0.16042780748663102,0.7818119273227633,1.0,-0.00167448,0.9466726114649681,-0.2247600025771535,0.025359256128486902,-0.056331394707308725,0.09483378678425118
"frozenset({'Noodles', 'Chicken'})",frozenset({'Eggs'}),0.0374,0.1982,0.006,0.16042780748663102,0.8094238521020738,1.0,-0.0014126800000000004,0.9550101910828026,-0.1965254553245005,0.026132404181184673,-0.04710924484081936,0.09535012977762429
"frozenset({'Olpers Milk (Pack of 6)', 'Frozen Paratha'})",frozenset({'Tapal Tea (250g)'}),0.0374,0.1996,0.006,0.16042780748663102,0.8037465304941434,1.0,-0.0014650400000000008,0.9533426751592357,-0.20233570513103824,0.025974025974025976,-0.04894077025658294,0.09524396386355599
"frozenset({'Butter', 'Jam'})",frozenset({'Bread'}),0.0374,0.2058,0.006,0.16042780748663102,0.7795325922576822,1.0,-0.001696920000000001,0.9459579617834395,-0.2270880506174625,0.02529510961214165,-0.05712942900197556,0.09479116321853417
"frozenset({'Butter', 'Jam'})",frozenset({'Nestle Water'}),0.0374,0.2062,0.006,0.16042780748663102,0.7780204048818188,1.0,-0.0017118799999999998,0.9454815286624204,-0.22863233023660828,0.025252525252525256,-0.057662122087892384,0.09476288531460553
"frozenset({'Lays Chips', 'Shan Biryani Masala'})",frozenset({'Butter'}),0.0424,0.1966,0.0068,0.16037735849056603,0.8157546210100002,1.0,-0.001535840000000001,0.9568584269662921,-0.19084637254707051,0.02928509905254091,-0.04508668348199398,0.09748267721069502
"frozenset({'Lays Chips', 'Shan Biryani Masala'})",frozenset({'Eggs'}),0.0424,0.1982,0.0068,0.16037735849056603,0.8091693162995259,1.0,-0.0016036800000000006,0.9549528089887641,-0.19761045720707404,0.0290846877673225,-0.047172164516630026,0.09734306875083296
"frozenset({'Lays Chips', 'Shan Biryani Masala'})",frozenset({'Nestle Water'}),0.0424,0.2062,0.0068,0.16037735849056603,0.7777757443771388,1.0,-0.0019428800000000001,0.9454247191011236,-0.22980261539334987,0.02812241521918941,-0.05772567587482232,0.09667752502607836
"frozenset({'Guard Rice (1kg)', 'Bread'})",frozenset({'Nestle Water'}),0.0362,0.2062,0.0058,0.1602209944751381,0.7770174319841809,1.0,-0.0016644400000000005,0.9452486842105263,-0.22943615531368208,0.024513947590870666,-0.05792265750171566,0.09417451275648273
"frozenset({'Dalda Cooking Oil (500ml)', 'Butter'})",frozenset({'Pepsi 1L'}),0.0362,0.2052,0.0058,0.1602209944751381,0.7808040666429732,1.0,-0.0016282400000000004,0.9464394736842103,-0.22557174285286805,0.024617996604414258,-0.05659160232116494,0.09424305084380687
"frozenset({'Lays Chips', 'Olpers Milk (Pack of 6)'})",frozenset({'Nestle Water'}),0.0362,0.2062,0.0058,0.1602209944751381,0.7770174319841809,1.0,-0.0016644400000000005,0.9452486842105263,-0.22943615531368208,0.024513947590870666,-0.05792265750171566,0.09417451275648273
"frozenset({'Dalda Cooking Oil (500ml)', 'Butter'})",frozenset({'Chicken'}),0.0362,0.198,0.0058,0.1602209944751381,0.8091969417936268,1.0,-0.001367600000000001,0.9550131578947368,-0.1965609028348694,0.02539404553415061,-0.04710599192626173,0.0947569618840337
"frozenset({'Guard Rice (1kg)', 'Bread'})",frozenset({'Eggs'}),0.0362,0.1982,0.0058,0.1602209944751381,0.8083803959391428,1.0,-0.0013748400000000004,0.954775,-0.19739607861154826,0.025371828521434818,-0.047367180749391224,0.09474218240406754
"frozenset({'Lays Chips', 'Olpers Milk (Pack of 6)'})",frozenset({'Butter'}),0.0362,0.1966,0.0058,0.1602209944751381,0.8149592801380372,1.0,-0.001316920000000001,0.9566802631578947,-0.1906656474049366,0.02555066079295154,-0.045281311332912494,0.09486126020806752
"frozenset({'Dalda Cooking Oil (500ml)', 'Butter'})",frozenset({'National Ketchup (1kg)'}),0.0362,0.2048,0.0058,0.1602209944751381,0.7823290745856353,1.0,-0.0016137600000000014,0.9469157894736842,-0.2240151031400096,0.024659863945578227,-0.056060117611747874,0.09427065348756905
"frozenset({'Guard Rice (1kg)', 'Nestle Water'})",frozenset({'Chicken'}),0.04,0.198,0.0064,0.16,0.8080808080808081,1.0,-0.0015199999999999997,0.9547619047619048,-0.19832985386221288,0.027633851468048358,-0.047381546134663347,0.09616161616161617
"frozenset({'Noodles', 'Shan Biryani Masala'})",frozenset({'Lays Chips'}),0.04,0.206,0.0064,0.16,0.7766990291262137,1.0,-0.0018399999999999988,0.9452380952380953,-0.23046092184368722,0.02671118530884808,-0.05793450881612089,0.09553398058252427
"frozenset({'Lays Chips', 'Frozen Paratha'})",frozenset({'Tapal Tea (250g)'}),0.04,0.1996,0.0064,0.16,0.8016032064128257,1.0,-0.0015839999999999995,0.9528571428571428,-0.2049689440993788,0.0274442538593482,-0.04947526236881559,0.09603206412825652
"frozenset({'Noodles', 'Shan Biryani Masala'})",frozenset({'Bread'}),0.04,0.2058,0.0064,0.16,0.7774538386783284,1.0,-0.0018319999999999994,0.9454761904761906,-0.22968906720160473,0.026733500417710943,-0.05766809367917402,0.09554907677356657
"frozenset({'National Ketchup (1kg)', 'Tapal Tea (250g)'})",frozenset({'Shan Biryani Masala'}),0.04,0.2088,0.0064,0.16,0.7662835249042145,1.0,-0.0019519999999999997,0.9419047619047619,-0.24110671936758887,0.0264026402640264,-0.06167846309403439,0.0953256704980843
"frozenset({'Guard Rice (1kg)', 'Nestle Water'})",frozenset({'Thal Sugar (200ml)'}),0.04,0.1964,0.0064,0.16,0.814663951120163,1.0,-0.0014559999999999998,0.9566666666666667,-0.19157894736842104,0.02782608695652174,-0.04529616724738675,0.09629327902240326
"frozenset({'Guard Rice (1kg)', 'Nestle Water'})",frozenset({'Olpers Milk (Pack of 6)'}),0.04,0.196,0.0064,0.16,0.8163265306122449,1.0,-0.0014399999999999994,0.9571428571428572,-0.1898734177215189,0.02787456445993031,-0.04477611940298508,0.0963265306122449
"frozenset({'Butter', 'Frozen Paratha'})",frozenset({'Lux Soap'}),0.035,0.1936,0.0056,0.15999999999999998,0.8264462809917354,1.0,-0.0011760000000000008,0.96,-0.17872340425531924,0.025112107623318385,-0.04166666666666669,0.09446280991735537
"frozenset({'Lux Soap', 'Thal Sugar (200ml)'})",frozenset({'Shan Biryani Masala'}),0.035,0.2088,0.0056,0.15999999999999998,0.7662835249042144,1.0,-0.0017080000000000012,0.9419047619047618,-0.24015748031496076,0.02350965575146935,-0.06167846309403442,0.09340996168582374
"frozenset({'Butter', 'Frozen Paratha'})",frozenset({'Pepsi 1L'}),0.035,0.2052,0.0056,0.15999999999999998,0.7797270955165692,1.0,-0.001582000000000001,0.946190476190476,-0.22645290581162336,0.023870417732310314,-0.05686965274282841,0.09364522417153995
"frozenset({'Dalda Cooking Oil (500ml)', 'Olpers Milk (Pack of 6)'})",frozenset({'Thal Sugar (200ml)'}),0.035,0.1964,0.0056,0.15999999999999998,0.8146639511201629,1.0,-0.0012740000000000008,0.9566666666666666,-0.19077568134171918,0.024800708591674048,-0.04529616724738678,0.09425661914460284
"frozenset({'Biscuits', 'Chicken'})",frozenset({'Guard Rice (1kg)'}),0.035,0.1952,0.0056,0.15999999999999998,0.8196721311475408,1.0,-0.0012320000000000013,0.958095238095238,-0.18565400843881874,0.02493321460373998,-0.04373757455268394,0.09434426229508196
"frozenset({'Butter', 'Frozen Paratha'})",frozenset({'Lays Chips'}),0.035,0.206,0.0056,0.15999999999999998,0.7766990291262135,1.0,-0.0016100000000000003,0.9452380952380952,-0.2295409181636727,0.0237892948173322,-0.05793450881612092,0.09359223300970873
"frozenset({'Biscuits', 'Chicken'})",frozenset({'Bread'}),0.035,0.2058,0.0056,0.15999999999999998,0.7774538386783283,1.0,-0.0016030000000000011,0.9454761904761904,-0.2287712287712289,0.023809523809523808,-0.057668093679174054,0.09360544217687074
"frozenset({'Lux Soap', 'National Ketchup (1kg)'})",frozenset({'Jam'}),0.035,0.1984,0.0056,0.15999999999999998,0.8064516129032258,1.0,-0.0013440000000000006,0.9542857142857142,-0.19917012448132787,0.024582967515364353,-0.04790419161676649,0.09411290322580644
"frozenset({'Lux Soap', 'Thal Sugar (200ml)'})",frozenset({'Jam'}),0.035,0.1984,0.0056,0.15999999999999998,0.8064516129032258,1.0,-0.0013440000000000006,0.9542857142857142,-0.19917012448132787,0.024582967515364353,-0.04790419161676649,0.09411290322580644
"frozenset({'Jam', 'Guard Rice (1kg)'})",frozenset({'Biscuits'}),0.035,0.1972,0.0056,0.15999999999999998,0.8113590263691682,1.0,-0.0013020000000000002,0.9557142857142856,-0.19415448851774533,0.02471315092674316,-0.04633781763826608,0.09419878296146043
"frozenset({'Biscuits', 'Chicken'})",frozenset({'Lux Soap'}),0.035,0.1936,0.0056,0.15999999999999998,0.8264462809917354,1.0,-0.0011760000000000008,0.96,-0.17872340425531924,0.025112107623318385,-0.04166666666666669,0.09446280991735537
"frozenset({'Dalda Cooking Oil (500ml)', 'Tapal Tea (250g)'})",frozenset({'Bread'}),0.0388,0.2058,0.0062,0.15979381443298968,0.7764519651748769,1.0,-0.0017850400000000008,0.9452441717791411,-0.23049191165836835,0.026006711409395974,-0.057927707840607315,0.09496007534088745
"frozenset({'Dalda Cooking Oil (500ml)', 'Tapal Tea (250g)'})",frozenset({'National Ketchup (1kg)'}),0.0388,0.2048,0.0062,0.15979381443298968,0.7802432345360824,1.0,-0.0017462400000000005,0.9464343558282209,-0.22661724857507715,0.02611625947767481,-0.05659731585388623,0.09503362596649484
"frozenset({'Lux Soap', 'Nestle Water'})",frozenset({'Thal Sugar (200ml)'}),0.0388,0.1964,0.0062,0.15979381443298968,0.8136141264408844,1.0,-0.00142032,0.9564319018404908,-0.19246154346482816,0.027074235807860263,-0.045552744608026774,0.095681021269448
"frozenset({'Lux Soap', 'Nestle Water'})",frozenset({'National Ketchup (1kg)'}),0.0388,0.2048,0.0062,0.15979381443298968,0.7802432345360824,1.0,-0.0017462400000000005,0.9464343558282209,-0.22661724857507715,0.02611625947767481,-0.05659731585388623,0.09503362596649484
"frozenset({'Dalda Cooking Oil (500ml)', 'Surf Excel'})",frozenset({'Jam'}),0.0388,0.1984,0.0062,0.15979381443298968,0.8054123711340205,1.0,-0.0014979199999999998,0.9540515337423312,-0.20086464915197869,0.02683982683982684,-0.048161409140481934,0.09552190721649484
"frozenset({'Biscuits', 'National Ketchup (1kg)'})",frozenset({'Tapal Tea (250g)'}),0.0388,0.1996,0.0062,0.15979381443298968,0.8005702125901286,1.0,-0.0015444800000000009,0.9526233128834356,-0.20582308979839883,0.026701119724375538,-0.049732865525999904,0.09542796934074334
"frozenset({'Dalda Cooking Oil (500ml)', 'Surf Excel'})",frozenset({'Eggs'}),0.0388,0.1982,0.0062,0.15979381443298968,0.8062250980473749,1.0,-0.00149016,0.9542895705521474,-0.20003221649484537,0.0268630849220104,-0.047899957055388256,0.09553767411861391
"frozenset({'Dalda Cooking Oil (500ml)', 'Tapal Tea (250g)'})",frozenset({'Guard Rice (1kg)'}),0.0388,0.1952,0.0062,0.15979381443298968,0.8186158526280208,1.0,-0.0013737600000000008,0.9578601226993865,-0.1873343151693668,0.027216856892010536,-0.04399376934270668,0.09577805475747844
"frozenset({'Lux Soap', 'Nestle Water'})",frozenset({'Noodles'}),0.0388,0.2052,0.0062,0.15979381443298968,0.7787222925584293,1.0,-0.0017617600000000002,0.9459582822085889,-0.22817178676889607,0.02607232968881413,-0.05712907091974122,0.09500411969212837
"frozenset({'Biscuits', 'Lays Chips'})",frozenset({'Olpers Milk (Pack of 6)'}),0.0388,0.196,0.0062,0.15979381443298968,0.8152745634336208,1.0,-0.0014048000000000003,0.9569079754601227,-0.19075967105906383,0.02712160979877515,-0.045032569113196926,0.09571323374710708
"frozenset({'Lux Soap', 'Guard Rice (1kg)'})",frozenset({'Lays Chips'}),0.0338,0.206,0.0054,0.15976331360946747,0.7755500660653761,1.0,-0.0015627999999999987,0.9449718309859155,-0.2304919560844093,0.023037542662116044,-0.058232602506967907,0.09298845292123858
"frozenset({'Olpers Milk (Pack of 6)', 'Bread'})",frozenset({'Eggs'}),0.0338,0.1982,0.0054,0.15976331360946747,0.8060712089276866,1.0,-0.0012991599999999989,0.9542549295774649,-0.19936040658989893,0.02383053839364519,-0.047937997493804584,0.09350426023561163
"frozenset({'Olpers Milk (Pack of 6)', 'Bread'})",frozenset({'Shan Biryani Masala'}),0.0338,0.2088,0.0054,0.15976331360946747,0.7651499693940013,1.0,-0.0016574399999999996,0.9416394366197184,-0.24108498717075974,0.022765598650927487,-0.061977611717053266,0.09281269128749235
"frozenset({'Olpers Milk (Pack of 6)', 'Bread'})",frozenset({'National Ketchup (1kg)'}),0.0338,0.2048,0.0054,0.15976331360946747,0.7800943047337279,1.0,-0.0015222399999999994,0.9464,-0.2258610149976556,0.02315608919382504,-0.0566356720202874,0.09306525055473373
"frozenset({'Biscuits', 'Noodles'})",frozenset({'Eggs'}),0.0376,0.1982,0.006,0.1595744680851064,0.8051184060802543,1.0,-0.00145232,0.954040506329114,-0.2009653065291031,0.026109660574412535,-0.04817352446357395,0.09492346007686198
"frozenset({'Guard Rice (1kg)', 'Eggs'})",frozenset({'Lays Chips'}),0.0326,0.206,0.0052,0.15950920245398773,0.7743165167669307,1.0,-0.001515599999999999,0.9446861313868613,-0.2315278762251606,0.02227934875749786,-0.058552641745607384,0.09237596045029484
"frozenset({'Guard Rice (1kg)', 'Eggs'})",frozenset({'Biscuits'}),0.0326,0.1972,0.0052,0.15950920245398773,0.8088701949999378,1.0,-0.0012287199999999991,0.955156204379562,-0.1963062372188138,0.02315227070347284,-0.04694917482064308,0.09293918540549284
"frozenset({'Guard Rice (1kg)', 'Eggs'})",frozenset({'Dalda Cooking Oil (500ml)'}),0.0326,0.2026,0.0052,0.15950920245398773,0.7873109696643027,1.0,-0.0014047599999999997,0.9487313868613139,-0.2182917808815211,0.022608695652173914,-0.05403912408579418,0.092587770032522
"frozenset({'Butter', 'Olpers Milk (Pack of 6)'})",frozenset({'Surf Excel'}),0.0326,0.2112,0.0052,0.15950920245398773,0.755251905558654,1.0,-0.0016851199999999992,0.9384992700729926,-0.2509262016796711,0.021793797150041913,-0.06553092995184112,0.09206520728759993
"frozenset({'Butter', 'Olpers Milk (Pack of 6)'})",frozenset({'Tapal Tea (250g)'}),0.0326,0.1996,0.0052,0.15950920245398773,0.799144300871682,1.0,-0.0013069599999999994,0.9523007299270073,-0.20622838243833466,0.02290748898678414,-0.05008845270616226,0.09278065333120228
"frozenset({'Lux Soap', 'Dalda Cooking Oil (500ml)'})",frozenset({'Surf Excel'}),0.0326,0.2112,0.0052,0.15950920245398773,0.755251905558654,1.0,-0.0016851199999999992,0.9384992700729926,-0.2509262016796711,0.021793797150041913,-0.06553092995184112,0.09206520728759993
"frozenset({'Jam', 'Shan Biryani Masala'})",frozenset({'Lux Soap'}),0.0414,0.1936,0.0066,0.15942028985507248,0.8234519104084322,1.0,-0.0014150399999999994,0.9593379310344828,-0.18277919863597605,0.028896672504378284,-0.04238555325511845,0.09675559947299078
"frozenset({'Nestle Water', 'Tapal Tea (250g)'})",frozenset({'Bread'}),0.0414,0.2058,0.0066,0.15942028985507248,0.7746369769439867,1.0,-0.0019201200000000009,0.9448241379310346,-0.23282987020545962,0.02743142144638404,-0.058398023350450176,0.09574513035027676
"frozenset({'Noodles', 'Dalda Cooking Oil (500ml)'})",frozenset({'Biscuits'}),0.0364,0.1972,0.0058,0.15934065934065933,0.8080155138978669,1.0,-0.0013780800000000003,0.9549647058823528,-0.19780219780219785,0.025460930640913083,-0.04715911890799783,0.09437621202327084
"frozenset({'Butter', 'Guard Rice (1kg)'})",frozenset({'Chicken'}),0.0364,0.198,0.0058,0.15934065934065933,0.8047508047508046,1.0,-0.0014072000000000008,0.9540130718954248,-0.20114121050645514,0.025371828521434818,-0.048203666657532014,0.09431679431679431
"frozenset({'Biscuits', 'Frozen Paratha'})",frozenset({'Shan Biryani Masala'}),0.0364,0.2088,0.0058,0.15934065934065933,0.7631257631257631,1.0,-0.001800320000000001,0.9411660130718954,-0.2436420722135009,0.024227234753550538,-0.06251180568672988,0.09355921855921855
"frozenset({'Biscuits', 'Frozen Paratha'})",frozenset({'Chicken'}),0.0364,0.198,0.0058,0.15934065934065933,0.8047508047508046,1.0,-0.0014072000000000008,0.9540130718954248,-0.20114121050645514,0.025371828521434818,-0.048203666657532014,0.09431679431679431
"frozenset({'Butter', 'Guard Rice (1kg)'})",frozenset({'Nestle Water'}),0.0364,0.2062,0.0058,0.15934065934065933,0.7727481054348173,1.0,-0.0017056800000000002,0.9442588235294118,-0.23382904520629075,0.024493243243243243,-0.05903167127656924,0.09373434518924334
"frozenset({'Dalda Cooking Oil (500ml)', 'Noodles'})",frozenset({'Lays Chips'}),0.0364,0.206,0.0058,0.15934065934065933,0.7734983463138803,1.0,-0.0016984,0.9444967320261438,-0.23306363965704627,0.024513947590870666,-0.05876491266919478,0.09374799957324229
"frozenset({'Butter', 'Guard Rice (1kg)'})",frozenset({'Tapal Tea (250g)'}),0.0364,0.1996,0.0058,0.15934065934065933,0.7982998964962892,1.0,-0.001465440000000001,0.9521098039215686,-0.20773653590991065,0.02519548218940052,-0.050299026311020324,0.09419938778656213
"frozenset({'Noodles', 'Jam'})",frozenset({'Biscuits'}),0.0352,0.1972,0.0056,0.1590909090909091,0.8067490319011618,1.0,-0.0013414400000000002,0.954681081081081,-0.1988992218637313,0.024691358024691357,-0.04747021787380531,0.09374423750691499
"frozenset({'Noodles', 'Guard Rice (1kg)'})",frozenset({'Olpers Milk (Pack of 6)'}),0.0352,0.196,0.0056,0.1590909090909091,0.8116883116883117,1.0,-0.0012992000000000004,0.9561081081081081,-0.19385026737967917,0.02482269503546099,-0.045906829488919054,0.09383116883116883
"frozenset({'Biscuits', 'Nestle Water'})",frozenset({'Tapal Tea (250g)'}),0.0352,0.1996,0.0056,0.1590909090909091,0.7970486427400255,1.0,-0.0014259200000000007,0.951827027027027,-0.20880974695407695,0.02443280977312391,-0.05061105810730998,0.093573510657679
"frozenset({'Biscuits', 'Nestle Water'})",frozenset({'Olpers Milk (Pack of 6)'}),0.0352,0.196,0.0056,0.1590909090909091,0.8116883116883117,1.0,-0.0012992000000000004,0.9561081081081081,-0.19385026737967917,0.02482269503546099,-0.045906829488919054,0.09383116883116883
"frozenset({'Lux Soap', 'Surf Excel'})",frozenset({'Noodles'}),0.0352,0.2052,0.0056,0.1590909090909091,0.7752968279284069,1.0,-0.00162304,0.9451675675675675,-0.23100746948442338,0.023850085178875637,-0.05801345106830764,0.0931906787169945
"frozenset({'Biscuits', 'Nestle Water'})",frozenset({'Surf Excel'}),0.0352,0.2112,0.0056,0.1590909090909091,0.753271349862259,1.0,-0.0018342400000000009,0.9380324324324323,-0.25344888574460567,0.023255813953488372,-0.06606122072653513,0.0928030303030303
"frozenset({'Lux Soap', 'Surf Excel'})",frozenset({'Tapal Tea (250g)'}),0.0352,0.1996,0.0056,0.1590909090909091,0.7970486427400255,1.0,-0.0014259200000000007,0.951827027027027,-0.20880974695407695,0.02443280977312391,-0.05061105810730998,0.093573510657679
"frozenset({'Noodles', 'Guard Rice (1kg)'})",frozenset({'Pepsi 1L'}),0.0352,0.2052,0.0056,0.1590909090909091,0.7752968279284069,1.0,-0.00162304,0.9451675675675675,-0.23100746948442338,0.023850085178875637,-0.05801345106830764,0.0931906787169945
"frozenset({'Lux Soap', 'Chicken'})",frozenset({'Biscuits'}),0.0352,0.1972,0.0056,0.1590909090909091,0.8067490319011618,1.0,-0.0013414400000000002,0.954681081081081,-0.1988992218637313,0.024691358024691357,-0.04747021787380531,0.09374423750691499
"frozenset({'Lays Chips', 'Tapal Tea (250g)'})",frozenset({'Pepsi 1L'}),0.039,0.2052,0.0062,0.15897435897435896,0.7747288449042835,1.0,-0.0018027999999999994,0.9450365853658536,-0.23228965339518096,0.026050420168067228,-0.058160091879266525,0.09459439196281301
"frozenset({'Dalda Cooking Oil (500ml)', 'Pepsi 1L'})",frozenset({'Bread'}),0.039,0.2058,0.0062,0.15897435897435896,0.7724701602252622,1.0,-0.001826200000000001,0.9443231707317074,-0.23459739992806136,0.025984911986588432,-0.058959507712970344,0.09455034761157209
"frozenset({'Dalda Cooking Oil (500ml)', 'Pepsi 1L'})",frozenset({'Guard Rice (1kg)'}),0.039,0.1952,0.0062,0.15897435897435896,0.8144178226145439,1.0,-0.0014128000000000005,0.9569268292682926,-0.19167005833672507,0.02719298245614035,-0.04501197940561761,0.09536832702816309
"frozenset({'Lays Chips', 'Tapal Tea (250g)'})",frozenset({'Butter'}),0.039,0.1966,0.0062,0.15897435897435896,0.808618306075071,1.0,-0.0014673999999999998,0.9552621951219512,-0.19761366084895496,0.02702702702702703,-0.046833010985363493,0.09525523645564336
"frozenset({'Lays Chips', 'Guard Rice (1kg)'})",frozenset({'Nestle Water'}),0.039,0.2062,0.0062,0.15897435897435896,0.7709716730085304,1.0,-0.0018418000000000002,0.9438475609756098,-0.23612820512820518,0.02594142259414226,-0.059493122985186477,0.09452112711084583
"frozenset({'Lays Chips', 'Tapal Tea (250g)'})",frozenset({'Eggs'}),0.039,0.1982,0.0062,0.15897435897435896,0.8020906103650806,1.0,-0.0015297999999999996,0.9533597560975611,-0.20430021367521364,0.02683982683982684,-0.04892197683417438,0.09512794638929856
"frozenset({'Frozen Paratha', 'Surf Excel'})",frozenset({'Lays Chips'}),0.039,0.206,0.0062,0.15897435897435896,0.7717201891959173,1.0,-0.0018339999999999997,0.9440853658536585,-0.235363568696902,0.025963149078726967,-0.059226248143124716,0.09453572317649987
"frozenset({'Frozen Paratha', 'Surf Excel'})",frozenset({'Thal Sugar (200ml)'}),0.039,0.1964,0.0062,0.15897435897435896,0.8094417463052901,1.0,-0.0014596000000000001,0.9555,-0.19676993178570468,0.02705061082024433,-0.04657247514390372,0.09527129354013264
"frozenset({'Lays Chips', 'Guard Rice (1kg)'})",frozenset({'Noodles'}),0.039,0.2052,0.0062,0.15897435897435896,0.7747288449042835,1.0,-0.0018027999999999994,0.9450365853658536,-0.23228965339518096,0.026050420168067228,-0.058160091879266525,0.09459439196281301
"frozenset({'Nestle Water', 'Bread'})",frozenset({'National Ketchup (1kg)'}),0.0428,0.2048,0.0068,0.1588785046728972,0.7757739485981308,1.0,-0.0019654399999999997,0.9454044444444445,-0.23192674407627675,0.028239202657807307,-0.05774835931476713,0.0960408148364486
"frozenset({'Nestle Water', 'Bread'})",frozenset({'Noodles'}),0.0428,0.2052,0.0068,0.1588785046728972,0.7742617186788362,1.0,-0.0019825600000000004,0.9449288888888888,-0.23347527886644567,0.028192371475953566,-0.05828069366771869,0.09600845311617569
"frozenset({'Guard Rice (1kg)', 'Tapal Tea (250g)'})",frozenset({'National Ketchup (1kg)'}),0.034,0.2048,0.0054,0.1588235294117647,0.7755055147058822,1.0,-0.0015632000000000007,0.9453426573426573,-0.23057407516667658,0.02313624678663239,-0.0578174931944609,0.09259535845588235
"frozenset({'Guard Rice (1kg)', 'Tapal Tea (250g)'})",frozenset({'Bread'}),0.034,0.2058,0.0054,0.1588235294117647,0.7717372663351054,1.0,-0.0015972000000000009,0.9441538461538461,-0.23441352588939776,0.02303754266211604,-0.0591494215414698,0.09253129823357914
"frozenset({'Biscuits', 'Dalda Cooking Oil (500ml)'})",frozenset({'Surf Excel'}),0.034,0.2112,0.0054,0.1588235294117647,0.7520053475935828,1.0,-0.0017808,0.9377342657342657,-0.25450180072028805,0.022518765638031693,-0.06640019090800622,0.09219585561497326
"frozenset({'Shan Biryani Masala', 'Tapal Tea (250g)'})",frozenset({'Lux Soap'}),0.034,0.1936,0.0054,0.1588235294117647,0.8203694701020904,1.0,-0.0011824000000000001,0.9586573426573427,-0.18478464712133524,0.024302430243024302,-0.043125583566760044,0.09335804569761788
"frozenset({'Butter', 'Chicken'})",frozenset({'National Ketchup (1kg)'}),0.034,0.2048,0.0054,0.1588235294117647,0.7755055147058822,1.0,-0.0015632000000000007,0.9453426573426573,-0.23057407516667658,0.02313624678663239,-0.0578174931944609,0.09259535845588235
"frozenset({'Biscuits', 'Dalda Cooking Oil (500ml)'})",frozenset({'Eggs'}),0.034,0.1982,0.0054,0.1588235294117647,0.801329613581053,1.0,-0.0013387999999999994,0.9531888111888113,-0.20423480595557714,0.02380952380952381,-0.04911009053159801,0.09303436813676025
"frozenset({'Shan Biryani Masala', 'Tapal Tea (250g)'})",frozenset({'Eggs'}),0.034,0.1982,0.0054,0.1588235294117647,0.801329613581053,1.0,-0.0013387999999999994,0.9531888111888113,-0.20423480595557714,0.02380952380952381,-0.04911009053159801,0.09303436813676025
"frozenset({'Guard Rice (1kg)', 'Tapal Tea (250g)'})",frozenset({'Frozen Paratha'}),0.034,0.197,0.0054,0.1588235294117647,0.8062108091967751,1.0,-0.0012980000000000005,0.9546153846153845,-0.19925089033525734,0.023936170212765957,-0.04754230459307013,0.09311734846222752
"frozenset({'Guard Rice (1kg)', 'Surf Excel'})",frozenset({'National Ketchup (1kg)'}),0.034,0.2048,0.0054,0.1588235294117647,0.7755055147058822,1.0,-0.0015632000000000007,0.9453426573426573,-0.23057407516667658,0.02313624678663239,-0.0578174931944609,0.09259535845588235
"frozenset({'Jam', 'Eggs'})",frozenset({'Biscuits'}),0.0378,0.1972,0.006,0.15873015873015872,0.8049196690170322,1.0,-0.0014541599999999995,0.9542716981132074,-0.20120209869163838,0.026200873362445417,-0.04791958304663835,0.09457806110950127
"frozenset({'Jam', 'Eggs'})",frozenset({'Chicken'}),0.0378,0.198,0.006,0.15873015873015872,0.8016674683341349,1.0,-0.0014844000000000003,0.9533207547169812,-0.2045304232804233,0.02610966057441253,-0.04896488936389188,0.09451659451659451
"frozenset({'Lux Soap', 'Frozen Paratha'})",frozenset({'Noodles'}),0.0378,0.2052,0.006,0.15873015873015872,0.7735387852346917,1.0,-0.00175656,0.9447622641509433,-0.23328233569197424,0.025316455696202535,-0.058467339292704174,0.09398496240601503
"frozenset({'Jam', 'Eggs'})",frozenset({'Thal Sugar (200ml)'}),0.0378,0.1964,0.006,0.15873015873015872,0.8081983642065108,1.0,-0.0014239199999999995,0.9552226415094339,-0.19784580498866208,0.02629272567922875,-0.046876357976407754,0.09464002844858242
"frozenset({'Biscuits', 'Shan Biryani Masala'})",frozenset({'Lays Chips'}),0.0416,0.206,0.0066,0.15865384615384617,0.7701643017176999,1.0,-0.0019695999999999984,0.9437257142857143,-0.2374430985263481,0.027385892116182572,-0.059629916682813366,0.09534634055265125
"frozenset({'Biscuits', 'Shan Biryani Masala'})",frozenset({'Thal Sugar (200ml)'}),0.0416,0.1964,0.0066,0.15865384615384617,0.8078098073006424,1.0,-0.0015702399999999988,0.955136,-0.19887330793547853,0.028522039757994815,-0.04697132136156523,0.09612936706877645
"frozenset({'Biscuits', 'Shan Biryani Masala'})",frozenset({'Noodles'}),0.0416,0.2052,0.0066,0.15865384615384617,0.7731668915879444,1.0,-0.00193632,0.9446765714285713,-0.23437136881245643,0.027477102414654456,-0.0585633541094034,0.09540879442195233
"frozenset({'Dalda Cooking Oil (500ml)', 'Lays Chips'})",frozenset({'Biscuits'}),0.0416,0.1972,0.0066,0.15865384615384617,0.8045326884069279,1.0,-0.001603519999999999,0.9541851428571428,-0.20223585438695607,0.028423772609819122,-0.04801464106396838,0.09606120299578719
"frozenset({'Chicken', 'Guard Rice (1kg)'})",frozenset({'Noodles'}),0.0366,0.2052,0.0058,0.15846994535519124,0.7722706888654544,1.0,-0.0017103200000000004,0.9444701298701298,-0.23435333322371493,0.02457627118644068,-0.058794734077514794,0.09336752628383344
"frozenset({'Pepsi 1L', 'Thal Sugar (200ml)'})",frozenset({'Shan Biryani Masala'}),0.0366,0.2088,0.0058,0.15846994535519124,0.7589556769884638,1.0,-0.0018420800000000011,0.9401922077922078,-0.24793130366900873,0.02420701168614357,-0.06361230364611827,0.0931238615664845
"frozenset({'Butter', 'Nestle Water'})",frozenset({'Guard Rice (1kg)'}),0.0366,0.1952,0.0058,0.15846994535519124,0.8118337364507747,1.0,-0.0013443200000000013,0.9563532467532466,-0.19392848281314032,0.025663716814159288,-0.04563873589066697,0.0940915300546448
"frozenset({'Biscuits', 'Thal Sugar (200ml)'})",frozenset({'Dalda Cooking Oil (500ml)'}),0.0366,0.2026,0.0058,0.15846994535519124,0.7821813689792262,1.0,-0.001615160000000001,0.9475597402597402,-0.22423808254476,0.024850042844901457,-0.05534243120743512,0.09354889172991546
"frozenset({'Chicken', 'Guard Rice (1kg)'})",frozenset({'Butter'}),0.0366,0.1966,0.0058,0.15846994535519124,0.8060526213387144,1.0,-0.0013955600000000006,0.9546896103896103,-0.19984305369396624,0.025505716798592787,-0.04746085965248788,0.0939857356480941
"frozenset({'Jam', 'Thal Sugar (200ml)'})",frozenset({'Butter'}),0.0366,0.1966,0.0058,0.15846994535519124,0.8060526213387144,1.0,-0.0013955600000000006,0.9546896103896103,-0.19984305369396624,0.025505716798592787,-0.04746085965248788,0.0939857356480941
"frozenset({'Lux Soap', 'Eggs'})",frozenset({'Nestle Water'}),0.0404,0.2062,0.0064,0.15841584158415842,0.7682630532694394,1.0,-0.0019304799999999992,0.9432211764705883,-0.23915995203123908,0.026644462947543714,-0.0601967226201078,0.09472683446812188
"frozenset({'Lux Soap', 'Eggs'})",frozenset({'Tapal Tea (250g)'}),0.0404,0.1996,0.0064,0.15841584158415842,0.7936665410027977,1.0,-0.001663839999999999,0.9510635294117648,-0.21316852182112606,0.027397260273972605,-0.051454470784409775,0.09523998492033572
"frozenset({'Biscuits', 'Pepsi 1L'})",frozenset({'Shan Biryani Masala'}),0.0404,0.2088,0.0064,0.15841584158415842,0.7586965593111035,1.0,-0.00203552,0.9401317647058824,-0.24893358901107498,0.026359143327841845,-0.0636806855609727,0.0945335912901635
"frozenset({'Biscuits', 'Pepsi 1L'})",frozenset({'Thal Sugar (200ml)'}),0.0404,0.1964,0.0064,0.15841584158415842,0.806597971406102,1.0,-0.0015345599999999982,0.9548658823529412,-0.19991662324127127,0.02777777777777778,-0.04726749429547234,0.09550119981448246
"frozenset({'Biscuits', 'Pepsi 1L'})",frozenset({'Lays Chips'}),0.0404,0.206,0.0064,0.15841584158415842,0.7690089397289244,1.0,-0.0019223999999999986,0.9434588235294118,-0.2383975872537152,0.02666666666666667,-0.05992967054891885,0.09474190137460348
"frozenset({'Lays Chips', 'Bread'})",frozenset({'Guard Rice (1kg)'}),0.0404,0.1952,0.0064,0.15841584158415842,0.8115565654926148,1.0,-0.0014860799999999999,0.9562917647058823,-0.19483134754153378,0.027923211169284468,-0.045705962246324054,0.09560136341503003
"frozenset({'Pepsi 1L', 'National Ketchup (1kg)'})",frozenset({'Nestle Water'}),0.0404,0.2062,0.0064,0.15841584158415842,0.7682630532694394,1.0,-0.0019304799999999992,0.9432211764705883,-0.23915995203123908,0.026644462947543714,-0.0601967226201078,0.09472683446812188
"frozenset({'Nestle Water', 'Surf Excel'})",frozenset({'Thal Sugar (200ml)'}),0.0404,0.1964,0.0064,0.15841584158415842,0.806597971406102,1.0,-0.0015345599999999982,0.9548658823529412,-0.19991662324127127,0.02777777777777778,-0.04726749429547234,0.09550119981448246
"frozenset({'Pepsi 1L', 'National Ketchup (1kg)'})",frozenset({'Frozen Paratha'}),0.0404,0.197,0.0064,0.15841584158415842,0.8041413278383676,1.0,-0.0015588,0.9541529411764705,-0.20243524877146685,0.027705627705627706,-0.048050010480500116,0.09545157561441424
"frozenset({'Lux Soap', 'Eggs'})",frozenset({'Butter'}),0.0404,0.1966,0.0064,0.15841584158415842,0.8057774241310194,1.0,-0.0015426399999999988,0.9546282352941177,-0.20075793068265801,0.027753686036426715,-0.047528203156387325,0.0954846247595258
"frozenset({'Chicken', 'Shan Biryani Masala'})",frozenset({'Thal Sugar (200ml)'}),0.0354,0.1964,0.0056,0.1581920903954802,0.8054587087346243,1.0,-0.00135256,0.9546120805369127,-0.2002510985561833,0.024756852343059237,-0.04754593031921327,0.09335266434234296
"frozenset({'Lux Soap', 'Noodles'})",frozenset({'Olpers Milk (Pack of 6)'}),0.0354,0.196,0.0056,0.1581920903954802,0.8071025020177561,1.0,-0.0013384000000000009,0.9550872483221476,-0.19857095380525103,0.024800708591674048,-0.04702476318970124,0.0933817594834544
"frozenset({'Lux Soap', 'Noodles'})",frozenset({'Surf Excel'}),0.0354,0.2112,0.0056,0.1581920903954802,0.7490155795240541,1.0,-0.0018764799999999998,0.9370308724832214,-0.2578205720064191,0.023236514522821577,-0.06720069676029385,0.09235362095531587
"frozenset({'Biscuits', 'Guard Rice (1kg)'})",frozenset({'Chicken'}),0.0354,0.198,0.0056,0.1581920903954802,0.7989499514923243,1.0,-0.0014092000000000002,0.9527114093959732,-0.2069018170713086,0.024582967515364353,-0.04963579751187007,0.09323745933915424
"frozenset({'Biscuits', 'Guard Rice (1kg)'})",frozenset({'Thal Sugar (200ml)'}),0.0354,0.1964,0.0056,0.1581920903954802,0.8054587087346243,1.0,-0.00135256,0.9546120805369127,-0.2002510985561833,0.024756852343059237,-0.04754593031921327,0.09335266434234296
"frozenset({'Chicken', 'Shan Biryani Masala'})",frozenset({'Dalda Cooking Oil (500ml)'}),0.0354,0.2026,0.0056,0.1581920903954802,0.7808099229786782,1.0,-0.0015720400000000002,0.9472469798657718,-0.22542086093664862,0.024096385542168676,-0.05569088237336317,0.09291638083446271
"frozenset({'Biscuits', 'Guard Rice (1kg)'})",frozenset({'Jam'}),0.0354,0.1984,0.0056,0.1581920903954802,0.7973391652997995,1.0,-0.0014233600000000003,0.9522362416107382,-0.20854724898609844,0.024539877300613494,-0.05015956786990991,0.09320894842354656
"frozenset({'Chicken', 'Thal Sugar (200ml)'})",frozenset({'Shan Biryani Masala'}),0.0354,0.2088,0.0056,0.1581920903954802,0.757624954001342,1.0,-0.0017915200000000004,0.9398818791946308,-0.24905467325058947,0.023470243084660516,-0.06396348534443858,0.09250600688356386
"frozenset({'Chicken', 'Frozen Paratha'})",frozenset({'Guard Rice (1kg)'}),0.0392,0.1952,0.0062,0.15816326530612246,0.8102626296420208,1.0,-0.0014518400000000002,0.9560048484848485,-0.19596155922686537,0.02716914986853637,-0.04601979956992738,0.09496278019404483
"frozenset({'Chicken', 'Bread'})",frozenset({'Dalda Cooking Oil (500ml)'}),0.0392,0.2026,0.0062,0.15816326530612246,0.7806676471180772,1.0,-0.00174192,0.9472145454545454,-0.22625628662870448,0.02631578947368421,-0.05572703121880806,0.09438271853657554
"frozenset({'Chicken', 'Bread'})",frozenset({'Frozen Paratha'}),0.0392,0.197,0.0062,0.15816326530612246,0.8028592147518906,1.0,-0.0015224000000000001,0.9538666666666666,-0.2035468275360459,0.02695652173913043,-0.048364551299972046,0.09481767326219828
"frozenset({'Chicken', 'Bread'})",frozenset({'Noodles'}),0.0392,0.2052,0.0062,0.15816326530612246,0.7707761467159964,1.0,-0.0018438400000000002,0.9441260606060605,-0.2363655009742591,0.026028547439126783,-0.05918059221675583,0.09418884512869476
"frozenset({'Chicken', 'Frozen Paratha'})",frozenset({'Bread'}),0.0392,0.2058,0.0062,0.15816326530612246,0.7685289859383987,1.0,-0.001867360000000001,0.9434133333333333,-0.23866099546030853,0.025963149078726967,-0.059980779015207195,0.09414480077745384
"frozenset({'Noodles', 'National Ketchup (1kg)'})",frozenset({'Eggs'}),0.043,0.1982,0.0068,0.15813953488372093,0.797878581653486,1.0,-0.0017225999999999986,0.952414364640884,-0.20930232558139522,0.02901023890784983,-0.04996316427572843,0.0962241569474104
"frozenset({'National Ketchup (1kg)', 'Olpers Milk (Pack of 6)'})",frozenset({'Dalda Cooking Oil (500ml)'}),0.038,0.2026,0.006,0.15789473684210528,0.7793422351535305,1.0,-0.0016987999999999994,0.9469125,-0.22739197943995282,0.02557544757033248,-0.056063786252689644,0.09375487088896972
"frozenset({'Jam', 'Chicken'})",frozenset({'Eggs'}),0.038,0.1982,0.006,0.15789473684210528,0.7966434754899359,1.0,-0.0015315999999999993,0.9521375000000001,-0.2097048031107946,0.026064291920069507,-0.05026847487889087,0.09408359445536142
"frozenset({'Biscuits', 'Surf Excel'})",frozenset({'Lux Soap'}),0.038,0.1936,0.006,0.15789473684210528,0.8155719878207918,1.0,-0.0013567999999999992,0.9576,-0.19032656267534498,0.026595744680851064,-0.04427736006683372,0.09444323618964769
"frozenset({'Bread', 'Shan Biryani Masala'})",frozenset({'Thal Sugar (200ml)'}),0.038,0.1964,0.006,0.15789473684210528,0.8039446886054241,1.0,-0.0014631999999999996,0.954275,-0.20223352498894293,0.02626970227670753,-0.04791595714023732,0.0942223175045557
"frozenset({'Bread', 'Shan Biryani Masala'})",frozenset({'National Ketchup (1kg)'}),0.038,0.2048,0.006,0.15789473684210528,0.7709703947368421,1.0,-0.0017824,0.9443,-0.23594196759504393,0.025337837837837836,-0.058985491898760976,0.09359580592105264
"frozenset({'National Ketchup (1kg)', 'Olpers Milk (Pack of 6)'})",frozenset({'Tapal Tea (250g)'}),0.038,0.1996,0.006,0.15789473684210528,0.7910557958021307,1.0,-0.0015848,0.9504750000000001,-0.21541974771639844,0.02590673575129534,-0.05210552618427626,0.09397742854129312
"frozenset({'National Ketchup (1kg)', 'Shan Biryani Masala'})",frozenset({'Bread'}),0.038,0.2058,0.006,0.15789473684210528,0.7672241829062453,1.0,-0.0018203999999999998,0.9431125,-0.239766081871345,0.025231286795626577,-0.060318890906440104,0.0935246278962713
"frozenset({'National Ketchup (1kg)', 'Olpers Milk (Pack of 6)'})",frozenset({'Noodles'}),0.038,0.2052,0.006,0.15789473684210528,0.7694675284702986,1.0,-0.001797599999999999,0.943825,-0.23747622067216223,0.025295109612141653,-0.05951844886499083,0.09356725146198831
"frozenset({'Jam', 'Chicken'})",frozenset({'Lays Chips'}),0.038,0.206,0.006,0.15789473684210528,0.7664793050587635,1.0,-0.0018279999999999998,0.9428750000000001,-0.24052631578947367,0.025210084033613446,-0.06058597375049711,0.09351047521716915
"frozenset({'Butter', 'Shan Biryani Masala'})",frozenset({'Tapal Tea (250g)'}),0.038,0.1996,0.006,0.15789473684210528,0.7910557958021307,1.0,-0.0015848,0.9504750000000001,-0.21541974771639844,0.02590673575129534,-0.05210552618427626,0.09397742854129312
"frozenset({'National Ketchup (1kg)', 'Surf Excel'})",frozenset({'Frozen Paratha'}),0.0418,0.197,0.0066,0.15789473684210528,0.8014961261020572,1.0,-0.0016346,0.9535625,-0.2053847854931446,0.02842377260981912,-0.048698957855410625,0.09569863745658563
"frozenset({'Bread', 'Shan Biryani Masala'})",frozenset({'Frozen Paratha'}),0.038,0.197,0.006,0.15789473684210528,0.8014961261020572,1.0,-0.0014860000000000003,0.9535625,-0.2047395976853128,0.026200873362445413,-0.048698957855410625,0.09417579481699173
frozenset({'Butter'}),frozenset({'Biscuits'}),0.1966,0.1972,0.031,0.15768056968463887,0.7995972093541526,1.0,-0.007769519999999995,0.9530826086956521,-0.23778237253526546,0.08544652701212789,-0.04922699341724106,0.15744069052183263
"frozenset({'Surf Excel', 'Bread'})",frozenset({'Biscuits'}),0.0406,0.1972,0.0064,0.1576354679802956,0.7993684988858804,1.0,-0.0016063199999999988,0.9530315789473685,-0.2073612789292684,0.027657735522904063,-0.04928317391592475,0.09504491451753116
"frozenset({'Dalda Cooking Oil (500ml)', 'Nestle Water'})",frozenset({'Lays Chips'}),0.0406,0.206,0.0064,0.1576354679802956,0.7652207183509495,1.0,-0.0019635999999999985,0.9425847953216375,-0.24230727464781762,0.026644462947543714,-0.06091250884093752,0.09435171457267207
"frozenset({'Pepsi 1L', 'Shan Biryani Masala'})",frozenset({'Biscuits'}),0.0406,0.1972,0.0064,0.1576354679802956,0.7993684988858804,1.0,-0.0016063199999999988,0.9530315789473685,-0.2073612789292684,0.027657735522904063,-0.04928317391592475,0.09504491451753116
"frozenset({'Dalda Cooking Oil (500ml)', 'Shan Biryani Masala'})",frozenset({'Tapal Tea (250g)'}),0.0406,0.1996,0.0064,0.1576354679802956,0.7897568536086954,1.0,-0.0017037599999999995,0.9501824561403509,-0.21720772266927751,0.02737382378100941,-0.05242945029948076,0.09484979811840431
"frozenset({'Surf Excel', 'Bread'})",frozenset({'Butter'}),0.0406,0.1966,0.0064,0.1576354679802956,0.801808077214118,1.0,-0.0015819599999999994,0.9537438596491229,-0.2048608413233671,0.027729636048526865,-0.048499541971252676,0.0950944379575944
"frozenset({'Pepsi 1L', 'Shan Biryani Masala'})",frozenset({'Butter'}),0.0406,0.1966,0.0064,0.1576354679802956,0.801808077214118,1.0,-0.0015819599999999994,0.9537438596491229,-0.2048608413233671,0.027729636048526865,-0.048499541971252676,0.0950944379575944
"frozenset({'Dalda Cooking Oil (500ml)', 'Shan Biryani Masala'})",frozenset({'Bread'}),0.0406,0.2058,0.0064,0.1576354679802956,0.7659643730820971,1.0,-0.00195548,0.9428222222222222,-0.24154730200453572,0.026666666666666665,-0.06064534376694084,0.09436681076371436
"frozenset({'Lux Soap', 'Butter'})",frozenset({'Noodles'}),0.0368,0.2052,0.0058,0.1576086956521739,0.768073565556403,1.0,-0.0017513600000000004,0.9435045161290321,-0.23867253935720212,0.024555461473327687,-0.05987833964245861,0.09293690143232476
"frozenset({'Frozen Paratha', 'Shan Biryani Masala'})",frozenset({'Biscuits'}),0.0368,0.1972,0.0058,0.1576086956521739,0.79923273657289,1.0,-0.0014569600000000002,0.9530012903225805,-0.2068511198945982,0.025416301489921123,-0.0493165226056628,0.09351023017902813
"frozenset({'Thal Sugar (200ml)', 'Tapal Tea (250g)'})",frozenset({'Noodles'}),0.0368,0.2052,0.0058,0.1576086956521739,0.768073565556403,1.0,-0.0017513600000000004,0.9435045161290321,-0.23867253935720212,0.024555461473327687,-0.05987833964245861,0.09293690143232476
"frozenset({'Biscuits', 'Eggs'})",frozenset({'Nestle Water'}),0.0368,0.2062,0.0058,0.1576086956521739,0.764348669506178,1.0,-0.0017881600000000004,0.9423174193548387,-0.24247157858196658,0.02445193929173693,-0.06121353533361817,0.09286836334500062
"frozenset({'Lux Soap', 'Butter'})",frozenset({'Chicken'}),0.0368,0.198,0.0058,0.1576086956521739,0.7960035133948176,1.0,-0.0014864000000000006,0.9520516129032258,-0.21015246799077056,0.025327510917030564,-0.05036322237883555,0.09345081247255159
"frozenset({'Olpers Milk (Pack of 6)', 'Guard Rice (1kg)'})",frozenset({'Jam'}),0.0368,0.1984,0.0058,0.1576086956521739,0.794398667601683,1.0,-0.0015011199999999999,0.9515767741935482,-0.21179285746534832,0.025283347863993024,-0.050887355723335956,0.09342128330995791
"frozenset({'Olpers Milk (Pack of 6)', 'Guard Rice (1kg)'})",frozenset({'Frozen Paratha'}),0.0368,0.197,0.0058,0.1576086956521739,0.8000441403663648,1.0,-0.0014496000000000005,0.9532387096774192,-0.2060214662543206,0.025438596491228066,-0.049055173534030036,0.09352516000882806
"frozenset({'Noodles', 'Olpers Milk (Pack of 6)'})",frozenset({'Butter'}),0.0368,0.1966,0.0058,0.1576086956521739,0.8016719005705691,1.0,-0.0014348800000000004,0.9537135483870967,-0.20435694102634225,0.025483304042179262,-0.048532865755322514,0.09355511079658542
"frozenset({'Frozen Paratha', 'Thal Sugar (200ml)'})",frozenset({'Nestle Water'}),0.0368,0.2062,0.0058,0.1576086956521739,0.764348669506178,1.0,-0.0017881600000000004,0.9423174193548387,-0.24247157858196658,0.02445193929173693,-0.06121353533361817,0.09286836334500062
"frozenset({'Noodles', 'Lays Chips'})",frozenset({'Dalda Cooking Oil (500ml)'}),0.0368,0.2026,0.0058,0.1576086956521739,0.7779303832782521,1.0,-0.0016556800000000005,0.9465909677419354,-0.228614351360905,0.02482876712328767,-0.05642250357138966,0.09311826687840678
"frozenset({'Noodles', 'Frozen Paratha'})",frozenset({'Biscuits'}),0.033,0.1972,0.0052,0.15757575757575756,0.7990657077878173,1.0,-0.0013076,0.9529640287769784,-0.20637626262626263,0.023111111111111114,-0.049357551599704064,0.09197246296637776
"frozenset({'Olpers Milk (Pack of 6)', 'Thal Sugar (200ml)'})",frozenset({'Nestle Water'}),0.033,0.2062,0.0052,0.15757575757575756,0.764188931017253,1.0,-0.0016046000000000003,0.9422805755395685,-0.2419116538519524,0.022222222222222223,-0.06125502950899777,0.09139699614966346
"frozenset({'Olpers Milk (Pack of 6)', 'Thal Sugar (200ml)'})",frozenset({'Pepsi 1L'}),0.033,0.2052,0.0052,0.15757575757575756,0.7679130486148029,1.0,-0.0015716000000000003,0.9434676258992806,-0.23812121212121215,0.022317596566523604,-0.05991978161077307,0.09145844409002303
"frozenset({'Noodles', 'Frozen Paratha'})",frozenset({'Eggs'}),0.033,0.1982,0.0052,0.15757575757575756,0.7950340947313702,1.0,-0.0013406,0.9517769784172663,-0.210488302716282,0.023008849557522124,-0.05066630384664807,0.09190594135094639
"frozenset({'Biscuits', 'Olpers Milk (Pack of 6)'})",frozenset({'Pepsi 1L'}),0.033,0.2052,0.0052,0.15757575757575756,0.7679130486148029,1.0,-0.0015716000000000003,0.9434676258992806,-0.23812121212121215,0.022317596566523604,-0.05991978161077307,0.09145844409002303
"frozenset({'Lays Chips', 'National Ketchup (1kg)'})",frozenset({'Guard Rice (1kg)'}),0.0432,0.1952,0.0068,0.15740740740740738,0.8063904068002427,1.0,-0.001632640000000002,0.9551472527472528,-0.20059762522607555,0.02936096718480138,-0.04695898681982186,0.09612173649058894
"frozenset({'Biscuits', 'Lux Soap'})",frozenset({'Shan Biryani Masala'}),0.0394,0.2088,0.0062,0.15736040609137056,0.7536417916253378,1.0,-0.00202672,0.9389542168674699,-0.2538973045835609,0.0256198347107438,-0.06501465357511306,0.09352694634070444
"frozenset({'Pepsi 1L', 'Chicken'})",frozenset({'Shan Biryani Masala'}),0.0394,0.2088,0.0062,0.15736040609137056,0.7536417916253378,1.0,-0.00202672,0.9389542168674699,-0.2538973045835609,0.0256198347107438,-0.06501465357511306,0.09352694634070444
"frozenset({'Pepsi 1L', 'Chicken'})",frozenset({'Tapal Tea (250g)'}),0.0394,0.1996,0.0062,0.15736040609137056,0.7883787880329186,1.0,-0.00166424,0.9498722891566266,-0.21840534595982133,0.026632302405498284,-0.052773105832870364,0.09421126516993378
"frozenset({'Pepsi 1L', 'Nestle Water'})",frozenset({'Jam'}),0.0394,0.1984,0.0062,0.15736040609137056,0.7931472081218275,1.0,-0.0016169599999999998,0.9512963855421687,-0.21352546258392008,0.026770293609671852,-0.05119709818940798,0.09430520304568528
"frozenset({'Noodles', 'Thal Sugar (200ml)'})",frozenset({'Nestle Water'}),0.0394,0.2062,0.0062,0.15736040609137056,0.7631445494246875,1.0,-0.0019242799999999996,0.9420397590361447,-0.2441979695431472,0.02589807852965748,-0.061526321376454314,0.09371415066935163
"frozenset({'Noodles', 'Thal Sugar (200ml)'})",frozenset({'Lays Chips'}),0.0394,0.206,0.0062,0.15736040609137056,0.763885466462964,1.0,-0.0019163999999999995,0.942277108433735,-0.24344141095410132,0.025919732441471575,-0.06125893439373983,0.09372874673500567
"frozenset({'Pepsi 1L', 'Chicken'})",frozenset({'Eggs'}),0.0394,0.1982,0.0062,0.15736040609137056,0.7939475584832016,1.0,-0.0016090799999999988,0.9515337349397591,-0.21270621827411157,0.026793431287813314,-0.05093488888579375,0.09432096994780435
"frozenset({'Pepsi 1L', 'Chicken'})",frozenset({'Thal Sugar (200ml)'}),0.0394,0.1964,0.0062,0.15736040609137056,0.8012240636016831,1.0,-0.0015381599999999994,0.9536698795180722,-0.20525548847859848,0.027003484320557495,-0.048580878432839016,0.09446431709863844
"frozenset({'Biscuits', 'Tapal Tea (250g)'})",frozenset({'Nestle Water'}),0.0356,0.2062,0.0056,0.15730337078651685,0.7628679475582777,1.0,-0.0017407199999999994,0.941976,-0.24375189039622697,0.023708721422523286,-0.061598172352586474,0.09223073485979577
"frozenset({'Pepsi 1L', 'Tapal Tea (250g)'})",frozenset({'Bread'}),0.0356,0.2058,0.0056,0.15730337078651685,0.7643506840938622,1.0,-0.0017264800000000007,0.9424506666666667,-0.24224090516225355,0.023748939779474128,-0.061063496869155326,0.09225712757012917
frozenset({'National Ketchup (1kg)'}),frozenset({'Guard Rice (1kg)'}),0.2048,0.1952,0.0322,0.1572265625,0.8054639472336065,1.0,-0.007776960000000006,0.9549422943221321,-0.23296587423312903,0.08754758020663403,-0.04718369470675946,0.16109278944672129
frozenset({'Biscuits'}),frozenset({'Butter'}),0.1972,0.1966,0.031,0.1572008113590264,0.7995972093541526,1.0,-0.007769519999999995,0.9532519855595668,-0.23791780580298075,0.08544652701212789,-0.049040563406738374,0.15744069052183263
"frozenset({'Nestle Water', 'Shan Biryani Masala'})",frozenset({'Lux Soap'}),0.0382,0.1936,0.006,0.15706806282722513,0.811301977413353,1.0,-0.001395519999999999,0.9566608695652175,-0.19473314057982327,0.026572187776793623,-0.045302501454333906,0.09402989918220761
"frozenset({'Olpers Milk (Pack of 6)', 'Eggs'})",frozenset({'Guard Rice (1kg)'}),0.0382,0.1952,0.006,0.15706806282722513,0.8046519612050467,1.0,-0.0014566399999999995,0.9547627329192546,-0.2015430083127635,0.026385224274406333,-0.047380637640127836,0.09390288387262896
"frozenset({'National Ketchup (1kg)', 'Eggs'})",frozenset({'Nestle Water'}),0.0344,0.2062,0.0054,0.1569767441860465,0.7612839194279657,1.0,-0.0016932799999999993,0.9416110344827587,-0.24513573612526626,0.02295918367346939,-0.062009644512413045,0.09158245550718427
"frozenset({'Frozen Paratha', 'Eggs'})",frozenset({'Jam'}),0.0344,0.1984,0.0054,0.1569767441860465,0.7912134283570893,1.0,-0.0014249599999999994,0.9508634482758621,-0.21462826846608016,0.023746701846965697,-0.05167571833078029,0.0920972430607652
"frozenset({'Frozen Paratha', 'Eggs'})",frozenset({'Tapal Tea (250g)'}),0.0344,0.1996,0.0054,0.1569767441860465,0.7864566341986299,1.0,-0.0014662399999999997,0.9494400000000001,-0.21948123488132582,0.02362204724409449,-0.05325244354566903,0.09201542620123969
"frozenset({'Surf Excel', 'Thal Sugar (200ml)'})",frozenset({'Nestle Water'}),0.0408,0.2062,0.0064,0.1568627450980392,0.7607310625511117,1.0,-0.0020129600000000003,0.9414837209302326,-0.24693320771752147,0.02660016625103907,-0.062153256364274094,0.09395028622506228
"frozenset({'Pepsi 1L', 'Lays Chips'})",frozenset({'Biscuits'}),0.0408,0.1972,0.0064,0.1568627450980392,0.7954500258521259,1.0,-0.0016457600000000005,0.9521581395348837,-0.21141118921363097,0.02763385146804836,-0.05024570864718582,0.09465855307640297
"frozenset({'Pepsi 1L', 'Lays Chips'})",frozenset({'Surf Excel'}),0.0408,0.2112,0.0064,0.1568627450980392,0.7427213309566251,1.0,-0.0022169599999999996,0.935553488372093,-0.2653186274509803,0.026058631921824105,-0.0688859722387941,0.09358288770053476
"frozenset({'Pepsi 1L', 'Eggs'})",frozenset({'Guard Rice (1kg)'}),0.0408,0.1952,0.0064,0.1568627450980392,0.8036001285760205,1.0,-0.001564160000000001,0.9545302325581395,-0.20305749418411442,0.02787456445993031,-0.047635754102833994,0.09482481517197043
"frozenset({'Pepsi 1L', 'Eggs'})",frozenset({'Dalda Cooking Oil (500ml)'}),0.0408,0.2026,0.0064,0.1568627450980392,0.7742484950544877,1.0,-0.00186608,0.945753488372093,-0.233115468409586,0.0270042194092827,-0.057357982069175806,0.09422604184813116
"frozenset({'Dalda Cooking Oil (500ml)', 'Jam'})",frozenset({'National Ketchup (1kg)'}),0.037,0.2048,0.0058,0.15675675675675677,0.7654138513513513,1.0,-0.0017776000000000007,0.943025641025641,-0.24142333288061943,0.024576271186440676,-0.06041655337429985,0.09253853462837838
"frozenset({'Dalda Cooking Oil (500ml)', 'Jam'})",frozenset({'Lux Soap'}),0.037,0.1936,0.0058,0.15675675675675677,0.8096939915121734,1.0,-0.0013632000000000002,0.9563076923076923,-0.19618340385113553,0.02580071174377224,-0.04568854568854567,0.09335771722135358
"frozenset({'Lays Chips', 'Nestle Water'})",frozenset({'Olpers Milk (Pack of 6)'}),0.037,0.196,0.0058,0.15675675675675677,0.7997793712079426,1.0,-0.0014520000000000002,0.9534615384615385,-0.20632620001705176,0.025528169014084504,-0.04881000403388463,0.09317429674572532
"frozenset({'Butter', 'Eggs'})",frozenset({'Noodles'}),0.037,0.2052,0.0058,0.15675675675675677,0.7639218165533955,1.0,-0.0017923999999999995,0.9425512820512819,-0.24294505137032715,0.024534686971235193,-0.06095023055264624,0.0925109319846162
"frozenset({'Butter', 'National Ketchup (1kg)'})",frozenset({'Dalda Cooking Oil (500ml)'}),0.037,0.2026,0.0058,0.15675675675675677,0.773725354179451,1.0,-0.0016962000000000001,0.9456346153846154,-0.23294330916282138,0.024807527801539775,-0.05749089947735545,0.09269229743069822
"frozenset({'Lays Chips', 'Nestle Water'})",frozenset({'Tapal Tea (250g)'}),0.037,0.1996,0.0058,0.15675675675675677,0.7853544927693225,1.0,-0.0015852000000000002,0.9491923076923077,-0.22106936658020251,0.025129982668977466,-0.05352729040884962,0.09290743649461085
"frozenset({'Butter', 'Eggs'})",frozenset({'Shan Biryani Masala'}),0.037,0.2088,0.0058,0.15675675675675677,0.7507507507507507,1.0,-0.0019256000000000004,0.9382820512820512,-0.2563706563706564,0.024166666666666663,-0.06577760773918509,0.09226726726726726
"frozenset({'Surf Excel', 'Shan Biryani Masala'})",frozenset({'Jam'}),0.0396,0.1984,0.0062,0.15656565656565655,0.789141414141414,1.0,-0.00165664,0.9504,-0.21766047572499186,0.026747195858498708,-0.05218855218855221,0.09390782828282827
"frozenset({'Surf Excel', 'Shan Biryani Masala'})",frozenset({'Guard Rice (1kg)'}),0.0396,0.1952,0.0062,0.15656565656565655,0.8020781586355356,1.0,-0.0015299200000000015,0.9541940119760479,-0.2044145155256268,0.02712160979877515,-0.048004899893567925,0.09416397582381188
"frozenset({'Olpers Milk (Pack of 6)', 'Shan Biryani Masala'})",frozenset({'Thal Sugar (200ml)'}),0.0358,0.1964,0.0056,0.1564245810055866,0.7964591700895448,1.0,-0.0014311199999999993,0.9526119205298014,-0.20951477460384377,0.02471315092674316,-0.04974541935591513,0.09246890964739615
"frozenset({'Olpers Milk (Pack of 6)', 'Shan Biryani Masala'})",frozenset({'Jam'}),0.0358,0.1984,0.0056,0.1564245810055866,0.7884303478104163,1.0,-0.00150272,0.950241059602649,-0.21771482880919818,0.024496937882764653,-0.05236454465370933,0.09232519372859975
"frozenset({'Chicken', 'Surf Excel'})",frozenset({'Butter'}),0.0358,0.1966,0.0056,0.1564245810055866,0.7956489369561882,1.0,-0.0014382799999999992,0.9523748344370861,-0.21034250782415387,0.024691358024691357,-0.05000674507644188,0.09245440647430907
"frozenset({'Jam', 'National Ketchup (1kg)'})",frozenset({'Olpers Milk (Pack of 6)'}),0.0358,0.196,0.0056,0.1564245810055866,0.7980845969672785,1.0,-0.0014168000000000002,0.9530860927152319,-0.2078540913572133,0.024756852343059237,-0.04922315795325051,0.09249800478850759
"frozenset({'Lux Soap', 'Bread'})",frozenset({'Shan Biryani Masala'}),0.0358,0.2088,0.0056,0.1564245810055866,0.7491598707164109,1.0,-0.0018750400000000006,0.9379125827814571,-0.2577530462323495,0.02343096234309623,-0.06619744564511301,0.09162225218861705
"frozenset({'Lux Soap', 'Tapal Tea (250g)'})",frozenset({'Surf Excel'}),0.0358,0.2112,0.0056,0.1564245810055866,0.7406466903673607,1.0,-0.0019609599999999994,0.9350675496688742,-0.2664174075603764,0.023198011599005797,-0.06944145410042268,0.09146986626036906
"frozenset({'Jam', 'National Ketchup (1kg)'})",frozenset({'Biscuits'}),0.0358,0.1972,0.0056,0.1564245810055866,0.7932280984056116,1.0,-0.0014597599999999992,0.9516635761589404,-0.21281533921927656,0.024626209322779244,-0.050791503480833826,0.09241107346425374
"frozenset({'Bread', 'Thal Sugar (200ml)'})",frozenset({'Noodles'}),0.0358,0.2052,0.0056,0.1564245810055866,0.7623030263430146,1.0,-0.0017461599999999992,0.9421801324503312,-0.24436582662531758,0.0237892948173322,-0.06136816682739482,0.09185751467433326
"frozenset({'Lux Soap', 'Bread'})",frozenset({'Lays Chips'}),0.0358,0.206,0.0056,0.1564245810055866,0.7593426262407117,1.0,-0.0017747999999999991,0.9412317880794703,-0.24738233031144405,0.023708721422523286,-0.0624375554085811,0.09180452351250204
"frozenset({'Olpers Milk (Pack of 6)', 'Shan Biryani Masala'})",frozenset({'Noodles'}),0.0358,0.2052,0.0056,0.1564245810055866,0.7623030263430146,1.0,-0.0017461599999999992,0.9421801324503312,-0.24436582662531758,0.0237892948173322,-0.06136816682739482,0.09185751467433326
"frozenset({'Lux Soap', 'Bread'})",frozenset({'Jam'}),0.0358,0.1984,0.0056,0.1564245810055866,0.7884303478104163,1.0,-0.00150272,0.950241059602649,-0.21771482880919818,0.024496937882764653,-0.05236454465370933,0.09232519372859975
"frozenset({'Jam', 'National Ketchup (1kg)'})",frozenset({'Pepsi 1L'}),0.0358,0.2052,0.0056,0.1564245810055866,0.7623030263430146,1.0,-0.0017461599999999992,0.9421801324503312,-0.24436582662531758,0.0237892948173322,-0.06136816682739482,0.09185751467433326
"frozenset({'Jam', 'National Ketchup (1kg)'})",frozenset({'Lux Soap'}),0.0358,0.1936,0.0056,0.1564245810055866,0.8079782076734845,1.0,-0.0013308799999999996,0.9559311258278146,-0.19774159039581593,0.025022341376228774,-0.04610046998315154,0.09267510042014868
"frozenset({'Shan Biryani Masala', 'Eggs'})",frozenset({'Dalda Cooking Oil (500ml)'}),0.0384,0.2026,0.006,0.15625000000000003,0.7712240868706812,1.0,-0.0017798399999999995,0.9450666666666666,-0.2357578840284842,0.025531914893617023,-0.058126410835214415,0.0929325024679171
"frozenset({'Shan Biryani Masala', 'Eggs'})",frozenset({'Frozen Paratha'}),0.0384,0.197,0.006,0.15625000000000003,0.7931472081218275,1.0,-0.0015647999999999999,0.9517037037037036,-0.21335078534031413,0.026155187445510028,-0.05074719800747196,0.0933534263959391
"frozenset({'Jam', 'Olpers Milk (Pack of 6)'})",frozenset({'Butter'}),0.032,0.1966,0.005,0.15625,0.7947609359104781,1.0,-0.0012912000000000002,0.9521777777777778,-0.21059498956158668,0.022361359570661897,-0.050224047796863326,0.09084117497456765
"frozenset({'Jam', 'Olpers Milk (Pack of 6)'})",frozenset({'Frozen Paratha'}),0.032,0.197,0.005,0.15625,0.7931472081218274,1.0,-0.0013040000000000005,0.9517037037037036,-0.2122395833333334,0.022321428571428572,-0.050747198007471996,0.09081535532994923
"frozenset({'Chicken', 'Nestle Water'})",frozenset({'Shan Biryani Masala'}),0.041,0.2088,0.0064,0.15609756097560976,0.74759368283338,1.0,-0.0021608,0.9375491329479769,-0.26038754458690827,0.02629416598192276,-0.06661076721990679,0.09337445098588917
"frozenset({'Chicken', 'Nestle Water'})",frozenset({'Guard Rice (1kg)'}),0.041,0.1952,0.0064,0.15609756097560976,0.7996801279488204,1.0,-0.0016032,0.953664739884393,-0.20711037618850758,0.027850304612706697,-0.0485865296028706,0.0944422231107557
"frozenset({'Lays Chips', 'Chicken'})",frozenset({'Lux Soap'}),0.041,0.1936,0.0064,0.15609756097560976,0.8062890546260835,1.0,-0.0015375999999999992,0.9555606936416186,-0.2003335417969563,0.028045574057843997,-0.04650600077429345,0.09457770610763959
"frozenset({'Noodles', 'Surf Excel'})",frozenset({'Olpers Milk (Pack of 6)'}),0.041,0.196,0.0064,0.15609756097560976,0.7964161274265804,1.0,-0.0016360000000000012,0.9527167630057805,-0.21045590202737482,0.027753686036426712,-0.049629899284067476,0.09437531110004978
"frozenset({'Chicken', 'Lays Chips'})",frozenset({'Surf Excel'}),0.041,0.2112,0.0064,0.15609756097560976,0.7390983000739099,1.0,-0.0022592000000000003,0.9347052023121387,-0.2690548780487805,0.026037428803905617,-0.06985603324593084,0.09320029563932003
"frozenset({'Pepsi 1L', 'Surf Excel'})",frozenset({'Lays Chips'}),0.041,0.206,0.0064,0.15609756097560976,0.7577551503670377,1.0,-0.002046,0.9408670520231215,-0.25001221956107333,0.02660016625103907,-0.06284941942618417,0.09358276107032915
"frozenset({'Nestle Water', 'Eggs'})",frozenset({'National Ketchup (1kg)'}),0.0346,0.2048,0.0054,0.15606936416184972,0.7620574421965318,1.0,-0.0016860799999999995,0.9422575342465753,-0.24438633820536745,0.023076923076923078,-0.061280980681778535,0.09121827583092486
"frozenset({'Guard Rice (1kg)', 'Thal Sugar (200ml)'})",frozenset({'Chicken'}),0.0346,0.198,0.0054,0.15606936416184972,0.7882291119285338,1.0,-0.0014507999999999995,0.9503150684931507,-0.21770838960618,0.023767605633802816,-0.05228258832687069,0.0916710457172885
"frozenset({'Pepsi 1L', 'Jam'})",frozenset({'Butter'}),0.0346,0.1966,0.0054,0.15606936416184972,0.7938421371406394,1.0,-0.0014023599999999992,0.9519739726027397,-0.21198031296103698,0.023914968999114262,-0.05044888702781962,0.09176815105345792
"frozenset({'Butter', 'Pepsi 1L'})",frozenset({'Jam'}),0.0346,0.1984,0.0054,0.15606936416184972,0.7866399403319039,1.0,-0.0014646399999999988,0.9498410958904109,-0.21932971936865417,0.02372583479789104,-0.05280767943881023,0.0916435530486668
"frozenset({'Pepsi 1L', 'Jam'})",frozenset({'Noodles'}),0.0346,0.2052,0.0054,0.15606936416184972,0.7605719501064802,1.0,-0.0016999199999999989,0.9417835616438356,-0.2458990782690203,0.023037542662116044,-0.061815092901547915,0.09119257681776696
"frozenset({'Guard Rice (1kg)', 'Thal Sugar (200ml)'})",frozenset({'Dalda Cooking Oil (500ml)'}),0.0346,0.2026,0.0054,0.15606936416184972,0.7703324983309463,1.0,-0.0016099599999999997,0.9448643835616438,-0.23595657118737465,0.023295944779982744,-0.058352941858728725,0.09136143430205022
"frozenset({'Surf Excel', 'Eggs'})",frozenset({'Lux Soap'}),0.0372,0.1936,0.0058,0.15591397849462366,0.8053407980094197,1.0,-0.0014019199999999992,0.9553528662420382,-0.2006710410296929,0.025777777777777774,-0.04673365762075439,0.09293632809028704
"frozenset({'Pepsi 1L', 'Olpers Milk (Pack of 6)'})",frozenset({'Nestle Water'}),0.0372,0.2062,0.0058,0.15591397849462366,0.7561298666082622,1.0,-0.0018706399999999998,0.9404254777070065,-0.25092825102483207,0.024410774410774407,-0.06334847758298857,0.0920210047662255
"frozenset({'Noodles', 'Butter'})",frozenset({'Olpers Milk (Pack of 6)'}),0.0372,0.196,0.0058,0.15591397849462366,0.7954794821154267,1.0,-0.0014911999999999998,0.9525095541401274,-0.2107572108589713,0.025505716798592783,-0.04985823570320441,0.09275290761465876
"frozenset({'Noodles', 'Butter'})",frozenset({'Biscuits'}),0.0372,0.1972,0.0058,0.15591397849462366,0.7906388361796332,1.0,-0.0015358399999999993,0.9510878980891719,-0.21570544151189305,0.025371828521434818,-0.05142753052488332,0.09266287160025301
"frozenset({'Noodles', 'Butter'})",frozenset({'Eggs'}),0.0372,0.1982,0.0058,0.15591397849462366,0.7866497401343273,1.0,-0.0015730399999999995,0.9499031847133759,-0.21978181655601006,0.025261324041811844,-0.05273886443673775,0.09258867441381032
"frozenset({'Noodles', 'Butter'})",frozenset({'Lux Soap'}),0.0372,0.1936,0.0058,0.15591397849462366,0.8053407980094197,1.0,-0.0014019199999999992,0.9553528662420382,-0.2006710410296929,0.025777777777777774,-0.04673365762075439,0.09293632809028704
"frozenset({'Frozen Paratha', 'Nestle Water'})",frozenset({'Butter'}),0.0398,0.1966,0.0062,0.1557788944723618,0.7923646717821048,1.0,-0.0016246800000000007,0.9516464285714286,-0.21439656264515866,0.02693310165073849,-0.050810437549960424,0.09365750420464478
"frozenset({'Noodles', 'Nestle Water'})",frozenset({'Lux Soap'}),0.0398,0.1936,0.0062,0.1557788944723618,0.8046430499605465,1.0,-0.0015052800000000003,0.9552,-0.20182020025420597,0.0272887323943662,-0.04690117252931325,0.09390184393039577
"frozenset({'Frozen Paratha', 'Bread'})",frozenset({'Olpers Milk (Pack of 6)'}),0.0398,0.196,0.0062,0.1557788944723618,0.7947902779202132,1.0,-0.0016008000000000012,0.9523571428571429,-0.21191309550915816,0.02700348432055749,-0.05002625065626644,0.09370577376679314
"frozenset({'Frozen Paratha', 'Bread'})",frozenset({'Chicken'}),0.0398,0.198,0.0062,0.1557788944723618,0.7867620932947564,1.0,-0.0016804000000000012,0.9499880952380954,-0.2201308943046831,0.02677029360967185,-0.0526447699845863,0.09354601289274656
"frozenset({'Noodles', 'Nestle Water'})",frozenset({'Thal Sugar (200ml)'}),0.0398,0.1964,0.0062,0.1557788944723618,0.7931715604499073,1.0,-0.0016167199999999994,0.9518833333333333,-0.21357048121786634,0.026956521739130435,-0.05054891180641887,0.09367356128913405
"frozenset({'Frozen Paratha', 'Bread'})",frozenset({'Lux Soap'}),0.0398,0.1936,0.0062,0.1557788944723618,0.8046430499605465,1.0,-0.0015052800000000003,0.9552,-0.20182020025420597,0.0272887323943662,-0.04690117252931325,0.09390184393039577
"frozenset({'Lays Chips', 'Shan Biryani Masala'})",frozenset({'Biscuits'}),0.0424,0.1972,0.0066,0.15566037735849056,0.789352826361514,1.0,-0.0017612799999999987,0.9508022346368715,-0.21794135698588354,0.02832618025751073,-0.05174342630980248,0.09456446859810938
"frozenset({'Pepsi 1L', 'Bread'})",frozenset({'Lays Chips'}),0.036,0.206,0.0056,0.15555555555555556,0.7551240560949299,1.0,-0.001815999999999999,0.9402631578947369,-0.2517187846529163,0.023688663282571912,-0.06353204589980406,0.09137001078748652
"frozenset({'Pepsi 1L', 'Bread'})",frozenset({'Tapal Tea (250g)'}),0.036,0.1996,0.0056,0.15555555555555556,0.779336450679136,1.0,-0.0015855999999999995,0.9478421052631579,-0.22703321878579605,0.02434782608695652,-0.05502804153478816,0.09180583389000223
"frozenset({'Butter', 'Lays Chips'})",frozenset({'Frozen Paratha'}),0.036,0.197,0.0056,0.15555555555555556,0.7896221094190637,1.0,-0.0014919999999999994,0.9509210526315789,-0.21653314756763026,0.02462620932277924,-0.05161201051612012,0.09199097574732093
"frozenset({'Pepsi 1L', 'Bread'})",frozenset({'National Ketchup (1kg)'}),0.036,0.2048,0.0056,0.15555555555555556,0.759548611111111,1.0,-0.0017727999999999997,0.9416842105263158,-0.2472110664881749,0.023809523809523808,-0.06192711826514644,0.09144965277777778
"frozenset({'Pepsi 1L', 'Bread'})",frozenset({'Surf Excel'}),0.036,0.2112,0.0056,0.15555555555555556,0.7365319865319866,1.0,-0.0020031999999999993,0.9341052631578947,-0.2706441850410721,0.023178807947019868,-0.07054315979265269,0.09103535353535354
"frozenset({'Butter', 'Lays Chips'})",frozenset({'Noodles'}),0.036,0.2052,0.0056,0.15555555555555556,0.7580680095299979,1.0,-0.0017871999999999992,0.9412105263157894,-0.24871966154531275,0.023769100169779286,-0.06246155566739361,0.09142300194931774
"frozenset({'Noodles', 'Eggs'})",frozenset({'Dalda Cooking Oil (500ml)'}),0.036,0.2026,0.0056,0.15555555555555556,0.767796424262367,1.0,-0.0016936,0.9442894736842106,-0.23880428652002259,0.024034334763948496,-0.058997296770058244,0.09159811341450039
"frozenset({'Pepsi 1L', 'Bread'})",frozenset({'Frozen Paratha'}),0.036,0.197,0.0056,0.15555555555555556,0.7896221094190637,1.0,-0.0014919999999999994,0.9509210526315789,-0.21653314756763026,0.02462620932277924,-0.05161201051612012,0.09199097574732093
"frozenset({'Dalda Cooking Oil (500ml)', 'National Ketchup (1kg)'})",frozenset({'Surf Excel'}),0.0386,0.2112,0.006,0.15544041450777202,0.7359868111163448,1.0,-0.002152320000000001,0.9339779141104294,-0.27173287276914226,0.024610336341263334,-0.0706891296808164,0.09192475270843146
"frozenset({'National Ketchup (1kg)', 'Nestle Water'})",frozenset({'Jam'}),0.0386,0.1984,0.006,0.15544041450777202,0.7834698311883671,1.0,-0.00165824,0.9491337423312883,-0.2232826688785238,0.025974025974025976,-0.05359229727074348,0.0928411749958215
"frozenset({'Dalda Cooking Oil (500ml)', 'National Ketchup (1kg)'})",frozenset({'Olpers Milk (Pack of 6)'}),0.0386,0.196,0.006,0.15544041450777202,0.7930633393253674,1.0,-0.0015656000000000003,0.9519754601226994,-0.2134715025906736,0.026246719160104987,-0.050447245637099486,0.0930263297028656
"frozenset({'Jam', 'Nestle Water'})",frozenset({'Butter'}),0.0386,0.1966,0.006,0.15544041450777202,0.7906430036000611,1.0,-0.0015887599999999998,0.9512650306748466,-0.21594745798650564,0.026178010471204192,-0.05123174694078663,0.09297961722336719
"frozenset({'Jam', 'Nestle Water'})",frozenset({'National Ketchup (1kg)'}),0.0386,0.2048,0.006,0.15544041450777202,0.7589863989637305,1.0,-0.0019052800000000005,0.9415558282208589,-0.24828765338142852,0.02527379949452401,-0.06207191334535713,0.09236864475388601
"frozenset({'Jam', 'Nestle Water'})",frozenset({'Guard Rice (1kg)'}),0.0386,0.1952,0.006,0.15544041450777202,0.7963135989127664,1.0,-0.0015347200000000007,0.952922699386503,-0.21014580069887945,0.02633889376646181,-0.04940306348437872,0.0930890597129024
"frozenset({'Pepsi 1L', 'Frozen Paratha'})",frozenset({'Olpers Milk (Pack of 6)'}),0.0386,0.196,0.006,0.15544041450777202,0.7930633393253674,1.0,-0.0015656000000000003,0.9519754601226994,-0.2134715025906736,0.026246719160104987,-0.050447245637099486,0.0930263297028656
"frozenset({'Lays Chips', 'Surf Excel'})",frozenset({'Chicken'}),0.0412,0.198,0.0064,0.15533980582524273,0.7845444738648623,1.0,-0.0017576000000000007,0.9494942528735634,-0.22265237043192743,0.0274914089347079,-0.05319226206328837,0.09383151907423753
"frozenset({'Lays Chips', 'Surf Excel'})",frozenset({'Pepsi 1L'}),0.0412,0.2052,0.0064,0.15533980582524273,0.7570165975889023,1.0,-0.0020542399999999997,0.9409701149425287,-0.25080580570803457,0.026666666666666665,-0.06273300726567346,0.09326444482295275
"frozenset({'Lays Chips', 'Surf Excel'})",frozenset({'Jam'}),0.0412,0.1984,0.0064,0.15533980582524273,0.7829627309740057,1.0,-0.00177408,0.9490206896551724,-0.22427184466019418,0.027444253859348202,-0.053717807104238104,0.09379893517068588
"frozenset({'Guard Rice (1kg)', 'Frozen Paratha'})",frozenset({'Noodles'}),0.0322,0.2052,0.005,0.15527950310559008,0.7567227246861115,1.0,-0.00160744,0.9409029411764704,-0.249353131340709,0.02151462994836489,-0.06280887883041006,0.08982298742024143
"frozenset({'National Ketchup (1kg)', 'Guard Rice (1kg)'})",frozenset({'Bread'}),0.0322,0.2058,0.005,0.15527950310559008,0.7545165359844027,1.0,-0.0016267600000000005,0.9401926470588235,-0.2515961000717627,0.02145922746781116,-0.06361180671670855,0.08978746778214391
"frozenset({'Guard Rice (1kg)', 'Frozen Paratha'})",frozenset({'Thal Sugar (200ml)'}),0.0322,0.1964,0.005,0.15527950310559008,0.7906288345498477,1.0,-0.0013240799999999992,0.9513205882352941,-0.2148406316322357,0.022361359570661897,-0.05117035452266042,0.09036887578904759
"frozenset({'Chicken', 'Tapal Tea (250g)'})",frozenset({'National Ketchup (1kg)'}),0.0348,0.2048,0.0054,0.15517241379310348,0.757677801724138,1.0,-0.0017270399999999991,0.9412571428571429,-0.24888458478884917,0.02305721605465414,-0.062408936376881954,0.09076980064655174
"frozenset({'National Ketchup (1kg)', 'Thal Sugar (200ml)'})",frozenset({'Lays Chips'}),0.0348,0.206,0.0054,0.15517241379310348,0.753264144626716,1.0,-0.0017687999999999992,0.9398367346938775,-0.253377797641558,0.022939677145284623,-0.06401459220012154,0.09069300301305659
"frozenset({'Butter', 'Jam'})",frozenset({'Thal Sugar (200ml)'}),0.0374,0.1964,0.0058,0.1550802139037433,0.7896141237461471,1.0,-0.0015453600000000008,0.9510962025316455,-0.2167879648282094,0.025438596491228066,-0.05141835004511784,0.0923058910659246
"frozenset({'Olpers Milk (Pack of 6)', 'Frozen Paratha'})",frozenset({'Butter'}),0.0374,0.1966,0.0058,0.1550802139037433,0.7888108540373515,1.0,-0.0015528400000000006,0.9508594936708861,-0.2176089418042804,0.025416301489921123,-0.051680092228350384,0.09229086992237012
"frozenset({'Noodles', 'Chicken'})",frozenset({'Jam'}),0.0374,0.1984,0.0058,0.1550802139037433,0.7816543039503191,1.0,-0.0016201600000000007,0.9487291139240506,-0.22492100776872637,0.025217391304347823,-0.054041649321677515,0.09215704243574262
"frozenset({'Olpers Milk (Pack of 6)', 'Frozen Paratha'})",frozenset({'Guard Rice (1kg)'}),0.0374,0.1952,0.0058,0.1550802139037433,0.7944683089331112,1.0,-0.001500480000000001,0.9525164556962025,-0.2118256921660861,0.0255731922398589,-0.04985062884723747,0.09239666432892082
"frozenset({'Noodles', 'Chicken'})",frozenset({'Guard Rice (1kg)'}),0.0374,0.1952,0.0058,0.1550802139037433,0.7944683089331112,1.0,-0.001500480000000001,0.9525164556962025,-0.2118256921660861,0.0255731922398589,-0.04985062884723747,0.09239666432892082
"frozenset({'National Ketchup (1kg)', 'Tapal Tea (250g)'})",frozenset({'Biscuits'}),0.04,0.1972,0.0062,0.155,0.7860040567951319,1.0,-0.0016879999999999994,0.9500591715976331,-0.2209424083769633,0.02683982683982684,-0.052566018933731924,0.09322008113590263
"frozenset({'Guard Rice (1kg)', 'Nestle Water'})",frozenset({'Shan Biryani Masala'}),0.04,0.2088,0.0062,0.155,0.7423371647509578,1.0,-0.0021520000000000003,0.9363313609467456,-0.265547877591313,0.02555647155812036,-0.06799797775530841,0.09234674329501916
"frozenset({'National Ketchup (1kg)', 'Tapal Tea (250g)'})",frozenset({'Dalda Cooking Oil (500ml)'}),0.04,0.2026,0.0062,0.155,0.7650542941757157,1.0,-0.0019040000000000003,0.9436686390532545,-0.24236252545824852,0.026226734348561757,-0.05969400551793329,0.09280108588351431
"frozenset({'Guard Rice (1kg)', 'Nestle Water'})",frozenset({'Lays Chips'}),0.04,0.206,0.0062,0.155,0.7524271844660194,1.0,-0.0020399999999999993,0.9396449704142013,-0.2552552552552552,0.02585487906588824,-0.06423173803526447,0.09254854368932039
"frozenset({'Noodles', 'Shan Biryani Masala'})",frozenset({'Chicken'}),0.04,0.198,0.0062,0.155,0.7828282828282828,1.0,-0.0017200000000000002,0.949112426035503,-0.22419186652763298,0.026747195858498704,-0.053615960099750636,0.09315656565656566
"frozenset({'Lays Chips', 'Frozen Paratha'})",frozenset({'Surf Excel'}),0.04,0.2112,0.0062,0.155,0.7339015151515151,1.0,-0.002248000000000001,0.933491124260355,-0.27414634146341477,0.025306122448979593,-0.0712474645030426,0.0921780303030303
"frozenset({'Guard Rice (1kg)', 'Nestle Water'})",frozenset({'Biscuits'}),0.04,0.1972,0.0062,0.155,0.7860040567951319,1.0,-0.0016879999999999994,0.9500591715976331,-0.2209424083769633,0.02683982683982684,-0.052566018933731924,0.09322008113590263
"frozenset({'Jam', 'Tapal Tea (250g)'})",frozenset({'Pepsi 1L'}),0.0336,0.2052,0.0052,0.15476190476190477,0.7542003156038244,1.0,-0.0016947199999999994,0.9403267605633803,-0.25219047619047613,0.022260273972602742,-0.06346010976106596,0.09005151768309663
"frozenset({'Jam', 'Tapal Tea (250g)'})",frozenset({'Lux Soap'}),0.0336,0.1936,0.0052,0.15476190476190477,0.7993900039354586,1.0,-0.00130496,0.9540507042253521,-0.2061470023253463,0.023423423423423424,-0.04816232048374904,0.09081070444706808
"frozenset({'Jam', 'Frozen Paratha'})",frozenset({'Butter'}),0.0336,0.1966,0.0052,0.15476190476190477,0.7871917841399022,1.0,-0.0014057599999999998,0.9505014084507042,-0.21858983927949446,0.023111111111111114,-0.052076294794741386,0.09060577435450273
"frozenset({'Jam', 'Tapal Tea (250g)'})",frozenset({'Butter'}),0.0336,0.1966,0.0052,0.15476190476190477,0.7871917841399022,1.0,-0.0014057599999999998,0.9505014084507042,-0.21858983927949446,0.023111111111111114,-0.052076294794741386,0.09060577435450273
"frozenset({'Jam', 'Tapal Tea (250g)'})",frozenset({'Biscuits'}),0.0336,0.1972,0.0052,0.15476190476190477,0.7847966772916064,1.0,-0.0014259199999999998,0.9497915492957746,-0.22103174603174602,0.023049645390070924,-0.05286259994780172,0.09056553655945138
"frozenset({'Dalda Cooking Oil (500ml)', 'Butter'})",frozenset({'Eggs'}),0.0362,0.1982,0.0056,0.15469613259668508,0.7805052098722759,1.0,-0.00157484,0.948534640522876,-0.2258767777949892,0.024475524475524476,-0.05425775430695299,0.09147521059703073
"frozenset({'Guard Rice (1kg)', 'Bread'})",frozenset({'Surf Excel'}),0.0362,0.2112,0.0056,0.15469613259668508,0.7324627490373347,1.0,-0.002045440000000001,0.9331555555555555,-0.2748242577982244,0.02315963606286187,-0.07163269194132217,0.0906056420559183
"frozenset({'Lux Soap', 'Nestle Water'})",frozenset({'Lays Chips'}),0.0388,0.206,0.006,0.15463917525773196,0.7506756080472425,1.0,-0.0019927999999999994,0.9392439024390244,-0.25680412371134015,0.02512562814070352,-0.06468617725726451,0.09188269442498248
"frozenset({'Lux Soap', 'Nestle Water'})",frozenset({'Shan Biryani Masala'}),0.0388,0.2088,0.006,0.15463917525773196,0.7406090769048466,1.0,-0.0021014400000000013,0.9359317073170732,-0.2670652107606907,0.024834437086092714,-0.06845402520509106,0.09168740372082
"frozenset({'Dalda Cooking Oil (500ml)', 'Tapal Tea (250g)'})",frozenset({'Pepsi 1L'}),0.0388,0.2052,0.006,0.15463917525773196,0.7536022186049316,1.0,-0.00196176,0.940190243902439,-0.25381940131660663,0.025210084033613446,-0.06361452534256169,0.09193947066980165
"frozenset({'Dalda Cooking Oil (500ml)', 'Surf Excel'})",frozenset({'National Ketchup (1kg)'}),0.0388,0.2048,0.006,0.15463917525773196,0.7550740979381443,1.0,-0.0019462400000000001,0.9406634146341464,-0.25231803190275676,0.025252525252525252,-0.06307950797568919,0.09196802512886598
"frozenset({'Dalda Cooking Oil (500ml)', 'Surf Excel'})",frozenset({'Olpers Milk (Pack of 6)'}),0.0388,0.196,0.006,0.15463917525773196,0.7889753839680202,1.0,-0.0016048,0.9510731707317074,-0.21768855127509495,0.026223776223776224,-0.05144381186849259,0.09262571007784558
"frozenset({'Biscuits', 'Lays Chips'})",frozenset({'Eggs'}),0.0388,0.1982,0.006,0.15463917525773196,0.7802178368200402,1.0,-0.0016901599999999996,0.9484707317073171,-0.22664320885675354,0.025974025974025976,-0.05432879114775258,0.09245581366317476
"frozenset({'Biscuits', 'National Ketchup (1kg)'})",frozenset({'Thal Sugar (200ml)'}),0.0388,0.1964,0.006,0.15463917525773196,0.7873685094589205,1.0,-0.0016203199999999997,0.9506,-0.21933206272199599,0.026178010471204192,-0.051967178624026916,0.09259453671236904
"frozenset({'Dalda Cooking Oil (500ml)', 'Surf Excel'})",frozenset({'Noodles'}),0.0388,0.2052,0.006,0.15463917525773196,0.7536022186049316,1.0,-0.00196176,0.940190243902439,-0.25381940131660663,0.025210084033613446,-0.06361452534256169,0.09193947066980165
"frozenset({'Dalda Cooking Oil (500ml)', 'Tapal Tea (250g)'})",frozenset({'Olpers Milk (Pack of 6)'}),0.0388,0.196,0.006,0.15463917525773196,0.7889753839680202,1.0,-0.0016048,0.9510731707317074,-0.21768855127509495,0.026223776223776224,-0.05144381186849259,0.09262571007784558
"frozenset({'Jam', 'Shan Biryani Masala'})",frozenset({'Bread'}),0.0414,0.2058,0.0064,0.15458937198067635,0.7511631291578054,1.0,-0.0021201200000000005,0.9394251428571428,-0.2568236109294066,0.026578073089700997,-0.06448077061108494,0.09284376276390474
"frozenset({'Nestle Water', 'Tapal Tea (250g)'})",frozenset({'Frozen Paratha'}),0.0414,0.197,0.0064,0.15458937198067635,0.7847176242673926,1.0,-0.0017557999999999992,0.9498342857142856,-0.22251116484430034,0.027586206896551724,-0.052815227919456614,0.0935383408126732
"frozenset({'Butter', 'Thal Sugar (200ml)'})",frozenset({'Noodles'}),0.0324,0.2052,0.005,0.154320987654321,0.7520515967559503,1.0,-0.001648479999999999,0.9398364963503649,-0.2541409208075874,0.021496130696474637,-0.06401486203532837,0.0893437296946069
"frozenset({'Frozen Paratha', 'Tapal Tea (250g)'})",frozenset({'Lux Soap'}),0.0324,0.1936,0.005,0.154320987654321,0.7971125395367821,1.0,-0.0012726399999999994,0.9535532846715329,-0.2082662372517444,0.022624434389140274,-0.04870909269057414,0.09007371696765637
"frozenset({'Butter', 'Thal Sugar (200ml)'})",frozenset({'National Ketchup (1kg)'}),0.0324,0.2048,0.005,0.154320987654321,0.7535204475308642,1.0,-0.0016355199999999997,0.9403094890510949,-0.2526477094378328,0.021533161068044787,-0.06347964329184985,0.0893675250771605
"frozenset({'Lux Soap', 'Thal Sugar (200ml)'})",frozenset({'Bread'}),0.035,0.2058,0.0054,0.15428571428571428,0.7496876301541023,1.0,-0.0018030000000000008,0.9390878378378378,-0.25705731394354153,0.02293967714528462,-0.0648631147246106,0.09026239067055393
"frozenset({'Biscuits', 'Chicken'})",frozenset({'Pepsi 1L'}),0.035,0.2052,0.0054,0.15428571428571428,0.7518796992481203,1.0,-0.0017820000000000006,0.9397972972972972,-0.25482625482625487,0.022998296422487224,-0.0640592422172694,0.09030075187969924
"frozenset({'Lux Soap', 'Thal Sugar (200ml)'})",frozenset({'Noodles'}),0.035,0.2052,0.0054,0.15428571428571428,0.7518796992481203,1.0,-0.0017820000000000006,0.9397972972972972,-0.25482625482625487,0.022998296422487224,-0.0640592422172694,0.09030075187969924
"frozenset({'Lux Soap', 'Thal Sugar (200ml)'})",frozenset({'Frozen Paratha'}),0.035,0.197,0.0054,0.15428571428571428,0.7831762146482958,1.0,-0.0014950000000000007,0.9494932432432431,-0.22293468535639732,0.023830538393645188,-0.05319338196050528,0.09084844089920231
"frozenset({'Jam', 'Guard Rice (1kg)'})",frozenset({'Dalda Cooking Oil (500ml)'}),0.035,0.2026,0.0054,0.15428571428571428,0.7615286983500211,1.0,-0.0016910000000000007,0.9428716216216215,-0.24500144885540429,0.023255813953488372,-0.06058977390805835,0.0904696093639825
"frozenset({'Lux Soap', 'Thal Sugar (200ml)'})",frozenset({'Butter'}),0.035,0.1966,0.0054,0.15428571428571428,0.7847696555733178,1.0,-0.0014810000000000005,0.9499662162162161,-0.22130902570233119,0.023872679045092837,-0.05266901383406239,0.0908763261153902
"frozenset({'Biscuits', 'Chicken'})",frozenset({'Surf Excel'}),0.035,0.2112,0.0054,0.15428571428571428,0.7305194805194805,1.0,-0.0019920000000000007,0.9327027027027026,-0.2765514369012912,0.022425249169435217,-0.07215299913068678,0.08992694805194805
"frozenset({'Dalda Cooking Oil (500ml)', 'Olpers Milk (Pack of 6)'})",frozenset({'Pepsi 1L'}),0.035,0.2052,0.0054,0.15428571428571428,0.7518796992481203,1.0,-0.0017820000000000006,0.9397972972972972,-0.25482625482625487,0.022998296422487224,-0.0640592422172694,0.09030075187969924
"frozenset({'Jam', 'Guard Rice (1kg)'})",frozenset({'Eggs'}),0.035,0.1982,0.0054,0.15428571428571428,0.7784344817644515,1.0,-0.0015370000000000002,0.9480743243243244,-0.22777119146413752,0.02370500438981563,-0.05476962548551473,0.09076546057373504
"frozenset({'Lux Soap', 'National Ketchup (1kg)'})",frozenset({'Pepsi 1L'}),0.035,0.2052,0.0054,0.15428571428571428,0.7518796992481203,1.0,-0.0017820000000000006,0.9397972972972972,-0.25482625482625487,0.022998296422487224,-0.0640592422172694,0.09030075187969924
"frozenset({'Dalda Cooking Oil (500ml)', 'Olpers Milk (Pack of 6)'})",frozenset({'Chicken'}),0.035,0.198,0.0054,0.15428571428571428,0.7792207792207791,1.0,-0.001530000000000001,0.9483108108108108,-0.22696929238985325,0.023725834797891036,-0.054506590666191686,0.09077922077922078
"frozenset({'Biscuits', 'Noodles'})",frozenset({'Dalda Cooking Oil (500ml)'}),0.0376,0.2026,0.0058,0.15425531914893614,0.7613786729957361,1.0,-0.0018177600000000007,0.9428377358490566,-0.2456538661131293,0.024744027303754263,-0.06062789171189348,0.09144157862678791
"frozenset({'Olpers Milk (Pack of 6)', 'Nestle Water'})",frozenset({'Eggs'}),0.0376,0.1982,0.0058,0.15425531914893614,0.778281125877579,1.0,-0.0016523200000000005,0.9480402515723272,-0.22840270712611146,0.025217391304347827,-0.05480753411207762,0.09175934474096656
"frozenset({'Bread', 'Eggs'})",frozenset({'Pepsi 1L'}),0.0376,0.2052,0.0058,0.15425531914893614,0.7517315747998837,1.0,-0.0019155200000000004,0.9397635220125786,-0.25548987387695005,0.024472573839662448,-0.06409748471447389,0.09126021318070589
"frozenset({'Olpers Milk (Pack of 6)', 'Nestle Water'})",frozenset({'Pepsi 1L'}),0.0376,0.2052,0.0058,0.15425531914893614,0.7517315747998837,1.0,-0.0019155200000000004,0.9397635220125786,-0.25548987387695005,0.024472573839662448,-0.06409748471447389,0.09126021318070589
"frozenset({'Bread', 'Eggs'})",frozenset({'Nestle Water'}),0.0376,0.2062,0.0058,0.15425531914893614,0.7480859318571104,1.0,-0.001953120000000001,0.9385811320754718,-0.2592049942667857,0.024369747899159664,-0.06543799552918096,0.09119167509338175
"frozenset({'Bread', 'Eggs'})",frozenset({'Guard Rice (1kg)'}),0.0376,0.1952,0.0058,0.15425531914893614,0.7902424136728285,1.0,-0.0015395200000000008,0.9515874213836478,-0.21618099710170988,0.02555066079295154,-0.050875597478956106,0.09198421695151725
"frozenset({'Olpers Milk (Pack of 6)', 'Nestle Water'})",frozenset({'Lays Chips'}),0.0376,0.206,0.0058,0.15425531914893614,0.7488122288783309,1.0,-0.0019456000000000005,0.9388176100628931,-0.2584649393160032,0.024390243902439025,-0.06516962323811568,0.09120532947738069
"frozenset({'Bread', 'Eggs'})",frozenset({'Chicken'}),0.0376,0.198,0.0058,0.15425531914893614,0.7790672684289703,1.0,-0.001644800000000001,0.9482767295597485,-0.22759979631146646,0.025239338555265445,-0.05454448983923175,0.09177412422093272
"frozenset({'Biscuits', 'Noodles'})",frozenset({'Butter'}),0.0376,0.1966,0.0058,0.15425531914893614,0.7846150516222591,1.0,-0.0015921600000000004,0.9499320754716981,-0.2219322895758063,0.025394045534150613,-0.052706846964231835,0.09187842254496655
"frozenset({'Noodles', 'Tapal Tea (250g)'})",frozenset({'Eggs'}),0.0402,0.1982,0.0062,0.15422885572139303,0.7781476070706006,1.0,-0.00176764,0.9480105882352942,-0.22901637645107797,0.026701119724375538,-0.05484053913520449,0.09275519476281559
"frozenset({'Noodles', 'Tapal Tea (250g)'})",frozenset({'Chicken'}),0.0402,0.198,0.0062,0.15422885572139303,0.7789336147545102,1.0,-0.001759600000000001,0.9482470588235294,-0.22821243106677264,0.02672413793103448,-0.05457748663167953,0.09277099351726217
"frozenset({'Nestle Water', 'Bread'})",frozenset({'Tapal Tea (250g)'}),0.0428,0.1996,0.0066,0.15420560747663553,0.772573183750679,1.0,-0.0019428799999999993,0.9463292817679558,-0.23520410633867603,0.027989821882951654,-0.05671463333753682,0.0936358698705823
"frozenset({'Dalda Cooking Oil (500ml)', 'Bread'})",frozenset({'Olpers Milk (Pack of 6)'}),0.0428,0.196,0.0066,0.15420560747663553,0.7867633034522221,1.0,-0.0017888000000000001,0.9505856353591161,-0.2206673311687671,0.02842377260981912,-0.05198307527781651,0.09393953843219532
"frozenset({'Biscuits', 'Shan Biryani Masala'})",frozenset({'Pepsi 1L'}),0.0416,0.2052,0.0064,0.15384615384615385,0.749737591842855,1.0,-0.0021363199999999997,0.9393090909090909,-0.2583191456430893,0.026622296173044926,-0.06461228756145715,0.09251761883340831
"frozenset({'Lays Chips', 'Guard Rice (1kg)'})",frozenset({'Frozen Paratha'}),0.039,0.197,0.006,0.15384615384615385,0.7809449433814916,1.0,-0.0016830000000000005,0.949,-0.2259363672976239,0.02608695652173913,-0.05374077976817703,0.09215150331901602
"frozenset({'Dalda Cooking Oil (500ml)', 'Lays Chips'})",frozenset({'Nestle Water'}),0.0416,0.2062,0.0064,0.15384615384615385,0.7461016190405134,1.0,-0.002177919999999999,0.9381272727272728,-0.2620312620312619,0.02651201325600663,-0.06595344690582784,0.0924419905991196
"frozenset({'Lays Chips', 'Guard Rice (1kg)'})",frozenset({'Surf Excel'}),0.039,0.2112,0.006,0.15384615384615385,0.7284382284382285,1.0,-0.0022368000000000006,0.9322181818181817,-0.27950217423901647,0.024570024570024572,-0.072710251209237,0.09112762237762238
"frozenset({'Olpers Milk (Pack of 6)', 'Surf Excel'})",frozenset({'Jam'}),0.039,0.1984,0.006,0.15384615384615385,0.7754342431761787,1.0,-0.0017375999999999997,0.9473454545454545,-0.23156884695346233,0.02592912705272256,-0.05558114540150467,0.09204404466501241
"frozenset({'Biscuits', 'Shan Biryani Masala'})",frozenset({'Olpers Milk (Pack of 6)'}),0.0416,0.196,0.0064,0.15384615384615385,0.7849293563579278,1.0,-0.0017536000000000001,0.9501818181818182,-0.2223304122038299,0.02768166089965398,-0.052430156907768845,0.09324960753532183
"frozenset({'Biscuits', 'Shan Biryani Masala'})",frozenset({'National Ketchup (1kg)'}),0.0416,0.2048,0.0064,0.15384615384615385,0.7512019230769231,1.0,-0.0021196799999999997,0.9397818181818182,-0.2568238213399503,0.026666666666666665,-0.06407676830212042,0.09254807692307693
"frozenset({'Dalda Cooking Oil (500ml)', 'Lays Chips'})",frozenset({'Thal Sugar (200ml)'}),0.0416,0.1964,0.0064,0.15384615384615385,0.7833307222309259,1.0,-0.0017702399999999984,0.949709090909091,-0.2239676113360322,0.02763385146804836,-0.05295401462648847,0.0932163559454802
"frozenset({'Olpers Milk (Pack of 6)', 'Surf Excel'})",frozenset({'Dalda Cooking Oil (500ml)'}),0.039,0.2026,0.006,0.15384615384615385,0.7593591009188245,1.0,-0.0019013999999999993,0.9423818181818182,-0.24798497535018382,0.025466893039049237,-0.06114101599428912,0.09173057939099401
"frozenset({'Lays Chips', 'Tapal Tea (250g)'})",frozenset({'Surf Excel'}),0.039,0.2112,0.006,0.15384615384615385,0.7284382284382285,1.0,-0.0022368000000000006,0.9322181818181817,-0.27950217423901647,0.024570024570024572,-0.072710251209237,0.09112762237762238
"frozenset({'Dalda Cooking Oil (500ml)', 'Pepsi 1L'})",frozenset({'Tapal Tea (250g)'}),0.039,0.1996,0.006,0.15384615384615385,0.7707723138584862,1.0,-0.0017844000000000002,0.9459272727272727,-0.23633184996821366,0.025795356835769563,-0.05716372582939298,0.09195313704331741
"frozenset({'Butter', 'Bread'})",frozenset({'Olpers Milk (Pack of 6)'}),0.0364,0.196,0.0056,0.15384615384615383,0.7849293563579277,1.0,-0.0015344000000000009,0.9501818181818182,-0.22139625080801562,0.024691358024691357,-0.05243015690776888,0.0912087912087912
"frozenset({'Butter', 'Bread'})",frozenset({'National Ketchup (1kg)'}),0.0364,0.2048,0.0056,0.15384615384615383,0.7512019230769229,1.0,-0.0018547200000000007,0.9397818181818182,-0.25579240037071366,0.023769100169779282,-0.06407676830212045,0.09059495192307691
"frozenset({'Butter', 'Guard Rice (1kg)'})",frozenset({'Surf Excel'}),0.0364,0.2112,0.0056,0.15384615384615383,0.7284382284382284,1.0,-0.0020876800000000006,0.9322181818181817,-0.27895839568991326,0.023140495867768597,-0.07271025120923703,0.09018065268065267
"frozenset({'Noodles', 'Dalda Cooking Oil (500ml)'})",frozenset({'Eggs'}),0.0364,0.1982,0.0056,0.15384615384615383,0.7762167197081424,1.0,-0.0016144799999999997,0.9475818181818183,-0.23028995926192183,0.02445414847161572,-0.05531784254657789,0.0910502212217651
"frozenset({'Butter', 'Bread'})",frozenset({'Biscuits'}),0.0364,0.1972,0.0056,0.15384615384615383,0.7801529099703541,1.0,-0.00157808,0.9487636363636364,-0.22627268347518867,0.024561403508771933,-0.054003296155762534,0.09112185988453736
"frozenset({'Biscuits', 'Frozen Paratha'})",frozenset({'Surf Excel'}),0.0364,0.2112,0.0056,0.15384615384615383,0.7284382284382284,1.0,-0.0020876800000000006,0.9322181818181817,-0.27895839568991326,0.023140495867768597,-0.07271025120923703,0.09018065268065267
"frozenset({'Noodles', 'National Ketchup (1kg)'})",frozenset({'Biscuits'}),0.043,0.1972,0.0066,0.15348837209302327,0.7783386008774,1.0,-0.0018795999999999986,0.9483626373626373,-0.2293369774762682,0.02825342465753425,-0.054448963511430894,0.09347846596537573
"frozenset({'Noodles', 'National Ketchup (1kg)'})",frozenset({'Dalda Cooking Oil (500ml)'}),0.043,0.2026,0.0066,0.15348837209302327,0.7575931495213389,1.0,-0.0021117999999999987,0.9419835164835164,-0.25056953013763633,0.027615062761506277,-0.06158970141331419,0.09303243876122042
"frozenset({'Pepsi 1L', 'National Ketchup (1kg)'})",frozenset({'Guard Rice (1kg)'}),0.0404,0.1952,0.0062,0.15346534653465346,0.7861954228209705,1.0,-0.0016860800000000004,0.9506994152046784,-0.22081827230342088,0.02702702702702703,-0.051857173788949495,0.09261382080831033
"frozenset({'Lux Soap', 'Eggs'})",frozenset({'Bread'}),0.0404,0.2058,0.0062,0.15346534653465346,0.745701392296664,1.0,-0.0021143200000000003,0.9381777777777778,-0.2621976626520368,0.025833333333333333,-0.0658960632905396,0.09179584139171934
"frozenset({'Lux Soap', 'Eggs'})",frozenset({'Noodles'}),0.0404,0.2052,0.0062,0.15346534653465346,0.7478818057244321,1.0,-0.0020900800000000002,0.9388865497076023,-0.25997313299169117,0.02589807852965748,-0.065091411003204,0.09183988574296026
"frozenset({'Lays Chips', 'Bread'})",frozenset({'Eggs'}),0.0404,0.1982,0.0062,0.15346534653465346,0.7742953911940135,1.0,-0.0018072799999999988,0.9471555555555556,-0.23299298679867975,0.026678141135972465,-0.055792783069776156,0.0923734401694458
"frozenset({'Dalda Cooking Oil (500ml)', 'Thal Sugar (200ml)'})",frozenset({'Biscuits'}),0.0378,0.1972,0.0058,0.15343915343915343,0.7780890133831311,1.0,-0.00165416,0.9483075,-0.2286355619688953,0.02530541012216405,-0.05451027224818954,0.0914254590725179
"frozenset({'Lux Soap', 'Frozen Paratha'})",frozenset({'National Ketchup (1kg)'}),0.0378,0.2048,0.0058,0.15343915343915343,0.7492146164021163,1.0,-0.0019414400000000009,0.9393300000000001,-0.25809470633591247,0.02449324324324324,-0.06458858973949519,0.09087973296957672
"frozenset({'Dalda Cooking Oil (500ml)', 'Chicken'})",frozenset({'Butter'}),0.0378,0.1966,0.0058,0.15343915343915343,0.7804636492327235,1.0,-0.0016314800000000003,0.94901625,-0.22620988763546418,0.025371828521434818,-0.05372273657063302,0.09147033969007519
"frozenset({'Lux Soap', 'Frozen Paratha'})",frozenset({'Surf Excel'}),0.0378,0.2112,0.0058,0.15343915343915343,0.7265111431778098,1.0,-0.0021833600000000005,0.93177,-0.2812115217178509,0.023848684210526314,-0.07322622535604281,0.09045063732563732
"frozenset({'Lux Soap', 'Surf Excel'})",frozenset({'Lays Chips'}),0.0352,0.206,0.0054,0.1534090909090909,0.7447043248014122,1.0,-0.0018512,0.9378791946308725,-0.26216804133055377,0.022900763358778626,-0.06623540187771924,0.08981134157105031
"frozenset({'Noodles', 'Guard Rice (1kg)'})",frozenset({'Bread'}),0.0352,0.2058,0.0054,0.1534090909090909,0.7454280413464087,1.0,-0.001844160000000001,0.9381154362416108,-0.26143168209036477,0.02292020373514431,-0.06596689636226277,0.08982407898224225
"frozenset({'Noodles', 'Jam'})",frozenset({'Pepsi 1L'}),0.0352,0.2052,0.0054,0.1534090909090909,0.7476076555023924,1.0,-0.0018230399999999997,0.9388241610738255,-0.25921375921375917,0.02297872340425532,-0.06516219060255295,0.08986244019138756
"frozenset({'Lux Soap', 'Chicken'})",frozenset({'Surf Excel'}),0.0352,0.2112,0.0054,0.1534090909090909,0.7263688016528925,1.0,-0.0020342400000000005,0.9317369127516778,-0.2808110257089849,0.022406639004149378,-0.0732643370827955,0.08948863636363637
"frozenset({'Noodles', 'Jam'})",frozenset({'Butter'}),0.0352,0.1966,0.0054,0.1534090909090909,0.7803107370757422,1.0,-0.0015203200000000004,0.9489825503355706,-0.22589387599847852,0.023851590106007067,-0.05376015570190327,0.09043801442707852
"frozenset({'Lux Soap', 'Surf Excel'})",frozenset({'Chicken'}),0.0352,0.198,0.0054,0.1534090909090909,0.7747933884297521,1.0,-0.0015696000000000009,0.9473288590604028,-0.23152081563296523,0.023705004389815626,-0.05559963727046022,0.0903409090909091
"frozenset({'Lux Soap', 'Dalda Cooking Oil (500ml)'})",frozenset({'Guard Rice (1kg)'}),0.0326,0.1952,0.005,0.1533742331288344,0.7857286533239466,1.0,-0.00136352,0.9505971014492753,-0.2199041370723746,0.02244165170556553,-0.051970386271329064,0.08949449361359751
"frozenset({'Lux Soap', 'Dalda Cooking Oil (500ml)'})",frozenset({'Thal Sugar (200ml)'}),0.0326,0.1964,0.005,0.1533742331288344,0.7809278672547576,1.0,-0.0014026399999999993,0.9491797101449275,-0.22479502022552575,0.022321428571428575,-0.05354127286108214,0.08941624080066973
"frozenset({'Lux Soap', 'Dalda Cooking Oil (500ml)'})",frozenset({'Noodles'}),0.0326,0.2052,0.005,0.1533742331288344,0.7474377832789201,1.0,-0.001689519999999999,0.9387855072463768,-0.25886996439143667,0.021477663230240553,-0.06520604790030902,0.08887035243186359
"frozenset({'Butter', 'Olpers Milk (Pack of 6)'})",frozenset({'Jam'}),0.0326,0.1984,0.005,0.1533742331288344,0.7730556105283991,1.0,-0.001467839999999999,0.9468173913043478,-0.23281161774129067,0.022123893805309738,-0.0561698688512545,0.0892879230160301
"frozenset({'Lux Soap', 'Dalda Cooking Oil (500ml)'})",frozenset({'Biscuits'}),0.0326,0.1972,0.005,0.1533742331288344,0.7777598028845558,1.0,-0.0014287199999999988,0.9482347826086956,-0.22802167987078883,0.022241992882562282,-0.054591139600355755,0.08936460135143545
"frozenset({'Lux Soap', 'Olpers Milk (Pack of 6)'})",frozenset({'Surf Excel'}),0.0326,0.2112,0.005,0.1533742331288344,0.7262037553448598,1.0,-0.0018851199999999988,0.9316985507246376,-0.2804353388514336,0.020938023450586266,-0.07330852798068663,0.08852423777653841
frozenset({'Tapal Tea (250g)'}),frozenset({'Bread'}),0.1996,0.2058,0.0306,0.1533066132264529,0.7449300934229975,1.0,-0.010477680000000007,0.9380018934911243,-0.29961978752024615,0.0816435432230523,-0.06609592895183469,0.15099732993684162
"frozenset({'Chicken', 'Bread'})",frozenset({'Lux Soap'}),0.0392,0.1936,0.006,0.15306122448979592,0.7906054983977062,1.0,-0.0015891199999999994,0.9521349397590362,-0.2160915538923458,0.026455026455026457,-0.05027129899578878,0.092026480013493
"frozenset({'Eggs', 'Thal Sugar (200ml)'})",frozenset({'Chicken'}),0.0392,0.198,0.006,0.15306122448979592,0.7730364873222015,1.0,-0.0017616000000000003,0.9469397590361447,-0.23405612244897964,0.025951557093425604,-0.05603338592294774,0.09168212739641311
"frozenset({'Eggs', 'Thal Sugar (200ml)'})",frozenset({'Jam'}),0.0392,0.1984,0.006,0.15306122448979592,0.7714779460171166,1.0,-0.0017772799999999991,0.9464674698795181,-0.23564852136280698,0.025906735751295342,-0.056560348690374344,0.09165157998683345
"frozenset({'Jam', 'Thal Sugar (200ml)'})",frozenset({'Lux Soap'}),0.0366,0.1936,0.0056,0.15300546448087432,0.790317481822698,1.0,-0.00148576,0.9520722580645161,-0.21592838042088128,0.024933214603739984,-0.0503404458322491,0.09096554215779254
"frozenset({'Pepsi 1L', 'Guard Rice (1kg)'})",frozenset({'Noodles'}),0.0366,0.2052,0.0056,0.15300546448087432,0.7456406651114733,1.0,-0.00191032,0.9383767741935483,-0.2614956689334954,0.023708721422523286,-0.06567002455853758,0.09014795641197712
"frozenset({'Chicken', 'Guard Rice (1kg)'})",frozenset({'Biscuits'}),0.0366,0.1972,0.0056,0.15300546448087432,0.7758897793147785,1.0,-0.00161752,0.9478219354838708,-0.23066041502675197,0.024539877300613498,-0.055050492674546175,0.0907015152018976
"frozenset({'Lux Soap', 'Lays Chips'})",frozenset({'Bread'}),0.0366,0.2058,0.0056,0.15300546448087432,0.7434667856213524,1.0,-0.0019322800000000006,0.9376683870967741,-0.2637089686270015,0.023648648648648646,-0.06647511397522751,0.09010817441730791
"frozenset({'Biscuits', 'Thal Sugar (200ml)'})",frozenset({'Guard Rice (1kg)'}),0.0366,0.1952,0.0056,0.15300546448087432,0.7838394696766102,1.0,-0.001544320000000001,0.9501832258064515,-0.22254501856078956,0.024756852343059237,-0.052428597812034905,0.09084699453551913
"frozenset({'Butter', 'Chicken'})",frozenset({'Biscuits'}),0.034,0.1972,0.0052,0.15294117647058822,0.7755637752058226,1.0,-0.0015048000000000006,0.94775,-0.23051470588235304,0.023008849557522124,-0.055130572408335535,0.08965517241379309
"frozenset({'Guard Rice (1kg)', 'Surf Excel'})",frozenset({'Chicken'}),0.034,0.198,0.0052,0.15294117647058822,0.77243018419489,1.0,-0.0015320000000000012,0.9468055555555557,-0.23370759092018567,0.02292768959435626,-0.05618307173243365,0.08960190136660724
"frozenset({'Guard Rice (1kg)', 'Tapal Tea (250g)'})",frozenset({'Biscuits'}),0.034,0.1972,0.0052,0.15294117647058822,0.7755637752058226,1.0,-0.0015048000000000006,0.94775,-0.23051470588235304,0.023008849557522124,-0.055130572408335535,0.08965517241379309
"frozenset({'Biscuits', 'Dalda Cooking Oil (500ml)'})",frozenset({'Nestle Water'}),0.034,0.2062,0.0052,0.15294117647058822,0.7417127859873338,1.0,-0.0018108000000000004,0.9371250000000001,-0.2649692712906059,0.022127659574468085,-0.067093504068294,0.08907970559707878
"frozenset({'Guard Rice (1kg)', 'Tapal Tea (250g)'})",frozenset({'Pepsi 1L'}),0.034,0.2052,0.0052,0.15294117647058822,0.7453273707143676,1.0,-0.0017768000000000003,0.9383055555555555,-0.2612941176470589,0.022222222222222223,-0.0657509103289026,0.08914115353743836
"frozenset({'Guard Rice (1kg)', 'Tapal Tea (250g)'})",frozenset({'Olpers Milk (Pack of 6)'}),0.034,0.196,0.0052,0.15294117647058822,0.7803121248499398,1.0,-0.0014640000000000009,0.9491666666666667,-0.22567517573066975,0.023131672597864767,-0.05355575065847237,0.0897358943577431
"frozenset({'Butter', 'Chicken'})",frozenset({'Bread'}),0.034,0.2058,0.0052,0.15294117647058822,0.7431544046189903,1.0,-0.0017972000000000014,0.9375972222222223,-0.26350360682657925,0.02216538789428815,-0.06655606085294861,0.08910421311381694
"frozenset({'Guard Rice (1kg)', 'Surf Excel'})",frozenset({'Dalda Cooking Oil (500ml)'}),0.034,0.2026,0.0052,0.15294117647058822,0.7548922826781255,1.0,-0.0016884000000000005,0.941375,-0.2515644555694619,0.02247191011235955,-0.062275926171823155,0.08930375704082225
"frozenset({'Shan Biryani Masala', 'Tapal Tea (250g)'})",frozenset({'Chicken'}),0.034,0.198,0.0052,0.15294117647058822,0.77243018419489,1.0,-0.0015320000000000012,0.9468055555555557,-0.23370759092018567,0.02292768959435626,-0.05618307173243365,0.08960190136660724
"frozenset({'Guard Rice (1kg)', 'Tapal Tea (250g)'})",frozenset({'Lays Chips'}),0.034,0.206,0.0052,0.15294117647058822,0.7424328954882924,1.0,-0.001804,0.9373611111111112,-0.26423716897117416,0.022146507666098807,-0.0668247147725589,0.08909194745859508
"frozenset({'Lays Chips', 'National Ketchup (1kg)'})",frozenset({'Olpers Milk (Pack of 6)'}),0.0432,0.196,0.0066,0.15277777777777776,0.7794784580498865,1.0,-0.0018672000000000012,0.9489836065573771,-0.22820603074034976,0.028374892519346512,-0.0537589828634605,0.09322562358276643
"frozenset({'Pepsi 1L', 'Shan Biryani Masala'})",frozenset({'Guard Rice (1kg)'}),0.0406,0.1952,0.0062,0.15270935960591134,0.7823225389647097,1.0,-0.001725120000000001,0.9498511627906977,-0.22481820314332643,0.02700348432055749,-0.0527965213644243,0.09223582734393927
"frozenset({'Dalda Cooking Oil (500ml)', 'Nestle Water'})",frozenset({'Eggs'}),0.0406,0.1982,0.0062,0.15270935960591134,0.7704811281832056,1.0,-0.0018469199999999993,0.9463104651162791,-0.23693041871921178,0.02665520206362855,-0.05673564529070672,0.09199544670507474
"frozenset({'Pepsi 1L', 'Shan Biryani Masala'})",frozenset({'Chicken'}),0.0406,0.198,0.0062,0.15270935960591134,0.7712593919490471,1.0,-0.0018388000000000007,0.946546511627907,-0.23613472572517566,0.02667814113597246,-0.05647212019213051,0.09201124545952133
"frozenset({'Jam', 'Chicken'})",frozenset({'Surf Excel'}),0.038,0.2112,0.0058,0.15263157894736842,0.7226874003189793,1.0,-0.0022255999999999995,0.9308819875776397,-0.28514323784143897,0.0238290879211175,-0.07425002668944165,0.09004685007974482
"frozenset({'Jam', 'Chicken'})",frozenset({'Noodles'}),0.038,0.2052,0.0058,0.15263157894736842,0.743818610854622,1.0,-0.0019975999999999995,0.9379627329192546,-0.2636330042759858,0.024431339511373208,-0.06614043917039705,0.09044834307992203
"frozenset({'Butter', 'Shan Biryani Masala'})",frozenset({'Thal Sugar (200ml)'}),0.038,0.1964,0.0058,0.15263157894736842,0.7771465323185766,1.0,-0.0016632,0.9483478260869566,-0.22963494781023916,0.025371828521434818,-0.05446543187236382,0.09108157358773716
"frozenset({'Butter', 'Shan Biryani Masala'})",frozenset({'Olpers Milk (Pack of 6)'}),0.038,0.196,0.0058,0.15263157894736842,0.7787325456498388,1.0,-0.0016480000000000002,0.9488198757763976,-0.22801483203276332,0.02541630148992112,-0.05394082220476565,0.09111170784103115
"frozenset({'Butter', 'Shan Biryani Masala'})",frozenset({'Chicken'}),0.038,0.198,0.0058,0.15263157894736842,0.7708665603402445,1.0,-0.0017240000000000007,0.9464596273291926,-0.23604797634043495,0.025195482189400518,-0.05656910355689723,0.09096225412014886
"frozenset({'Biscuits', 'Surf Excel'})",frozenset({'Butter'}),0.038,0.1966,0.0058,0.15263157894736842,0.7763559458157092,1.0,-0.0016708,0.948111801242236,-0.2304424583471257,0.025349650349650348,-0.05472793260222999,0.09106655244418269
"frozenset({'Jam', 'Chicken'})",frozenset({'Pepsi 1L'}),0.038,0.2052,0.0058,0.15263157894736842,0.743818610854622,1.0,-0.0019975999999999995,0.9379627329192546,-0.2636330042759858,0.024431339511373208,-0.06614043917039705,0.09044834307992203
"frozenset({'Butter', 'Shan Biryani Masala'})",frozenset({'Eggs'}),0.038,0.1982,0.0058,0.15263157894736842,0.7700886929736046,1.0,-0.0017315999999999998,0.9462236024844721,-0.23684210526315788,0.02517361111111111,-0.05683265284688396,0.0909474746401827
"frozenset({'National Ketchup (1kg)', 'Chicken'})",frozenset({'Noodles'}),0.0354,0.2052,0.0054,0.15254237288135594,0.7433838834374071,1.0,-0.0018640799999999997,0.937864,-0.26355168728050077,0.02295918367346939,-0.06625267629421748,0.08942908117752008
"frozenset({'National Ketchup (1kg)', 'Chicken'})",frozenset({'Butter'}),0.0354,0.1966,0.0054,0.15254237288135594,0.7759022018380262,1.0,-0.0015596400000000002,0.9480120000000001,-0.23042692007659032,0.02383053839364519,-0.054838968283101884,0.09000465541321104
"frozenset({'Lux Soap', 'Noodles'})",frozenset({'Thal Sugar (200ml)'}),0.0354,0.1964,0.0054,0.15254237288135594,0.7766923262798164,1.0,-0.0015525599999999997,0.948248,-0.22962108439080658,0.023851590106007067,-0.054576439918671046,0.09001864061583072
"frozenset({'Chicken', 'Thal Sugar (200ml)'})",frozenset({'Frozen Paratha'}),0.0354,0.197,0.0054,0.15254237288135594,0.7743267658952078,1.0,-0.0015738000000000002,0.9475399999999999,-0.232033544460564,0.02378854625550661,-0.055364417333305195,0.08997677019702315
"frozenset({'Chicken', 'Thal Sugar (200ml)'})",frozenset({'Guard Rice (1kg)'}),0.0354,0.1952,0.0054,0.15254237288135594,0.7814670741872742,1.0,-0.0015100800000000004,0.949664,-0.22475040631530072,0.02397868561278863,-0.05300400983926947,0.09010315365379272
"frozenset({'National Ketchup (1kg)', 'Chicken'})",frozenset({'Tapal Tea (250g)'}),0.0354,0.1996,0.0054,0.15254237288135594,0.7642403450969737,1.0,-0.00166584,0.9444720000000001,-0.24231527867478922,0.023519163763066203,-0.05879263757951531,0.0897982405488944
"frozenset({'Biscuits', 'Guard Rice (1kg)'})",frozenset({'Bread'}),0.0354,0.2058,0.0054,0.15254237288135594,0.7412165834856945,1.0,-0.0018853200000000002,0.9371560000000001,-0.26575662234852326,0.022900763358778622,-0.06705820589101494,0.08939071996837476
"frozenset({'Chicken', 'National Ketchup (1kg)'})",frozenset({'Bread'}),0.0354,0.2058,0.0054,0.15254237288135594,0.7412165834856945,1.0,-0.0018853200000000002,0.9371560000000001,-0.26575662234852326,0.022900763358778622,-0.06705820589101494,0.08939071996837476
"frozenset({'Shan Biryani Masala', 'Thal Sugar (200ml)'})",frozenset({'Guard Rice (1kg)'}),0.0394,0.1952,0.006,0.15228426395939088,0.7801447948739286,1.0,-0.0016908799999999996,0.9493748502994012,-0.2268273575085049,0.026246719160104987,-0.05332472172043879,0.09151098443871183
"frozenset({'Noodles', 'Thal Sugar (200ml)'})",frozenset({'Jam'}),0.0394,0.1984,0.006,0.15228426395939088,0.767561814311446,1.0,-0.0018169599999999994,0.9456,-0.2396867777578437,0.025884383088869718,-0.05752961082910319,0.09126309972163092
"frozenset({'Biscuits', 'Lux Soap'})",frozenset({'Guard Rice (1kg)'}),0.0394,0.1952,0.006,0.15228426395939088,0.7801447948739286,1.0,-0.0016908799999999996,0.9493748502994012,-0.2268273575085049,0.026246719160104987,-0.05332472172043879,0.09151098443871183
"frozenset({'Biscuits', 'Lux Soap'})",frozenset({'Surf Excel'}),0.0394,0.2112,0.006,0.15228426395939088,0.7210429164743887,1.0,-0.0023212799999999985,0.9305005988023951,-0.2871137233947812,0.024529844644317254,-0.07469033473708053,0.0903466774342409
"frozenset({'Shan Biryani Masala', 'Thal Sugar (200ml)'})",frozenset({'Bread'}),0.0394,0.2058,0.006,0.15228426395939088,0.7399624099095766,1.0,-0.002108519999999999,0.9368706586826347,-0.2678465267297754,0.02508361204013378,-0.06738319823798682,0.09071939145491409
"frozenset({'Pepsi 1L', 'Nestle Water'})",frozenset({'Guard Rice (1kg)'}),0.0394,0.1952,0.006,0.15228426395939088,0.7801447948739286,1.0,-0.0016908799999999996,0.9493748502994012,-0.2268273575085049,0.026246719160104987,-0.05332472172043879,0.09151098443871183
"frozenset({'Lux Soap', 'Shan Biryani Masala'})",frozenset({'Dalda Cooking Oil (500ml)'}),0.0368,0.2026,0.0056,0.15217391304347827,0.7511051976479678,1.0,-0.0018556800000000002,0.9405230769230769,-0.2559699845508718,0.02395209580838323,-0.0632381326266889,0.08990729215846174
"frozenset({'Noodles', 'Olpers Milk (Pack of 6)'})",frozenset({'Lux Soap'}),0.0368,0.1936,0.0056,0.15217391304347827,0.7860222781171399,1.0,-0.00152448,0.9511384615384616,-0.22035152636447733,0.02491103202846975,-0.05137163561076603,0.09054976643909451
"frozenset({'Lux Soap', 'Shan Biryani Masala'})",frozenset({'Bread'}),0.0368,0.2058,0.0056,0.15217391304347827,0.7394262052647146,1.0,-0.00197344,0.936748717948718,-0.2678625722103983,0.02362869198312236,-0.06752214424140233,0.08969239869860988
"frozenset({'Noodles', 'Lays Chips'})",frozenset({'Butter'}),0.0368,0.1966,0.0056,0.15217391304347827,0.7740280419302048,1.0,-0.00163488,0.9476,-0.23259731390849078,0.024582967515364353,-0.055297593921485845,0.0903290724932549
"frozenset({'National Ketchup (1kg)', 'Bread'})",frozenset({'Pepsi 1L'}),0.0368,0.2052,0.0056,0.15217391304347827,0.7415882701923893,1.0,-0.00195136,0.9374564102564102,-0.26566175829920713,0.023688663282571912,-0.0667162644143454,0.0897321806932791
"frozenset({'Lux Soap', 'Shan Biryani Masala'})",frozenset({'Thal Sugar (200ml)'}),0.0368,0.1964,0.0056,0.15217391304347827,0.7748162578588507,1.0,-0.0016275199999999995,0.9478358974358975,-0.2317929085771579,0.02460456942003515,-0.05503495141428786,0.09034357566634199
"frozenset({'Noodles', 'Olpers Milk (Pack of 6)'})",frozenset({'Guard Rice (1kg)'}),0.0368,0.1952,0.0056,0.15217391304347827,0.7795794725588026,1.0,-0.0015833600000000007,0.9492512820512821,-0.2269308383782793,0.024734982332155476,-0.053461837669634374,0.0904312188168211
"frozenset({'Noodles', 'Lays Chips'})",frozenset({'Biscuits'}),0.0368,0.1972,0.0056,0.15217391304347827,0.7716729870358939,1.0,-0.0016569599999999999,0.9468923076923077,-0.23500045384405915,0.024518388791593695,-0.05608630662247349,0.09028573948319958
"frozenset({'Olpers Milk (Pack of 6)', 'Guard Rice (1kg)'})",frozenset({'Noodles'}),0.0368,0.2052,0.0056,0.15217391304347827,0.7415882701923893,1.0,-0.00195136,0.9374564102564102,-0.26566175829920713,0.023688663282571912,-0.0667162644143454,0.0897321806932791
"frozenset({'National Ketchup (1kg)', 'Bread'})",frozenset({'Butter'}),0.0368,0.1966,0.0056,0.15217391304347827,0.7740280419302048,1.0,-0.00163488,0.9476,-0.23259731390849078,0.024582967515364353,-0.055297593921485845,0.0903290724932549
"frozenset({'Thal Sugar (200ml)', 'Tapal Tea (250g)'})",frozenset({'Shan Biryani Masala'}),0.0368,0.2088,0.0056,0.15217391304347827,0.7288022655338997,1.0,-0.00208384,0.9332102564102565,-0.27867168777815815,0.02333333333333333,-0.07156987734646328,0.08949691820756289
"frozenset({'Thal Sugar (200ml)', 'Tapal Tea (250g)'})",frozenset({'Nestle Water'}),0.0368,0.2062,0.0056,0.15217391304347827,0.7379918188335512,1.0,-0.00198816,0.9362769230769231,-0.2693224673804673,0.02358887952822241,-0.06806007427125436,0.08966600598827648
"frozenset({'Frozen Paratha', 'Shan Biryani Masala'})",frozenset({'Jam'}),0.0368,0.1984,0.0056,0.15217391304347827,0.7670056100981768,1.0,-0.0017011199999999995,0.9454769230769231,-0.23976186180768533,0.024390243902439025,-0.057667274147357436,0.09019985974754559
"frozenset({'Noodles', 'Olpers Milk (Pack of 6)'})",frozenset({'Shan Biryani Masala'}),0.0368,0.2088,0.0056,0.15217391304347827,0.7288022655338997,1.0,-0.00208384,0.9332102564102565,-0.27867168777815815,0.02333333333333333,-0.07156987734646328,0.08949691820756289
"frozenset({'Noodles', 'Lays Chips'})",frozenset({'Frozen Paratha'}),0.0368,0.197,0.0056,0.15217391304347827,0.7724564113882145,1.0,-0.0016496000000000002,0.9471282051282051,-0.23420108127754308,0.024539877300613494,-0.05582327142779794,0.09030015449128229
"frozenset({'Lux Soap', 'Butter'})",frozenset({'Frozen Paratha'}),0.0368,0.197,0.0056,0.15217391304347827,0.7724564113882145,1.0,-0.0016496000000000002,0.9471282051282051,-0.23420108127754308,0.024539877300613494,-0.05582327142779794,0.09030015449128229
"frozenset({'Lux Soap', 'Jam'})",frozenset({'Butter'}),0.0342,0.1966,0.0052,0.15204678362573099,0.7733814019620091,1.0,-0.0015237200000000001,0.9474579310344827,-0.23277542515292066,0.02304964539007092,-0.055455833176834717,0.08924821378641584
"frozenset({'Lux Soap', 'Jam'})",frozenset({'Tapal Tea (250g)'}),0.0342,0.1996,0.0052,0.15204678362573099,0.7617574329946443,1.0,-0.0016263200000000005,0.94392,-0.2446153105672275,0.022747156605424323,-0.05941181456055599,0.08904944391707391
"frozenset({'Surf Excel', 'Thal Sugar (200ml)'})",frozenset({'Frozen Paratha'}),0.0408,0.197,0.0062,0.15196078431372548,0.771374539663581,1.0,-0.0018376000000000009,0.9468901734104046,-0.23605458955070507,0.02677029360967185,-0.05608868703147513,0.09171643276599979
"frozenset({'Pepsi 1L', 'Lays Chips'})",frozenset({'Tapal Tea (250g)'}),0.0408,0.1996,0.0062,0.15196078431372548,0.7613265747180635,1.0,-0.0019436800000000006,0.9438242774566474,-0.2463247967232395,0.026473099914602904,-0.059519259977854226,0.09151145428111124
"frozenset({'Pepsi 1L', 'Eggs'})",frozenset({'Chicken'}),0.0408,0.198,0.0062,0.15196078431372548,0.7674787086551792,1.0,-0.0018784000000000014,0.9457109826589596,-0.2400376208877713,0.026655202063628546,-0.057405505843235075,0.0916369578134284
"frozenset({'Pepsi 1L', 'Eggs'})",frozenset({'Surf Excel'}),0.0408,0.2112,0.0062,0.15196078431372548,0.7195112893642305,1.0,-0.00241696,0.9301456647398844,-0.28897178383548544,0.025223759153783564,-0.07510042556576385,0.09065842245989304
"frozenset({'Pepsi 1L', 'Eggs'})",frozenset({'Tapal Tea (250g)'}),0.0408,0.1996,0.0062,0.15196078431372548,0.7613265747180635,1.0,-0.0019436800000000006,0.9438242774566474,-0.2463247967232395,0.026473099914602904,-0.059519259977854226,0.09151145428111124
"frozenset({'Pepsi 1L', 'Lays Chips'})",frozenset({'Lux Soap'}),0.0408,0.1936,0.0062,0.15196078431372548,0.7849214065791605,1.0,-0.0016988800000000007,0.950899421965318,-0.2221943206311341,0.02716914986853637,-0.05163593215063804,0.09199278885107762
"frozenset({'Pepsi 1L', 'Eggs'})",frozenset({'Lays Chips'}),0.0408,0.206,0.0062,0.15196078431372548,0.7376737102608033,1.0,-0.0022048000000000007,0.9362774566473989,-0.270466544976349,0.0257689110556941,-0.06805946559984195,0.09102893584618313
"frozenset({'Pepsi 1L', 'Lays Chips'})",frozenset({'Eggs'}),0.0408,0.1982,0.0062,0.15196078431372548,0.7667042599077977,1.0,-0.0018865599999999998,0.9454751445086707,-0.24082924836601305,0.026632302405498284,-0.05766926376437329,0.09162115905898181
"frozenset({'Olpers Milk (Pack of 6)', 'Eggs'})",frozenset({'Nestle Water'}),0.0382,0.2062,0.0058,0.1518324607329843,0.7363358910426008,1.0,-0.00207684,0.9359000000000001,-0.27129510612283286,0.02430846605196982,-0.06849022331445667,0.08998024588540582
"frozenset({'Butter', 'Surf Excel'})",frozenset({'Biscuits'}),0.0382,0.1972,0.0058,0.1518324607329843,0.769941484447182,1.0,-0.001733039999999999,0.9465111111111111,-0.2370299857210851,0.025261324041811844,-0.05651163336698518,0.09062211271943332
"frozenset({'Nestle Water', 'Shan Biryani Masala'})",frozenset({'Tapal Tea (250g)'}),0.0382,0.1996,0.0058,0.1518324607329843,0.7606836710069353,1.0,-0.0018247200000000002,0.9436814814814815,-0.24647853078955476,0.024999999999999998,-0.05967958429162383,0.09044528848272461
"frozenset({'Biscuits', 'Bread'})",frozenset({'Dalda Cooking Oil (500ml)'}),0.0382,0.2026,0.0058,0.1518324607329843,0.7494198456711959,1.0,-0.0019393200000000005,0.9401444444444444,-0.2579651385519091,0.024680851063829785,-0.06366633968775484,0.09023014941881198
"frozenset({'Jam', 'Lays Chips'})",frozenset({'Butter'}),0.0356,0.1966,0.0054,0.15168539325842698,0.7715432007041046,1.0,-0.00159896,0.9470543046357617,-0.23490903107517275,0.02380952380952381,-0.05590565937462413,0.08957616560174655
"frozenset({'Biscuits', 'Tapal Tea (250g)'})",frozenset({'Butter'}),0.0356,0.1966,0.0054,0.15168539325842698,0.7715432007041046,1.0,-0.00159896,0.9470543046357617,-0.23490903107517275,0.02380952380952381,-0.05590565937462413,0.08957616560174655
"frozenset({'Dalda Cooking Oil (500ml)', 'Guard Rice (1kg)'})",frozenset({'Thal Sugar (200ml)'}),0.0356,0.1964,0.0054,0.15168539325842698,0.7723288862445365,1.0,-0.0015918399999999997,0.9472900662251655,-0.23410788869933521,0.02383053839364519,-0.05564286553207195,0.08959015080436623
"frozenset({'Dalda Cooking Oil (500ml)', 'Guard Rice (1kg)'})",frozenset({'Jam'}),0.0356,0.1984,0.0054,0.15168539325842698,0.7645433127944908,1.0,-0.0016630399999999993,0.9449324503311258,-0.24204459451592236,0.02362204724409449,-0.058276705016932405,0.08945156759695543
"frozenset({'Biscuits', 'Tapal Tea (250g)'})",frozenset({'Surf Excel'}),0.0356,0.2112,0.0054,0.15168539325842698,0.7182073544433095,1.0,-0.0021187199999999993,0.9298437086092715,-0.28918662167916914,0.022369511184755594,-0.07544955215716662,0.0886267875383044
"frozenset({'Jam', 'Bread'})",frozenset({'Thal Sugar (200ml)'}),0.0422,0.1964,0.0064,0.15165876777251186,0.7721933185973109,1.0,-0.0018880799999999994,0.9472603351955308,-0.2354801696183586,0.027562446167097333,-0.05567599829204596,0.0921226629086592
"frozenset({'Jam', 'Bread'})",frozenset({'Shan Biryani Masala'}),0.0422,0.2088,0.0064,0.15165876777251186,0.7263350946959379,1.0,-0.0024113600000000004,0.9326435754189945,-0.28231834104490194,0.02616516762060507,-0.07222097096497491,0.09115505438434023
"frozenset({'Biscuits', 'Olpers Milk (Pack of 6)'})",frozenset({'Dalda Cooking Oil (500ml)'}),0.033,0.2026,0.005,0.15151515151515152,0.747853659995812,1.0,-0.0016858000000000003,0.9397928571428571,-0.25852656115814016,0.02168256721595837,-0.0640642694818767,0.08809716114750665
"frozenset({'Chicken', 'Olpers Milk (Pack of 6)'})",frozenset({'Lux Soap'}),0.0396,0.1936,0.006,0.15151515151515152,0.7826195842724769,1.0,-0.00166656,0.9504,-0.22433288104929897,0.026408450704225355,-0.05218855218855217,0.0912534435261708
"frozenset({'Noodles', 'Frozen Paratha'})",frozenset({'Chicken'}),0.033,0.198,0.005,0.15151515151515152,0.7652280379553107,1.0,-0.0015340000000000006,0.9452142857142858,-0.24085413722719431,0.022123893805309734,-0.057961157711781154,0.08838383838383838
"frozenset({'Noodles', 'Frozen Paratha'})",frozenset({'Guard Rice (1kg)'}),0.033,0.1952,0.005,0.15151515151515152,0.7762046696472926,1.0,-0.0014416000000000003,0.9485142857142856,-0.22967848835356727,0.022401433691756272,-0.054280378336044356,0.08856495280675608
"frozenset({'Biscuits', 'Olpers Milk (Pack of 6)'})",frozenset({'Tapal Tea (250g)'}),0.033,0.1996,0.005,0.15151515151515152,0.759093945466691,1.0,-0.0015868000000000002,0.9433285714285714,-0.24709582982964282,0.021968365553602813,-0.06007602259476322,0.08828262585777616
"frozenset({'Surf Excel', 'Tapal Tea (250g)'})",frozenset({'Lays Chips'}),0.0396,0.206,0.006,0.15151515151515152,0.7355104442483084,1.0,-0.002157600000000001,0.9357857142857143,-0.2724242424242425,0.02504173622704508,-0.06862071597587968,0.09032068255369227
"frozenset({'Dalda Cooking Oil (500ml)', 'Eggs'})",frozenset({'Noodles'}),0.037,0.2052,0.0056,0.15135135135135136,0.7375796849481061,1.0,-0.001992399999999999,0.9365477707006369,-0.26978280886096506,0.023668639053254437,-0.06775119356900935,0.08932089984721564
"frozenset({'Dalda Cooking Oil (500ml)', 'Eggs'})",frozenset({'Lux Soap'}),0.037,0.1936,0.0056,0.15135135135135136,0.7817735090462364,1.0,-0.0015631999999999998,0.9502165605095542,-0.22472685451408855,0.024888888888888887,-0.052391677391677376,0.09013848559303106
"frozenset({'Butter', 'Eggs'})",frozenset({'Dalda Cooking Oil (500ml)'}),0.037,0.2026,0.0056,0.15135135135135136,0.7470451695525734,1.0,-0.0018961999999999998,0.9396114649681528,-0.2601454246124296,0.02393162393162393,-0.06426968729451799,0.08949601131239829
"frozenset({'Dalda Cooking Oil (500ml)', 'Eggs'})",frozenset({'Butter'}),0.037,0.1966,0.0056,0.15135135135135136,0.76984410656842,1.0,-0.0016741999999999998,0.9466815286624204,-0.2369039196264327,0.02456140350877193,-0.05632144467095922,0.08991779164719145
"frozenset({'Butter', 'National Ketchup (1kg)'})",frozenset({'Bread'}),0.037,0.2058,0.0056,0.15135135135135136,0.7354293068578783,1.0,-0.0020146,0.9358407643312102,-0.27197127197127197,0.023608768971332208,-0.06855785526145637,0.08928111785254643
"frozenset({'Biscuits', 'Jam'})",frozenset({'National Ketchup (1kg)'}),0.037,0.2048,0.0056,0.15135135135135136,0.7390202702702703,1.0,-0.0019776000000000004,0.9370191082802548,-0.26831650928036477,0.023708721422523282,-0.06721409538310946,0.08934755067567568
"frozenset({'Biscuits', 'Jam'})",frozenset({'Guard Rice (1kg)'}),0.037,0.1952,0.0056,0.15135135135135136,0.7753655294638901,1.0,-0.0016224000000000004,0.9483312101910828,-0.23126924392747183,0.024713150926743158,-0.05448390736661115,0.09001993797075765
"frozenset({'Butter', 'Eggs'})",frozenset({'Thal Sugar (200ml)'}),0.037,0.1964,0.0056,0.15135135135135136,0.7706280618704244,1.0,-0.0016667999999999995,0.9469171974522292,-0.23610402855685872,0.024582967515364353,-0.056058547347745936,0.08993229482027854
"frozenset({'Biscuits', 'Jam'})",frozenset({'Noodles'}),0.037,0.2052,0.0056,0.15135135135135136,0.7375796849481061,1.0,-0.001992399999999999,0.9365477707006369,-0.26978280886096506,0.023668639053254437,-0.06775119356900935,0.08932089984721564
"frozenset({'Chicken', 'Nestle Water'})",frozenset({'National Ketchup (1kg)'}),0.041,0.2048,0.0062,0.15121951219512195,0.7383765243902438,1.0,-0.0021968000000000014,0.9368735632183909,-0.26979097585537803,0.025876460767946575,-0.06737988909064142,0.09074647484756097
"frozenset({'Chicken', 'Nestle Water'})",frozenset({'Butter'}),0.041,0.1966,0.0062,0.15121951219512195,0.769173510656775,1.0,-0.0018605999999999996,0.9465344827586207,-0.23834289813486365,0.02679343128781331,-0.05648554618481211,0.09137781306602485
"frozenset({'Pepsi 1L', 'Surf Excel'})",frozenset({'Eggs'}),0.041,0.1982,0.0062,0.15121951219512195,0.7629642391277596,1.0,-0.0019262000000000003,0.9446494252873564,-0.2446900406504066,0.026609442060085836,-0.05859377376512601,0.09125052299968005
"frozenset({'Pepsi 1L', 'Surf Excel'})",frozenset({'Butter'}),0.041,0.1966,0.0062,0.15121951219512195,0.769173510656775,1.0,-0.0018605999999999996,0.9465344827586207,-0.23834289813486365,0.02679343128781331,-0.05648554618481211,0.09137781306602485
"frozenset({'Frozen Paratha', 'Eggs'})",frozenset({'Olpers Milk (Pack of 6)'}),0.0344,0.196,0.0052,0.1511627906976744,0.7712387280493592,1.0,-0.0015424000000000002,0.9471780821917809,-0.2349958558822096,0.023090586145648313,-0.055767673261598996,0.08884670147128618
"frozenset({'Nestle Water', 'Thal Sugar (200ml)'})",frozenset({'Olpers Milk (Pack of 6)'}),0.0344,0.196,0.0052,0.1511627906976744,0.7712387280493592,1.0,-0.0015424000000000002,0.9471780821917809,-0.2349958558822096,0.023090586145648313,-0.055767673261598996,0.08884670147128618
"frozenset({'National Ketchup (1kg)', 'Eggs'})",frozenset({'Shan Biryani Masala'}),0.0344,0.2088,0.0052,0.1511627906976744,0.7239597255635747,1.0,-0.0019827200000000003,0.9320986301369864,-0.283090418970165,0.021848739495798318,-0.07284783784419313,0.08803350262853069
"frozenset({'Frozen Paratha', 'Eggs'})",frozenset({'Noodles'}),0.0344,0.2052,0.0052,0.1511627906976744,0.7366607733804796,1.0,-0.0018588800000000003,0.9363397260273972,-0.270186046511628,0.02218430034129693,-0.06798843646492903,0.08825196065098145
"frozenset({'Shan Biryani Masala', 'Eggs'})",frozenset({'Butter'}),0.0384,0.1966,0.0058,0.15104166666666666,0.7682689047134622,1.0,-0.0017494399999999997,0.9463361963190183,-0.23877533193570927,0.02530541012216405,-0.05670691228943657,0.0902715963038318
"frozenset({'Lays Chips', 'Shan Biryani Masala'})",frozenset({'Tapal Tea (250g)'}),0.0424,0.1996,0.0064,0.1509433962264151,0.7562294400120997,1.0,-0.0020630399999999995,0.9426933333333333,-0.2518457752255947,0.027164685908319185,-0.060790359537212534,0.09150376224146406
"frozenset({'Lays Chips', 'Shan Biryani Masala'})",frozenset({'Noodles'}),0.0424,0.2052,0.0064,0.1509433962264151,0.7355915995439332,1.0,-0.0023004799999999997,0.9360977777777777,-0.27292054212064837,0.026533996683250415,-0.06826447379665943,0.09106624002353893
"frozenset({'Bread', 'Thal Sugar (200ml)'})",frozenset({'Lux Soap'}),0.0358,0.1936,0.0054,0.15083798882681565,0.7791218431137172,1.0,-0.0015308799999999992,0.949642105263158,-0.22721578731766384,0.024107142857142858,-0.05302828766515916,0.08936527540514336
"frozenset({'Lux Soap', 'Bread'})",frozenset({'Thal Sugar (200ml)'}),0.0358,0.1964,0.0054,0.15083798882681565,0.7680141997292039,1.0,-0.001631119999999999,0.9463447368421053,-0.23854456111614833,0.02380952380952381,-0.05669737577549072,0.08916644858856057
"frozenset({'Olpers Milk (Pack of 6)', 'Shan Biryani Masala'})",frozenset({'Bread'}),0.0358,0.2058,0.0054,0.15083798882681565,0.7329348339495415,1.0,-0.0019676399999999997,0.9352750000000001,-0.27426153280032106,0.02286198137171888,-0.06920424474085163,0.08853852794110462
"frozenset({'Chicken', 'Surf Excel'})",frozenset({'Biscuits'}),0.0358,0.1972,0.0054,0.15083798882681565,0.764898523462554,1.0,-0.0016597599999999988,0.9454026315789473,-0.24172060048584113,0.02372583479789104,-0.057750387609845966,0.08911067798338754
"frozenset({'Lux Soap', 'Tapal Tea (250g)'})",frozenset({'Shan Biryani Masala'}),0.0358,0.2088,0.0054,0.15083798882681565,0.7224041610479677,1.0,-0.0020750400000000002,0.9317421052631579,-0.28496563998615715,0.0225752508361204,-0.07325835588117335,0.08835002889616644
"frozenset({'Chicken', 'Surf Excel'})",frozenset({'Lux Soap'}),0.0358,0.1936,0.0054,0.15083798882681565,0.7791218431137172,1.0,-0.0015308799999999992,0.949642105263158,-0.22721578731766384,0.024107142857142858,-0.05302828766515916,0.08936527540514336
"frozenset({'Olpers Milk (Pack of 6)', 'Shan Biryani Masala'})",frozenset({'Surf Excel'}),0.0358,0.2112,0.0054,0.15083798882681565,0.7141950228542407,1.0,-0.002160959999999999,0.9289157894736841,-0.29330423310585196,0.022350993377483443,-0.07652384783618706,0.08820308532249874
"frozenset({'Bread', 'Thal Sugar (200ml)'})",frozenset({'Lays Chips'}),0.0358,0.206,0.0054,0.15083798882681565,0.7322232467321148,1.0,-0.0019747999999999988,0.9350394736842106,-0.2749851005642289,0.022842639593908632,-0.06947356570930018,0.08852579052991268
"frozenset({'Frozen Paratha', 'Nestle Water'})",frozenset({'Guard Rice (1kg)'}),0.0398,0.1952,0.006,0.1507537688442211,0.7723041436691653,1.0,-0.0017689600000000008,0.9476639053254438,-0.23491665515739382,0.026200873362445413,-0.055226430362548366,0.09074573688112694
"frozenset({'Frozen Paratha', 'Bread'})",frozenset({'Shan Biryani Masala'}),0.0398,0.2088,0.006,0.1507537688442211,0.7220008086409055,1.0,-0.0023102400000000016,0.9316497041420119,-0.2862240195058133,0.0247320692497939,-0.07336480176412907,0.08974470051406457
"frozenset({'Noodles', 'Butter'})",frozenset({'Lays Chips'}),0.0372,0.206,0.0056,0.15053763440860216,0.7307652155757387,1.0,-0.0020631999999999994,0.9347088607594937,-0.27675831133432055,0.02356902356902357,-0.06985184583299475,0.08886105021400982
"frozenset({'Noodles', 'Butter'})",frozenset({'Chicken'}),0.0372,0.198,0.0056,0.15053763440860216,0.760291082871728,1.0,-0.0017656,0.944126582278481,-0.24668589184718215,0.024390243902439022,-0.05918000697181777,0.08941023134571521
"frozenset({'Lays Chips', 'Surf Excel'})",frozenset({'Frozen Paratha'}),0.0412,0.197,0.0062,0.15048543689320387,0.7638854664629637,1.0,-0.0019164000000000013,0.9452457142857141,-0.24378701837943473,0.02672413793103448,-0.057925981453046255,0.09097875905573899
"frozenset({'Guard Rice (1kg)', 'Thal Sugar (200ml)'})",frozenset({'Noodles'}),0.0346,0.2052,0.0052,0.15028901734104047,0.7324026186210549,1.0,-0.0018999199999999994,0.9353768707482993,-0.27455491329479764,0.022165387894288152,-0.06908779901731193,0.08781507397266448
"frozenset({'Pepsi 1L', 'Jam'})",frozenset({'Tapal Tea (250g)'}),0.0346,0.1996,0.0052,0.15028901734104047,0.7529509886825675,1.0,-0.00170616,0.9419673469387756,-0.25365731820452436,0.022707423580786028,-0.06160792436151865,0.08817056077472865
"frozenset({'Dalda Cooking Oil (500ml)', 'National Ketchup (1kg)'})",frozenset({'Frozen Paratha'}),0.0386,0.197,0.0058,0.15025906735751293,0.7627363825254463,1.0,-0.0018042000000000015,0.9449939024390243,-0.24446094478288222,0.025239338555265445,-0.0582078862297473,0.08985034586149758
"frozenset({'Noodles', 'Bread'})",frozenset({'Frozen Paratha'}),0.0386,0.197,0.0058,0.15025906735751293,0.7627363825254463,1.0,-0.0018042000000000015,0.9449939024390243,-0.24446094478288222,0.025239338555265445,-0.0582078862297473,0.08985034586149758
"frozenset({'Dalda Cooking Oil (500ml)', 'National Ketchup (1kg)'})",frozenset({'Jam'}),0.0386,0.1984,0.0058,0.15025906735751293,0.7573541701487547,1.0,-0.0018582400000000006,0.9433463414634146,-0.24995292130055588,0.025086505190311418,-0.06005605369571739,0.08974646916262743
"frozenset({'Pepsi 1L', 'Frozen Paratha'})",frozenset({'Tapal Tea (250g)'}),0.0386,0.1996,0.0058,0.15025906735751293,0.7528009386648945,1.0,-0.0019045600000000005,0.9419341463414634,-0.2545971756578279,0.02495697074010327,-0.06164534313154306,0.08965859179498893
"frozenset({'Dalda Cooking Oil (500ml)', 'National Ketchup (1kg)'})",frozenset({'Butter'}),0.0386,0.1966,0.0058,0.15025906735751293,0.7642882368133923,1.0,-0.0017887600000000003,0.9454646341463414,-0.2428770054637686,0.025283347863993024,-0.05768102146189577,0.08988029664925494
"frozenset({'Butter', 'Lays Chips'})",frozenset({'Jam'}),0.036,0.1984,0.0054,0.15000000000000002,0.7560483870967744,1.0,-0.001742399999999999,0.9430588235294117,-0.25077720207253873,0.023580786026200874,-0.06037924151696603,0.08860887096774195
"frozenset({'National Ketchup (1kg)', 'Frozen Paratha'})",frozenset({'Tapal Tea (250g)'}),0.036,0.1996,0.0054,0.15000000000000002,0.7515030060120241,1.0,-0.0017855999999999992,0.9416470588235294,-0.25540679711637476,0.023457862728062554,-0.061969015492253844,0.08852705410821644
"frozenset({'Noodles', 'Eggs'})",frozenset({'Thal Sugar (200ml)'}),0.036,0.1964,0.0054,0.15000000000000002,0.7637474541751529,1.0,-0.001670399999999999,0.9454117647058824,-0.24293193717277475,0.02378854625550661,-0.05774016923842704,0.08874745417515276
"frozenset({'Butter', 'Tapal Tea (250g)'})",frozenset({'Biscuits'}),0.036,0.1972,0.0054,0.15000000000000002,0.7606490872210955,1.0,-0.0016991999999999988,0.9444705882352941,-0.24608967674661092,0.02370500438981563,-0.058794220229197766,0.08869168356997972
"frozenset({'Guard Rice (1kg)', 'Nestle Water'})",frozenset({'Pepsi 1L'}),0.04,0.2052,0.006,0.15,0.7309941520467836,1.0,-0.002208,0.9350588235294117,-0.27710843373493976,0.02508361204013378,-0.06945143432310015,0.08961988304093567
"frozenset({'Lays Chips', 'Frozen Paratha'})",frozenset({'Guard Rice (1kg)'}),0.04,0.1952,0.006,0.15,0.7684426229508196,1.0,-0.0018080000000000006,0.9468235294117647,-0.23890063424947153,0.02617801047120419,-0.0561630218687873,0.0903688524590164
"frozenset({'Guard Rice (1kg)', 'Nestle Water'})",frozenset({'Frozen Paratha'}),0.04,0.197,0.006,0.15,0.7614213197969543,1.0,-0.0018799999999999997,0.9447058823529412,-0.24607329842931933,0.025974025974025972,-0.058530510585305125,0.09022842639593909
"frozenset({'National Ketchup (1kg)', 'Tapal Tea (250g)'})",frozenset({'Olpers Milk (Pack of 6)'}),0.04,0.196,0.006,0.15,0.7653061224489796,1.0,-0.0018399999999999996,0.9458823529411765,-0.24210526315789468,0.02608695652173913,-0.05721393034825872,0.09030612244897959
"frozenset({'Guard Rice (1kg)', 'Nestle Water'})",frozenset({'Jam'}),0.04,0.1984,0.006,0.15,0.7560483870967742,1.0,-0.0019360000000000002,0.9430588235294117,-0.2515592515592516,0.025817555938037865,-0.06037924151696607,0.09012096774193548
"frozenset({'Jam', 'Shan Biryani Masala'})",frozenset({'Surf Excel'}),0.0414,0.2112,0.0062,0.1497584541062802,0.7090835895183721,1.0,-0.0025436800000000004,0.9277363636363636,-0.29971485801814546,0.025162337662337664,-0.07789242633585168,0.0895572573561704
"frozenset({'Noodles', 'Chicken'})",frozenset({'Butter'}),0.0374,0.1966,0.0056,0.1497326203208556,0.7616104797602015,1.0,-0.0017528400000000003,0.9448792452830188,-0.24537895119970884,0.024518388791593695,-0.05833629534371968,0.08910842613194357
"frozenset({'Nestle Water', 'Bread'})",frozenset({'Olpers Milk (Pack of 6)'}),0.0428,0.196,0.0064,0.14953271028037385,0.7629219912263971,1.0,-0.0019887999999999998,0.9453626373626375,-0.24508064198115065,0.027538726333907054,-0.05779513646719671,0.09109288575243182
"frozenset({'Nestle Water', 'Bread'})",frozenset({'Thal Sugar (200ml)'}),0.0428,0.1964,0.0064,0.14953271028037385,0.7613681786169748,1.0,-0.0020059199999999987,0.9448923076923077,-0.24666994589276914,0.027491408934707903,-0.05832166465856912,0.09105963416259019
"frozenset({'Nestle Water', 'Bread'})",frozenset({'Shan Biryani Masala'}),0.0428,0.2088,0.0064,0.14953271028037385,0.7161528270132846,1.0,-0.0025366400000000006,0.930312087912088,-0.29282257766613723,0.026101141924959218,-0.07490810126343043,0.09009202563827122
"frozenset({'Dalda Cooking Oil (500ml)', 'Bread'})",frozenset({'Shan Biryani Masala'}),0.0428,0.2088,0.0064,0.14953271028037385,0.7161528270132846,1.0,-0.0025366400000000006,0.930312087912088,-0.29282257766613723,0.026101141924959218,-0.07490810126343043,0.09009202563827122
"frozenset({'Dalda Cooking Oil (500ml)', 'Surf Excel'})",frozenset({'Bread'}),0.0388,0.2058,0.0058,0.14948453608247422,0.7263582900023042,1.0,-0.002185040000000001,0.9337866666666668,-0.281577319587629,0.024288107202680063,-0.0709084159122712,0.08883361886728182
"frozenset({'Lux Soap', 'Nestle Water'})",frozenset({'Biscuits'}),0.0388,0.1972,0.0058,0.14948453608247422,0.7580351728320195,1.0,-0.0018513599999999998,0.9438981818181817,-0.2492970946579194,0.02519548218940052,-0.05943630283697778,0.08944815039417829
"frozenset({'Chicken', 'Tapal Tea (250g)'})",frozenset({'Shan Biryani Masala'}),0.0348,0.2088,0.0052,0.14942528735632185,0.7156383494076717,1.0,-0.0020662400000000004,0.9301945945945946,-0.2916243253618771,0.02181208053691275,-0.07504387341213115,0.0871647509578544
"frozenset({'National Ketchup (1kg)', 'Thal Sugar (200ml)'})",frozenset({'Lux Soap'}),0.0348,0.1936,0.0052,0.14942528735632185,0.77182483138596,1.0,-0.0015372799999999994,0.948064864864865,-0.23447299704712393,0.023297491039426525,-0.05478014960773579,0.08814239574427662
"frozenset({'Chicken', 'Eggs'})",frozenset({'Dalda Cooking Oil (500ml)'}),0.0348,0.2026,0.0052,0.14942528735632185,0.7375384370993181,1.0,-0.0018504799999999998,0.9374837837837838,-0.26937544399026425,0.02239448751076658,-0.06668511743626555,0.08754581248368906
"frozenset({'Guard Rice (1kg)', 'Bread'})",frozenset({'Noodles'}),0.0362,0.2052,0.0054,0.14917127071823205,0.7269555103227683,1.0,-0.0020282399999999997,0.9341480519480518,-0.28042407047931905,0.02288135593220339,-0.07049412340433812,0.08774353009595813
"frozenset({'Guard Rice (1kg)', 'Bread'})",frozenset({'Tapal Tea (250g)'}),0.0362,0.1996,0.0054,0.14917127071823205,0.7473510557025654,1.0,-0.0018255200000000006,0.9407298701298701,-0.2596741981553448,0.0234375,-0.06300440939751117,0.08811268946733246
"frozenset({'Lays Chips', 'Olpers Milk (Pack of 6)'})",frozenset({'Noodles'}),0.0362,0.2052,0.0054,0.14917127071823205,0.7269555103227683,1.0,-0.0020282399999999997,0.9341480519480518,-0.28042407047931905,0.02288135593220339,-0.07049412340433812,0.08774353009595813
"frozenset({'Guard Rice (1kg)', 'Bread'})",frozenset({'Biscuits'}),0.0362,0.1972,0.0054,0.14917127071823205,0.7564466060762275,1.0,-0.0017386399999999996,0.9435506493506493,-0.2504104759216264,0.02368421052631579,-0.05982651878645732,0.08827731892909574
"frozenset({'Biscuits', 'Shan Biryani Masala'})",frozenset({'Lux Soap'}),0.0416,0.1936,0.0062,0.14903846153846154,0.769826764144946,1.0,-0.0018537600000000003,0.9476338983050848,-0.237788358919629,0.027074235807860263,-0.05525984432234432,0.09053162746344565
"frozenset({'Biscuits', 'Shan Biryani Masala'})",frozenset({'Nestle Water'}),0.0416,0.2062,0.0062,0.14903846153846154,0.7227859434454973,1.0,-0.0023779199999999995,0.9328271186440679,-0.28580769230769226,0.025662251655629142,-0.07201000058142915,0.08955317839289711
"frozenset({'Dalda Cooking Oil (500ml)', 'Lays Chips'})",frozenset({'Jam'}),0.0416,0.1984,0.0062,0.14903846153846154,0.7512019230769231,1.0,-0.0020534399999999993,0.941993220338983,-0.2568238213399503,0.02651839178785287,-0.06157876554583141,0.09014423076923077
"frozenset({'Biscuits', 'Noodles'})",frozenset({'Lays Chips'}),0.0376,0.206,0.0056,0.14893617021276595,0.7229911175376988,1.0,-0.0021456,0.9329500000000001,-0.2847496496368964,0.023529411764705882,-0.07186880325848115,0.08806031811609172
"frozenset({'Olpers Milk (Pack of 6)', 'Nestle Water'})",frozenset({'Biscuits'}),0.0376,0.1972,0.0056,0.14893617021276595,0.7552544128436408,1.0,-0.0018147199999999997,0.94329,-0.25189890285612754,0.024432809773123912,-0.06011936944099905,0.08866686806784342
"frozenset({'Biscuits', 'Noodles'})",frozenset({'Jam'}),0.0376,0.1984,0.0056,0.14893617021276595,0.7506863417982155,1.0,-0.0018598399999999998,0.9418799999999999,-0.25655513375121386,0.024305555555555556,-0.06170637448507241,0.08858098833218943
"frozenset({'Jam', 'Frozen Paratha'})",frozenset({'Olpers Milk (Pack of 6)'}),0.0336,0.196,0.005,0.1488095238095238,0.7592322643343051,1.0,-0.0015855999999999995,0.9445594405594406,-0.24707055597107946,0.022261798753339272,-0.058694622127457956,0.08715986394557823
"frozenset({'Jam', 'Tapal Tea (250g)'})",frozenset({'Chicken'}),0.0336,0.198,0.005,0.1488095238095238,0.7515632515632515,1.0,-0.0016527999999999994,0.9422097902097903,-0.2548729336294102,0.02206531332744925,-0.06133475834223965,0.08703102453102453
"frozenset({'Jam', 'Tapal Tea (250g)'})",frozenset({'Dalda Cooking Oil (500ml)'}),0.0336,0.2026,0.005,0.1488095238095238,0.7344991303530296,1.0,-0.0018073599999999992,0.9368055944055944,-0.27221900906111424,0.021626297577854673,-0.06745733156568372,0.0867443472946928
"frozenset({'Jam', 'Tapal Tea (250g)'})",frozenset({'Nestle Water'}),0.0336,0.2062,0.005,0.1488095238095238,0.721675673179068,1.0,-0.001928319999999999,0.9325762237762238,-0.2852409353403388,0.021294718909710394,-0.07229840789931492,0.08652891321417025
"frozenset({'Jam', 'Tapal Tea (250g)'})",frozenset({'Guard Rice (1kg)'}),0.0336,0.1952,0.005,0.1488095238095238,0.7623438719750195,1.0,-0.0015587199999999996,0.9454993006993007,-0.24390366030744573,0.022341376228775692,-0.05764224178737103,0.08721213895394223
"frozenset({'Dalda Cooking Oil (500ml)', 'Frozen Paratha'})",frozenset({'National Ketchup (1kg)'}),0.039,0.2048,0.0058,0.14871794871794872,0.7261618589743589,1.0,-0.0021872000000000003,0.9341204819277109,-0.2818193531761371,0.02436974789915966,-0.07052571841304237,0.08851913060897436
"frozenset({'Lays Chips', 'Tapal Tea (250g)'})",frozenset({'Nestle Water'}),0.039,0.2062,0.0058,0.14871794871794872,0.7212315650724962,1.0,-0.0022418000000000004,0.932475903614458,-0.286836583243769,0.02422723475355054,-0.07241377082646923,0.08842298987788803
"frozenset({'Dalda Cooking Oil (500ml)', 'Pepsi 1L'})",frozenset({'Butter'}),0.039,0.1966,0.0058,0.14871794871794872,0.7564493831024859,1.0,-0.0018674,0.9437530120481928,-0.25095414718056225,0.025239338555265445,-0.05959926721689231,0.08910973732947283
"frozenset({'Frozen Paratha', 'Surf Excel'})",frozenset({'Noodles'}),0.039,0.2052,0.0058,0.14871794871794872,0.7247463387814265,1.0,-0.0022027999999999996,0.9336506024096385,-0.2832600365198158,0.024328859060402684,-0.07106448324364781,0.08849152796521217
"frozenset({'Frozen Paratha', 'Surf Excel'})",frozenset({'Lux Soap'}),0.039,0.1936,0.0058,0.14871794871794872,0.7681712227166773,1.0,-0.0017504,0.947277108433735,-0.2389885584773764,0.025573192239858905,-0.05565730565730565,0.08933831320194957
"frozenset({'Lays Chips', 'Tapal Tea (250g)'})",frozenset({'Jam'}),0.039,0.1984,0.0058,0.14871794871794872,0.7495864350703061,1.0,-0.0019376000000000003,0.9416385542168675,-0.2579545757115851,0.025043177892918825,-0.06197860688878652,0.08897590984284533
"frozenset({'Frozen Paratha', 'Surf Excel'})",frozenset({'Nestle Water'}),0.039,0.2062,0.0058,0.14871794871794872,0.7212315650724962,1.0,-0.0022418000000000004,0.932475903614458,-0.286836583243769,0.02422723475355054,-0.07241377082646923,0.08842298987788803
frozenset({'Bread'}),frozenset({'Tapal Tea (250g)'}),0.2058,0.1996,0.0306,0.14868804664723032,0.7449300934229975,1.0,-0.010477680000000007,0.940195890410959,-0.3012541618507083,0.0816435432230523,-0.06360813762215103,0.15099732993684162
"frozenset({'Biscuits', 'Chicken'})",frozenset({'Noodles'}),0.035,0.2052,0.0052,0.14857142857142855,0.7240323029796714,1.0,-0.001982000000000001,0.933489932885906,-0.2831428571428573,0.022127659574468085,-0.07124883169171042,0.08695627958785852
"frozenset({'Lux Soap', 'National Ketchup (1kg)'})",frozenset({'Butter'}),0.035,0.1966,0.0052,0.14857142857142855,0.7557041127743059,1.0,-0.001681000000000001,0.9435906040268457,-0.2509329750709063,0.022968197879858657,-0.05978164230591417,0.08751053625926464
"frozenset({'Butter', 'Frozen Paratha'})",frozenset({'National Ketchup (1kg)'}),0.035,0.2048,0.0052,0.14857142857142855,0.7254464285714284,1.0,-0.001968000000000001,0.9339597315436242,-0.2817062696822217,0.02216538789428815,-0.0707099741304973,0.08698102678571427
"frozenset({'Butter', 'Frozen Paratha'})",frozenset({'Jam'}),0.035,0.1984,0.0052,0.14857142857142855,0.748847926267281,1.0,-0.0017440000000000008,0.9414765100671141,-0.25791186039633257,0.022787028921998246,-0.06216139150270889,0.0873905529953917
"frozenset({'Lux Soap', 'Thal Sugar (200ml)'})",frozenset({'National Ketchup (1kg)'}),0.035,0.2048,0.0052,0.14857142857142855,0.7254464285714284,1.0,-0.001968000000000001,0.9339597315436242,-0.2817062696822217,0.02216538789428815,-0.0707099741304973,0.08698102678571427
"frozenset({'Lux Soap', 'National Ketchup (1kg)'})",frozenset({'Noodles'}),0.035,0.2052,0.0052,0.14857142857142855,0.7240323029796714,1.0,-0.001982000000000001,0.933489932885906,-0.2831428571428573,0.022127659574468085,-0.07124883169171042,0.08695627958785852
"frozenset({'Lux Soap', 'National Ketchup (1kg)'})",frozenset({'Thal Sugar (200ml)'}),0.035,0.1964,0.0052,0.14857142857142855,0.7564736688972941,1.0,-0.001674000000000001,0.9438255033557047,-0.2501494321578005,0.022988505747126436,-0.059517883808575714,0.08752400349141692
"frozenset({'Lux Soap', 'National Ketchup (1kg)'})",frozenset({'Tapal Tea (250g)'}),0.035,0.1996,0.0052,0.14857142857142855,0.7443458345261952,1.0,-0.0017860000000000011,0.9400671140939597,-0.26249265138154043,0.022667829119442023,-0.0637538373670308,0.08731176638992269
"frozenset({'Biscuits', 'Chicken'})",frozenset({'Butter'}),0.035,0.1966,0.0052,0.14857142857142855,0.7557041127743059,1.0,-0.001681000000000001,0.9435906040268457,-0.2509329750709063,0.022968197879858657,-0.05978164230591417,0.08751053625926464
"frozenset({'Butter', 'Frozen Paratha'})",frozenset({'Biscuits'}),0.035,0.1972,0.0052,0.14857142857142855,0.753404810199942,1.0,-0.0017020000000000004,0.9428859060402685,-0.2532738095238096,0.02290748898678414,-0.060573706313616645,0.08747029846421325
"frozenset({'Lux Soap', 'National Ketchup (1kg)'})",frozenset({'Shan Biryani Masala'}),0.035,0.2088,0.0052,0.14857142857142855,0.7115489874110562,1.0,-0.0021080000000000014,0.929261744966443,-0.2958181307886614,0.02179379715004191,-0.07612306803408932,0.08673782156540776
"frozenset({'Pepsi 1L', 'National Ketchup (1kg)'})",frozenset({'Butter'}),0.0404,0.1966,0.006,0.14851485148514854,0.7554163351228308,1.0,-0.001942639999999999,0.9435279069767442,-0.25228304572325005,0.025974025974025976,-0.05985206436999186,0.08951683571205545
"frozenset({'Dalda Cooking Oil (500ml)', 'Noodles'})",frozenset({'Thal Sugar (200ml)'}),0.0364,0.1964,0.0054,0.14835164835164835,0.7553546250083929,1.0,-0.00174896,0.9435819354838709,-0.2515620505149301,0.023746701846965697,-0.05979137835782932,0.08792327835097692
"frozenset({'Butter', 'Guard Rice (1kg)'})",frozenset({'Eggs'}),0.0364,0.1982,0.0054,0.14835164835164835,0.7484946940042804,1.0,-0.0018144799999999994,0.9414683870967743,-0.2585495417445624,0.023560209424083774,-0.062170555809867335,0.08779842760670208
"frozenset({'Biscuits', 'Frozen Paratha'})",frozenset({'Thal Sugar (200ml)'}),0.0364,0.1964,0.0054,0.14835164835164835,0.7553546250083929,1.0,-0.00174896,0.9435819354838709,-0.2515620505149301,0.023746701846965697,-0.05979137835782932,0.08792327835097692
"frozenset({'Biscuits', 'Frozen Paratha'})",frozenset({'Jam'}),0.0364,0.1984,0.0054,0.14835164835164835,0.7477401630627437,1.0,-0.0018217599999999995,0.9412335483870968,-0.25931788418835044,0.023539668700959023,-0.062435568423592366,0.08778469514356611
"frozenset({'National Ketchup (1kg)', 'Surf Excel'})",frozenset({'Eggs'}),0.0418,0.1982,0.0062,0.14832535885167464,0.74836205273297,1.0,-0.002084759999999999,0.9414393258426967,-0.25976375598086116,0.02651839178785287,-0.06220334391160557,0.0898034463279564
"frozenset({'Lux Soap', 'Frozen Paratha'})",frozenset({'Guard Rice (1kg)'}),0.0378,0.1952,0.0056,0.14814814814814814,0.7589556769884638,1.0,-0.0017785600000000002,0.9447652173913043,-0.24816377558993594,0.02462620932277924,-0.058464030631028674,0.08841833636915604
"frozenset({'Lux Soap', 'Frozen Paratha'})",frozenset({'Dalda Cooking Oil (500ml)'}),0.0378,0.2026,0.0056,0.14814814814814814,0.7312346897736828,1.0,-0.00205828,0.9360782608695652,-0.2764053393495018,0.023850085178875637,-0.06828674674172544,0.08789440971079668
"frozenset({'Dalda Cooking Oil (500ml)', 'Chicken'})",frozenset({'Shan Biryani Masala'}),0.0378,0.2088,0.0056,0.14814814814814814,0.7095217823187171,1.0,-0.002292640000000001,0.9288,-0.29848352289297186,0.023236514522821574,-0.07665805340223947,0.08748403575989783
"frozenset({'Lays Chips', 'National Ketchup (1kg)'})",frozenset({'Nestle Water'}),0.0432,0.2062,0.0064,0.14814814814814814,0.7184682257427165,1.0,-0.00250784,0.9318521739130435,-0.29054980906832756,0.02633744855967078,-0.07313158459542939,0.08959298775011675
"frozenset({'Lux Soap', 'Frozen Paratha'})",frozenset({'Butter'}),0.0378,0.1966,0.0056,0.14814814814814814,0.7535511096040088,1.0,-0.00183148,0.9431217391304347,-0.25367461702540234,0.024475524475524476,-0.06030850367419947,0.08831619004558984
"frozenset({'Dalda Cooking Oil (500ml)', 'Thal Sugar (200ml)'})",frozenset({'Olpers Milk (Pack of 6)'}),0.0378,0.196,0.0056,0.14814814814814814,0.7558578987150415,1.0,-0.0018088000000000002,0.9438260869565218,-0.25132275132275134,0.024539877300613494,-0.05951722867145754,0.08835978835978836
"frozenset({'Jam', 'Eggs'})",frozenset({'Pepsi 1L'}),0.0378,0.2052,0.0056,0.14814814814814814,0.7219695328857122,1.0,-0.00215656,0.9330260869565217,-0.2858309211014622,0.02358887952822241,-0.07178139387500233,0.08771929824561403
"frozenset({'Chicken', 'Frozen Paratha'})",frozenset({'Biscuits'}),0.0392,0.1972,0.0058,0.14795918367346939,0.7503001200480193,1.0,-0.0019302399999999997,0.9422083832335328,-0.2572665429808287,0.025151777970511706,-0.06133634320693897,0.08868547418967587
"frozenset({'Chicken', 'Bread'})",frozenset({'Eggs'}),0.0392,0.1982,0.0058,0.14795918367346939,0.7465145493111472,1.0,-0.0019694399999999994,0.9410347305389223,-0.26112690398404675,0.025043177892918825,-0.06266003532867373,0.08861127700323318
"frozenset({'Eggs', 'Thal Sugar (200ml)'})",frozenset({'Lux Soap'}),0.0392,0.1936,0.0058,0.14795918367346939,0.7642519817844493,1.0,-0.00178912,0.9464335329341318,-0.243028840929343,0.02555066079295154,-0.056598234531907994,0.08895893067970989
"frozenset({'Lux Soap', 'Guard Rice (1kg)'})",frozenset({'Dalda Cooking Oil (500ml)'}),0.0338,0.2026,0.005,0.14792899408284024,0.7301529816527159,1.0,-0.0018478799999999997,0.9358375,-0.27667513115971537,0.0216076058772688,-0.06856158253970374,0.08630408243135101
"frozenset({'Olpers Milk (Pack of 6)', 'Bread'})",frozenset({'Pepsi 1L'}),0.0338,0.2052,0.005,0.14792899408284024,0.7209015306181299,1.0,-0.001935759999999999,0.932786111111111,-0.2860689606251735,0.021367521367521368,-0.0720571287332156,0.08614773290886651
"frozenset({'Lux Soap', 'Guard Rice (1kg)'})",frozenset({'Pepsi 1L'}),0.0338,0.2052,0.005,0.14792899408284024,0.7209015306181299,1.0,-0.001935759999999999,0.932786111111111,-0.2860689606251735,0.021367521367521368,-0.0720571287332156,0.08614773290886651
"frozenset({'Lux Soap', 'Guard Rice (1kg)'})",frozenset({'Surf Excel'}),0.0338,0.2112,0.005,0.14792899408284024,0.7004213734982966,1.0,-0.0021385599999999994,0.9257444444444444,-0.30684289969524614,0.020833333333333336,-0.08021172149741349,0.08580161825354134
"frozenset({'Dalda Cooking Oil (500ml)', 'Shan Biryani Masala'})",frozenset({'Eggs'}),0.0406,0.1982,0.006,0.1477832512315271,0.7456268982418119,1.0,-0.002046919999999999,0.9408404624277458,-0.2623139894301399,0.025773195876288662,-0.06287945718193175,0.08902785165007233
"frozenset({'Dalda Cooking Oil (500ml)', 'Nestle Water'})",frozenset({'Butter'}),0.0406,0.1966,0.006,0.1477832512315271,0.7516950723882355,1.0,-0.0019819599999999996,0.9427179190751446,-0.25612145209062387,0.025951557093425608,-0.06076269450892817,0.08915103558524473
"frozenset({'Noodles', 'Guard Rice (1kg)'})",frozenset({'Thal Sugar (200ml)'}),0.0352,0.1964,0.0052,0.1477272727272727,0.7521755230512868,1.0,-0.0017132800000000002,0.9428906666666667,-0.2545644731837201,0.022968197879858657,-0.060568351509118074,0.087101925569339
"frozenset({'Noodles', 'Guard Rice (1kg)'})",frozenset({'Dalda Cooking Oil (500ml)'}),0.0352,0.2026,0.0052,0.1477272727272727,0.7291573184959166,1.0,-0.0019315200000000008,0.935616,-0.2779773418071292,0.02235597592433362,-0.06881455639920654,0.08669680516916449
"frozenset({'Noodles', 'Jam'})",frozenset({'Nestle Water'}),0.0352,0.2062,0.0052,0.1477272727272727,0.7164271228286746,1.0,-0.0020582400000000002,0.931392,-0.29090909090909095,0.02201524132091448,-0.07366178794750225,0.08647275372542103
"frozenset({'Biscuits', 'Nestle Water'})",frozenset({'Dalda Cooking Oil (500ml)'}),0.0352,0.2026,0.0052,0.1477272727272727,0.7291573184959166,1.0,-0.0019315200000000008,0.935616,-0.2779773418071292,0.02235597592433362,-0.06881455639920654,0.08669680516916449
"frozenset({'Lux Soap', 'Surf Excel'})",frozenset({'Dalda Cooking Oil (500ml)'}),0.0352,0.2026,0.0052,0.1477272727272727,0.7291573184959166,1.0,-0.0019315200000000008,0.935616,-0.2779773418071292,0.02235597592433362,-0.06881455639920654,0.08669680516916449
"frozenset({'Noodles', 'Jam'})",frozenset({'Olpers Milk (Pack of 6)'}),0.0352,0.196,0.0052,0.1477272727272727,0.7537105751391464,1.0,-0.0016992000000000005,0.9433600000000001,-0.2530017152658663,0.023008849557522124,-0.060040705563093655,0.08712894248608533
"frozenset({'Pepsi 1L', 'Guard Rice (1kg)'})",frozenset({'Olpers Milk (Pack of 6)'}),0.0366,0.196,0.0054,0.14754098360655737,0.7527601204416192,1.0,-0.0017736000000000002,0.9431538461538461,-0.254244577090465,0.023767605633802816,-0.06027240844955551,0.08754600200736032
"frozenset({'Lux Soap', 'Lays Chips'})",frozenset({'Surf Excel'}),0.0366,0.2112,0.0054,0.14754098360655737,0.6985842026825634,1.0,-0.00232992,0.9253230769230768,-0.3093246666348038,0.02227722772277228,-0.08070362118844146,0.0865545827123696
"frozenset({'Biscuits', 'Thal Sugar (200ml)'})",frozenset({'Butter'}),0.0366,0.1966,0.0054,0.14754098360655737,0.7504627853843203,1.0,-0.0017955599999999999,0.9424499999999999,-0.25658481377323544,0.02370500438981563,-0.061064247440182504,0.08750396077581175
"frozenset({'Jam', 'Thal Sugar (200ml)'})",frozenset({'Tapal Tea (250g)'}),0.0366,0.1996,0.0054,0.14754098360655737,0.7391832846019909,1.0,-0.00190536,0.9389307692307691,-0.26806908544512165,0.02339688041594454,-0.06504124986686985,0.08729754591149512
"frozenset({'Biscuits', 'Thal Sugar (200ml)'})",frozenset({'Frozen Paratha'}),0.0366,0.197,0.0054,0.14754098360655737,0.7489390030789714,1.0,-0.0018102000000000005,0.9419807692307691,-0.25813682877579663,0.02366345311130587,-0.0615927975011739,0.08747607555962386
"frozenset({'Lux Soap', 'Lays Chips'})",frozenset({'Guard Rice (1kg)'}),0.0366,0.1952,0.0054,0.14754098360655737,0.7558452029024455,1.0,-0.0017443200000000006,0.9440923076923076,-0.25110124548705287,0.023851590106007067,-0.05921845973340288,0.08760245901639344
"frozenset({'Chicken', 'Guard Rice (1kg)'})",frozenset({'Thal Sugar (200ml)'}),0.0366,0.1964,0.0054,0.14754098360655737,0.7512270041067076,1.0,-0.001788239999999999,0.9426846153846153,-0.25580636855205546,0.02372583479789104,-0.060800169728027154,0.08751794597843143
"frozenset({'Jam', 'Chicken'})",frozenset({'Olpers Milk (Pack of 6)'}),0.038,0.196,0.0056,0.1473684210526316,0.7518796992481204,1.0,-0.0018479999999999998,0.942962962962963,-0.2554179566563467,0.024518388791593692,-0.06048703849175176,0.08796992481203009
"frozenset({'National Ketchup (1kg)', 'Shan Biryani Masala'})",frozenset({'Surf Excel'}),0.038,0.2112,0.0056,0.1473684210526316,0.6977671451355663,1.0,-0.002425599999999999,0.9251358024691357,-0.31046487814867896,0.022988505747126436,-0.08092238710366177,0.08694178628389156
"frozenset({'Biscuits', 'Surf Excel'})",frozenset({'Olpers Milk (Pack of 6)'}),0.038,0.196,0.0056,0.1473684210526316,0.7518796992481204,1.0,-0.0018479999999999998,0.942962962962963,-0.2554179566563467,0.024518388791593692,-0.06048703849175176,0.08796992481203009
"frozenset({'Biscuits', 'Surf Excel'})",frozenset({'Nestle Water'}),0.038,0.2062,0.0056,0.1473684210526316,0.7146868140282813,1.0,-0.0022356,0.931,-0.2932780605551766,0.02347024308466052,-0.07411385606874325,0.08726325999285314
"frozenset({'Bread', 'Shan Biryani Masala'})",frozenset({'Lux Soap'}),0.038,0.1936,0.0056,0.1473684210526316,0.7612005219660724,1.0,-0.0017567999999999993,0.9457777777777778,-0.24591265397536385,0.024778761061946902,-0.05733082706766915,0.08814702044367118
"frozenset({'Biscuits', 'Surf Excel'})",frozenset({'Frozen Paratha'}),0.038,0.197,0.0056,0.1473684210526316,0.7480630510285867,1.0,-0.0018860000000000005,0.94179012345679,-0.25930814497057697,0.024411508282476024,-0.06180769482860326,0.08789740849585895
"frozenset({'National Ketchup (1kg)', 'Olpers Milk (Pack of 6)'})",frozenset({'Jam'}),0.038,0.1984,0.0056,0.1473684210526316,0.7427843803056028,1.0,-0.0019391999999999994,0.9401481481481482,-0.264686612797554,0.024263431542461005,-0.06366214938543963,0.08779711375212225
"frozenset({'Shan Biryani Masala', 'Thal Sugar (200ml)'})",frozenset({'Pepsi 1L'}),0.0394,0.2052,0.0058,0.14720812182741116,0.7173885079308536,1.0,-0.0022848799999999996,0.931997619047619,-0.29083188652251163,0.024288107202680067,-0.07296411445972424,0.0877366145199434
"frozenset({'Noodles', 'Thal Sugar (200ml)'})",frozenset({'Tapal Tea (250g)'}),0.0394,0.1996,0.0058,0.14720812182741116,0.7375156404178916,1.0,-0.00206424,0.9385642857142857,-0.2703399286511292,0.024871355060034305,-0.06545711915615797,0.08813311902993805
"frozenset({'Shan Biryani Masala', 'Thal Sugar (200ml)'})",frozenset({'Butter'}),0.0394,0.1966,0.0058,0.14720812182741116,0.7487696939339327,1.0,-0.0019460399999999996,0.9420821428571429,-0.2588672860198576,0.02519548218940052,-0.06147856381950315,0.08835482388420406
"frozenset({'Biscuits', 'Lux Soap'})",frozenset({'Nestle Water'}),0.0394,0.2062,0.0058,0.14720812182741116,0.7139094172037399,1.0,-0.0023242799999999997,0.930825,-0.2943706495638165,0.024186822351959965,-0.07431579512797785,0.08766807643261926
"frozenset({'Pepsi 1L', 'Chicken'})",frozenset({'Jam'}),0.0394,0.1984,0.0058,0.14720812182741116,0.7419764205010644,1.0,-0.00201696,0.9399714285714286,-0.2657937599822889,0.025,-0.06386212346879844,0.08822099639757655
"frozenset({'Pepsi 1L', 'Nestle Water'})",frozenset({'Olpers Milk (Pack of 6)'}),0.0394,0.196,0.0058,0.14720812182741116,0.7510618460582202,1.0,-0.0019224000000000003,0.9427857142857143,-0.2565293279315922,0.025261324041811844,-0.060686415637548306,0.08839997928105252
"frozenset({'Shan Biryani Masala', 'Tapal Tea (250g)'})",frozenset({'Olpers Milk (Pack of 6)'}),0.034,0.196,0.005,0.14705882352941177,0.7503001200480192,1.0,-0.0016640000000000005,0.9426206896551725,-0.25623652602402225,0.022222222222222223,-0.06087211003804507,0.08628451380552221
"frozenset({'Biscuits', 'Dalda Cooking Oil (500ml)'})",frozenset({'Olpers Milk (Pack of 6)'}),0.034,0.196,0.005,0.14705882352941177,0.7503001200480192,1.0,-0.0016640000000000005,0.9426206896551725,-0.25623652602402225,0.022222222222222223,-0.06087211003804507,0.08628451380552221
"frozenset({'Pepsi 1L', 'Lays Chips'})",frozenset({'Butter'}),0.0408,0.1966,0.006,0.14705882352941177,0.7480102926216265,1.0,-0.0020212800000000003,0.9419172413793104,-0.2599222270230233,0.02592912705272256,-0.061664396901404316,0.08878882173418706
"frozenset({'Butter', 'Chicken'})",frozenset({'Pepsi 1L'}),0.034,0.2052,0.005,0.14705882352941177,0.7166609333791997,1.0,-0.0019768,0.9318344827586207,-0.29041546688605513,0.02134927412467976,-0.07315195831729772,0.08571264763215228
"frozenset({'Shan Biryani Masala', 'Tapal Tea (250g)'})",frozenset({'Guard Rice (1kg)'}),0.034,0.1952,0.005,0.14705882352941177,0.7533751205400193,1.0,-0.0016368000000000008,0.9435586206896551,-0.25310818333642615,0.02230151650312221,-0.05981756519705299,0.0863367888138862
"frozenset({'Biscuits', 'Dalda Cooking Oil (500ml)'})",frozenset({'Lux Soap'}),0.034,0.1936,0.005,0.14705882352941177,0.7596013612056394,1.0,-0.0015824000000000003,0.9454344827586207,-0.24677187948350074,0.022461814914645106,-0.05771475256769373,0.08644263490520175
"frozenset({'Pepsi 1L', 'Eggs'})",frozenset({'Butter'}),0.0408,0.1966,0.006,0.14705882352941177,0.7480102926216265,1.0,-0.0020212800000000003,0.9419172413793104,-0.2599222270230233,0.02592912705272256,-0.061664396901404316,0.08878882173418706
"frozenset({'Butter', 'Chicken'})",frozenset({'Lays Chips'}),0.034,0.206,0.005,0.14705882352941177,0.7138777841233581,1.0,-0.0020039999999999997,0.930896551724138,-0.29323968393327476,0.021276595744680854,-0.0742332197362572,0.08566533409480298
"frozenset({'Guard Rice (1kg)', 'Tapal Tea (250g)'})",frozenset({'Jam'}),0.034,0.1984,0.005,0.14705882352941177,0.7412239089184062,1.0,-0.0017456,0.9398068965517241,-0.26546626923778815,0.02198768689533861,-0.06404837384055417,0.08613021821631879
"frozenset({'Guard Rice (1kg)', 'Surf Excel'})",frozenset({'Lux Soap'}),0.034,0.1936,0.005,0.14705882352941177,0.7596013612056394,1.0,-0.0015824000000000003,0.9454344827586207,-0.24677187948350074,0.022461814914645106,-0.05771475256769373,0.08644263490520175
"frozenset({'Guard Rice (1kg)', 'Tapal Tea (250g)'})",frozenset({'Thal Sugar (200ml)'}),0.034,0.1964,0.005,0.14705882352941177,0.7487720138972086,1.0,-0.0016776000000000004,0.942151724137931,-0.2577908906509313,0.02218278615794144,-0.061400169824027157,0.08625853600095842
"frozenset({'Guard Rice (1kg)', 'Tapal Tea (250g)'})",frozenset({'Shan Biryani Masala'}),0.034,0.2088,0.005,0.14705882352941177,0.704304710389903,1.0,-0.0020992000000000007,0.9276137931034484,-0.30294983547884324,0.021026072329688814,-0.07803485398203772,0.08550259184133424
"frozenset({'Jam', 'Bread'})",frozenset({'Olpers Milk (Pack of 6)'}),0.0422,0.196,0.0062,0.14691943127962084,0.7495889351001063,1.0,-0.0020712000000000013,0.9424666666666667,-0.25859098377438977,0.02672413793103448,-0.06104548348305866,0.08927604217042266
"frozenset({'Lux Soap', 'Noodles'})",frozenset({'National Ketchup (1kg)'}),0.0354,0.2048,0.0052,0.14689265536723162,0.7172492937853105,1.0,-0.002049920000000001,0.9321218543046358,-0.29011695707799795,0.02212765957446808,-0.07282110743557393,0.08614164018361581
"frozenset({'National Ketchup (1kg)', 'Chicken'})",frozenset({'Guard Rice (1kg)'}),0.0354,0.1952,0.0052,0.14689265536723162,0.752523849217375,1.0,-0.001710080000000001,0.943374834437086,-0.25424918227772836,0.023070097604259092,-0.06002403657153131,0.08676599981476335
"frozenset({'Chicken', 'Shan Biryani Masala'})",frozenset({'Guard Rice (1kg)'}),0.0354,0.1952,0.0052,0.14689265536723162,0.752523849217375,1.0,-0.001710080000000001,0.943374834437086,-0.25424918227772836,0.023070097604259092,-0.06002403657153131,0.08676599981476335
"frozenset({'Chicken', 'Shan Biryani Masala'})",frozenset({'Tapal Tea (250g)'}),0.0354,0.1996,0.0052,0.14689265536723162,0.735935147130419,1.0,-0.0018658400000000006,0.9382172185430463,-0.271128316012183,0.022628372497824196,-0.0658512551633788,0.08647237978782422
"frozenset({'Biscuits', 'Guard Rice (1kg)'})",frozenset({'National Ketchup (1kg)'}),0.0354,0.2048,0.0052,0.14689265536723162,0.7172492937853105,1.0,-0.002049920000000001,0.9321218543046358,-0.29011695707799795,0.02212765957446808,-0.07282110743557393,0.08614164018361581
"frozenset({'Biscuits', 'Guard Rice (1kg)'})",frozenset({'Lays Chips'}),0.0354,0.206,0.0052,0.14689265536723162,0.7130711425593769,1.0,-0.0020924000000000003,0.9307152317880795,-0.2943592860197628,0.02201524132091448,-0.07444249953749164,0.08606768690691678
"frozenset({'Biscuits', 'Guard Rice (1kg)'})",frozenset({'Tapal Tea (250g)'}),0.0354,0.1996,0.0052,0.14689265536723162,0.735935147130419,1.0,-0.0018658400000000006,0.9382172185430463,-0.271128316012183,0.022628372497824196,-0.0658512551633788,0.08647237978782422
"frozenset({'Biscuits', 'Guard Rice (1kg)'})",frozenset({'Eggs'}),0.0354,0.1982,0.0052,0.14689265536723162,0.7411334781394129,1.0,-0.00181628,0.9398582781456954,-0.2658411639003542,0.022767075306479864,-0.06399020283458265,0.08656439024668341
"frozenset({'Biscuits', 'Eggs'})",frozenset({'Dalda Cooking Oil (500ml)'}),0.0368,0.2026,0.0054,0.14673913043478262,0.7242800120176832,1.0,-0.00205568,0.9345324840764331,-0.2832701296410618,0.023076923076923078,-0.07005376168198818,0.08669631743851668
"frozenset({'Frozen Paratha', 'Thal Sugar (200ml)'})",frozenset({'Biscuits'}),0.0368,0.1972,0.0054,0.14673913043478262,0.7441132374988977,1.0,-0.0018569599999999995,0.9408611464968152,-0.26309108219612815,0.02362204724409449,-0.06285609063928421,0.08706124878737102
"frozenset({'Frozen Paratha', 'Thal Sugar (200ml)'})",frozenset({'Lux Soap'}),0.0368,0.1936,0.0054,0.14673913043478262,0.7579500538986705,1.0,-0.0017244799999999996,0.94508025477707,-0.24899505613824324,0.024,-0.0581111973775017,0.08731584620912684
"frozenset({'Lux Soap', 'Butter'})",frozenset({'Thal Sugar (200ml)'}),0.0368,0.1964,0.0054,0.14673913043478262,0.747144248649606,1.0,-0.0018275199999999991,0.9417987261146497,-0.26000455269747313,0.02370500438981563,-0.06179799597463585,0.08711701939254406
"frozenset({'Noodles', 'Lays Chips'})",frozenset({'Olpers Milk (Pack of 6)'}),0.0368,0.196,0.0054,0.14673913043478262,0.7486690328305236,1.0,-0.0018127999999999998,0.942267515923567,-0.258451571695789,0.023746701846965697,-0.06126973826519575,0.08714507542147294
"frozenset({'Lux Soap', 'Shan Biryani Masala'})",frozenset({'Tapal Tea (250g)'}),0.0368,0.1996,0.0054,0.14673913043478262,0.7351659841421975,1.0,-0.0019452799999999998,0.9380484076433121,-0.27219809250884336,0.023376623376623377,-0.06604306542380982,0.08689661932560774
"frozenset({'Olpers Milk (Pack of 6)', 'Guard Rice (1kg)'})",frozenset({'Pepsi 1L'}),0.0368,0.2052,0.0054,0.14673913043478262,0.7151029748283754,1.0,-0.0021513599999999997,0.9314853503184712,-0.2925969447708578,0.02282333051563821,-0.07355418918623223,0.08652745995423342
"frozenset({'National Ketchup (1kg)', 'Bread'})",frozenset({'Chicken'}),0.0368,0.198,0.0054,0.14673913043478262,0.741106719367589,1.0,-0.0018863999999999999,0.9399235668789809,-0.26615197074360014,0.023539668700959023,-0.06391629621598177,0.08700592885375495
"frozenset({'Frozen Paratha', 'Thal Sugar (200ml)'})",frozenset({'Chicken'}),0.0368,0.198,0.0054,0.14673913043478262,0.741106719367589,1.0,-0.0018863999999999999,0.9399235668789809,-0.26615197074360014,0.023539668700959023,-0.06391629621598177,0.08700592885375495
"frozenset({'Biscuits', 'Eggs'})",frozenset({'Butter'}),0.0368,0.1966,0.0054,0.14673913043478262,0.7463841832898404,1.0,-0.0018348799999999997,0.9415643312101911,-0.2607786065126432,0.02368421052631579,-0.06206232208764921,0.08710303418992438
"frozenset({'Thal Sugar (200ml)', 'Tapal Tea (250g)'})",frozenset({'Jam'}),0.0368,0.1984,0.0054,0.14673913043478262,0.7396125525946705,1.0,-0.0019011199999999992,0.9394547770700636,-0.2676728993016444,0.02349869451697128,-0.06444719257137896,0.08697843618513325
"frozenset({'National Ketchup (1kg)', 'Bread'})",frozenset({'Olpers Milk (Pack of 6)'}),0.0368,0.196,0.0054,0.14673913043478262,0.7486690328305236,1.0,-0.0018127999999999998,0.942267515923567,-0.258451571695789,0.023746701846965697,-0.06126973826519575,0.08714507542147294
"frozenset({'Lux Soap', 'Pepsi 1L'})",frozenset({'National Ketchup (1kg)'}),0.0368,0.2048,0.0054,0.14673913043478262,0.716499660326087,1.0,-0.0021366399999999995,0.9319541401273885,-0.2911778814704984,0.02286198137171888,-0.07301417198845245,0.08655315896739131
"frozenset({'Frozen Paratha', 'Thal Sugar (200ml)'})",frozenset({'Tapal Tea (250g)'}),0.0368,0.1996,0.0054,0.14673913043478262,0.7351659841421975,1.0,-0.0019452799999999998,0.9380484076433121,-0.27219809250884336,0.023376623376623377,-0.06604306542380982,0.08689661932560774
"frozenset({'Thal Sugar (200ml)', 'Tapal Tea (250g)'})",frozenset({'Frozen Paratha'}),0.0368,0.197,0.0054,0.14673913043478262,0.744868682410064,1.0,-0.0018495999999999999,0.9410955414012738,-0.2623218662067713,0.023642732049036778,-0.06259136932156587,0.08707514897373649
"frozenset({'Noodles', 'Olpers Milk (Pack of 6)'})",frozenset({'Lays Chips'}),0.0368,0.206,0.0054,0.14673913043478262,0.712325875897003,1.0,-0.0021807999999999992,0.930547770700637,-0.2954180935454505,0.02274641954507161,-0.07463585587558862,0.08647636133389616
"frozenset({'Butter', 'Surf Excel'})",frozenset({'Chicken'}),0.0382,0.198,0.0056,0.14659685863874347,0.7403881749431488,1.0,-0.0019636000000000002,0.9397668711656443,-0.2671680943932253,0.02428447528187337,-0.06409369247039468,0.08743984346078587
"frozenset({'Nestle Water', 'Shan Biryani Masala'})",frozenset({'Thal Sugar (200ml)'}),0.0382,0.1964,0.0056,0.14659685863874347,0.7464198505027672,1.0,-0.001902479999999999,0.941641717791411,-0.261022753465705,0.02445414847161572,-0.06197503902595386,0.08755504846397459
"frozenset({'Nestle Water', 'Shan Biryani Masala'})",frozenset({'Noodles'}),0.0382,0.2052,0.0056,0.14659685863874347,0.7144096424890033,1.0,-0.002238639999999999,0.9313300613496932,-0.2936029126315457,0.02354920100925147,-0.07373319245251199,0.0869436534909117
"frozenset({'Biscuits', 'Bread'})",frozenset({'Chicken'}),0.0382,0.198,0.0056,0.14659685863874347,0.7403881749431488,1.0,-0.0019636000000000002,0.9397668711656443,-0.2671680943932253,0.02428447528187337,-0.06409369247039468,0.08743984346078587
"frozenset({'Butter', 'Surf Excel'})",frozenset({'Guard Rice (1kg)'}),0.0382,0.1952,0.0056,0.14659685863874347,0.7510084971247104,1.0,-0.0018566399999999997,0.9430478527607362,-0.2563456822851083,0.024582967515364353,-0.06039157723814183,0.0876426916144537
"frozenset({'Nestle Water', 'Shan Biryani Masala'})",frozenset({'Dalda Cooking Oil (500ml)'}),0.0382,0.2026,0.0056,0.14659685863874347,0.7235777820273617,1.0,-0.00213932,0.9343766871165644,-0.2842799053870891,0.023809523809523808,-0.07023218129076565,0.08711876495609434
"frozenset({'Biscuits', 'Bread'})",frozenset({'Butter'}),0.0382,0.1966,0.0056,0.14659685863874347,0.7456605220688884,1.0,-0.0019101199999999995,0.9414073619631902,-0.26179655162961535,0.02443280977312391,-0.06223940921241788,0.0875405452908875
"frozenset({'Chicken', 'Olpers Milk (Pack of 6)'})",frozenset({'Butter'}),0.0396,0.1966,0.0058,0.14646464646464644,0.7449880288130541,1.0,-0.001985360000000001,0.9412615384615384,-0.2627639074179956,0.02517361111111111,-0.06240397502533428,0.08798308620282169
"frozenset({'Surf Excel', 'Shan Biryani Masala'})",frozenset({'Tapal Tea (250g)'}),0.0396,0.1996,0.0058,0.14646464646464644,0.7337908139511344,1.0,-0.0021041600000000008,0.9377467455621301,-0.27417623083257764,0.024850042844901457,-0.06638599891973208,0.08776138134855568
"frozenset({'Surf Excel', 'Tapal Tea (250g)'})",frozenset({'Shan Biryani Masala'}),0.0396,0.2088,0.0058,0.14646464646464644,0.7014590347923679,1.0,-0.002468480000000002,0.9269680473372781,-0.3070707070707073,0.023907666941467433,-0.07878583611647318,0.0871212121212121
"frozenset({'Noodles', 'Surf Excel'})",frozenset({'Dalda Cooking Oil (500ml)'}),0.041,0.2026,0.006,0.14634146341463414,0.7223171935569306,1.0,-0.0023066000000000007,0.9340971428571428,-0.28615735801305126,0.025252525252525252,-0.07055246624701011,0.08797823417523415
"frozenset({'Chicken', 'Nestle Water'})",frozenset({'Biscuits'}),0.041,0.1972,0.006,0.14634146341463414,0.7420966704596053,1.0,-0.002085199999999999,0.9404228571428571,-0.2659965302581895,0.02583979328165375,-0.06335144068929478,0.08838371345173898
"frozenset({'Lays Chips', 'Chicken'})",frozenset({'Jam'}),0.041,0.1984,0.006,0.14634146341463414,0.7376081825334382,1.0,-0.0021344,0.9390171428571429,-0.27057451447695346,0.02570694087403599,-0.06494328416338056,0.08829169944925255
"frozenset({'Chicken', 'Nestle Water'})",frozenset({'Thal Sugar (200ml)'}),0.041,0.1964,0.006,0.14634146341463414,0.7451194674879539,1.0,-0.0020523999999999994,0.94136,-0.26291248206599704,0.02592912705272256,-0.06229285289368573,0.08844568079082013
"frozenset({'Pepsi 1L', 'Tapal Tea (250g)'})",frozenset({'Guard Rice (1kg)'}),0.0356,0.1952,0.0052,0.14606741573033707,0.7482961871431202,1.0,-0.0017491200000000007,0.9424631578947368,-0.2585925487876997,0.02304964539007092,-0.06104943373467065,0.08635337999631608
"frozenset({'Dalda Cooking Oil (500ml)', 'Guard Rice (1kg)'})",frozenset({'Eggs'}),0.0356,0.1982,0.0052,0.14606741573033707,0.7369698069139106,1.0,-0.0018559199999999996,0.9389500000000001,-0.27011701694125867,0.022747156605424323,-0.06501943660471803,0.08615177042823614
"frozenset({'Biscuits', 'Tapal Tea (250g)'})",frozenset({'Jam'}),0.0356,0.1984,0.0052,0.14606741573033707,0.7362268938021023,1.0,-0.0018630399999999998,0.9387157894736842,-0.27087258938748926,0.022727272727272728,-0.06528516001704456,0.08613854657484596
"frozenset({'Dalda Cooking Oil (500ml)', 'Guard Rice (1kg)'})",frozenset({'Noodles'}),0.0356,0.2052,0.0052,0.14606741573033707,0.7118295113564185,1.0,-0.0021051200000000003,0.9307526315789474,-0.2956629213483147,0.022071307300509338,-0.0743993259557913,0.08570427316731279
"frozenset({'Dalda Cooking Oil (500ml)', 'Guard Rice (1kg)'})",frozenset({'Frozen Paratha'}),0.0356,0.197,0.0052,0.14606741573033707,0.7414589630981577,1.0,-0.0018132,0.9403552631578946,-0.2655504914998067,0.022867194371152155,-0.0634278758028181,0.08623167740831575
"frozenset({'Dalda Cooking Oil (500ml)', 'Guard Rice (1kg)'})",frozenset({'Surf Excel'}),0.0356,0.2112,0.0052,0.14606741573033707,0.6916070820565202,1.0,-0.00231872,0.9237263157894736,-0.31617759354205305,0.021523178807947022,-0.08257173462178363,0.0853443139257746
"frozenset({'Jam', 'Lays Chips'})",frozenset({'Shan Biryani Masala'}),0.0356,0.2088,0.0052,0.14606741573033707,0.699556588746825,1.0,-0.0022332800000000007,0.9265368421052632,-0.3081168186132757,0.021739130434782608,-0.0792878972063485,0.08548581514486202
"frozenset({'Lays Chips', 'Eggs'})",frozenset({'Olpers Milk (Pack of 6)'}),0.0356,0.196,0.0052,0.14606741573033707,0.7452419169915157,1.0,-0.0017776000000000007,0.9415263157894738,-0.26170117541752064,0.022968197879858657,-0.06210520431550116,0.08629901398761752
"frozenset({'Pepsi 1L', 'Tapal Tea (250g)'})",frozenset({'Jam'}),0.0356,0.1984,0.0052,0.14606741573033707,0.7362268938021023,1.0,-0.0018630399999999998,0.9387157894736842,-0.27087258938748926,0.022727272727272728,-0.06528516001704456,0.08613854657484596
"frozenset({'Biscuits', 'Tapal Tea (250g)'})",frozenset({'Guard Rice (1kg)'}),0.0356,0.1952,0.0052,0.14606741573033707,0.7482961871431202,1.0,-0.0017491200000000007,0.9424631578947368,-0.2585925487876997,0.02304964539007092,-0.06104943373467065,0.08635337999631608
"frozenset({'Lays Chips', 'Eggs'})",frozenset({'Guard Rice (1kg)'}),0.0356,0.1952,0.0052,0.14606741573033707,0.7482961871431202,1.0,-0.0017491200000000007,0.9424631578947368,-0.2585925487876997,0.02304964539007092,-0.06104943373467065,0.08635337999631608
"frozenset({'Biscuits', 'Jam'})",frozenset({'Olpers Milk (Pack of 6)'}),0.037,0.196,0.0054,0.14594594594594595,0.7446221731936018,1.0,-0.0018519999999999995,0.9413924050632912,-0.26261308527835275,0.023725834797891036,-0.062256286136883145,0.08674848317705461
"frozenset({'Butter', 'Eggs'})",frozenset({'Guard Rice (1kg)'}),0.037,0.1952,0.0054,0.14594594594594595,0.7476739034116083,1.0,-0.0018224,0.9423291139240506,-0.2595050266283143,0.023809523809523808,-0.06120036537531568,0.08680494018608773
"frozenset({'Dalda Cooking Oil (500ml)', 'Jam'})",frozenset({'Guard Rice (1kg)'}),0.037,0.1952,0.0054,0.14594594594594595,0.7476739034116083,1.0,-0.0018224,0.9423291139240506,-0.2595050266283143,0.023809523809523808,-0.06120036537531568,0.08680494018608773
"frozenset({'Dalda Cooking Oil (500ml)', 'Eggs'})",frozenset({'Biscuits'}),0.037,0.1972,0.0054,0.14594594594594595,0.7400910037826874,1.0,-0.0018963999999999986,0.9399873417721519,-0.26722655919736193,0.023601398601398604,-0.0638441131714674,0.08666465654295269
"frozenset({'Biscuits', 'Jam'})",frozenset({'Frozen Paratha'}),0.037,0.197,0.0054,0.14594594594594595,0.7408423652078474,1.0,-0.001889,0.9402215189873417,-0.2664616599898437,0.023622047244094488,-0.0635791457709266,0.08667855672931815
"frozenset({'Butter', 'Eggs'})",frozenset({'Biscuits'}),0.037,0.1972,0.0054,0.14594594594594595,0.7400910037826874,1.0,-0.0018963999999999986,0.9399873417721519,-0.26722655919736193,0.023601398601398604,-0.0638441131714674,0.08666465654295269
"frozenset({'Butter', 'National Ketchup (1kg)'})",frozenset({'Chicken'}),0.037,0.198,0.0054,0.14594594594594595,0.7371007371007371,1.0,-0.0019259999999999998,0.9390506329113926,-0.27027027027027023,0.0235191637630662,-0.06490530430680057,0.08660933660933662
"frozenset({'Frozen Paratha', 'Nestle Water'})",frozenset({'Surf Excel'}),0.0398,0.2112,0.0058,0.1457286432160804,0.6900030455306837,1.0,-0.0026057600000000004,0.9233599999999998,-0.31875051988276343,0.02365415986949429,-0.08300121296135853,0.0865953822141008
"frozenset({'Frozen Paratha', 'Bread'})",frozenset({'Noodles'}),0.0398,0.2052,0.0058,0.1457286432160804,0.7101785731777798,1.0,-0.0023669600000000013,0.9303835294117646,-0.29825153853520375,0.024247491638795984,-0.07482556213376901,0.08699687521427801
"frozenset({'Frozen Paratha', 'Nestle Water'})",frozenset({'Thal Sugar (200ml)'}),0.0398,0.1964,0.0058,0.1457286432160804,0.7419992017112037,1.0,-0.0020167199999999996,0.9406847058823529,-0.26585181943294645,0.02517361111111111,-0.06305544647078098,0.08763010572209315
"frozenset({'Lays Chips', 'Surf Excel'})",frozenset({'Guard Rice (1kg)'}),0.0412,0.1952,0.006,0.14563106796116504,0.7460607989813782,1.0,-0.0020422400000000007,0.941981818181818,-0.261992241220058,0.026041666666666668,-0.06159161535640529,0.08818438643959892
"frozenset({'Lays Chips', 'Surf Excel'})",frozenset({'Tapal Tea (250g)'}),0.0412,0.1996,0.006,0.14563106796116504,0.7296145689437126,1.0,-0.0022235199999999997,0.9368318181818182,-0.27876514482869286,0.02555366269165247,-0.06742745132288226,0.087845594100823
"frozenset({'National Ketchup (1kg)', 'Eggs'})",frozenset({'Frozen Paratha'}),0.0344,0.197,0.005,0.14534883720930233,0.7378113563923976,1.0,-0.0017768000000000003,0.9395646258503401,-0.2690164728682171,0.022084805653710248,-0.06432274320136697,0.0853647739346004
"frozenset({'National Ketchup (1kg)', 'Eggs'})",frozenset({'Thal Sugar (200ml)'}),0.0344,0.1964,0.005,0.14534883720930233,0.7400653625728225,1.0,-0.0017561599999999997,0.9402666666666667,-0.2667249884571456,0.022143489813994686,-0.06352807714123651,0.0854035428409037
"frozenset({'Frozen Paratha', 'Eggs'})",frozenset({'National Ketchup (1kg)'}),0.0344,0.2048,0.005,0.14534883720930233,0.7097111191860466,1.0,-0.00204512,0.9304380952380953,-0.2975533673208092,0.02134927412467976,-0.0747625286603341,0.08488144985465117
"frozenset({'Nestle Water', 'Thal Sugar (200ml)'})",frozenset({'National Ketchup (1kg)'}),0.0344,0.2048,0.005,0.14534883720930233,0.7097111191860466,1.0,-0.00204512,0.9304380952380953,-0.2975533673208092,0.02134927412467976,-0.0747625286603341,0.08488144985465117
"frozenset({'Lux Soap', 'Tapal Tea (250g)'})",frozenset({'Jam'}),0.0358,0.1984,0.0052,0.1452513966480447,0.7321138943953867,1.0,-0.00190272,0.9378196078431372,-0.2750962906415907,0.022707423580786028,-0.0663031478941558,0.08573053703369977
"frozenset({'Chicken', 'Surf Excel'})",frozenset({'Noodles'}),0.0358,0.2052,0.0052,0.1452513966480447,0.7078528101756565,1.0,-0.0021461599999999994,0.9298640522875816,-0.2997430167597765,0.02205258693808312,-0.07542602334166494,0.0852962636261666
"frozenset({'Chicken', 'Surf Excel'})",frozenset({'Pepsi 1L'}),0.0358,0.2052,0.0052,0.1452513966480447,0.7078528101756565,1.0,-0.0021461599999999994,0.9298640522875816,-0.2997430167597765,0.02205258693808312,-0.07542602334166494,0.0852962636261666
"frozenset({'Chicken', 'Surf Excel'})",frozenset({'Guard Rice (1kg)'}),0.0358,0.1952,0.0052,0.1452513966480447,0.7441157615166224,1.0,-0.0017881600000000004,0.9415633986928104,-0.2628873860629227,0.023029229406554472,-0.062063373946266535,0.0859453704551699
"frozenset({'Lux Soap', 'Tapal Tea (250g)'})",frozenset({'National Ketchup (1kg)'}),0.0358,0.2048,0.0052,0.1452513966480447,0.7092353351955307,1.0,-0.0021318400000000003,0.9303320261437908,-0.2983396961520807,0.022090059473237042,-0.07488506457740858,0.08532101082402235
"frozenset({'Noodles', 'Butter'})",frozenset({'Jam'}),0.0372,0.1984,0.0054,0.14516129032258066,0.7316597294484912,1.0,-0.001980479999999999,0.9377207547169811,-0.27584823667056646,0.023457862728062558,-0.06641555598480456,0.08618951612903226
"frozenset({'Noodles', 'Butter'})",frozenset({'Shan Biryani Masala'}),0.0372,0.2088,0.0054,0.14516129032258066,0.6952169076751946,1.0,-0.0023673599999999998,0.9255547169811321,-0.3128746788467028,0.022443890274314215,-0.08043315176620243,0.08551167964404895
"frozenset({'Lays Chips', 'Thal Sugar (200ml)'})",frozenset({'National Ketchup (1kg)'}),0.0372,0.2048,0.0054,0.14516129032258066,0.7087953629032259,1.0,-0.0022185599999999996,0.9302339622641509,-0.29909082084964567,0.02282333051563821,-0.07499837736093982,0.08576423891129033
"frozenset({'Pepsi 1L', 'Olpers Milk (Pack of 6)'})",frozenset({'Dalda Cooking Oil (500ml)'}),0.0372,0.2026,0.0054,0.14516129032258066,0.7164920548992135,1.0,-0.002136719999999999,0.9328075471698113,-0.29127134724857673,0.02303754266211604,-0.07203249269804282,0.08590739738241569
"frozenset({'Pepsi 1L', 'Olpers Milk (Pack of 6)'})",frozenset({'Guard Rice (1kg)'}),0.0372,0.1952,0.0054,0.14516129032258066,0.7436541512427287,1.0,-0.0018614399999999998,0.9414641509433962,-0.2636391447703864,0.02378854625550661,-0.06217533508625666,0.08641261237440508
"frozenset({'Lays Chips', 'Thal Sugar (200ml)'})",frozenset({'Bread'}),0.0372,0.2058,0.0054,0.14516129032258066,0.7053512649299352,1.0,-0.00225576,0.9290641509433962,-0.30258837164380914,0.022727272727272728,-0.0763519386520012,0.08570017868898712
"frozenset({'Surf Excel', 'Eggs'})",frozenset({'Olpers Milk (Pack of 6)'}),0.0372,0.196,0.0054,0.14516129032258066,0.7406188281764319,1.0,-0.0018911999999999991,0.9405283018867925,-0.2667298514030395,0.023705004389815626,-0.06323222596693949,0.08635615536537196
"frozenset({'Pepsi 1L', 'Frozen Paratha'})",frozenset({'Butter'}),0.0386,0.1966,0.0056,0.14507772020725387,0.7379334700267237,1.0,-0.00198876,0.9397345454545454,-0.2697501559829639,0.024390243902439025,-0.06413029598300488,0.08678097607514271
"frozenset({'Pepsi 1L', 'Frozen Paratha'})",frozenset({'Bread'}),0.0386,0.2058,0.0056,0.14507772020725387,0.7049451905114377,1.0,-0.0023438800000000004,0.9289733333333333,-0.3033080908728577,0.023450586264656615,-0.0764571641812467,0.08614430228049769
"frozenset({'Noodles', 'Bread'})",frozenset({'Thal Sugar (200ml)'}),0.0386,0.1964,0.0056,0.14507772020725387,0.7386849297721685,1.0,-0.00198104,0.9399684848484848,-0.2689846949305352,0.024411508282476024,-0.0638654551925661,0.08679547924822979
"frozenset({'Guard Rice (1kg)', 'Nestle Water'})",frozenset({'Bread'}),0.04,0.2058,0.0058,0.145,0.7045675413022351,1.0,-0.002432,0.9288888888888889,-0.304,0.024166666666666663,-0.076555023923445,0.0865913508260447
"frozenset({'Guard Rice (1kg)', 'Nestle Water'})",frozenset({'Butter'}),0.04,0.1966,0.0058,0.145,0.7375381485249236,1.0,-0.002064,0.9396491228070175,-0.27044025157232704,0.025129982668977466,-0.06422703510082152,0.08725076297049847
"frozenset({'Dalda Cooking Oil (500ml)', 'Bread'})",frozenset({'Chicken'}),0.0428,0.198,0.0062,0.14485981308411217,0.731615217596526,1.0,-0.0022744,0.9378579234972678,-0.2770604114488418,0.02642796248934356,-0.06625958468315192,0.08808647219862174
"frozenset({'Dalda Cooking Oil (500ml)', 'Bread'})",frozenset({'Tapal Tea (250g)'}),0.0428,0.1996,0.0062,0.14485981308411217,0.7257505665536682,1.0,-0.0023428799999999994,0.9359868852459016,-0.28304129739342215,0.026248941574936496,-0.06839103812579689,0.08796096866630458
"frozenset({'Dalda Cooking Oil (500ml)', 'Bread'})",frozenset({'Pepsi 1L'}),0.0428,0.2052,0.0062,0.14485981308411217,0.7059445082071744,1.0,-0.0025825600000000002,0.9294382513661201,-0.30321701967782844,0.02564102564102564,-0.07591870522884729,0.08753711901768961
"frozenset({'Butter', 'Pepsi 1L'})",frozenset({'Bread'}),0.0346,0.2058,0.005,0.14450867052023122,0.7021801288640973,1.0,-0.00212068,0.9283554054054054,-0.3052357045805218,0.021240441801189464,-0.07717367096420144,0.08440205148946449
"frozenset({'Butter', 'Pepsi 1L'})",frozenset({'Chicken'}),0.0346,0.198,0.005,0.14450867052023122,0.7298417703041981,1.0,-0.0018507999999999997,0.937472972972973,-0.2771571475635688,0.021968365553602813,-0.0666974183039511,0.08488059788637824
"frozenset({'Guard Rice (1kg)', 'Thal Sugar (200ml)'})",frozenset({'Frozen Paratha'}),0.0346,0.197,0.005,0.14450867052023122,0.7335465508641179,1.0,-0.0018161999999999996,0.9386418918918918,-0.27339234104046234,0.02206531332744925,-0.06536902799473074,0.08494469059006485
"frozenset({'Guard Rice (1kg)', 'Thal Sugar (200ml)'})",frozenset({'Tapal Tea (250g)'}),0.0346,0.1996,0.005,0.14450867052023122,0.7239913352716996,1.0,-0.0019061599999999996,0.9356027027027027,-0.283100357038894,0.021815008726003494,-0.06882974697622286,0.08477938536031601
"frozenset({'Nestle Water', 'Eggs'})",frozenset({'Pepsi 1L'}),0.0346,0.2052,0.005,0.14450867052023122,0.7042332871356298,1.0,-0.002099919999999999,0.9290567567567567,-0.3031534939049389,0.021294718909710394,-0.07636050513307596,0.084437571127562
"frozenset({'Guard Rice (1kg)', 'Shan Biryani Masala'})",frozenset({'Frozen Paratha'}),0.036,0.197,0.0052,0.14444444444444446,0.7332205301748449,1.0,-0.0018919999999999996,0.9385714285714285,-0.27401228131155136,0.0228270412642669,-0.0654490106544901,0.08542019176536944
"frozenset({'Noodles', 'Eggs'})",frozenset({'Frozen Paratha'}),0.036,0.197,0.0052,0.14444444444444446,0.7332205301748449,1.0,-0.0018919999999999996,0.9385714285714285,-0.27401228131155136,0.0228270412642669,-0.0654490106544901,0.08542019176536944
"frozenset({'National Ketchup (1kg)', 'Frozen Paratha'})",frozenset({'Butter'}),0.036,0.1966,0.0052,0.14444444444444446,0.7347123318639087,1.0,-0.0018775999999999992,0.9390389610389611,-0.27249506559851383,0.022867194371152155,-0.06491854064669597,0.08544704419577259
"frozenset({'Butter', 'Lays Chips'})",frozenset({'Lux Soap'}),0.036,0.1936,0.0052,0.14444444444444446,0.746097337006428,1.0,-0.0017695999999999996,0.9425454545454546,-0.26091059212078316,0.023172905525846704,-0.06095679012345676,0.08565197428833793
"frozenset({'Guard Rice (1kg)', 'Shan Biryani Masala'})",frozenset({'Chicken'}),0.036,0.198,0.0052,0.14444444444444446,0.7295173961840629,1.0,-0.001928,0.9374025974025975,-0.2777777777777778,0.022727272727272724,-0.06677750069271265,0.08535353535353536
"frozenset({'Butter', 'Tapal Tea (250g)'})",frozenset({'Olpers Milk (Pack of 6)'}),0.036,0.196,0.0052,0.14444444444444446,0.7369614512471656,1.0,-0.001856,0.9397402597402599,-0.27020731423247146,0.02292768959435626,-0.06412382531785515,0.08548752834467122
"frozenset({'Butter', 'Tapal Tea (250g)'})",frozenset({'Jam'}),0.036,0.1984,0.0052,0.14444444444444446,0.7280465949820789,1.0,-0.0019423999999999995,0.936935064935065,-0.2792730618817575,0.022687609075043632,-0.06730982479485471,0.08532706093189965
"frozenset({'Butter', 'Jam'})",frozenset({'Noodles'}),0.0374,0.2052,0.0054,0.1443850267379679,0.7036307345904869,1.0,-0.0022744799999999997,0.9289225,-0.3043792455557161,0.02276559865092749,-0.07651607103929553,0.08535040810582606
"frozenset({'Butter', 'Jam'})",frozenset({'Lays Chips'}),0.0374,0.206,0.0054,0.1443850267379679,0.700898188048388,1.0,-0.0023044,0.9279875000000001,-0.30715340609188474,0.0226890756302521,-0.07760072199248372,0.0852993094854888
"frozenset({'Noodles', 'Chicken'})",frozenset({'National Ketchup (1kg)'}),0.0374,0.2048,0.0054,0.1443850267379679,0.7050050133689839,1.0,-0.002259520000000001,0.92939,-0.30298381776345085,0.02280405405405405,-0.07597456396130797,0.08537610711898395
"frozenset({'Butter', 'Jam'})",frozenset({'Pepsi 1L'}),0.0374,0.2052,0.0054,0.1443850267379679,0.7036307345904869,1.0,-0.0022744799999999997,0.9289225,-0.3043792455557161,0.02276559865092749,-0.07651607103929553,0.08535040810582606
"frozenset({'Noodles', 'Pepsi 1L'})",frozenset({'Guard Rice (1kg)'}),0.0388,0.1952,0.0056,0.14432989690721648,0.7393949636640188,1.0,-0.0019737600000000006,0.9405493975903613,-0.26830223150202276,0.024518388791593692,-0.06320837859441295,0.08650921074869021
"frozenset({'Biscuits', 'National Ketchup (1kg)'})",frozenset({'Jam'}),0.0388,0.1984,0.0056,0.14432989690721648,0.7274692384436315,1.0,-0.0020979199999999996,0.9368096385542167,-0.28044659280489365,0.024179620034542312,-0.0674527234191411,0.0862778516794147
"frozenset({'Biscuits', 'Lays Chips'})",frozenset({'Noodles'}),0.0388,0.2052,0.0056,0.14432989690721648,0.7033620706979361,1.0,-0.00236176,0.9288626506024095,-0.3049604363365907,0.02348993288590604,-0.07658543418820271,0.0858101726251482
"frozenset({'Noodles', 'Tapal Tea (250g)'})",frozenset({'Frozen Paratha'}),0.0402,0.197,0.0058,0.1442786069651741,0.7323787155592594,1.0,-0.0021194000000000005,0.9383895348837209,-0.275739503320219,0.025064822817631803,-0.06565553304461506,0.08686011566532817
"frozenset({'Noodles', 'Tapal Tea (250g)'})",frozenset({'Thal Sugar (200ml)'}),0.0402,0.1964,0.0058,0.1442786069651741,0.7346161250772613,1.0,-0.0020952799999999997,0.9390906976744186,-0.27345956471577054,0.02512998266897747,-0.06485987187011683,0.08690508759664001
"frozenset({'Dalda Cooking Oil (500ml)', 'Lays Chips'})",frozenset({'Lux Soap'}),0.0416,0.1936,0.006,0.14423076923076925,0.7449936427209155,1.0,-0.00205376,0.9423101123595506,-0.26316221092340497,0.026178010471204192,-0.061221764346764324,0.08761125238397967
"frozenset({'Dalda Cooking Oil (500ml)', 'Lays Chips'})",frozenset({'Olpers Milk (Pack of 6)'}),0.0416,0.196,0.006,0.14423076923076925,0.7358712715855573,1.0,-0.0021536000000000003,0.9395056179775282,-0.2724696356275304,0.02590673575129534,-0.06438959050899348,0.08742150706436422
"frozenset({'Noodles', 'National Ketchup (1kg)'})",frozenset({'Guard Rice (1kg)'}),0.043,0.1952,0.0062,0.14418604651162792,0.7386580251620283,1.0,-0.0021935999999999995,0.940391304347826,-0.26991509782207457,0.02672413793103448,-0.06338711914559157,0.08797417079679756
"frozenset({'National Ketchup (1kg)', 'Thal Sugar (200ml)'})",frozenset({'Chicken'}),0.0348,0.198,0.005,0.14367816091954025,0.7256472773714153,1.0,-0.0018903999999999995,0.9365637583892618,-0.2814603061163718,0.021949078138718173,-0.06773296643448848,0.08446534308603275
"frozenset({'National Ketchup (1kg)', 'Thal Sugar (200ml)'})",frozenset({'Nestle Water'}),0.0348,0.2062,0.005,0.14367816091954025,0.6967903051384106,1.0,-0.002175759999999999,0.9269879194630873,-0.31074472704005834,0.021186440677966104,-0.07876270985192711,0.08396323176917847
"frozenset({'Chicken', 'Tapal Tea (250g)'})",frozenset({'Jam'}),0.0348,0.1984,0.005,0.14367816091954025,0.7241842788283279,1.0,-0.0019043199999999993,0.9360966442953019,-0.2829464275101332,0.021910604732690624,-0.06826576731594279,0.08443988691138303
"frozenset({'Chicken', 'Tapal Tea (250g)'})",frozenset({'Surf Excel'}),0.0348,0.2112,0.005,0.14367816091954025,0.680294322535702,1.0,-0.0023497599999999993,0.9211489932885906,-0.3274579974804062,0.020746887966804982,-0.08560070877340233,0.08367620167189134
"frozenset({'National Ketchup (1kg)', 'Thal Sugar (200ml)'})",frozenset({'Eggs'}),0.0348,0.1982,0.005,0.14367816091954025,0.7249150399573171,1.0,-0.001897359999999999,0.936330201342282,-0.2822041360272244,0.02192982456140351,-0.06799930042461927,0.08445260215502744
"frozenset({'National Ketchup (1kg)', 'Thal Sugar (200ml)'})",frozenset({'Butter'}),0.0348,0.1966,0.005,0.14367816091954025,0.7308146537107846,1.0,-0.0018416799999999992,0.9381986577181208,-0.27621001607755613,0.022084805653710248,-0.06587234139962628,0.08455525543433777
"frozenset({'Lays Chips', 'Olpers Milk (Pack of 6)'})",frozenset({'Eggs'}),0.0362,0.1982,0.0052,0.143646408839779,0.7247548377385419,1.0,-0.0019748400000000003,0.9362954838709678,-0.2826610940944093,0.022687609075043632,-0.06803890142207655,0.0849412669829571
"frozenset({'Guard Rice (1kg)', 'Bread'})",frozenset({'Butter'}),0.0362,0.1966,0.0052,0.143646408839779,0.7306531477099644,1.0,-0.0019169200000000008,0.9381638709677419,-0.27666453061766466,0.022847100175746923,-0.06591186353027259,0.08504802639343986
"frozenset({'Dalda Cooking Oil (500ml)', 'Butter'})",frozenset({'Surf Excel'}),0.0362,0.2112,0.0052,0.143646408839779,0.6801439812489536,1.0,-0.002445440000000001,0.9211148387096774,-0.32793005417583015,0.021469859620148638,-0.08564096242421528,0.08413381048049556
"frozenset({'Dalda Cooking Oil (500ml)', 'Butter'})",frozenset({'Thal Sugar (200ml)'}),0.0362,0.1964,0.0052,0.143646408839779,0.7313971936852292,1.0,-0.0019096800000000004,0.9383974193548387,-0.2759079035576412,0.022867194371152155,-0.0656465793432317,0.08506149362559215
"frozenset({'Bread', 'Eggs'})",frozenset({'Olpers Milk (Pack of 6)'}),0.0376,0.196,0.0054,0.14361702127659576,0.7327399044724273,1.0,-0.0019696,0.9388322981366459,-0.27483199749949766,0.02366345311130587,-0.06515295861119931,0.08558402084237951
"frozenset({'Olpers Milk (Pack of 6)', 'Nestle Water'})",frozenset({'Jam'}),0.0376,0.1984,0.0054,0.14361702127659576,0.7238761153054222,1.0,-0.0020598399999999994,0.9360298136645963,-0.28384963069121366,0.02341717259323504,-0.06834203932560409,0.08541738160603982
"frozenset({'Bread', 'Eggs'})",frozenset({'Tapal Tea (250g)'}),0.0376,0.1996,0.0054,0.14361702127659576,0.7195241546923635,1.0,-0.0021049600000000003,0.9346285714285714,-0.2882748646931218,0.023295944779982744,-0.06994375152849105,0.08533556474651431
"frozenset({'Olpers Milk (Pack of 6)', 'Surf Excel'})",frozenset({'Biscuits'}),0.039,0.1972,0.0056,0.14358974358974358,0.7281427159723306,1.0,-0.0020907999999999994,0.9374011976047903,-0.2798030084042609,0.024284475281873375,-0.06677909368492328,0.08599365475633224
"frozenset({'Dalda Cooking Oil (500ml)', 'Pepsi 1L'})",frozenset({'Biscuits'}),0.039,0.1972,0.0056,0.14358974358974358,0.7281427159723306,1.0,-0.0020907999999999994,0.9374011976047903,-0.2798030084042609,0.024284475281873375,-0.06677909368492328,0.08599365475633224
"frozenset({'Frozen Paratha', 'Surf Excel'})",frozenset({'Biscuits'}),0.039,0.1972,0.0056,0.14358974358974358,0.7281427159723306,1.0,-0.0020907999999999994,0.9374011976047903,-0.2798030084042609,0.024284475281873375,-0.06677909368492328,0.08599365475633224
"frozenset({'Dalda Cooking Oil (500ml)', 'Frozen Paratha'})",frozenset({'Lux Soap'}),0.039,0.1936,0.0056,0.14358974358974358,0.741682559864378,1.0,-0.0019503999999999997,0.9416047904191616,-0.26601200218221493,0.024669603524229075,-0.06201668701668702,0.08625768171222717
"frozenset({'Lux Soap', 'Eggs'})",frozenset({'Thal Sugar (200ml)'}),0.0404,0.1964,0.0058,0.14356435643564355,0.7309794115867798,1.0,-0.002134559999999999,0.938307514450867,-0.2772069441991417,0.025108225108225107,-0.06574868537127482,0.08654796233187473
"frozenset({'Nestle Water', 'Surf Excel'})",frozenset({'Chicken'}),0.0404,0.198,0.0058,0.14356435643564355,0.725072507250725,1.0,-0.0021992,0.9364393063583816,-0.2832239519477442,0.024935511607910573,-0.0678748672872275,0.08642864286428642
"frozenset({'Nestle Water', 'Surf Excel'})",frozenset({'Frozen Paratha'}),0.0404,0.197,0.0058,0.14356435643564355,0.7287530783535205,1.0,-0.0021588000000000006,0.9376069364161849,-0.2794751232445421,0.025043177892918825,-0.06654501066545014,0.08650299040056289
"frozenset({'Lux Soap', 'Eggs'})",frozenset({'Surf Excel'}),0.0404,0.2112,0.0058,0.14356435643564355,0.6797554755475547,1.0,-0.0027324800000000007,0.9210265895953756,-0.32928745649638,0.023596419853539462,-0.08574498423473181,0.08551323882388238
"frozenset({'National Ketchup (1kg)', 'Surf Excel'})",frozenset({'Dalda Cooking Oil (500ml)'}),0.0418,0.2026,0.006,0.14354066985645936,0.7084929410486641,1.0,-0.002468679999999999,0.9310424581005587,-0.3004035103944082,0.02516778523489933,-0.07406487351836048,0.08657783739614676
"frozenset({'Dalda Cooking Oil (500ml)', 'Chicken'})",frozenset({'Olpers Milk (Pack of 6)'}),0.0378,0.196,0.0054,0.14285714285714288,0.728862973760933,1.0,-0.0020088,0.9380000000000001,-0.27881876780092935,0.023642732049036778,-0.06609808102345414,0.08520408163265307
"frozenset({'Dalda Cooking Oil (500ml)', 'Thal Sugar (200ml)'})",frozenset({'Noodles'}),0.0378,0.2052,0.0054,0.14285714285714288,0.6961849067112226,1.0,-0.0023565599999999997,0.9272666666666667,-0.312026312026312,0.022727272727272728,-0.07843842116615138,0.08458646616541354
"frozenset({'Jam', 'Eggs'})",frozenset({'Guard Rice (1kg)'}),0.0378,0.1952,0.0054,0.14285714285714288,0.7318501170960188,1.0,-0.00197856,0.9389333333333333,-0.27577901550504286,0.023725834797891036,-0.06503834138028969,0.08526053864168619
"frozenset({'Jam', 'Eggs'})",frozenset({'Frozen Paratha'}),0.0378,0.197,0.0054,0.14285714285714288,0.7251631617113852,1.0,-0.0020466,0.9368333333333333,-0.28258276170593494,0.023539668700959023,-0.06742572495997153,0.08513415518491661
"frozenset({'Lux Soap', 'Frozen Paratha'})",frozenset({'Thal Sugar (200ml)'}),0.0378,0.1964,0.0054,0.14285714285714288,0.7273785277858599,1.0,-0.0020239199999999994,0.9375333333333333,-0.2803290949887808,0.023601398601398604,-0.06662874208917013,0.08517602560372418
"frozenset({'Dalda Cooking Oil (500ml)', 'Thal Sugar (200ml)'})",frozenset({'Guard Rice (1kg)'}),0.0378,0.1952,0.0054,0.14285714285714288,0.7318501170960188,1.0,-0.00197856,0.9389333333333333,-0.27577901550504286,0.023725834797891036,-0.06503834138028969,0.08526053864168619
"frozenset({'Biscuits', 'Frozen Paratha'})",frozenset({'Noodles'}),0.0364,0.2052,0.0052,0.14285714285714285,0.6961849067112225,1.0,-0.0022692800000000003,0.9272666666666666,-0.3117142857142857,0.021996615905245348,-0.07843842116615142,0.08409913673071567
"frozenset({'Eggs', 'Thal Sugar (200ml)'})",frozenset({'Butter'}),0.0392,0.1966,0.0056,0.14285714285714285,0.7266385699752943,1.0,-0.0021067199999999994,0.9372999999999999,-0.2813762154076289,0.024326672458731536,-0.06689427077776593,0.0856706874000872
"frozenset({'Pepsi 1L', 'Shan Biryani Masala'})",frozenset({'Thal Sugar (200ml)'}),0.0406,0.1964,0.0058,0.14285714285714285,0.7273785277858598,1.0,-0.00217384,0.9375333333333332,-0.2809174036876031,0.025086505190311418,-0.06662874208917016,0.08619435554262438
"frozenset({'Dalda Cooking Oil (500ml)', 'Olpers Milk (Pack of 6)'})",frozenset({'Biscuits'}),0.035,0.1972,0.005,0.14285714285714285,0.7244277021153289,1.0,-0.001902,0.9365999999999999,-0.282741192210495,0.02200704225352113,-0.0676916506512919,0.08410605621558968
"frozenset({'Biscuits', 'Frozen Paratha'})",frozenset({'Butter'}),0.0364,0.1966,0.0052,0.14285714285714285,0.7266385699752943,1.0,-0.0019562400000000006,0.9372999999999999,-0.2807881773399016,0.022827041264266903,-0.06689427077776593,0.08465339340212177
"frozenset({'Surf Excel', 'Bread'})",frozenset({'Dalda Cooking Oil (500ml)'}),0.0406,0.2026,0.0058,0.14285714285714285,0.7051191651389084,1.0,-0.00242556,0.9302999999999999,-0.3035714285714286,0.024431339511373208,-0.07492206815005914,0.08574249048089126
"frozenset({'Dalda Cooking Oil (500ml)', 'Noodles'})",frozenset({'Guard Rice (1kg)'}),0.0364,0.1952,0.0052,0.14285714285714285,0.7318501170960187,1.0,-0.0019052800000000014,0.9389333333333332,-0.27548872180451145,0.022968197879858654,-0.06503834138028972,0.08474824355971897
"frozenset({'Butter', 'Bread'})",frozenset({'Guard Rice (1kg)'}),0.0364,0.1952,0.0052,0.14285714285714285,0.7318501170960187,1.0,-0.0019052800000000014,0.9389333333333332,-0.27548872180451145,0.022968197879858654,-0.06503834138028972,0.08474824355971897
"frozenset({'Lux Soap', 'Thal Sugar (200ml)'})",frozenset({'Dalda Cooking Oil (500ml)'}),0.035,0.2026,0.005,0.14285714285714285,0.7051191651389084,1.0,-0.002091000000000001,0.9302999999999999,-0.3023423944476577,0.021496130696474634,-0.07492206815005914,0.08376815681850232
"frozenset({'Jam', 'Guard Rice (1kg)'})",frozenset({'Tapal Tea (250g)'}),0.035,0.1996,0.005,0.14285714285714285,0.71571714858288,1.0,-0.001986000000000001,0.9338,-0.2915871384525034,0.02177700348432056,-0.07089312486613837,0.08395362152877182
"frozenset({'Butter', 'Guard Rice (1kg)'})",frozenset({'Bread'}),0.0364,0.2058,0.0052,0.14285714285714285,0.6941552131056503,1.0,-0.0022911200000000007,0.9265666666666666,-0.31377296681384426,0.021940928270042192,-0.07925315681548371,0.08406219630709426
"frozenset({'Chicken', 'Bread'})",frozenset({'Biscuits'}),0.0392,0.1972,0.0056,0.14285714285714285,0.7244277021153289,1.0,-0.0021302399999999994,0.9365999999999999,-0.28362660304205184,0.024263431542461005,-0.0676916506512919,0.08562735439003187
"frozenset({'Butter', 'Bread'})",frozenset({'Chicken'}),0.0364,0.198,0.0052,0.14285714285714285,0.7215007215007214,1.0,-0.0020072000000000007,0.9356666666666666,-0.2860106698280973,0.022687609075043632,-0.06875667972924833,0.08455988455988456
"frozenset({'Butter', 'Bread'})",frozenset({'Eggs'}),0.0364,0.1982,0.0052,0.14285714285714285,0.7207726683004181,1.0,-0.00201448,0.9354333333333333,-0.2867505551443375,0.022667829119442026,-0.06902326907315681,0.08454663399163903
"frozenset({'Jam', 'Bread'})",frozenset({'Butter'}),0.0422,0.1966,0.006,0.14218009478672985,0.7231947852834683,1.0,-0.00229652,0.9365602209944752,-0.2855189150748696,0.02577319587628866,-0.06773699926969148,0.0863494573628461
"frozenset({'Pepsi 1L', 'Eggs'})",frozenset({'Bread'}),0.0408,0.2058,0.0058,0.142156862745098,0.6907524914727794,1.0,-0.0025966400000000008,0.9258102857142857,-0.31821568627450986,0.024086378737541526,-0.0801348995906598,0.08516978219859371
"frozenset({'Shan Biryani Masala', 'Thal Sugar (200ml)'})",frozenset({'Lux Soap'}),0.0394,0.1936,0.0056,0.14213197969543148,0.7341527876830138,1.0,-0.0020278399999999995,0.9400047337278107,-0.27376606544983256,0.024626209322779244,-0.06382442994118119,0.0855287997650711
"frozenset({'Shan Biryani Masala', 'Thal Sugar (200ml)'})",frozenset({'Tapal Tea (250g)'}),0.0394,0.1996,0.0056,0.14213197969543148,0.7120840666103782,1.0,-0.00226424,0.933010650887574,-0.2962269087864357,0.023993144815766924,-0.07179912581780175,0.08509404595994019
"frozenset({'Biscuits', 'Lux Soap'})",frozenset({'Chicken'}),0.0394,0.198,0.0056,0.14213197969543148,0.717838281290058,1.0,-0.0022011999999999995,0.9348757396449704,-0.29037432590732076,0.024158757549611734,-0.06966087319771637,0.08520740398912988
"frozenset({'Shan Biryani Masala', 'Thal Sugar (200ml)'})",frozenset({'Nestle Water'}),0.0394,0.2062,0.0056,0.14213197969543148,0.6892918510932662,1.0,-0.0025242799999999994,0.9253171597633136,-0.31938195565587496,0.023333333333333334,-0.08071053200373962,0.08464503931425309
"frozenset({'Noodles', 'Thal Sugar (200ml)'})",frozenset({'Bread'}),0.0394,0.2058,0.0056,0.14213197969543148,0.6906315825822715,1.0,-0.0025085199999999993,0.9257834319526628,-0.31802207944339916,0.02337228714524207,-0.08016623055221421,0.08467143202458649
"frozenset({'Shan Biryani Masala', 'Thal Sugar (200ml)'})",frozenset({'Chicken'}),0.0394,0.198,0.0056,0.14213197969543148,0.717838281290058,1.0,-0.0022011999999999995,0.9348757396449704,-0.29037432590732076,0.024158757549611734,-0.06966087319771637,0.08520740398912988
"frozenset({'Shan Biryani Masala', 'Thal Sugar (200ml)'})",frozenset({'Olpers Milk (Pack of 6)'}),0.0394,0.196,0.0056,0.14213197969543148,0.7251631617113851,1.0,-0.0021224,0.937207100591716,-0.2829202747088683,0.024369016536118362,-0.06700002525443846,0.08535170413343003
"frozenset({'Biscuits', 'Surf Excel'})",frozenset({'Tapal Tea (250g)'}),0.038,0.1996,0.0054,0.14210526315789473,0.7119502162219175,1.0,-0.0021847999999999998,0.9329815950920245,-0.29605940701393024,0.023255813953488372,-0.07183250480023147,0.0845796856871638
"frozenset({'Biscuits', 'Surf Excel'})",frozenset({'Chicken'}),0.038,0.198,0.0054,0.14210526315789473,0.7177033492822966,1.0,-0.002124,0.9348466257668712,-0.2902115100836203,0.023417172593235037,-0.06969418558865995,0.08468899521531101
"frozenset({'National Ketchup (1kg)', 'Shan Biryani Masala'})",frozenset({'Dalda Cooking Oil (500ml)'}),0.038,0.2026,0.0054,0.14210526315789473,0.7014080116381773,1.0,-0.0022987999999999993,0.9294846625766872,-0.30676844240418477,0.022959183673469385,-0.0758649822449276,0.08437938380007273
"frozenset({'Biscuits', 'Surf Excel'})",frozenset({'Dalda Cooking Oil (500ml)'}),0.038,0.2026,0.0054,0.14210526315789473,0.7014080116381773,1.0,-0.0022987999999999993,0.9294846625766872,-0.30676844240418477,0.022959183673469385,-0.0758649822449276,0.08437938380007273
"frozenset({'Butter', 'Shan Biryani Masala'})",frozenset({'Noodles'}),0.038,0.2052,0.0054,0.14210526315789473,0.6925207756232687,1.0,-0.002397599999999999,0.9264539877300613,-0.3157894736842104,0.022708158116063918,-0.07938441978120944,0.08421052631578947
"frozenset({'National Ketchup (1kg)', 'Olpers Milk (Pack of 6)'})",frozenset({'Bread'}),0.038,0.2058,0.0054,0.14210526315789473,0.6905017646156206,1.0,-0.0024203999999999996,0.9257546012269939,-0.31783800819413793,0.022651006711409395,-0.08019987011093588,0.08417216510664416
"frozenset({'Bread', 'Shan Biryani Masala'})",frozenset({'Olpers Milk (Pack of 6)'}),0.038,0.196,0.0054,0.14210526315789473,0.7250268528464017,1.0,-0.0020479999999999995,0.9371779141104295,-0.28276357209918807,0.023622047244094488,-0.0670332547787379,0.084828141783029
"frozenset({'Chicken', 'Guard Rice (1kg)'})",frozenset({'Surf Excel'}),0.0366,0.2112,0.0052,0.14207650273224043,0.6727107136943202,1.0,-0.0025299200000000006,0.9194292993630572,-0.3355509576104834,0.021434460016488046,-0.087631208503752,0.08334885742672628
"frozenset({'Butter', 'Nestle Water'})",frozenset({'Shan Biryani Masala'}),0.0366,0.2088,0.0052,0.14207650273224043,0.6804430207482779,1.0,-0.002442080000000001,0.9222267515923567,-0.32771855239567577,0.021648626144879266,-0.08433202384701666,0.0834903586458137
"frozenset({'Chicken', 'Guard Rice (1kg)'})",frozenset({'National Ketchup (1kg)'}),0.0366,0.2048,0.0052,0.14207650273224043,0.6937329234972677,1.0,-0.0022956800000000005,0.9268891719745223,-0.31424597829538864,0.02201524132091448,-0.0788776374091544,0.08373356386612021
"frozenset({'Chicken', 'Guard Rice (1kg)'})",frozenset({'Shan Biryani Masala'}),0.0366,0.2088,0.0052,0.14207650273224043,0.6804430207482779,1.0,-0.002442080000000001,0.9222267515923567,-0.32771855239567577,0.021648626144879266,-0.08433202384701666,0.0834903586458137
"frozenset({'Lux Soap', 'Lays Chips'})",frozenset({'Butter'}),0.0366,0.1966,0.0052,0.14207650273224043,0.7226678674071233,1.0,-0.0019955600000000004,0.9364471337579617,-0.2848667568848463,0.02280701754385965,-0.06786594133402983,0.08426307333967056
"frozenset({'Pepsi 1L', 'Guard Rice (1kg)'})",frozenset({'Tapal Tea (250g)'}),0.0366,0.1996,0.0052,0.14207650273224043,0.7118061259130282,1.0,-0.0021053600000000006,0.9329503184713375,-0.29590276372304314,0.022510822510822513,-0.07186843736601646,0.08406430347032863
"frozenset({'Pepsi 1L', 'Thal Sugar (200ml)'})",frozenset({'Olpers Milk (Pack of 6)'}),0.0366,0.196,0.0052,0.14207650273224043,0.7248801159808185,1.0,-0.0019736000000000007,0.9371464968152866,-0.28261791020838356,0.022867194371152155,-0.06706902645243729,0.08430355748856919
"frozenset({'Noodles', 'Guard Rice (1kg)'})",frozenset({'Frozen Paratha'}),0.0352,0.197,0.005,0.14204545454545453,0.7210429164743885,1.0,-0.0019344000000000002,0.9359470198675497,-0.28622159090909094,0.022007042253521125,-0.06843654477527457,0.0837130826026765
"frozenset({'Lux Soap', 'Surf Excel'})",frozenset({'Shan Biryani Masala'}),0.0352,0.2088,0.005,0.14204545454545453,0.6802943225357018,1.0,-0.002349760000000001,0.9221933774834438,-0.3275492907485058,0.02092050209205021,-0.08437126574133655,0.08299590734935562
"frozenset({'Lux Soap', 'Surf Excel'})",frozenset({'Olpers Milk (Pack of 6)'}),0.0352,0.196,0.005,0.14204545454545453,0.7247217068645639,1.0,-0.0018992000000000002,0.937112582781457,-0.28248453117563066,0.022104332449160033,-0.06710764360018094,0.08377782931354359
"frozenset({'Lux Soap', 'Surf Excel'})",frozenset({'Guard Rice (1kg)'}),0.0352,0.1952,0.005,0.14204545454545453,0.7276918777943366,1.0,-0.001871040000000001,0.9380450331125828,-0.2794665901921423,0.022182786157941437,-0.06604690041568773,0.08383010432190759
"frozenset({'Lux Soap', 'Surf Excel'})",frozenset({'Bread'}),0.0352,0.2058,0.005,0.14204545454545453,0.6902111493948228,1.0,-0.002244160000000001,0.9256900662251656,-0.31750271640709904,0.0211864406779661,-0.08027517685034687,0.08317044350207614
"frozenset({'Noodles', 'Surf Excel'})",frozenset({'Frozen Paratha'}),0.041,0.197,0.0058,0.14146341463414633,0.7180883991581032,1.0,-0.0022770000000000012,0.9353125,-0.29046331258291674,0.024978466838931953,-0.06916137654527234,0.08545251949981428
"frozenset({'Chicken', 'Nestle Water'})",frozenset({'Surf Excel'}),0.041,0.2112,0.0058,0.14146341463414633,0.6698078344419808,1.0,-0.002859200000000001,0.9187727272727272,-0.3395159949652078,0.02353896103896104,-0.088408450007421,0.08446276792313377
"frozenset({'Noodles', 'Surf Excel'})",frozenset({'Guard Rice (1kg)'}),0.041,0.1952,0.0058,0.14146341463414633,0.7247101159536185,1.0,-0.0022032000000000006,0.9374090909090909,-0.2837200916887733,0.02517361111111111,-0.06677011104107068,0.08558826469412234
"frozenset({'Surf Excel', 'Shan Biryani Masala'})",frozenset({'National Ketchup (1kg)'}),0.0396,0.2048,0.0056,0.1414141414141414,0.6904987373737373,1.0,-0.0025100800000000005,0.9261741176470588,-0.3182021013346315,0.023450586264656615,-0.07971058675284029,0.0843789457070707
"frozenset({'Surf Excel', 'Tapal Tea (250g)'})",frozenset({'Bread'}),0.0396,0.2058,0.0056,0.1414141414141414,0.6871435442864013,1.0,-0.002549680000000001,0.925009411764706,-0.321607685244049,0.02335279399499583,-0.08107008132190707,0.08431251288394145
"frozenset({'Surf Excel', 'Tapal Tea (250g)'})",frozenset({'Lux Soap'}),0.0396,0.1936,0.0056,0.1414141414141414,0.7304449453209784,1.0,-0.0020665600000000003,0.9392188235294118,-0.27758435418009886,0.02460456942003515,-0.06471460638127305,0.08516988062442607
"frozenset({'Chicken', 'Olpers Milk (Pack of 6)'})",frozenset({'Jam'}),0.0396,0.1984,0.0056,0.1414141414141414,0.712772890192245,1.0,-0.00225664,0.9336282352941176,-0.2955698059432499,0.024096385542168676,-0.07109014294643037,0.08481997393287716
"frozenset({'Olpers Milk (Pack of 6)', 'Eggs'})",frozenset({'Bread'}),0.0382,0.2058,0.0054,0.14136125654450263,0.6868865721307221,1.0,-0.00246156,0.9249524390243903,-0.3215506160453961,0.022632020117351215,-0.08113667017816341,0.0838001617999481
"frozenset({'Olpers Milk (Pack of 6)', 'Eggs'})",frozenset({'Surf Excel'}),0.0382,0.2112,0.0054,0.14136125654450263,0.6693241313660162,1.0,-0.0026678399999999994,0.9186634146341462,-0.33935249492467134,0.022131147540983605,-0.08853796077015387,0.08346471918134223
"frozenset({'Biscuits', 'Bread'})",frozenset({'Guard Rice (1kg)'}),0.0382,0.1952,0.0054,0.14136125654450263,0.7241867650845422,1.0,-0.0020566399999999993,0.9372975609756097,-0.28366039755267314,0.02368421052631579,-0.06689704703714884,0.08451259548536606
"frozenset({'Frozen Paratha', 'Shan Biryani Masala'})",frozenset({'Guard Rice (1kg)'}),0.0368,0.1952,0.0052,0.14130434782608695,0.723895224518888,1.0,-0.001983360000000001,0.9372354430379746,-0.2836613272311214,0.02292768959435626,-0.06696775866539895,0.08397184604419101
"frozenset({'Lux Soap', 'Butter'})",frozenset({'Lays Chips'}),0.0368,0.206,0.0052,0.14130434782608695,0.6859434360489658,1.0,-0.0023807999999999998,0.9246582278481013,-0.3221895028581327,0.021885521885521887,-0.08148067024422297,0.08327353313634445
"frozenset({'Lux Soap', 'Butter'})",frozenset({'Jam'}),0.0368,0.1984,0.0052,0.14130434782608695,0.7122194950911641,1.0,-0.0021011199999999997,0.9335088607594936,-0.295526149968494,0.022608695652173914,-0.07122711099540051,0.0837570126227209
"frozenset({'Lux Soap', 'Butter'})",frozenset({'National Ketchup (1kg)'}),0.0368,0.2048,0.0052,0.14130434782608695,0.6899626358695651,1.0,-0.00233664,0.9260556962025316,-0.31811448984926377,0.021996615905245345,-0.07984865716035344,0.08334748641304347
"frozenset({'Noodles', 'Olpers Milk (Pack of 6)'})",frozenset({'Jam'}),0.0368,0.1984,0.0052,0.14130434782608695,0.7122194950911641,1.0,-0.0021011199999999997,0.9335088607594936,-0.295526149968494,0.022608695652173914,-0.07122711099540051,0.0837570126227209
"frozenset({'Biscuits', 'Eggs'})",frozenset({'Guard Rice (1kg)'}),0.0368,0.1952,0.0052,0.14130434782608695,0.723895224518888,1.0,-0.001983360000000001,0.9372354430379746,-0.2836613272311214,0.02292768959435626,-0.06696775866539895,0.08397184604419101
"frozenset({'Noodles', 'Lays Chips'})",frozenset({'Nestle Water'}),0.0368,0.2062,0.0052,0.14130434782608695,0.6852781174882975,1.0,-0.0023881600000000003,0.9244253164556963,-0.32286394116374656,0.021867115222876366,-0.08175315214652688,0.08326129127482815
"frozenset({'Noodles', 'Olpers Milk (Pack of 6)'})",frozenset({'Pepsi 1L'}),0.0368,0.2052,0.0052,0.14130434782608695,0.6886176794643614,1.0,-0.0023513600000000003,0.9255898734177214,-0.31947826086956527,0.02195945945945946,-0.08039211395811909,0.08332273921518772
"frozenset({'Lux Soap', 'Shan Biryani Masala'})",frozenset({'National Ketchup (1kg)'}),0.0368,0.2048,0.0052,0.14130434782608695,0.6899626358695651,1.0,-0.00233664,0.9260556962025316,-0.31811448984926377,0.021996615905245345,-0.07984865716035344,0.08334748641304347
"frozenset({'Lux Soap', 'Pepsi 1L'})",frozenset({'Biscuits'}),0.0368,0.1972,0.0052,0.14130434782608695,0.7165534879619014,1.0,-0.00205696,0.9349063291139239,-0.29112318840579715,0.022727272727272728,-0.06962587465609497,0.08383675809154245
"frozenset({'Olpers Milk (Pack of 6)', 'Guard Rice (1kg)'})",frozenset({'Tapal Tea (250g)'}),0.0368,0.1996,0.0052,0.14130434782608695,0.707937614359153,1.0,-0.0021452800000000003,0.9321113924050632,-0.29987475398103425,0.02249134948096886,-0.07283314864306978,0.08367822601725189
"frozenset({'Chicken', 'Shan Biryani Masala'})",frozenset({'Lays Chips'}),0.0354,0.206,0.005,0.14124293785310735,0.6856453293840162,1.0,-0.0022924,0.9245921052631579,-0.3221744385417545,0.021150592216582064,-0.08155801277946176,0.08275739125665077
"frozenset({'Lux Soap', 'Noodles'})",frozenset({'Tapal Tea (250g)'}),0.0354,0.1996,0.005,0.14124293785310735,0.7076299491638645,1.0,-0.00206584,0.9320447368421053,-0.2998821281957485,0.02173913043478261,-0.0729098727472422,0.08314651902675407
"frozenset({'Chicken', 'Thal Sugar (200ml)'})",frozenset({'Noodles'}),0.0354,0.2052,0.005,0.14124293785310735,0.6883184105901917,1.0,-0.00226408,0.9255236842105263,-0.3194658448895737,0.021222410865874366,-0.08046937864480706,0.08280470479400007
"frozenset({'National Ketchup (1kg)', 'Chicken'})",frozenset({'Thal Sugar (200ml)'}),0.0354,0.1964,0.005,0.14124293785310735,0.7191595613702004,1.0,-0.0019525599999999999,0.935771052631579,-0.2881769182178299,0.02204585537918871,-0.06863745911758666,0.08335059316280621
"frozenset({'Chicken', 'Thal Sugar (200ml)'})",frozenset({'National Ketchup (1kg)'}),0.0354,0.2048,0.005,0.14124293785310735,0.6896627824858756,1.0,-0.0022499200000000007,0.9259894736842106,-0.318103414148612,0.021258503401360544,-0.07992588298150485,0.08282850017655367
"frozenset({'Lux Soap', 'Noodles'})",frozenset({'Pepsi 1L'}),0.0354,0.2052,0.005,0.14124293785310735,0.6883184105901917,1.0,-0.00226408,0.9255236842105263,-0.3194658448895737,0.021222410865874366,-0.08046937864480706,0.08280470479400007
"frozenset({'Chicken', 'Shan Biryani Masala'})",frozenset({'Frozen Paratha'}),0.0354,0.197,0.005,0.14124293785310735,0.7169692276807479,1.0,-0.0019738000000000004,0.9350723684210526,-0.2904013653483993,0.02198768689533861,-0.06943594289774928,0.08331182425650291
"frozenset({'Lux Soap', 'Noodles'})",frozenset({'Dalda Cooking Oil (500ml)'}),0.0354,0.2026,0.005,0.14124293785310735,0.6971517169452485,1.0,-0.00217204,0.9285513157894737,-0.3105114481118049,0.021459227467811162,-0.07694640349497449,0.08296105431648457
"frozenset({'Chicken', 'Thal Sugar (200ml)'})",frozenset({'Dalda Cooking Oil (500ml)'}),0.0354,0.2026,0.005,0.14124293785310735,0.6971517169452485,1.0,-0.00217204,0.9285513157894737,-0.3105114481118049,0.021459227467811162,-0.07694640349497449,0.08296105431648457
"frozenset({'Chicken', 'National Ketchup (1kg)'})",frozenset({'Jam'}),0.0354,0.1984,0.005,0.14124293785310735,0.7119099690176782,1.0,-0.00202336,0.9334421052631579,-0.29553806694360213,0.021853146853146852,-0.07130372024312955,0.08322227537816658
"frozenset({'Frozen Paratha', 'Bread'})",frozenset({'Pepsi 1L'}),0.0398,0.2052,0.0056,0.1407035175879397,0.6856896568613046,1.0,-0.002566960000000001,0.9249426900584794,-0.3231286693990998,0.023391812865497075,-0.08114806544043822,0.08399698296550981
"frozenset({'Frozen Paratha', 'Nestle Water'})",frozenset({'Eggs'}),0.0398,0.1982,0.0056,0.1407035175879397,0.7099067486777987,1.0,-0.0022883600000000006,0.9330888888888889,-0.2985279460646953,0.024096385542168676,-0.07170925718640594,0.08447890309265804
"frozenset({'Frozen Paratha', 'Nestle Water'})",frozenset({'Noodles'}),0.0398,0.2052,0.0056,0.1407035175879397,0.6856896568613046,1.0,-0.002566960000000001,0.9249426900584794,-0.3231286693990998,0.023391812865497075,-0.08114806544043822,0.08399698296550981
"frozenset({'Noodles', 'Nestle Water'})",frozenset({'Frozen Paratha'}),0.0398,0.197,0.0056,0.1407035175879397,0.7142310537458868,1.0,-0.0022406000000000014,0.9344853801169589,-0.2941300021528753,0.024221453287197228,-0.07010769914328807,0.084564956763513
"frozenset({'Noodles', 'Nestle Water'})",frozenset({'Shan Biryani Masala'}),0.0398,0.2088,0.0056,0.1407035175879397,0.6738674213981786,1.0,-0.0027102400000000018,0.920753216374269,-0.3351204843113205,0.023045267489711932,-0.08606734379684064,0.0837617204797936
"frozenset({'Shan Biryani Masala', 'Eggs'})",frozenset({'Tapal Tea (250g)'}),0.0384,0.1996,0.0054,0.14062500000000003,0.7045340681362727,1.0,-0.002264639999999999,0.9313745454545455,-0.3036817713697218,0.023215821152192607,-0.07368190904547722,0.08383955410821645
"frozenset({'Dalda Cooking Oil (500ml)', 'Eggs'})",frozenset({'Chicken'}),0.037,0.198,0.0052,0.14054054054054055,0.7098007098007099,1.0,-0.0021260000000000003,0.9331446540880504,-0.29802624200964456,0.022628372497824192,-0.07164521129608412,0.0834015834015834
"frozenset({'Butter', 'Eggs'})",frozenset({'Bread'}),0.037,0.2058,0.0052,0.14054054054054055,0.6828986420823155,1.0,-0.0024146000000000003,0.9240691823899372,-0.32532133329740515,0.021885521885521883,-0.08217005723930931,0.08290389514879311
"frozenset({'Lays Chips', 'Nestle Water'})",frozenset({'Noodles'}),0.037,0.2052,0.0052,0.14054054054054055,0.684895421737527,1.0,-0.0023923999999999994,0.9247672955974843,-0.3232972972972973,0.021940928270042195,-0.0813531196017356,0.08294083557241452
"frozenset({'Butter', 'National Ketchup (1kg)'})",frozenset({'Lux Soap'}),0.037,0.1936,0.0052,0.14054054054054055,0.7259325441143624,1.0,-0.0019632,0.9382641509433962,-0.28163195042175937,0.023070097604259095,-0.06579794079794078,0.08370002233638597
"frozenset({'Dalda Cooking Oil (500ml)', 'Eggs'})",frozenset({'Guard Rice (1kg)'}),0.037,0.1952,0.0052,0.14054054054054055,0.7199822773593265,1.0,-0.0020224000000000006,0.9364025157232704,-0.2876813655761025,0.02290748898678414,-0.0679168233840202,0.08358994240141782
"frozenset({'Butter', 'National Ketchup (1kg)'})",frozenset({'Frozen Paratha'}),0.037,0.197,0.0052,0.14054054054054055,0.7134037590890383,1.0,-0.0020890000000000006,0.9343081761006289,-0.29436631626412657,0.022727272727272724,-0.07031065935175525,0.08346823981341749
"frozenset({'Biscuits', 'Jam'})",frozenset({'Tapal Tea (250g)'}),0.037,0.1996,0.0052,0.14054054054054055,0.7041109245518063,1.0,-0.0021852,0.9312830188679245,-0.30380380380380384,0.02247191011235955,-0.07378743060901981,0.08329632237447869
"frozenset({'Pepsi 1L', 'Tapal Tea (250g)'})",frozenset({'Thal Sugar (200ml)'}),0.0356,0.1964,0.005,0.1404494382022472,0.7151193391153117,1.0,-0.00199184,0.9349071895424836,-0.2923226844187712,0.022026431718061675,-0.06962489024110602,0.08295384333737615
"frozenset({'Biscuits', 'Tapal Tea (250g)'})",frozenset({'Olpers Milk (Pack of 6)'}),0.0356,0.196,0.005,0.1404494382022472,0.7165787663379959,1.0,-0.0019776000000000004,0.9353725490196079,-0.29084063768456975,0.02206531332744925,-0.06909273855441891,0.08297982114193993
"frozenset({'Dalda Cooking Oil (500ml)', 'Guard Rice (1kg)'})",frozenset({'Lux Soap'}),0.0356,0.1936,0.005,0.1404494382022472,0.7254619741851612,1.0,-0.0018921599999999995,0.938164705882353,-0.2818163403910541,0.022301516503122214,-0.06591091492776883,0.08313794224161947
"frozenset({'Jam', 'Lays Chips'})",frozenset({'Eggs'}),0.0356,0.1982,0.005,0.1404494382022472,0.7086248143402988,1.0,-0.0020559199999999993,0.932813071895425,-0.2989159513341242,0.021853146853146856,-0.07202614342448588,0.08283824079638091
"frozenset({'Lays Chips', 'Eggs'})",frozenset({'Jam'}),0.0356,0.1984,0.005,0.1404494382022472,0.7079104748097137,1.0,-0.0020630399999999995,0.9325803921568627,-0.29964096069158636,0.02183406113537118,-0.07229361501715668,0.0828255255527365
"frozenset({'Nestle Water', 'Tapal Tea (250g)'})",frozenset({'Lays Chips'}),0.0414,0.206,0.0058,0.1400966183574879,0.6800806716382909,1.0,-0.0027284000000000006,0.9233595505617977,-0.32918772049206846,0.024006622516556293,-0.08300174010391949,0.08412597908165657
"frozenset({'Nestle Water', 'Tapal Tea (250g)'})",frozenset({'Shan Biryani Masala'}),0.0414,0.2088,0.0058,0.1400966183574879,0.670960815888352,1.0,-0.002844320000000001,0.9201033707865168,-0.33844030365769506,0.02373158756137479,-0.08683440551379185,0.08393719806763283
"frozenset({'Lays Chips', 'Frozen Paratha'})",frozenset({'Noodles'}),0.04,0.2052,0.0056,0.13999999999999999,0.682261208576998,1.0,-0.002608,0.9241860465116278,-0.32665330661322645,0.02337228714524207,-0.08203321590337194,0.08364522417153995
"frozenset({'Lays Chips', 'Frozen Paratha'})",frozenset({'Butter'}),0.04,0.1966,0.0056,0.13999999999999999,0.7121057985757884,1.0,-0.0022639999999999995,0.934186046511628,-0.29633507853403135,0.024242424242424242,-0.07045058501369182,0.08424211597151576
"frozenset({'Noodles', 'Shan Biryani Masala'})",frozenset({'Olpers Milk (Pack of 6)'}),0.04,0.196,0.0056,0.13999999999999999,0.7142857142857142,1.0,-0.00224,0.9348837209302326,-0.2941176470588235,0.024305555555555552,-0.06965174129353237,0.08428571428571428
"frozenset({'Noodles', 'Shan Biryani Masala'})",frozenset({'Nestle Water'}),0.04,0.2062,0.0056,0.13999999999999999,0.678952473326867,1.0,-0.002648,0.9230232558139536,-0.3300099700897308,0.023275145469659184,-0.0833963214915596,0.08357904946653734
"frozenset({'National Ketchup (1kg)', 'Nestle Water'})",frozenset({'Eggs'}),0.0386,0.1982,0.0054,0.13989637305699482,0.7058343746568861,1.0,-0.0022505199999999998,0.9322132530120484,-0.30240470406123016,0.023336214347450306,-0.0727159228523387,0.08357078995937531
"frozenset({'Jam', 'Nestle Water'})",frozenset({'Olpers Milk (Pack of 6)'}),0.0386,0.196,0.0054,0.13989637305699482,0.7137570053928307,1.0,-0.0021656,0.9347710843373495,-0.2943527121878551,0.02356020942408377,-0.06978063052612586,0.08372369673257904
"frozenset({'Noodles', 'Bread'})",frozenset({'Guard Rice (1kg)'}),0.0386,0.1952,0.0054,0.13989637305699482,0.7166822390214898,1.0,-0.0021347200000000005,0.9357012048192771,-0.29137843489465326,0.023642732049036778,-0.06871723029697466,0.08378015374161216
"frozenset({'Eggs', 'Tapal Tea (250g)'})",frozenset({'Frozen Paratha'}),0.0386,0.197,0.0054,0.13989637305699482,0.7101338733857605,1.0,-0.0022042000000000008,0.9336084337349397,-0.29803563122654064,0.023457862728062554,-0.07111286045206126,0.08365377028484258
"frozenset({'Dalda Cooking Oil (500ml)', 'National Ketchup (1kg)'})",frozenset({'Shan Biryani Masala'}),0.0386,0.2088,0.0054,0.13989637305699482,0.6700017866714311,1.0,-0.002659680000000001,0.919889156626506,-0.3387592278417168,0.02231404958677686,-0.0870874961362553,0.08287922101125603
"frozenset({'Eggs', 'Tapal Tea (250g)'})",frozenset({'Bread'}),0.0386,0.2058,0.0054,0.13989637305699482,0.6797685765646007,1.0,-0.00254388,0.923377108433735,-0.32886041388725135,0.022594142259414224,-0.08298114699446638,0.0830677200561942
"frozenset({'Eggs', 'Tapal Tea (250g)'})",frozenset({'Shan Biryani Masala'}),0.0386,0.2088,0.0054,0.13989637305699482,0.6700017866714311,1.0,-0.002659680000000001,0.919889156626506,-0.3387592278417168,0.02231404958677686,-0.0870874961362553,0.08287922101125603
"frozenset({'Pepsi 1L', 'Olpers Milk (Pack of 6)'})",frozenset({'Noodles'}),0.0372,0.2052,0.0052,0.13978494623655915,0.6812131882873254,1.0,-0.0024334399999999994,0.923955,-0.3270752688172043,0.021922428330522766,-0.08230379185133473,0.08256303842042383
"frozenset({'Pepsi 1L', 'Olpers Milk (Pack of 6)'})",frozenset({'Thal Sugar (200ml)'}),0.0372,0.1964,0.0052,0.13978494623655915,0.7117359788012178,1.0,-0.002106079999999999,0.9341849999999999,-0.2961038376748998,0.022767075306479864,-0.07045178417551125,0.08313076232398223
"frozenset({'Olpers Milk (Pack of 6)', 'Tapal Tea (250g)'})",frozenset({'Guard Rice (1kg)'}),0.0372,0.1952,0.0052,0.13978494623655915,0.7161114049004055,1.0,-0.0020614400000000003,0.93558,-0.2916581777023204,0.022887323943661973,-0.06885568310566707,0.08321214524942712
"frozenset({'Olpers Milk (Pack of 6)', 'Tapal Tea (250g)'})",frozenset({'Butter'}),0.0372,0.1966,0.0052,0.13978494623655915,0.7110119340618472,1.0,-0.00211352,0.9339525,-0.2968393613554904,0.022747156605424323,-0.07071826457983675,0.08311729509182994
"frozenset({'Pepsi 1L', 'Olpers Milk (Pack of 6)'})",frozenset({'Biscuits'}),0.0372,0.1972,0.0052,0.13978494623655915,0.7088486117472574,1.0,-0.002135839999999999,0.933255,-0.29903673835125444,0.022687609075043632,-0.07151850244574096,0.08307705729677856
"frozenset({'Lux Soap', 'Tapal Tea (250g)'})",frozenset({'Frozen Paratha'}),0.0358,0.197,0.005,0.13966480446927376,0.7089583983211866,1.0,-0.0020526,0.9333571428571428,-0.29862081005586594,0.021949078138718173,-0.07140123976429172,0.08252275756458612
"frozenset({'Lux Soap', 'Tapal Tea (250g)'})",frozenset({'Noodles'}),0.0358,0.2052,0.005,0.13966480446927376,0.6806277020919774,1.0,-0.002346159999999999,0.923825974025974,-0.32734862902460654,0.021186440677966104,-0.0824549515988,0.08201563810208327
"frozenset({'Jam', 'National Ketchup (1kg)'})",frozenset({'Butter'}),0.0358,0.1966,0.005,0.13966480446927376,0.7104008365680252,1.0,-0.002038279999999999,0.9338220779220779,-0.29715655287435405,0.02198768689533861,-0.07086780623690096,0.08254857720920453
"frozenset({'Lux Soap', 'Bread'})",frozenset({'Surf Excel'}),0.0358,0.2112,0.005,0.13966480446927376,0.6612916878280007,1.0,-0.0025609599999999993,0.916851948051948,-0.3469214138250545,0.02066115702479339,-0.09068863530771583,0.0816695234467581
"frozenset({'Olpers Milk (Pack of 6)', 'Shan Biryani Masala'})",frozenset({'Frozen Paratha'}),0.0358,0.197,0.005,0.13966480446927376,0.7089583983211866,1.0,-0.0020526,0.9333571428571428,-0.29862081005586594,0.021949078138718173,-0.07140123976429172,0.08252275756458612
"frozenset({'Jam', 'National Ketchup (1kg)'})",frozenset({'Chicken'}),0.0358,0.198,0.005,0.13966480446927376,0.7053778003498674,1.0,-0.0020884,0.9321948051948052,-0.30225489912293396,0.021853146853146852,-0.07273715153457137,0.0824586648608995
"frozenset({'Chicken', 'Surf Excel'})",frozenset({'Tapal Tea (250g)'}),0.0358,0.1996,0.005,0.13966480446927376,0.6997234692849387,1.0,-0.0021456799999999996,0.9303350649350649,-0.3079917550397033,0.02170138888888889,-0.0748815536365895,0.08235745233483728
"frozenset({'Olpers Milk (Pack of 6)', 'Shan Biryani Masala'})",frozenset({'Tapal Tea (250g)'}),0.0358,0.1996,0.005,0.13966480446927376,0.6997234692849387,1.0,-0.0021456799999999996,0.9303350649350649,-0.3079917550397033,0.02170138888888889,-0.0748815536365895,0.08235745233483728
"frozenset({'Noodles', 'National Ketchup (1kg)'})",frozenset({'Olpers Milk (Pack of 6)'}),0.043,0.196,0.006,0.13953488372093026,0.7119126720455625,1.0,-0.0024279999999999996,0.9343783783783784,-0.29718482252141976,0.025751072961373394,-0.0702302441281962,0.08507356430944472
"frozenset({'Noodles', 'National Ketchup (1kg)'})",frozenset({'Jam'}),0.043,0.1984,0.006,0.13953488372093026,0.7033008252063018,1.0,-0.002531199999999999,0.9315891891891892,-0.30595174781221285,0.02548853016142736,-0.07343452629624468,0.08488840960240061
"frozenset({'Biscuits', 'Shan Biryani Masala'})",frozenset({'Tapal Tea (250g)'}),0.0416,0.1996,0.0058,0.13942307692307693,0.6985124094342532,1.0,-0.0025033599999999996,0.9300737430167597,-0.31051043899341113,0.02463891248937978,-0.07518356206512128,0.08424059657777093
"frozenset({'Biscuits', 'Shan Biryani Masala'})",frozenset({'Frozen Paratha'}),0.0416,0.197,0.0058,0.13942307692307693,0.7077313549394768,1.0,-0.0023952,0.933094972067039,-0.30113453492114584,0.024914089347079036,-0.07170227033240734,0.08443235064427958
"frozenset({'Dalda Cooking Oil (500ml)', 'Lays Chips'})",frozenset({'Noodles'}),0.0416,0.2052,0.0058,0.13942307692307693,0.6794496926075874,1.0,-0.0027363200000000004,0.9235664804469272,-0.32987423809891214,0.024066390041493774,-0.08275908791761835,0.08384409206777628
"frozenset({'Biscuits', 'Shan Biryani Masala'})",frozenset({'Chicken'}),0.0416,0.198,0.0058,0.13942307692307693,0.7041569541569541,1.0,-0.002436800000000001,0.9319329608938548,-0.30477067157608273,0.024807527801539775,-0.07303855745252254,0.08435800310800311
"frozenset({'Dalda Cooking Oil (500ml)', 'Surf Excel'})",frozenset({'Tapal Tea (250g)'}),0.0388,0.1996,0.0054,0.13917525773195877,0.6972708303204347,1.0,-0.0023444800000000003,0.9298059880239521,-0.3111469735738478,0.02317596566523605,-0.07549318124442933,0.08311468297419582
"frozenset({'Dalda Cooking Oil (500ml)', 'Surf Excel'})",frozenset({'Biscuits'}),0.0388,0.1972,0.0054,0.13917525773195877,0.7057568850505009,1.0,-0.002251359999999999,0.9325940119760479,-0.30252733195016274,0.02341717259323504,-0.07227795499257751,0.0832793124359591
"frozenset({'Noodles', 'Pepsi 1L'})",frozenset({'Jam'}),0.0388,0.1984,0.0054,0.13917525773195877,0.7014881942135018,1.0,-0.0022979199999999993,0.9311999999999999,-0.3068639495753431,0.023295944779982744,-0.07388316151202748,0.08319649983372132
"frozenset({'Dalda Cooking Oil (500ml)', 'Tapal Tea (250g)'})",frozenset({'Surf Excel'}),0.0388,0.2112,0.0054,0.13917525773195877,0.6589737582005624,1.0,-0.0027945599999999998,0.9163305389221555,-0.3499744522256619,0.022076860179885527,-0.09130925743920035,0.0823717197750703
"frozenset({'Olpers Milk (Pack of 6)', 'Frozen Paratha'})",frozenset({'Eggs'}),0.0374,0.1982,0.0052,0.1390374331550802,0.7015006718217972,1.0,-0.0022126800000000007,0.9312832298136646,-0.30654179712393687,0.022569444444444448,-0.07378718738453455,0.0826367791406077
"frozenset({'Butter', 'Jam'})",frozenset({'Lux Soap'}),0.0374,0.1936,0.0052,0.1390374331550802,0.7181685596853316,1.0,-0.0020406400000000007,0.9366260869565217,-0.28961022741464865,0.023029229406554476,-0.06766191325014857,0.08294846864365579
"frozenset({'Butter', 'Jam'})",frozenset({'Frozen Paratha'}),0.0374,0.197,0.0052,0.1390374331550802,0.7057737723608131,1.0,-0.002167800000000001,0.9326770186335402,-0.3022031639464015,0.022687609075043632,-0.07218252409080925,0.0827166861206873
"frozenset({'Noodles', 'Chicken'})",frozenset({'Surf Excel'}),0.0374,0.2112,0.0052,0.1390374331550802,0.6583211797115539,1.0,-0.0026988800000000007,0.916183850931677,-0.3503037225481544,0.021364009860312245,-0.0914839843368659,0.08182932263814616
"frozenset({'Noodles', 'Chicken'})",frozenset({'Biscuits'}),0.0374,0.1972,0.0052,0.1390374331550802,0.7050579774598387,1.0,-0.00217528,0.9324447204968943,-0.30293003565062393,0.022667829119442026,-0.07244963483422995,0.08270330075603907
"frozenset({'Butter', 'Jam'})",frozenset({'Tapal Tea (250g)'}),0.0374,0.1996,0.0052,0.1390374331550802,0.6965803264282574,1.0,-0.002265040000000001,0.9296571428571428,-0.3115358376796287,0.022433132010353754,-0.07566537586821566,0.08254476868174851
"frozenset({'Butter', 'Lays Chips'})",frozenset({'Chicken'}),0.036,0.198,0.005,0.1388888888888889,0.7014590347923682,1.0,-0.0021279999999999997,0.9313548387096774,-0.30627518710420265,0.021834061135371178,-0.07370462732058743,0.08207070707070707
"frozenset({'Guard Rice (1kg)', 'Shan Biryani Masala'})",frozenset({'Bread'}),0.036,0.2058,0.005,0.1388888888888889,0.6748731238527157,1.0,-0.0024088,0.9222967741935484,-0.3332226648959717,0.021114864864864864,-0.08424969920814797,0.08159216067379332
"frozenset({'Pepsi 1L', 'Bread'})",frozenset({'Olpers Milk (Pack of 6)'}),0.036,0.196,0.005,0.1388888888888889,0.7086167800453514,1.0,-0.0020559999999999997,0.9336774193548387,-0.2990110529377545,0.022026431718061675,-0.07103372028745163,0.08219954648526077
"frozenset({'Guard Rice (1kg)', 'Shan Biryani Masala'})",frozenset({'Tapal Tea (250g)'}),0.036,0.1996,0.005,0.1388888888888889,0.6958361166778001,1.0,-0.0021855999999999993,0.9294967741935484,-0.311978988237981,0.02168256721595837,-0.07585096340718529,0.08196949454464485
"frozenset({'Pepsi 1L', 'Bread'})",frozenset({'Butter'}),0.036,0.1966,0.005,0.1388888888888889,0.7064541652537584,1.0,-0.002077599999999999,0.9329806451612903,-0.3012062166550683,0.021968365553602813,-0.07183359610544075,0.0821606194190121
"frozenset({'Noodles', 'Eggs'})",frozenset({'Shan Biryani Masala'}),0.036,0.2088,0.005,0.1388888888888889,0.6651766709237974,1.0,-0.0025167999999999996,0.9188129032258064,-0.34303783665903387,0.020850708924103418,-0.08836085833052466,0.0814176245210728
"frozenset({'National Ketchup (1kg)', 'Frozen Paratha'})",frozenset({'Eggs'}),0.036,0.1982,0.005,0.1388888888888889,0.7007512052920731,1.0,-0.0021351999999999986,0.9311225806451613,-0.306993328732459,0.021815008726003494,-0.0739724508744214,0.08205796613970176
"frozenset({'National Ketchup (1kg)', 'Surf Excel'})",frozenset({'Lux Soap'}),0.0418,0.1936,0.0058,0.13875598086124402,0.7167147771758472,1.0,-0.0022924799999999995,0.9363199999999999,-0.29203418071755044,0.025261324041811844,-0.06801093643198905,0.08435732927359721
"frozenset({'Pepsi 1L', 'National Ketchup (1kg)'})",frozenset({'Jam'}),0.0404,0.1984,0.0056,0.13861386138613863,0.6986585755349729,1.0,-0.002415359999999999,0.9305931034482758,-0.3100940799474137,0.024013722126929676,-0.07458350625481708,0.08341983391887577
"frozenset({'Pepsi 1L', 'National Ketchup (1kg)'})",frozenset({'Bread'}),0.0404,0.2058,0.0056,0.13861386138613863,0.673536741429245,1.0,-0.00271432,0.9220022988505747,-0.3355950979713356,0.023275145469659184,-0.08459599422546132,0.08291237286994006
"frozenset({'Lux Soap', 'Eggs'})",frozenset({'Dalda Cooking Oil (500ml)'}),0.0404,0.2026,0.0056,0.13861386138613863,0.6841750315209212,1.0,-0.0025850399999999994,0.9257172413793103,-0.3248027340805146,0.02358887952822241,-0.08024346452703959,0.08312726632979192
"frozenset({'Biscuits', 'Pepsi 1L'})",frozenset({'Dalda Cooking Oil (500ml)'}),0.0404,0.2026,0.0056,0.13861386138613863,0.6841750315209212,1.0,-0.0025850399999999994,0.9257172413793103,-0.3248027340805146,0.02358887952822241,-0.08024346452703959,0.08312726632979192
"frozenset({'Nestle Water', 'Surf Excel'})",frozenset({'Biscuits'}),0.0404,0.1972,0.0056,0.13861386138613863,0.7029100475970519,1.0,-0.002366879999999999,0.9319862068965516,-0.30577316604311783,0.024137931034482762,-0.07297725288223887,0.08350571365452976
"frozenset({'Lays Chips', 'Bread'})",frozenset({'Pepsi 1L'}),0.0404,0.2052,0.0056,0.13861386138613863,0.6755061471059387,1.0,-0.00269008,0.9226988505747126,-0.333597888847001,0.023333333333333334,-0.08377722523133037,0.08295215486460927
"frozenset({'Lays Chips', 'Bread'})",frozenset({'Lux Soap'}),0.0404,0.1936,0.0056,0.13861386138613863,0.7159806889779888,1.0,-0.002221439999999999,0.9361655172413793,-0.2924794607120285,0.024518388791593695,-0.06818717586044316,0.08376974061042469
"frozenset({'Dalda Cooking Oil (500ml)', 'Pepsi 1L'})",frozenset({'Olpers Milk (Pack of 6)'}),0.039,0.196,0.0054,0.13846153846153847,0.706436420722135,1.0,-0.0022440000000000003,0.9332142857142857,-0.3018807006215191,0.0235191637630662,-0.07156525066972828,0.08300627943485087
"frozenset({'Olpers Milk (Pack of 6)', 'Surf Excel'})",frozenset({'Thal Sugar (200ml)'}),0.039,0.1964,0.0054,0.13846153846153847,0.7049976500078334,1.0,-0.0022595999999999996,0.93275,-0.30334273056786143,0.02347826086956522,-0.07209863307424282,0.08297822340592198
"frozenset({'Olpers Milk (Pack of 6)', 'Surf Excel'})",frozenset({'Shan Biryani Masala'}),0.039,0.2088,0.0054,0.13846153846153847,0.6631299734748011,1.0,-0.0027431999999999995,0.9183571428571429,-0.34581347855684125,0.022277227722772276,-0.08890098778875322,0.08216180371352785
"frozenset({'Lays Chips', 'Guard Rice (1kg)'})",frozenset({'Lux Soap'}),0.039,0.1936,0.0054,0.13846153846153847,0.7151938970120789,1.0,-0.0021503999999999994,0.9359999999999999,-0.2929780103000081,0.023767605633802816,-0.06837606837606836,0.08317705022250477
"frozenset({'Olpers Milk (Pack of 6)', 'Surf Excel'})",frozenset({'Eggs'}),0.039,0.1982,0.0054,0.13846153846153847,0.6985950477373284,1.0,-0.002329799999999999,0.9306607142857143,-0.3098467922119373,0.023295944779982744,-0.07450543968378837,0.08285337266164713
"frozenset({'Olpers Milk (Pack of 6)', 'Nestle Water'})",frozenset({'Thal Sugar (200ml)'}),0.0376,0.1964,0.0052,0.1382978723404255,0.7041643194522684,1.0,-0.00218464,0.9325728395061729,-0.303881420813674,0.022727272727272728,-0.07230229922794236,0.0823872253759154
"frozenset({'Biscuits', 'Noodles'})",frozenset({'Frozen Paratha'}),0.0376,0.197,0.0052,0.1382978723404255,0.7020196565503832,1.0,-0.002207200000000001,0.9318765432098765,-0.30605905974752085,0.022667829119442023,-0.07310352136933312,0.08234690571335997
"frozenset({'Biscuits', 'Noodles'})",frozenset({'Chicken'}),0.0376,0.198,0.0052,0.1382978723404255,0.6984741027294218,1.0,-0.002244800000000001,0.9307160493827161,-0.3096583384832702,0.022569444444444444,-0.07444155568525498,0.08228024930152589
"frozenset({'Bread', 'Eggs'})",frozenset({'Butter'}),0.0376,0.1966,0.0052,0.1382978723404255,0.7034479773165082,1.0,-0.0021921600000000003,0.9323407407407408,-0.3046088174481425,0.022707423580786028,-0.0725692403031796,0.0823737581437631
"frozenset({'Guard Rice (1kg)', 'Bread'})",frozenset({'National Ketchup (1kg)'}),0.0362,0.2048,0.005,0.13812154696132595,0.6744216160220993,1.0,-0.002413760000000001,0.9226358974358975,-0.3337259911845548,0.0211864406779661,-0.08385117333837282,0.08126780473066297
"frozenset({'Guard Rice (1kg)', 'Bread'})",frozenset({'Shan Biryani Masala'}),0.0362,0.2088,0.005,0.13812154696132595,0.6615016616921741,1.0,-0.0025585600000000014,0.9179948717948718,-0.34680300804059894,0.020833333333333332,-0.08933070404281353,0.08103395355729133
"frozenset({'Surf Excel', 'Bread'})",frozenset({'Guard Rice (1kg)'}),0.0406,0.1952,0.0056,0.13793103448275862,0.7066139061616732,1.0,-0.002325120000000001,0.9335680000000001,-0.3020515058926234,0.024326672458731536,-0.0711592513882224,0.08330977953646128
"frozenset({'Dalda Cooking Oil (500ml)', 'Shan Biryani Masala'})",frozenset({'Lux Soap'}),0.0406,0.1936,0.0056,0.13793103448275862,0.7124536905101169,1.0,-0.0022601599999999998,0.935424,-0.29611151870873076,0.024496937882764653,-0.06903393541324575,0.08342832715873469
"frozenset({'Dalda Cooking Oil (500ml)', 'Shan Biryani Masala'})",frozenset({'Nestle Water'}),0.0406,0.2062,0.0056,0.13793103448275862,0.668918692932874,1.0,-0.0027717199999999992,0.9208080000000002,-0.34032385601815235,0.02321724709784411,-0.08600272803885282,0.08254456670791666
"frozenset({'Dalda Cooking Oil (500ml)', 'Nestle Water'})",frozenset({'Shan Biryani Masala'}),0.0406,0.2088,0.0056,0.13793103448275862,0.6605892456070814,1.0,-0.0028772800000000003,0.917792,-0.3487645940809123,0.022969647251845773,-0.0895714933231059,0.08237547892720307
"frozenset({'Pepsi 1L', 'Shan Biryani Masala'})",frozenset({'Jam'}),0.0406,0.1984,0.0056,0.13793103448275862,0.6952169076751947,1.0,-0.0024550399999999995,0.929856,-0.31363571326370004,0.023993144815766924,-0.07543533622410352,0.08307842046718576
"frozenset({'Dalda Cooking Oil (500ml)', 'Shan Biryani Masala'})",frozenset({'Chicken'}),0.0406,0.198,0.0056,0.13793103448275862,0.6966213862765587,1.0,-0.0024388000000000005,0.9303200000000001,-0.3122087604846226,0.024034334763948496,-0.07489895949780721,0.08310693138279344
"frozenset({'Surf Excel', 'Bread'})",frozenset({'Pepsi 1L'}),0.0406,0.2052,0.0056,0.13793103448275862,0.672178530617732,1.0,-0.002731119999999999,0.921968,-0.3370188653168405,0.02331390507910075,-0.08463634312687641,0.08261074141291927
"frozenset({'Surf Excel', 'Bread'})",frozenset({'Tapal Tea (250g)'}),0.0406,0.1996,0.0056,0.13793103448275862,0.6910372469076083,1.0,-0.00250376,0.9284640000000001,-0.31788126555279056,0.023870417732310314,-0.07704768305502421,0.08299357335360376
"frozenset({'Eggs', 'Thal Sugar (200ml)'})",frozenset({'Noodles'}),0.0392,0.2052,0.0054,0.13775510204081634,0.6713211600429646,1.0,-0.0026438399999999997,0.9217798816568047,-0.3375620518477661,0.022594142259414224,-0.08485769748261658,0.08203544575725027
"frozenset({'Chicken', 'Bread'})",frozenset({'National Ketchup (1kg)'}),0.0392,0.2048,0.0054,0.13775510204081634,0.6726323341836735,1.0,-0.002628159999999999,0.9222437869822485,-0.33623318936401025,0.022632020117351215,-0.08431199441547242,0.08206114477040817
"frozenset({'Chicken', 'Frozen Paratha'})",frozenset({'Thal Sugar (200ml)'}),0.0392,0.1964,0.0054,0.13775510204081634,0.7014007232220791,1.0,-0.002298879999999999,0.931985798816568,-0.3070413505716421,0.023457862728062558,-0.07297772269684377,0.08262500519556092
"frozenset({'Dalda Cooking Oil (500ml)', 'Thal Sugar (200ml)'})",frozenset({'Butter'}),0.0378,0.1966,0.0052,0.13756613756613756,0.6997260303465797,1.0,-0.00223148,0.9315496932515337,-0.30843188314452685,0.022687609075043632,-0.07348003788133238,0.08200789075661913
"frozenset({'Dalda Cooking Oil (500ml)', 'Chicken'})",frozenset({'Eggs'}),0.0378,0.1982,0.0052,0.13756613756613756,0.6940773842892914,1.0,-0.00229196,0.9296944785276074,-0.3141650903308935,0.022530329289428077,-0.07562217814150964,0.08190113134613639
"frozenset({'Lux Soap', 'Frozen Paratha'})",frozenset({'Nestle Water'}),0.0378,0.2062,0.0052,0.13756613756613756,0.6671490667610939,1.0,-0.0025943600000000004,0.9204184049079756,-0.3414620021585197,0.021775544388609715,-0.08646241173326082,0.08139218614485345
"frozenset({'Butter', 'Bread'})",frozenset({'Pepsi 1L'}),0.0364,0.2052,0.005,0.13736263736263735,0.6694085641454062,1.0,-0.00246928,0.9213605095541401,-0.33884796522159155,0.02113271344040575,-0.08535148796849855,0.08086455454876507
"frozenset({'Noodles', 'Dalda Cooking Oil (500ml)'})",frozenset({'Lux Soap'}),0.0364,0.1936,0.005,0.13736263736263735,0.7095177549723004,1.0,-0.00204704,0.9348076433121019,-0.2981832589467796,0.022222222222222227,-0.06973879295307868,0.08159454182181454
"frozenset({'Butter', 'Bread'})",frozenset({'Shan Biryani Masala'}),0.0364,0.2088,0.005,0.13736263736263735,0.6578670371773819,1.0,-0.0026003200000000006,0.9171872611464967,-0.3505268039124762,0.020815986677768523,-0.09028989210991237,0.08065449875794703
"frozenset({'Pepsi 1L', 'Lays Chips'})",frozenset({'Bread'}),0.0408,0.2058,0.0056,0.1372549019607843,0.6669334400426836,1.0,-0.0027966400000000004,0.92055,-0.34238310708898945,0.023236514522821574,-0.08630709901689211,0.0822328931572629
"frozenset({'Pepsi 1L', 'Eggs'})",frozenset({'Jam'}),0.0408,0.1984,0.0056,0.1372549019607843,0.691808981657179,1.0,-0.0024947199999999998,0.9291272727272727,-0.31714262468472865,0.023972602739726026,-0.07627881491918126,0.0827403542061986
"frozenset({'Pepsi 1L', 'Chicken'})",frozenset({'Biscuits'}),0.0394,0.1972,0.0054,0.1370558375634518,0.6950093182730822,1.0,-0.002369679999999999,0.9303035294117648,-0.31357748924164863,0.02335640138408305,-0.07491799008040383,0.08221960235170561
"frozenset({'Noodles', 'Thal Sugar (200ml)'})",frozenset({'Eggs'}),0.0394,0.1982,0.0054,0.1370558375634518,0.6915027122273047,1.0,-0.0024090799999999983,0.9291447058823531,-0.31713777197379767,0.023255813953488375,-0.076258621148102,0.0821505222126038
"frozenset({'Noodles', 'Thal Sugar (200ml)'})",frozenset({'Dalda Cooking Oil (500ml)'}),0.0394,0.2026,0.0054,0.1370558375634518,0.6764848843210849,1.0,-0.00258244,0.9240458823529413,-0.3323740488668774,0.02282333051563821,-0.08219734441503411,0.08185467100285126
"frozenset({'Noodles', 'Thal Sugar (200ml)'})",frozenset({'Lux Soap'}),0.0394,0.1936,0.0054,0.1370558375634518,0.7079330452657634,1.0,-0.002227839999999999,0.9344752941176472,-0.30044719679356113,0.02372583479789104,-0.07011924905325917,0.08247419977346143
"frozenset({'National Ketchup (1kg)', 'Shan Biryani Masala'})",frozenset({'Eggs'}),0.038,0.1982,0.0052,0.1368421052631579,0.6904243454246111,1.0,-0.0023315999999999996,0.9289146341463416,-0.31791655304063265,0.022510822510822513,-0.07652518675086316,0.08153911519464656
"frozenset({'National Ketchup (1kg)', 'Shan Biryani Masala'})",frozenset({'Lux Soap'}),0.038,0.1936,0.0052,0.1368421052631579,0.7068290561113528,1.0,-0.0021567999999999995,0.9342439024390243,-0.3012627109174209,0.022968197879858657,-0.07038429406850458,0.08185080469769465
"frozenset({'Butter', 'Shan Biryani Masala'})",frozenset({'Nestle Water'}),0.038,0.2062,0.0052,0.1368421052631579,0.663637755883404,1.0,-0.0026356,0.9196463414634147,-0.3450641529196125,0.021757322175732216,-0.08737452095848083,0.08103016999336363
"frozenset({'Pepsi 1L', 'Thal Sugar (200ml)'})",frozenset({'Tapal Tea (250g)'}),0.0366,0.1996,0.005,0.1366120218579235,0.6844289672240657,1.0,-0.0023053600000000002,0.9270455696202532,-0.3236792299181732,0.021626297577854673,-0.07869562486516303,0.08083106102916215
"frozenset({'Pepsi 1L', 'Guard Rice (1kg)'})",frozenset({'Lux Soap'}),0.0366,0.1936,0.005,0.1366120218579235,0.7056406087702661,1.0,-0.00208576,0.9339949367088608,-0.3021631926939369,0.022202486678507993,-0.07066961575158294,0.08121923406945762
"frozenset({'Noodles', 'Surf Excel'})",frozenset({'Lux Soap'}),0.041,0.1936,0.0056,0.13658536585365852,0.7055029227978229,1.0,-0.0023375999999999996,0.9339661016949152,-0.30326933056564603,0.02445414847161572,-0.07070267131242743,0.08275549284418462
"frozenset({'Pepsi 1L', 'Surf Excel'})",frozenset({'Bread'}),0.041,0.2058,0.0056,0.13658536585365852,0.6636801061888169,1.0,-0.0028378000000000006,0.9198361581920904,-0.3457274432884189,0.02321724709784411,-0.0871501311336458,0.08189812510370001
"frozenset({'Chicken', 'Nestle Water'})",frozenset({'Eggs'}),0.041,0.1982,0.0056,0.13658536585365852,0.6891289901799118,1.0,-0.0025262,0.9286384180790961,-0.31990983461236483,0.023972602739726026,-0.07684539055417992,0.08241982722551745
"frozenset({'Surf Excel', 'Shan Biryani Masala'})",frozenset({'Olpers Milk (Pack of 6)'}),0.0396,0.196,0.0054,0.13636363636363635,0.6957328385899814,1.0,-0.002361600000000001,0.9309473684210526,-0.31288753219498244,0.023457862728062554,-0.07417458163726823,0.08195732838589981
"frozenset({'Chicken', 'Olpers Milk (Pack of 6)'})",frozenset({'Dalda Cooking Oil (500ml)'}),0.0396,0.2026,0.0054,0.13636363636363635,0.6730682939962308,1.0,-0.0026229600000000006,0.9233052631578947,-0.3358841969389637,0.022804054054054054,-0.08306541715119595,0.08150857040294354
"frozenset({'Surf Excel', 'Tapal Tea (250g)'})",frozenset({'Biscuits'}),0.0396,0.1972,0.0054,0.13636363636363635,0.6914991702009957,1.0,-0.00240912,0.929557894736842,-0.3171864631718646,0.023336214347450306,-0.07578022376228655,0.08187350175179789
"frozenset({'Surf Excel', 'Tapal Tea (250g)'})",frozenset({'Dalda Cooking Oil (500ml)'}),0.0396,0.2026,0.0054,0.13636363636363635,0.6730682939962308,1.0,-0.0026229600000000006,0.9233052631578947,-0.3358841969389637,0.022804054054054054,-0.08306541715119595,0.08150857040294354
"frozenset({'Nestle Water', 'Shan Biryani Masala'})",frozenset({'Butter'}),0.0382,0.1966,0.0052,0.13612565445026178,0.692399056206825,1.0,-0.0023101199999999997,0.9299963636363636,-0.3159579182326971,0.022648083623693378,-0.07527302159539234,0.08128764919868126
"frozenset({'Olpers Milk (Pack of 6)', 'Eggs'})",frozenset({'Lays Chips'}),0.0382,0.206,0.0052,0.13612565445026178,0.6608041478168049,1.0,-0.0026692,0.9191151515151516,-0.3479798085146326,0.02175732217573222,-0.08800295409286928,0.08068418644843187
"frozenset({'Olpers Milk (Pack of 6)', 'Eggs'})",frozenset({'Frozen Paratha'}),0.0382,0.197,0.0052,0.13612565445026178,0.6909931697982832,1.0,-0.0023254,0.9295333333333333,-0.31738449191730045,0.02260869565217391,-0.07580864950154201,0.0812607967682781
"frozenset({'Butter', 'Surf Excel'})",frozenset({'Olpers Milk (Pack of 6)'}),0.0382,0.196,0.0052,0.13612565445026178,0.6945186451543969,1.0,-0.0022872000000000005,0.9306909090909092,-0.31380684250386914,0.022707423580786024,-0.07447057904196296,0.08132813334757988
"frozenset({'Butter', 'Surf Excel'})",frozenset({'Dalda Cooking Oil (500ml)'}),0.0382,0.2026,0.0052,0.13612565445026178,0.6718936547396929,1.0,-0.0025393200000000003,0.9230509090909091,-0.3367494708700012,0.022071307300509338,-0.08336386449678733,0.08089599603065903
"frozenset({'Butter', 'Surf Excel'})",frozenset({'Thal Sugar (200ml)'}),0.0382,0.1964,0.0052,0.13612565445026178,0.6931041468954267,1.0,-0.002302479999999999,0.9302278787878788,-0.31524239304256385,0.022667829119442026,-0.07500540760295944,0.08130111643083354
"frozenset({'Frozen Paratha', 'Thal Sugar (200ml)'})",frozenset({'Guard Rice (1kg)'}),0.0368,0.1952,0.005,0.1358695652173913,0.6960531004989308,1.0,-0.0021833600000000005,0.9313408805031447,-0.31193709139121295,0.022026431718061675,-0.07372071916328121,0.08074215965787597
"frozenset({'Frozen Paratha', 'Shan Biryani Masala'})",frozenset({'Chicken'}),0.0368,0.198,0.005,0.1358695652173913,0.6862099253403601,1.0,-0.0022864,0.9281006289308177,-0.3219193512052264,0.02175805047867711,-0.07746937005312807,0.08056104523495827
"frozenset({'Lux Soap', 'Shan Biryani Masala'})",frozenset({'Surf Excel'}),0.0368,0.2112,0.005,0.1358695652173913,0.6433218050065875,1.0,-0.00277216,0.9128251572327044,-0.36532703580314596,0.0205761316872428,-0.09550004409559927,0.07977190382081686
"frozenset({'Frozen Paratha', 'Shan Biryani Masala'})",frozenset({'Olpers Milk (Pack of 6)'}),0.0368,0.196,0.005,0.1358695652173913,0.6932120674356699,1.0,-0.0022128,0.9304150943396228,-0.31481903027543817,0.021949078138718173,-0.07478909798831929,0.08068988464951198
"frozenset({'Thal Sugar (200ml)', 'Tapal Tea (250g)'})",frozenset({'Pepsi 1L'}),0.0368,0.2052,0.005,0.1358695652173913,0.6621323841003475,1.0,-0.00255136,0.9197685534591195,-0.34630586804499847,0.021097046413502112,-0.08723003873000591,0.08011801847614204
"frozenset({'Noodles', 'Lays Chips'})",frozenset({'Bread'}),0.0368,0.2058,0.005,0.1358695652173913,0.6602019689863522,1.0,-0.0025734399999999998,0.919074213836478,-0.3482591373635891,0.021043771043771045,-0.08805141624604472,0.08008249883804452
"frozenset({'Thal Sugar (200ml)', 'Tapal Tea (250g)'})",frozenset({'Guard Rice (1kg)'}),0.0368,0.1952,0.005,0.1358695652173913,0.6960531004989308,1.0,-0.0021833600000000005,0.9313408805031447,-0.31193709139121295,0.022026431718061675,-0.07372071916328121,0.08074215965787597
"frozenset({'Lux Soap', 'Pepsi 1L'})",frozenset({'Noodles'}),0.0368,0.2052,0.005,0.1358695652173913,0.6621323841003475,1.0,-0.00255136,0.9197685534591195,-0.34630586804499847,0.021097046413502112,-0.08723003873000591,0.08011801847614204
"frozenset({'National Ketchup (1kg)', 'Bread'})",frozenset({'Guard Rice (1kg)'}),0.0368,0.1952,0.005,0.1358695652173913,0.6960531004989308,1.0,-0.0021833600000000005,0.9313408805031447,-0.31193709139121295,0.022026431718061675,-0.07372071916328121,0.08074215965787597
"frozenset({'Lux Soap', 'Pepsi 1L'})",frozenset({'Guard Rice (1kg)'}),0.0368,0.1952,0.005,0.1358695652173913,0.6960531004989308,1.0,-0.0021833600000000005,0.9313408805031447,-0.31193709139121295,0.022026431718061675,-0.07372071916328121,0.08074215965787597
"frozenset({'Biscuits', 'Eggs'})",frozenset({'Surf Excel'}),0.0368,0.2112,0.005,0.1358695652173913,0.6433218050065875,1.0,-0.00277216,0.9128251572327044,-0.36532703580314596,0.0205761316872428,-0.09550004409559927,0.07977190382081686
"frozenset({'Dalda Cooking Oil (500ml)', 'Bread'})",frozenset({'Biscuits'}),0.0428,0.1972,0.0058,0.13551401869158877,0.6871907641561297,1.0,-0.002640159999999999,0.9286443243243242,-0.32228830359671473,0.02476515798462852,-0.07683854173942603,0.08246289169873557
"frozenset({'Nestle Water', 'Bread'})",frozenset({'Eggs'}),0.0428,0.1982,0.0058,0.13551401869158877,0.6837236059111442,1.0,-0.00268296,0.9274875675675676,-0.325810713661181,0.02465986394557823,-0.07818156810727264,0.08238869451229287
"frozenset({'Dalda Cooking Oil (500ml)', 'Bread'})",frozenset({'Surf Excel'}),0.0428,0.2112,0.0058,0.13551401869158877,0.6416383460775984,1.0,-0.00323936,0.9124497297297296,-0.3684809216573088,0.023368251410153102,-0.09595078766279315,0.081488069951855
"frozenset({'Nestle Water', 'Bread'})",frozenset({'Guard Rice (1kg)'}),0.0428,0.1952,0.0058,0.13551401869158877,0.6942316531331392,1.0,-0.002554560000000001,0.9309578378378377,-0.3151318970877045,0.024978466838931953,-0.07416250162575949,0.08261356672284356
"frozenset({'Shan Biryani Masala', 'Eggs'})",frozenset({'National Ketchup (1kg)'}),0.0384,0.2048,0.0052,0.13541666666666669,0.6612141927083334,1.0,-0.0026643199999999995,0.9197493975903616,-0.34761189044756174,0.021848739495798318,-0.08725268276324613,0.08040364583333334
"frozenset({'Jam', 'Shan Biryani Masala'})",frozenset({'Olpers Milk (Pack of 6)'}),0.0414,0.196,0.0056,0.13526570048309178,0.6901311249137335,1.0,-0.002514400000000001,0.9297653631284916,-0.3189826655299802,0.024158757549611734,-0.07554017352849282,0.08191856452726018
"frozenset({'Jam', 'Shan Biryani Masala'})",frozenset({'Tapal Tea (250g)'}),0.0414,0.1996,0.0056,0.13526570048309178,0.6776838701557705,1.0,-0.0026634400000000004,0.9256022346368714,-0.3316201006026197,0.0237892948173322,-0.0803776855533586,0.08166090635377034
"frozenset({'Jam', 'Shan Biryani Masala'})",frozenset({'Frozen Paratha'}),0.0414,0.197,0.0056,0.13526570048309178,0.6866279212339684,1.0,-0.0025557999999999996,0.9286089385474859,-0.32254074982710657,0.024054982817869414,-0.0768795759861871,0.08184604821108904
"frozenset({'Nestle Water', 'Tapal Tea (250g)'})",frozenset({'Biscuits'}),0.0414,0.1972,0.0056,0.13526570048309178,0.6859315440319056,1.0,-0.002564079999999999,0.9283776536312848,-0.32324790979597173,0.0240343347639485,-0.07714785689699578,0.08183163320300633
"frozenset({'Nestle Water', 'Tapal Tea (250g)'})",frozenset({'Thal Sugar (200ml)'}),0.0414,0.1964,0.0056,0.13526570048309178,0.6887255625412005,1.0,-0.0025309599999999996,0.9293027932960893,-0.3204103748265629,0.024117140396210164,-0.0760755344909261,0.08188946938614874
"frozenset({'Jam', 'Shan Biryani Masala'})",frozenset({'Pepsi 1L'}),0.0414,0.2052,0.0056,0.13526570048309178,0.6591895735043459,1.0,-0.002895279999999999,0.9191262569832401,-0.3503722420686783,0.023236514522821577,-0.08798980814910445,0.08127807441308585
"frozenset({'Dalda Cooking Oil (500ml)', 'Jam'})",frozenset({'Tapal Tea (250g)'}),0.037,0.1996,0.005,0.13513513513513514,0.6770297351459676,1.0,-0.0023851999999999996,0.9254625,-0.3312685758728924,0.02158894645941278,-0.0805408106757432,0.08009261766776797
"frozenset({'Butter', 'National Ketchup (1kg)'})",frozenset({'Jam'}),0.037,0.1984,0.005,0.13513513513513514,0.681124673060157,1.0,-0.0023407999999999997,0.92685,-0.3271192599010593,0.02170138888888889,-0.07892323461185735,0.08016837401918048
"frozenset({'Butter', 'National Ketchup (1kg)'})",frozenset({'Surf Excel'}),0.037,0.2112,0.005,0.13513513513513514,0.6398443898443898,1.0,-0.002814399999999999,0.9120499999999999,-0.36888877238052786,0.02055921052631579,-0.09643111671509237,0.07940468877968879
"frozenset({'Butter', 'National Ketchup (1kg)'})",frozenset({'Thal Sugar (200ml)'}),0.037,0.1964,0.005,0.13513513513513514,0.6880607695271647,1.0,-0.0022667999999999994,0.9291624999999999,-0.32008811319156144,0.021891418563922942,-0.07623801003591943,0.08029669180382012
"frozenset({'National Ketchup (1kg)', 'Tapal Tea (250g)'})",frozenset({'Frozen Paratha'}),0.04,0.197,0.0054,0.135,0.6852791878172589,1.0,-0.0024799999999999996,0.9283236994219652,-0.3235908141962421,0.023316062176165803,-0.07721046077210461,0.08120558375634518
"frozenset({'National Ketchup (1kg)', 'Tapal Tea (250g)'})",frozenset({'Guard Rice (1kg)'}),0.04,0.1952,0.0054,0.135,0.6915983606557377,1.0,-0.0024080000000000004,0.9304046242774566,-0.3171759747102213,0.02349869451697128,-0.07480119284294236,0.08133196721311475
"frozenset({'Noodles', 'Shan Biryani Masala'})",frozenset({'Butter'}),0.04,0.1966,0.0054,0.135,0.6866734486266531,1.0,-0.002463999999999999,0.9287861271676301,-0.3221757322175731,0.023356401384083045,-0.0766741349265621,0.08123346897253307
"frozenset({'National Ketchup (1kg)', 'Tapal Tea (250g)'})",frozenset({'Chicken'}),0.04,0.198,0.0054,0.135,0.6818181818181819,1.0,-0.0025199999999999997,0.9271676300578036,-0.3271028037383177,0.023215821152192603,-0.07855361596009974,0.08113636363636365
"frozenset({'Noodles', 'Bread'})",frozenset({'Tapal Tea (250g)'}),0.0386,0.1996,0.0052,0.13471502590673573,0.674924979492664,1.0,-0.0025045600000000003,0.9250131736526946,-0.3337704428665857,0.022317596566523604,-0.08106568477419324,0.08038356505757628
"frozenset({'Jam', 'Nestle Water'})",frozenset({'Noodles'}),0.0386,0.2052,0.0052,0.13471502590673573,0.6565059742043652,1.0,-0.002720720000000001,0.9185413173652694,-0.3524248704663214,0.021793797150041913,-0.08868265487325651,0.08002807825551211
"frozenset({'Pepsi 1L', 'Olpers Milk (Pack of 6)'})",frozenset({'Bread'}),0.0372,0.2058,0.005,0.13440860215053765,0.6531030230832733,1.0,-0.00265576,0.9175229813664596,-0.35553484984792016,0.02100840336134454,-0.08989095674825277,0.0793520173046177
"frozenset({'Noodles', 'Butter'})",frozenset({'Thal Sugar (200ml)'}),0.0372,0.1964,0.005,0.13440860215053765,0.684361518078094,1.0,-0.0023060799999999985,0.9283826086956521,-0.323884001303356,0.021872265966754158,-0.07714210782660819,0.07993342531152137
"frozenset({'Surf Excel', 'Eggs'})",frozenset({'Biscuits'}),0.0372,0.1972,0.005,0.13440860215053765,0.6815852036031321,1.0,-0.0023358399999999988,0.9274583850931677,-0.32669821982030356,0.021795989537925022,-0.07821549308602682,0.07988178586228709
"frozenset({'Olpers Milk (Pack of 6)', 'Tapal Tea (250g)'})",frozenset({'Biscuits'}),0.0372,0.1972,0.005,0.13440860215053765,0.6815852036031321,1.0,-0.0023358399999999988,0.9274583850931677,-0.32669821982030356,0.021795989537925022,-0.07821549308602682,0.07988178586228709
"frozenset({'Olpers Milk (Pack of 6)', 'Tapal Tea (250g)'})",frozenset({'Shan Biryani Masala'}),0.0372,0.2088,0.005,0.13440860215053765,0.6437193589585136,1.0,-0.00276736,0.9140571428571429,-0.3650215792417192,0.020746887966804982,-0.09402350587646911,0.07917748115189718
"frozenset({'Dalda Cooking Oil (500ml)', 'Surf Excel'})",frozenset({'Lux Soap'}),0.0388,0.1936,0.0052,0.13402061855670103,0.6922552611399847,1.0,-0.00231168,0.9311999999999999,-0.31623875500689475,0.022887323943661973,-0.07388316151202749,0.08044006134446621
"frozenset({'Dalda Cooking Oil (500ml)', 'Surf Excel'})",frozenset({'Butter'}),0.0388,0.1966,0.0052,0.13402061855670103,0.6816918543067194,1.0,-0.00242808,0.9277357142857142,-0.3269560159002036,0.022589052997393572,-0.07789318078578412,0.08023513125190088
"frozenset({'Biscuits', 'Lays Chips'})",frozenset({'Guard Rice (1kg)'}),0.0388,0.1952,0.0052,0.13402061855670103,0.6865810376880175,1.0,-0.002373760000000001,0.9293523809523808,-0.32199674443841575,0.022727272727272724,-0.07601811809555044,0.08032998140949806
"frozenset({'Noodles', 'Pepsi 1L'})",frozenset({'Olpers Milk (Pack of 6)'}),0.0388,0.196,0.0052,0.13402061855670103,0.6837786661056174,1.0,-0.0024048000000000003,0.9284285714285715,-0.32483952538416655,0.022648083623693378,-0.07708878288967534,0.0802756154007995
"frozenset({'Dalda Cooking Oil (500ml)', 'Surf Excel'})",frozenset({'Guard Rice (1kg)'}),0.0388,0.1952,0.0052,0.13402061855670103,0.6865810376880175,1.0,-0.002373760000000001,0.9293523809523808,-0.32199674443841575,0.022727272727272724,-0.07601811809555044,0.08032998140949806
"frozenset({'Biscuits', 'National Ketchup (1kg)'})",frozenset({'Guard Rice (1kg)'}),0.0388,0.1952,0.0052,0.13402061855670103,0.6865810376880175,1.0,-0.002373760000000001,0.9293523809523808,-0.32199674443841575,0.022727272727272724,-0.07601811809555044,0.08032998140949806
"frozenset({'Lux Soap', 'Nestle Water'})",frozenset({'Frozen Paratha'}),0.0388,0.197,0.0052,0.13402061855670103,0.6803077084096498,1.0,-0.0024436000000000006,0.9272738095238094,-0.3283596529890458,0.022549869904596703,-0.07843011387708466,0.08020827882149772
"frozenset({'National Ketchup (1kg)', 'Surf Excel'})",frozenset({'Shan Biryani Masala'}),0.0418,0.2088,0.0056,0.1339712918660287,0.6416249610441987,1.0,-0.0031278400000000007,0.9135955801104972,-0.3682515164073391,0.022857142857142857,-0.09457622362736513,0.08039560761883811
"frozenset({'Noodles', 'Chicken'})",frozenset({'Thal Sugar (200ml)'}),0.0374,0.1964,0.005,0.13368983957219252,0.6807018308156443,1.0,-0.0023453600000000003,0.9276123456790123,-0.3276392916813349,0.021853146853146852,-0.0780365361222094,0.0795740440223488
"frozenset({'Butter', 'Jam'})",frozenset({'National Ketchup (1kg)'}),0.0374,0.2048,0.005,0.13368983957219252,0.6527824197860963,1.0,-0.002659520000000001,0.9179160493827161,-0.35590670884788544,0.021079258010118042,-0.08942424601082431,0.07905195103609626
"frozenset({'Olpers Milk (Pack of 6)', 'Frozen Paratha'})",frozenset({'Jam'}),0.0374,0.1984,0.005,0.13368983957219252,0.6738399171985511,1.0,-0.00242016,0.9253037037037036,-0.3345923496784255,0.021663778162911613,-0.08072624803868197,0.07944572623770917
"frozenset({'Noodles', 'Chicken'})",frozenset({'Frozen Paratha'}),0.0374,0.197,0.005,0.13368983957219252,0.6786286272700127,1.0,-0.0023678000000000006,0.9269197530864196,-0.3297404188948307,0.021795989537925022,-0.07884204287398193,0.0795352751160455
"frozenset({'Noodles', 'Chicken'})",frozenset({'Pepsi 1L'}),0.0374,0.2052,0.005,0.13368983957219252,0.6515099394356361,1.0,-0.00267448,0.9174543209876542,-0.3571936085305069,0.021043771043771045,-0.0899725219272867,0.07902815565354265
"frozenset({'Butter', 'Jam'})",frozenset({'Olpers Milk (Pack of 6)'}),0.0374,0.196,0.005,0.13368983957219252,0.682091018225472,1.0,-0.0023304000000000007,0.9280740740740742,-0.32623120642831155,0.021891418563922942,-0.07750019953707399,0.07960002182691259
"frozenset({'Olpers Milk (Pack of 6)', 'Frozen Paratha'})",frozenset({'Shan Biryani Masala'}),0.0374,0.2088,0.005,0.13368983957219252,0.6402770094453665,1.0,-0.002809120000000001,0.9132987654320988,-0.36854838286460995,0.020729684908789386,-0.09493195200683455,0.07881809986272462
"frozenset({'Biscuits', 'Pepsi 1L'})",frozenset({'Chicken'}),0.0404,0.198,0.0054,0.13366336633663367,0.6750675067506751,1.0,-0.0025991999999999994,0.9257371428571429,-0.3340427500693994,0.02317596566523605,-0.08022024147551912,0.08046804680468048
"frozenset({'Pepsi 1L', 'National Ketchup (1kg)'})",frozenset({'Lux Soap'}),0.0404,0.1936,0.0054,0.13366336633663367,0.6904099500859178,1.0,-0.0024214399999999987,0.930816,-0.3184730800391408,0.02362204724409449,-0.07432618261826181,0.08077796416005237
"frozenset({'Lays Chips', 'Bread'})",frozenset({'Thal Sugar (200ml)'}),0.0404,0.1964,0.0054,0.13366336633663367,0.6805670383738985,1.0,-0.002534559999999998,0.927584,-0.3284640505935408,0.023336214347450306,-0.07806947942180976,0.08057913734346958
"frozenset({'Lays Chips', 'Guard Rice (1kg)'})",frozenset({'Tapal Tea (250g)'}),0.039,0.1996,0.0052,0.13333333333333333,0.6680026720106881,1.0,-0.0025844000000000006,0.9235384615384615,-0.3408779149519891,0.022279348757497857,-0.08279193736465101,0.07969271877087508
"frozenset({'Lays Chips', 'Tapal Tea (250g)'})",frozenset({'Guard Rice (1kg)'}),0.039,0.1952,0.0052,0.13333333333333333,0.6830601092896175,1.0,-0.0024128000000000005,0.9286153846153845,-0.32561403508771936,0.022707423580786024,-0.0768721007289596,0.07998633879781421
"frozenset({'Lays Chips', 'Guard Rice (1kg)'})",frozenset({'Biscuits'}),0.039,0.1972,0.0052,0.13333333333333333,0.676132521974307,1.0,-0.0024907999999999996,0.9263076923076923,-0.3326388888888889,0.022510822510822513,-0.07955489121408403,0.07985125084516564
"frozenset({'Olpers Milk (Pack of 6)', 'Surf Excel'})",frozenset({'Butter'}),0.039,0.1966,0.0052,0.13333333333333333,0.678195998643608,1.0,-0.0024674,0.9269999999999999,-0.3305468477882271,0.022569444444444444,-0.07874865156418555,0.07989148864021703
"frozenset({'Lays Chips', 'Guard Rice (1kg)'})",frozenset({'Eggs'}),0.039,0.1982,0.0052,0.13333333333333333,0.6727211570803903,1.0,-0.0025297999999999996,0.9251538461538462,-0.33609671848013817,0.022413793103448276,-0.08090130539619188,0.07978472922973427
"frozenset({'Dalda Cooking Oil (500ml)', 'Frozen Paratha'})",frozenset({'Guard Rice (1kg)'}),0.039,0.1952,0.0052,0.13333333333333333,0.6830601092896175,1.0,-0.0024128000000000005,0.9286153846153845,-0.32561403508771936,0.022707423580786024,-0.0768721007289596,0.07998633879781421
"frozenset({'Dalda Cooking Oil (500ml)', 'Shan Biryani Masala'})",frozenset({'National Ketchup (1kg)'}),0.0406,0.2048,0.0054,0.1330049261083744,0.6494381157635468,1.0,-0.00291488,0.9171909090909091,-0.360055536066327,0.0225,-0.09028555569872437,0.0796860568041872
"frozenset({'Jam', 'Bread'})",frozenset({'Lux Soap'}),0.0422,0.1936,0.0056,0.13270142180094785,0.6854412283106811,1.0,-0.0025699200000000007,0.9297836065573771,-0.3239286074417667,0.024326672458731536,-0.07551907018731664,0.0808135208178293
"frozenset({'Chicken', 'Bread'})",frozenset({'Butter'}),0.0392,0.1966,0.0052,0.1326530612244898,0.674735814977059,1.0,-0.0025067199999999996,0.9262729411764706,-0.33410103853453604,0.022549869904596703,-0.07959539304892979,0.07955135258579527
"frozenset({'Surf Excel', 'Thal Sugar (200ml)'})",frozenset({'Olpers Milk (Pack of 6)'}),0.0408,0.196,0.0054,0.1323529411764706,0.6752701080432173,1.0,-0.0025968,0.9266440677966102,-0.33393000432072084,0.023336214347450302,-0.07916300848697688,0.07995198079231693
"frozenset({'Lux Soap', 'Frozen Paratha'})",frozenset({'Tapal Tea (250g)'}),0.0378,0.1996,0.005,0.13227513227513227,0.6627010635026667,1.0,-0.0025448800000000002,0.9224121951219513,-0.34596540454711067,0.02151462994836489,-0.08411402764226353,0.07866261623776653
"frozenset({'Dalda Cooking Oil (500ml)', 'Thal Sugar (200ml)'})",frozenset({'Chicken'}),0.0378,0.198,0.005,0.13227513227513227,0.6680562236117791,1.0,-0.0024844000000000003,0.9242560975609757,-0.34054335608739755,0.021663778162911613,-0.08195120663948596,0.07876382876382876
"frozenset({'Dalda Cooking Oil (500ml)', 'Thal Sugar (200ml)'})",frozenset({'Lux Soap'}),0.0378,0.1936,0.005,0.13227513227513227,0.6832393196029559,1.0,-0.00231808,0.9293268292682927,-0.3251583654552902,0.022084805653710248,-0.07604770303183002,0.079050789278062
"frozenset({'Dalda Cooking Oil (500ml)', 'Chicken'})",frozenset({'Thal Sugar (200ml)'}),0.0378,0.1964,0.005,0.13227513227513227,0.673498636838759,1.0,-0.0024239199999999995,0.9261,-0.33503065686973726,0.021815008726003494,-0.0797969981643451,0.07886669037381869
"frozenset({'Jam', 'Eggs'})",frozenset({'Lays Chips'}),0.0378,0.206,0.005,0.13227513227513227,0.6421122925977295,1.0,-0.0027868,0.9150365853658537,-0.3667903866908842,0.020938023450586266,-0.09285247824290645,0.07827348846766322
"frozenset({'Biscuits', 'Lux Soap'})",frozenset({'Pepsi 1L'}),0.0394,0.2052,0.0052,0.1319796954314721,0.6431759036621447,1.0,-0.0028848799999999994,0.9156467836257309,-0.3661015228426396,0.021720969089390144,-0.09212418793221931,0.07866041301788029
"frozenset({'Noodles', 'Thal Sugar (200ml)'})",frozenset({'Guard Rice (1kg)'}),0.0394,0.1952,0.0052,0.1319796954314721,0.6761254888907381,1.0,-0.00249088,0.9271672514619882,-0.3327384450975154,0.022667829119442023,-0.07855405637242535,0.07930951984688359
"frozenset({'Pepsi 1L', 'Chicken'})",frozenset({'Surf Excel'}),0.0394,0.2112,0.0052,0.1319796954314721,0.6249038609444701,1.0,-0.003121279999999999,0.9087345029239765,-0.384564585284116,0.021189894050529748,-0.10043142059904654,0.07830045377634211
"frozenset({'Bread', 'Shan Biryani Masala'})",frozenset({'Guard Rice (1kg)'}),0.038,0.1952,0.005,0.13157894736842105,0.6740724762726488,1.0,-0.0024176,0.9267393939393939,-0.3344955448558304,0.02191060473269062,-0.07905200376687248,0.07859685073339084
"frozenset({'Biscuits', 'Surf Excel'})",frozenset({'Eggs'}),0.038,0.1982,0.005,0.13157894736842105,0.6638695629082798,1.0,-0.0025315999999999993,0.9232848484848485,-0.3448294649667647,0.021626297577854673,-0.08308936471885624,0.07840299537946784
"frozenset({'Butter', 'Shan Biryani Masala'})",frozenset({'Bread'}),0.038,0.2058,0.005,0.13157894736842105,0.6393534857552042,1.0,-0.0028204,0.9145333333333333,-0.36962675613336127,0.020938023450586263,-0.09345385624726639,0.0779371899135594
"frozenset({'Bread', 'Shan Biryani Masala'})",frozenset({'Butter'}),0.038,0.1966,0.005,0.13157894736842105,0.6692723670825079,1.0,-0.0024707999999999996,0.9251272727272727,-0.3393583122733765,0.02177700348432056,-0.08093235328799969,0.07850564865877817
"frozenset({'Jam', 'Chicken'})",frozenset({'National Ketchup (1kg)'}),0.038,0.2048,0.005,0.13157894736842105,0.6424753289473684,1.0,-0.0027824,0.9156848484848484,-0.3664717348927875,0.021026072329688814,-0.09207878852059728,0.07799650493421052
"frozenset({'Jam', 'Chicken'})",frozenset({'Tapal Tea (250g)'}),0.038,0.1996,0.005,0.13157894736842105,0.6592131631684421,1.0,-0.0025848,0.9216727272727272,-0.34954292205333476,0.021496130696474634,-0.08498382387753492,0.07831452378441092
"frozenset({'Lays Chips', 'Surf Excel'})",frozenset({'Lux Soap'}),0.0412,0.1936,0.0054,0.13106796116504854,0.6770039316376475,1.0,-0.00257632,0.9280357541899441,-0.3322637557648855,0.023539668700959023,-0.0775446910155648,0.0794802615742598
"frozenset({'Butter', 'Surf Excel'})",frozenset({'National Ketchup (1kg)'}),0.0382,0.2048,0.005,0.13089005235602094,0.6391115837696335,1.0,-0.0028233599999999996,0.9149590361445783,-0.36991965787777303,0.02100840336134454,-0.09294510518609038,0.07765205742801047
"frozenset({'Noodles', 'Nestle Water'})",frozenset({'Jam'}),0.0398,0.1984,0.0052,0.13065326633165827,0.6585346085265035,1.0,-0.0026963200000000003,0.9220716763005781,-0.35065597136822835,0.022317596566523604,-0.08451438830880953,0.07843147187550656
"frozenset({'Frozen Paratha', 'Nestle Water'})",frozenset({'Lux Soap'}),0.0398,0.1936,0.0052,0.13065326633165827,0.6748619128701357,1.0,-0.0025052800000000004,0.927593063583815,-0.3341121744604125,0.022787028921998246,-0.0780589455212571,0.07875638523194484
"frozenset({'Noodles', 'Nestle Water'})",frozenset({'Lays Chips'}),0.0398,0.206,0.0052,0.13065326633165827,0.6342391569497975,1.0,-0.0029987999999999994,0.9133294797687862,-0.3752327373921399,0.021612635078969246,-0.0948951305646621,0.07794799238913011
"frozenset({'Shan Biryani Masala', 'Eggs'})",frozenset({'Noodles'}),0.0384,0.2052,0.005,0.13020833333333334,0.6345435347628331,1.0,-0.002879679999999998,0.9137820359281437,-0.3745837495837494,0.020955574182732608,-0.09435287703405468,0.07728740253411306
"frozenset({'National Ketchup (1kg)', 'Tapal Tea (250g)'})",frozenset({'Lux Soap'}),0.04,0.1936,0.0052,0.13,0.6714876033057852,1.0,-0.0025440000000000003,0.926896551724138,-0.337579617834395,0.02276707530647986,-0.0788690476190476,0.0784297520661157
"frozenset({'Noodles', 'Bread'})",frozenset({'Lays Chips'}),0.0386,0.206,0.005,0.12953367875647667,0.6288042658081392,1.0,-0.0029515999999999995,0.912154761904762,-0.3804294589230015,0.020868113522537566,-0.09630519048302684,0.07690276170833543
"frozenset({'Jam', 'Nestle Water'})",frozenset({'Tapal Tea (250g)'}),0.0386,0.1996,0.005,0.12953367875647667,0.6489663264352539,1.0,-0.00270456,0.9195071428571429,-0.3600530382503767,0.021440823327615783,-0.08753913198840996,0.07729188947843874
"frozenset({'National Ketchup (1kg)', 'Nestle Water'})",frozenset({'Thal Sugar (200ml)'}),0.0386,0.1964,0.005,0.12953367875647667,0.6595401158680075,1.0,-0.0025810399999999997,0.9231833333333334,-0.3493538204990768,0.02173913043478261,-0.08320846346879457,0.07749596361449088
"frozenset({'Noodles', 'Tapal Tea (250g)'})",frozenset({'Bread'}),0.0402,0.2058,0.0052,0.12935323383084577,0.6285385511702903,1.0,-0.00307316,0.9121954285714285,-0.3810905591682664,0.02159468438538206,-0.09625631600246065,0.07731024179394572
"frozenset({'National Ketchup (1kg)', 'Surf Excel'})",frozenset({'Guard Rice (1kg)'}),0.0418,0.1952,0.0054,0.1291866028708134,0.6618166130676916,1.0,-0.002759359999999999,0.9241934065934065,-0.34780504283027697,0.023316062176165803,-0.08202459881857183,0.07842526864852145
"frozenset({'Noodles', 'Pepsi 1L'})",frozenset({'Chicken'}),0.0388,0.198,0.005,0.12886597938144329,0.650838279704259,1.0,-0.0026824000000000006,0.920639053254438,-0.35820736071791043,0.021570319240724764,-0.08620202072139242,0.07705925231698427
"frozenset({'Dalda Cooking Oil (500ml)', 'Tapal Tea (250g)'})",frozenset({'Jam'}),0.0388,0.1984,0.005,0.12886597938144329,0.6495261057532424,1.0,-0.0026979199999999995,0.9201798816568046,-0.35953474983741823,0.02153316106804479,-0.08674403769780029,0.07703379614233455
"frozenset({'Noodles', 'Pepsi 1L'})",frozenset({'Lux Soap'}),0.0388,0.1936,0.005,0.12886597938144329,0.6656300587884467,1.0,-0.0025116799999999996,0.9256899408284024,-0.3432344677548075,0.02198768689533861,-0.08027532318769433,0.07734621283121751
"frozenset({'Surf Excel', 'Nestle Water'})",frozenset({'Bread'}),0.0404,0.2058,0.0052,0.12871287128712872,0.6254269741842989,1.0,-0.0031143200000000003,0.911525,-0.38428279517881997,0.021576763485477178,-0.0970626148487425,0.07699006052208719
"frozenset({'Biscuits', 'Pepsi 1L'})",frozenset({'Olpers Milk (Pack of 6)'}),0.0404,0.196,0.0052,0.12871287128712872,0.6566983228935138,1.0,-0.002718400000000001,0.9227727272727273,-0.35265790730016416,0.02249134948096886,-0.08369045859809862,0.07762174176601333
"frozenset({'Biscuits', 'Pepsi 1L'})",frozenset({'Lux Soap'}),0.0404,0.1936,0.0052,0.12871287128712872,0.6648392111938467,1.0,-0.002621439999999999,0.9255272727272728,-0.34441151121481567,0.022727272727272728,-0.08046518937608045,0.07778618770968006
"frozenset({'Olpers Milk (Pack of 6)', 'Surf Excel'})",frozenset({'Lux Soap'}),0.039,0.1936,0.005,0.12820512820512822,0.6622165713074805,1.0,-0.0025503999999999995,0.9249882352941177,-0.3467384506620985,0.021968365553602813,-0.08109483109483107,0.07701578724305998
"frozenset({'Surf Excel', 'Bread'})",frozenset({'Nestle Water'}),0.0406,0.2062,0.0052,0.12807881773399016,0.6211387862948117,1.0,-0.0031717199999999994,0.9104033898305086,-0.3886625983383575,0.021523178807947022,-0.09841418778786827,0.07664852622877975
"frozenset({'Dalda Cooking Oil (500ml)', 'Nestle Water'})",frozenset({'Biscuits'}),0.0406,0.1972,0.0052,0.12807881773399016,0.6494869053447777,1.0,-0.0028063199999999993,0.9207254237288136,-0.36000615763546795,0.02235597592433362,-0.08610012738665898,0.07722399304549407
"frozenset({'Jam', 'Bread'})",frozenset({'Tapal Tea (250g)'}),0.0422,0.1996,0.0054,0.12796208530805686,0.6410926117638119,1.0,-0.0030231200000000007,0.9178499999999999,-0.36888730531381636,0.02284263959390863,-0.08950264204390697,0.07750809676224486
"frozenset({'Eggs', 'Thal Sugar (200ml)'})",frozenset({'National Ketchup (1kg)'}),0.0392,0.2048,0.005,0.12755102040816327,0.6228077168367346,1.0,-0.0030281599999999994,0.9114573099415204,-0.3866315294886723,0.020920502092050212,-0.09714408902393956,0.07598254145408163
"frozenset({'Chicken', 'Frozen Paratha'})",frozenset({'Noodles'}),0.0392,0.2052,0.005,0.12755102040816327,0.6215936667064487,1.0,-0.00304384,0.9109988304093567,-0.3878570409182654,0.020885547201336674,-0.09769625011554697,0.07595874607152803
"frozenset({'Chicken', 'Frozen Paratha'})",frozenset({'Shan Biryani Masala'}),0.0392,0.2088,0.005,0.12755102040816327,0.6108765345218546,1.0,-0.0031849599999999997,0.906872514619883,-0.39867016482746187,0.0205761316872428,-0.10269082354883309,0.07574869028070999
"frozenset({'Surf Excel', 'Thal Sugar (200ml)'})",frozenset({'Butter'}),0.0408,0.1966,0.0052,0.12745098039215685,0.6482755869387429,1.0,-0.0028212800000000007,0.9207505617977528,-0.36128014424160476,0.02239448751076658,-0.08607047499109179,0.07695031216962878
"frozenset({'Noodles', 'Thal Sugar (200ml)'})",frozenset({'Chicken'}),0.0394,0.198,0.005,0.1269035532994924,0.6409270368661232,1.0,-0.0028011999999999994,0.9185697674418606,-0.36837537150522076,0.02151462994836489,-0.08864893603554563,0.07607803927600883
"frozenset({'Biscuits', 'Lux Soap'})",frozenset({'Dalda Cooking Oil (500ml)'}),0.0394,0.2026,0.005,0.1269035532994924,0.6263748928898935,1.0,-0.0029824400000000003,0.9133011627906977,-0.38307918370702243,0.021097046413502112,-0.0949290778787404,0.0757913620396771
"frozenset({'Pepsi 1L', 'Chicken'})",frozenset({'Butter'}),0.0394,0.1966,0.005,0.1269035532994924,0.6454911154602869,1.0,-0.002746039999999999,0.9201732558139536,-0.36376016023229435,0.021645021645021648,-0.08675186295806273,0.07616795162431385
"frozenset({'Noodles', 'Thal Sugar (200ml)'})",frozenset({'Butter'}),0.0394,0.1966,0.005,0.1269035532994924,0.6454911154602869,1.0,-0.002746039999999999,0.9201732558139536,-0.36376016023229435,0.021645021645021648,-0.08675186295806273,0.07616795162431385
"frozenset({'Pepsi 1L', 'Chicken'})",frozenset({'Noodles'}),0.0394,0.2052,0.005,0.1269035532994924,0.6184383689059084,1.0,-0.003084879999999999,0.9103232558139535,-0.3910911423601778,0.020868113522537566,-0.09851087908971766,0.0756350125171926
"frozenset({'Pepsi 1L', 'Nestle Water'})",frozenset({'Eggs'}),0.0394,0.1982,0.005,0.1269035532994924,0.6402802890993563,1.0,-0.0028090799999999985,0.9183406976744187,-0.36902922722830017,0.021496130696474637,-0.08892048727925614,0.07606529834500352
"frozenset({'Pepsi 1L', 'Surf Excel'})",frozenset({'Chicken'}),0.041,0.198,0.0052,0.12682926829268293,0.6405518600640552,1.0,-0.0029180000000000005,0.9184916201117319,-0.3691427993118106,0.022241231822070145,-0.08874156073231555,0.0765459472776546
"frozenset({'Noodles', 'Surf Excel'})",frozenset({'Chicken'}),0.041,0.198,0.0052,0.12682926829268293,0.6405518600640552,1.0,-0.0029180000000000005,0.9184916201117319,-0.3691427993118106,0.022241231822070145,-0.08874156073231555,0.0765459472776546
"frozenset({'Surf Excel', 'Shan Biryani Masala'})",frozenset({'Lux Soap'}),0.0396,0.1936,0.005,0.12626262626262624,0.6521829868937307,1.0,-0.00266656,0.9229317919075145,-0.3570380367835299,0.021910604732690624,-0.08350368767035435,0.07604453627180899
"frozenset({'Surf Excel', 'Tapal Tea (250g)'})",frozenset({'Chicken'}),0.0396,0.198,0.005,0.12626262626262624,0.6376900316294254,1.0,-0.0028408,0.9178959537572255,-0.37169623698121107,0.021496130696474634,-0.08944809692939372,0.07575757575757575
"frozenset({'Jam', 'Shan Biryani Masala'})",frozenset({'Lays Chips'}),0.0414,0.206,0.0052,0.12560386473429952,0.6097274987101918,1.0,-0.0033284000000000005,0.9080552486187846,-0.4003791596897436,0.021469859620148638,-0.10125457842027766,0.07542329159045073
"frozenset({'Noodles', 'National Ketchup (1kg)'})",frozenset({'Chicken'}),0.043,0.198,0.0054,0.12558139534883722,0.6342494714587739,1.0,-0.0031139999999999987,0.9171808510638298,-0.3760052162573352,0.022920203735144314,-0.09029751203386881,0.07642706131078225
"frozenset({'National Ketchup (1kg)', 'Lays Chips'})",frozenset({'Thal Sugar (200ml)'}),0.0432,0.1964,0.0054,0.125,0.6364562118126273,1.0,-0.0030844800000000006,0.9184,-0.37382198952879586,0.023057216054654144,-0.08885017421602787,0.07624745417515275
"frozenset({'Noodles', 'Shan Biryani Masala'})",frozenset({'Eggs'}),0.04,0.1982,0.005,0.125,0.6306760847628659,1.0,-0.002927999999999999,0.9163428571428572,-0.3788819875776397,0.021440823327615783,-0.09129458717884757,0.07511352169525731
"frozenset({'Noodles', 'Tapal Tea (250g)'})",frozenset({'Lux Soap'}),0.0402,0.1936,0.005,0.12437810945273632,0.642448912462481,1.0,-0.00278272,0.9209454545454545,-0.36703017257297815,0.021853146853146852,-0.08584063807944403,0.07510227786686403
"frozenset({'Lays Chips', 'Bread'})",frozenset({'Noodles'}),0.0404,0.2052,0.005,0.12376237623762378,0.6031304884874453,1.0,-0.00329008,0.9070598870056497,-0.4067813374744068,0.020781379883624274,-0.10246303945945674,0.07406442398625829
"frozenset({'Surf Excel', 'Bread'})",frozenset({'Lux Soap'}),0.0406,0.1936,0.005,0.12315270935960593,0.6361193665268902,1.0,-0.0028601599999999996,0.9196584269662921,-0.37352752195330907,0.021815008726003494,-0.08736023144890137,0.07448957782029883
"frozenset({'Lays Chips', 'Shan Biryani Masala'})",frozenset({'Jam'}),0.0424,0.1984,0.0052,0.12264150943396226,0.6181527693244065,1.0,-0.0032121600000000004,0.9136516129032257,-0.3921246923707958,0.022071307300509338,-0.09450909501751213,0.07442559342665855
"frozenset({'Pepsi 1L', 'Eggs'})",frozenset({'Nestle Water'}),0.0408,0.2062,0.005,0.12254901960784313,0.5943211426180559,1.0,-0.0034129600000000005,0.9046659217877095,-0.4157603399212568,0.02066115702479339,-0.10538042377444805,0.0733986611133299
"frozenset({'Lays Chips', 'Chicken'})",frozenset({'Butter'}),0.041,0.1966,0.005,0.12195121951219512,0.6203012182715927,1.0,-0.0030605999999999993,0.9149833333333334,-0.38960741381944075,0.021496130696474634,-0.09291608226015045,0.0736917847306652
"frozenset({'Chicken', 'Lays Chips'})",frozenset({'Shan Biryani Masala'}),0.041,0.2088,0.005,0.12195121951219512,0.5840575647135782,1.0,-0.0035608000000000002,0.9010888888888889,-0.4261471073984538,0.02042483660130719,-0.10976842832129032,0.07294878983272592
"frozenset({'Bread', 'Nestle Water'})",frozenset({'Surf Excel'}),0.0428,0.2112,0.0052,0.12149532710280374,0.5752619654488813,1.0,-0.00383936,0.8978893617021276,-0.43545957717085565,0.02090032154340836,-0.11372296259786545,0.07305826961200793
"frozenset({'Noodles', 'National Ketchup (1kg)'})",frozenset({'Lux Soap'}),0.043,0.1936,0.0052,0.12093023255813953,0.6246396309821257,1.0,-0.0031247999999999988,0.9173333333333333,-0.38572063398015094,0.022471910112359553,-0.09011627906976744,0.07389486834518547
"frozenset({'Nestle Water', 'Tapal Tea (250g)'})",frozenset({'Jam'}),0.0414,0.1984,0.005,0.12077294685990339,0.6087346111890292,1.0,-0.0032137599999999987,0.9117098901098901,-0.40138083319594925,0.021294718909710394,-0.09684013615281513,0.0729872798815646
"frozenset({'National Ketchup (1kg)', 'Surf Excel'})",frozenset({'Butter'}),0.0418,0.1966,0.005,0.11961722488038279,0.6084294246204618,1.0,-0.0032178799999999985,0.9125576086956523,-0.40178901419424423,0.021422450728363327,-0.09582122867764153,0.07252478741475904
"frozenset({'Lays Chips', 'Shan Biryani Masala'})",frozenset({'Chicken'}),0.0424,0.198,0.005,0.1179245283018868,0.595578425767105,1.0,-0.0033952,0.9092192513368985,-0.4148988170886695,0.021240441801189464,-0.09984472780313368,0.07158852677720602
