transaction_id,product_name
T000001,Olpers Milk (Pack of 6)
T000001,Noodles
T000001,Nestle Water
T000001,Tapal Tea (250g)
T000001,Eggs
T000001,National Ketchup (1kg)
T000002,Dalda Cooking Oil (500ml)
T000002,Olpers Milk (Pack of 6)
T000002,Frozen Paratha
T000002,Jam
T000002,Bread
T000003,Butter
T000003,Thal Sugar (200ml)
T000003,Guard Rice (1kg)
T000004,Noodles
T000004,Guard Rice (1kg)
T000004,Eggs
T000004,Shan Biryani Masala
T000004,Pepsi 1L
T000005,Surf Excel
T000005,Guard Rice (1kg)
T000005,Butter
T000005,Eggs
T000005,Jam
T000006,Noodles
T000006,Chicken
T000006,Olpers Milk (Pack of 6)
T000006,Bread
T000007,Frozen Paratha
T000007,Thal Sugar (200ml)
T000007,Chicken
T000007,Dalda Cooking Oil (500ml)
T000007,Olpers Milk (Pack of 6)
T000008,Lays Chips
T000008,Noodles
T000009,Chicken
T000009,Butter
T000009,National Ketchup (1kg)
T000009,Biscuits
T000010,Lays Chips
T000010,Thal Sugar (200ml)
T000010,Pepsi 1L
T000010,National Ketchup (1kg)
T000011,Lux Soap
T000011,Frozen Paratha
T000011,Jam
T000012,Olpers Milk (Pack of 6)
T000012,Frozen Paratha
T000012,Lux Soap
T000013,Frozen Paratha
T000013,Thal Sugar (200ml)
T000013,Shan Biryani Masala
T000014,Tapal Tea (250g)
T000014,National Ketchup (1kg)
T000014,Lays Chips
T000014,Butter
T000014,Lux Soap
T000014,Bread
T000015,Bread
T000015,Jam
T000015,National Ketchup (1kg)
T000015,Biscuits
T000015,Surf Excel
T000016,Shan Biryani Masala
T000016,Butter
T000016,Eggs
T000016,Surf Excel
T000016,Jam
T000017,Frozen Paratha
T000017,Nestle Water
T000017,Tapal Tea (250g)
T000018,Lays Chips
T000018,Thal Sugar (200ml)
T000018,Eggs
T000018,Bread
T000018,Surf Excel
T000018,Noodles
T000019,Jam
T000019,Eggs
T000019,Butter
T000019,Shan Biryani Masala
T000019,Thal Sugar (200ml)
T000020,Chicken
T000020,Tapal Tea (250g)
T000020,Jam
T000020,Noodles
T000021,Guard Rice (1kg)
T000021,Butter
T000021,Lays Chips
T000021,Dalda Cooking Oil (500ml)
T000021,Frozen Paratha
T000021,Lux Soap
T000022,National Ketchup (1kg)
T000022,Thal Sugar (200ml)
T000022,Chicken
T000023,Biscuits
T000023,Surf Excel
T000023,Pepsi 1L
T000024,Chicken
T000024,Surf Excel
T000024,Biscuits
T000025,Shan Biryani Masala
T000025,Tapal Tea (250g)
T000025,Lux Soap
T000025,National Ketchup (1kg)
T000026,Chicken
T000026,Butter
T000026,Tapal Tea (250g)
T000026,Bread
T000026,Frozen Paratha
T000027,Chicken
T000027,Butter
T000028,Frozen Paratha
T000028,Pepsi 1L
T000028,Noodles
T000028,Chicken
T000029,Thal Sugar (200ml)
T000029,Jam
T000029,Surf Excel
T000029,Shan Biryani Masala
T000029,Nestle Water
T000030,Bread
T000030,Guard Rice (1kg)
T000030,Thal Sugar (200ml)
T000031,Lays Chips
T000031,Bread
T000031,National Ketchup (1kg)
T000031,Guard Rice (1kg)
T000031,Eggs
T000031,Surf Excel
T000032,Lays Chips
T000032,Shan Biryani Masala
T000033,Guard Rice (1kg)
T000033,Biscuits
T000033,Dalda Cooking Oil (500ml)
T000033,Tapal Tea (250g)
T000033,Chicken
T000033,Eggs
T000034,Dalda Cooking Oil (500ml)
T000034,National Ketchup (1kg)
T000035,Tapal Tea (250g)
T000035,Lays Chips
T000035,Biscuits
T000035,Chicken
T000035,National Ketchup (1kg)
T000036,Jam
T000036,Bread
T000037,Shan Biryani Masala
T000037,Bread
T000037,Lays Chips
T000037,Dalda Cooking Oil (500ml)
T000037,National Ketchup (1kg)
T000038,Thal Sugar (200ml)
T000038,Dalda Cooking Oil (500ml)
T000038,Surf Excel
T000038,Eggs
T000039,Biscuits
T000039,Shan Biryani Masala
T000039,National Ketchup (1kg)
T000040,Thal Sugar (200ml)
T000040,Bread
T000041,Jam
T000041,Shan Biryani Masala
T000041,Biscuits
T000041,National Ketchup (1kg)
T000041,Nestle Water
T000042,Frozen Paratha
T000042,Noodles
T000042,Jam
T000043,Pepsi 1L
T000043,Shan Biryani Masala
T000044,Lux Soap
T000044,Frozen Paratha
T000044,Bread
T000045,Lux Soap
T000045,National Ketchup (1kg)
T000045,Eggs
T000045,Tapal Tea (250g)
T000046,Eggs
T000046,Chicken
T000046,Noodles
T000046,Olpers Milk (Pack of 6)
T000046,Lays Chips
T000047,Guard Rice (1kg)
T000047,Eggs
T000047,Olpers Milk (Pack of 6)
T000047,Noodles
T000047,National Ketchup (1kg)
T000047,Jam
T000048,Guard Rice (1kg)
T000048,Shan Biryani Masala
T000049,Nestle Water
T000049,Bread
T000049,Lays Chips
T000049,Butter
T000049,Frozen Paratha
T000049,Olpers Milk (Pack of 6)
T000050,Butter
T000050,Olpers Milk (Pack of 6)
T000051,National Ketchup (1kg)
T000051,Olpers Milk (Pack of 6)
T000052,Olpers Milk (Pack of 6)
T000052,Lays Chips
T000053,National Ketchup (1kg)
T000053,Jam
T000054,Nestle Water
T000054,Frozen Paratha
T000055,Biscuits
T000055,Shan Biryani Masala
T000055,Noodles
T000055,Pepsi 1L
T000055,Olpers Milk (Pack of 6)
T000056,Lays Chips
T000056,Nestle Water
T000057,Eggs
T000057,Guard Rice (1kg)
T000057,Lays Chips
T000057,Pepsi 1L
T000057,Frozen Paratha
T000058,Pepsi 1L
T000058,Frozen Paratha
T000058,Noodles
T000058,National Ketchup (1kg)
T000058,Nestle Water
T000058,Chicken
T000059,Dalda Cooking Oil (500ml)
T000059,Biscuits
T000059,Shan Biryani Masala
T000059,Olpers Milk (Pack of 6)
T000060,Bread
T000060,Jam
T000060,Surf Excel
T000060,Tapal Tea (250g)
T000060,Noodles
T000060,Olpers Milk (Pack of 6)
T000061,Shan Biryani Masala
T000061,National Ketchup (1kg)
T000061,Jam
T000062,Surf Excel
T000062,Thal Sugar (200ml)
T000062,Pepsi 1L
T000062,Frozen Paratha
T000062,Lays Chips
T000063,Dalda Cooking Oil (500ml)
T000063,Nestle Water
T000063,Lux Soap
T000064,Noodles
T000064,Shan Biryani Masala
T000064,Tapal Tea (250g)
T000064,Olpers Milk (Pack of 6)
T000065,Surf Excel
T000065,Thal Sugar (200ml)
T000066,Noodles
T000066,Olpers Milk (Pack of 6)
T000066,Thal Sugar (200ml)
T000066,Butter
T000067,Thal Sugar (200ml)
T000067,Butter
T000067,Chicken
T000067,Biscuits
T000067,Frozen Paratha
T000067,Bread
T000068,Shan Biryani Masala
T000068,Surf Excel
T000069,Jam
T000069,Dalda Cooking Oil (500ml)
T000069,Guard Rice (1kg)
T000070,Tapal Tea (250g)
T000070,Dalda Cooking Oil (500ml)
T000070,Lays Chips
T000070,Shan Biryani Masala
T000070,Frozen Paratha
T000071,Biscuits
T000071,Chicken
T000071,Shan Biryani Masala
T000071,National Ketchup (1kg)
T000071,Dalda Cooking Oil (500ml)
T000072,Guard Rice (1kg)
T000072,Olpers Milk (Pack of 6)
T000073,Lux Soap
T000073,Chicken
T000073,Pepsi 1L
T000073,Biscuits
T000073,Tapal Tea (250g)
T000073,Thal Sugar (200ml)
T000074,Tapal Tea (250g)
T000074,National Ketchup (1kg)
T000074,Noodles
T000074,Biscuits
T000074,Lux Soap
T000074,Nestle Water
T000075,Shan Biryani Masala
T000075,Bread
T000075,Nestle Water
T000075,Pepsi 1L
T000076,Jam
T000076,Lays Chips
T000076,Noodles
T000077,Lays Chips
T000077,Nestle Water
T000077,Guard Rice (1kg)
T000077,Thal Sugar (200ml)
T000077,Dalda Cooking Oil (500ml)
T000078,Surf Excel
T000078,Noodles
T000078,National Ketchup (1kg)
T000079,Bread
T000079,Jam
T000079,Frozen Paratha
T000079,Eggs
T000080,Shan Biryani Masala
T000080,Thal Sugar (200ml)
T000081,Thal Sugar (200ml)
T000081,Frozen Paratha
T000081,Shan Biryani Masala
T000081,Pepsi 1L
T000081,Olpers Milk (Pack of 6)
T000081,Butter
T000082,Guard Rice (1kg)
T000082,Lux Soap
T000082,Frozen Paratha
T000082,Thal Sugar (200ml)
T000082,Tapal Tea (250g)
T000082,Lays Chips
T000083,Tapal Tea (250g)
T000083,Biscuits
T000083,Lux Soap
T000083,National Ketchup (1kg)
T000083,Pepsi 1L
T000084,Lays Chips
T000084,Surf Excel
T000084,Guard Rice (1kg)
T000084,Lux Soap
T000084,Biscuits
T000084,Thal Sugar (200ml)
T000085,Chicken
T000085,Tapal Tea (250g)
T000085,Noodles
T000085,Olpers Milk (Pack of 6)
T000086,National Ketchup (1kg)
T000086,Shan Biryani Masala
T000086,Bread
T000086,Frozen Paratha
T000087,Pepsi 1L
T000087,Butter
T000087,Lux Soap
T000087,Dalda Cooking Oil (500ml)
T000087,Surf Excel
T000088,Surf Excel
T000088,Frozen Paratha
T000088,Jam
T000088,Shan Biryani Masala
T000088,Guard Rice (1kg)
T000089,Nestle Water
T000089,National Ketchup (1kg)
T000089,Thal Sugar (200ml)
T000089,Frozen Paratha
T000089,Olpers Milk (Pack of 6)
T000089,Bread
T000090,Surf Excel
T000090,Butter
T000090,Guard Rice (1kg)
T000090,Nestle Water
T000091,Eggs
T000091,Olpers Milk (Pack of 6)
T000091,Biscuits
T000091,Lux Soap
T000091,Tapal Tea (250g)
T000091,Lays Chips
T000092,Pepsi 1L
T000092,Bread
T000092,Shan Biryani Masala
T000092,Chicken
T000092,Eggs
T000093,Bread
T000093,Chicken
T000093,Dalda Cooking Oil (500ml)
T000093,Butter
T000094,Eggs
T000094,Noodles
T000095,Lux Soap
T000095,Thal Sugar (200ml)
T000095,Lays Chips
T000095,Tapal Tea (250g)
T000095,Chicken
T000095,Eggs
T000096,Shan Biryani Masala
T000096,Noodles
T000096,Lux Soap
T000096,Bread
T000096,Butter
T000096,Dalda Cooking Oil (500ml)
T000097,Lux Soap
T000097,National Ketchup (1kg)
T000098,National Ketchup (1kg)
T000098,Biscuits
T000099,Lux Soap
T000099,Biscuits
T000099,Surf Excel
T000099,Bread
T000100,Olpers Milk (Pack of 6)
T000100,Tapal Tea (250g)
T000100,Thal Sugar (200ml)
T000100,Frozen Paratha
T000100,Dalda Cooking Oil (500ml)
T000100,Surf Excel
T000101,Pepsi 1L
T000101,Olpers Milk (Pack of 6)
T000101,Frozen Paratha
T000101,Lux Soap
T000101,Nestle Water
T000102,Chicken
T000102,Noodles
T000102,Shan Biryani Masala
T000102,Butter
T000103,Surf Excel
T000103,National Ketchup (1kg)
T000103,Jam
T000104,Noodles
T000104,Nestle Water
T000104,Chicken
T000105,Lux Soap
T000105,Frozen Paratha
T000105,Butter
T000105,Pepsi 1L
T000105,Shan Biryani Masala
T000105,Nestle Water
T000106,Noodles
T000106,Guard Rice (1kg)
T000107,Thal Sugar (200ml)
T000107,Eggs
T000107,Bread
T000107,Noodles
T000107,National Ketchup (1kg)
T000107,Pepsi 1L
T000108,Olpers Milk (Pack of 6)
T000108,Frozen Paratha
T000108,Nestle Water
T000108,Guard Rice (1kg)
T000108,Bread
T000109,Olpers Milk (Pack of 6)
T000109,Bread
T000110,Noodles
T000110,Surf Excel
T000111,Shan Biryani Masala
T000111,Lux Soap
T000111,Surf Excel
T000111,Pepsi 1L
T000112,Surf Excel
T000112,Thal Sugar (200ml)
T000112,Shan Biryani Masala
T000112,Biscuits
T000112,Tapal Tea (250g)
T000112,Butter
T000113,Eggs
T000113,Shan Biryani Masala
T000113,Bread
T000113,Biscuits
T000113,Pepsi 1L
T000113,Noodles
T000114,Jam
T000114,Nestle Water
T000114,Shan Biryani Masala
T000115,Bread
T000115,Tapal Tea (250g)
T000116,Nestle Water
T000116,Jam
T000116,Tapal Tea (250g)
T000116,Guard Rice (1kg)
T000117,Lays Chips
T000117,Pepsi 1L
T000117,Guard Rice (1kg)
T000117,Nestle Water
T000117,Shan Biryani Masala
T000117,Chicken
T000118,Olpers Milk (Pack of 6)
T000118,Surf Excel
T000118,Nestle Water
T000118,Tapal Tea (250g)
T000118,Chicken
T000119,Noodles
T000119,Butter
T000119,Eggs
T000120,Nestle Water
T000120,Guard Rice (1kg)
T000120,Tapal Tea (250g)
T000120,Lux Soap
T000120,Bread
T000121,Biscuits
T000121,Lays Chips
T000121,Dalda Cooking Oil (500ml)
T000121,Guard Rice (1kg)
T000121,Thal Sugar (200ml)
T000122,Olpers Milk (Pack of 6)
T000122,Tapal Tea (250g)
T000123,Shan Biryani Masala
T000123,Butter
T000124,Eggs
T000124,Noodles
T000124,Tapal Tea (250g)
T000124,Bread
T000124,Biscuits
T000124,Chicken
T000125,Butter
T000125,Eggs
T000125,Chicken
T000126,Lux Soap
T000126,Tapal Tea (250g)
T000126,Thal Sugar (200ml)
T000127,Biscuits
T000127,Eggs
T000127,Olpers Milk (Pack of 6)
T000127,Thal Sugar (200ml)
T000128,Olpers Milk (Pack of 6)
T000128,Butter
T000128,Eggs
T000129,Bread
T000129,Nestle Water
T000130,Eggs
T000130,Lays Chips
T000130,National Ketchup (1kg)
T000130,Biscuits
T000131,Dalda Cooking Oil (500ml)
T000131,Guard Rice (1kg)
T000131,Lux Soap
T000131,Shan Biryani Masala
T000131,Bread
T000132,Biscuits
T000132,Thal Sugar (200ml)
T000132,Pepsi 1L
T000133,Bread
T000133,Nestle Water
T000134,Butter
T000134,Surf Excel
T000134,Guard Rice (1kg)
T000135,Pepsi 1L
T000135,Noodles
T000135,Butter
T000136,Tapal Tea (250g)
T000136,Bread
T000137,Lays Chips
T000137,Noodles
T000137,Lux Soap
T000138,Thal Sugar (200ml)
T000138,Surf Excel
T000138,Frozen Paratha
T000139,Butter
T000139,Lays Chips
T000140,Lays Chips
T000140,Noodles
T000140,National Ketchup (1kg)
T000140,Tapal Tea (250g)
T000140,Biscuits
T000140,Eggs
T000141,Surf Excel
T000141,Biscuits
T000141,Shan Biryani Masala
T000141,Frozen Paratha
T000141,Lux Soap
T000141,National Ketchup (1kg)
T000142,Biscuits
T000142,Noodles
T000142,Shan Biryani Masala
T000142,Lux Soap
T000143,Eggs
T000143,Bread
T000143,Biscuits
T000143,Olpers Milk (Pack of 6)
T000143,Pepsi 1L
T000144,Jam
T000144,Shan Biryani Masala
T000144,Noodles
T000144,Bread
T000144,Pepsi 1L
T000145,Bread
T000145,Butter
T000145,Tapal Tea (250g)
T000145,Nestle Water
T000145,Dalda Cooking Oil (500ml)
T000146,Olpers Milk (Pack of 6)
T000146,Lux Soap
T000146,Dalda Cooking Oil (500ml)
T000146,Tapal Tea (250g)
T000147,Jam
T000147,Shan Biryani Masala
T000147,Butter
T000147,Lux Soap
T000147,Dalda Cooking Oil (500ml)
T000148,Noodles
T000148,Biscuits
T000148,Bread
T000148,Guard Rice (1kg)
T000148,Eggs
T000149,Chicken
T000149,Dalda Cooking Oil (500ml)
T000149,National Ketchup (1kg)
T000149,Nestle Water
T000149,Frozen Paratha
T000150,Jam
T000150,Nestle Water
T000150,National Ketchup (1kg)
T000151,Lays Chips
T000151,Dalda Cooking Oil (500ml)
T000151,Pepsi 1L
T000151,Thal Sugar (200ml)
T000151,Lux Soap
T000151,Olpers Milk (Pack of 6)
T000152,Dalda Cooking Oil (500ml)
T000152,Guard Rice (1kg)
T000152,Nestle Water
T000152,Surf Excel
T000152,Chicken
T000153,Bread
T000153,Guard Rice (1kg)
T000153,Olpers Milk (Pack of 6)
T000153,Lays Chips
T000153,Butter
T000153,Dalda Cooking Oil (500ml)
T000154,Lux Soap
T000154,Butter
T000155,Chicken
T000155,National Ketchup (1kg)
T000156,Guard Rice (1kg)
T000156,Pepsi 1L
T000156,Thal Sugar (200ml)
T000157,Thal Sugar (200ml)
T000157,Bread
T000157,Olpers Milk (Pack of 6)
T000157,Surf Excel
T000158,Lays Chips
T000158,Eggs
T000158,Butter
T000158,Nestle Water
T000159,Nestle Water
T000159,Butter
T000159,Dalda Cooking Oil (500ml)
T000159,Shan Biryani Masala
T000159,Tapal Tea (250g)
T000160,Jam
T000160,Pepsi 1L
T000161,Bread
T000161,Butter
T000161,Lays Chips
T000161,Nestle Water
T000161,Frozen Paratha
T000161,National Ketchup (1kg)
T000162,Lux Soap
T000162,Frozen Paratha
T000162,Nestle Water
T000162,Tapal Tea (250g)
T000162,Biscuits
T000162,Eggs
T000163,Nestle Water
T000163,Dalda Cooking Oil (500ml)
T000163,Thal Sugar (200ml)
T000163,Jam
T000164,Biscuits
T000164,Olpers Milk (Pack of 6)
T000164,Frozen Paratha
T000164,Dalda Cooking Oil (500ml)
T000164,Thal Sugar (200ml)
T000165,Guard Rice (1kg)
T000165,Biscuits
T000166,Dalda Cooking Oil (500ml)
T000166,Olpers Milk (Pack of 6)
T000166,Chicken
T000166,Surf Excel
T000166,Lux Soap
T000166,Nestle Water
T000167,Frozen Paratha
T000167,Nestle Water
T000167,National Ketchup (1kg)
T000168,Chicken
T000168,Eggs
T000168,Surf Excel
T000168,Jam
T000169,National Ketchup (1kg)
T000169,Guard Rice (1kg)
T000169,Noodles
T000169,Pepsi 1L
T000169,Biscuits
T000170,Butter
T000170,Shan Biryani Masala
T000170,Bread
T000170,Lux Soap
T000170,Guard Rice (1kg)
T000171,Thal Sugar (200ml)
T000171,Surf Excel
T000171,Shan Biryani Masala
T000172,Pepsi 1L
T000172,Olpers Milk (Pack of 6)
T000172,Chicken
T000172,Lays Chips
T000173,Biscuits
T000173,Lays Chips
T000173,Frozen Paratha
T000173,Surf Excel
T000173,Olpers Milk (Pack of 6)
T000174,Chicken
T000174,Eggs
T000174,Thal Sugar (200ml)
T000174,Olpers Milk (Pack of 6)
T000175,Olpers Milk (Pack of 6)
T000175,Jam
T000175,Bread
T000175,Surf Excel
T000175,Noodles
T000176,Chicken
T000176,Jam
T000176,Lays Chips
T000176,Surf Excel
T000177,Lux Soap
T000177,Shan Biryani Masala
T000177,Jam
T000177,Eggs
T000177,Pepsi 1L
T000177,Frozen Paratha
T000178,Eggs
T000178,Frozen Paratha
T000178,Noodles
T000178,Pepsi 1L
T000179,Thal Sugar (200ml)
T000179,Tapal Tea (250g)
T000179,Noodles
T000179,Olpers Milk (Pack of 6)
T000180,Chicken
T000180,Lays Chips
T000180,Guard Rice (1kg)
T000180,Eggs
T000180,Biscuits
T000181,Lux Soap
T000181,Noodles
T000181,Nestle Water
T000181,Shan Biryani Masala
T000182,Surf Excel
T000182,Butter
T000183,Dalda Cooking Oil (500ml)
T000183,Pepsi 1L
T000183,Noodles
T000183,National Ketchup (1kg)
T000183,Butter
T000184,Noodles
T000184,Jam
T000184,Shan Biryani Masala
T000184,Butter
T000184,Surf Excel
T000185,Guard Rice (1kg)
T000185,Eggs
T000186,Shan Biryani Masala
T000186,Bread
T000186,Noodles
T000187,Biscuits
T000187,Olpers Milk (Pack of 6)
T000187,Surf Excel
T000188,Frozen Paratha
T000188,Surf Excel
T000188,Olpers Milk (Pack of 6)
T000188,Tapal Tea (250g)
T000188,Lays Chips
T000188,Noodles
T000189,Eggs
T000189,Tapal Tea (250g)
T000189,Lays Chips
T000190,Surf Excel
T000190,Thal Sugar (200ml)
T000191,Surf Excel
T000191,Frozen Paratha
T000191,Lux Soap
T000191,Eggs
T000191,Pepsi 1L
T000192,Nestle Water
T000192,Biscuits
T000192,Olpers Milk (Pack of 6)
T000192,Lux Soap
T000192,National Ketchup (1kg)
T000193,Olpers Milk (Pack of 6)
T000193,National Ketchup (1kg)
T000193,Dalda Cooking Oil (500ml)
T000193,Thal Sugar (200ml)
T000193,Nestle Water
T000194,Lux Soap
T000194,Guard Rice (1kg)
T000195,Olpers Milk (Pack of 6)
T000195,Tapal Tea (250g)
T000196,Bread
T000196,Surf Excel
T000196,Nestle Water
T000197,Olpers Milk (Pack of 6)
T000197,Jam
T000197,Thal Sugar (200ml)
T000197,Frozen Paratha
T000197,Bread
T000197,Lays Chips
T000198,Biscuits
T000198,Nestle Water
T000198,Pepsi 1L
T000198,Thal Sugar (200ml)
T000198,Dalda Cooking Oil (500ml)
T000198,Eggs
T000199,Eggs
T000199,Dalda Cooking Oil (500ml)
T000199,Surf Excel
T000199,Jam
T000200,Lays Chips
T000200,Guard Rice (1kg)
T000200,Butter
T000200,Bread
T000200,Pepsi 1L
T000200,Noodles
T000201,Guard Rice (1kg)
T000201,Biscuits
T000202,Guard Rice (1kg)
T000202,Noodles
T000202,Nestle Water
T000203,Frozen Paratha
T000203,Butter
T000204,National Ketchup (1kg)
T000204,Lux Soap
T000205,Pepsi 1L
T000205,Eggs
T000205,Lux Soap
T000206,Olpers Milk (Pack of 6)
T000206,National Ketchup (1kg)
T000206,Butter
T000207,Noodles
T000207,National Ketchup (1kg)
T000207,Eggs
T000207,Jam
T000208,National Ketchup (1kg)
T000208,Eggs
T000208,Lays Chips
T000208,Olpers Milk (Pack of 6)
T000209,Pepsi 1L
T000209,Jam
T000209,Dalda Cooking Oil (500ml)
T000210,Thal Sugar (200ml)
T000210,Jam
T000210,Noodles
T000211,Lays Chips
T000211,Shan Biryani Masala
T000211,Guard Rice (1kg)
T000212,Chicken
T000212,Biscuits
T000212,Nestle Water
T000213,Lays Chips
T000213,Noodles
T000213,Nestle Water
T000213,Guard Rice (1kg)
T000213,Butter
T000213,National Ketchup (1kg)
T000214,Guard Rice (1kg)
T000214,Lays Chips
T000215,Surf Excel
T000215,Chicken
T000215,Pepsi 1L
T000215,Frozen Paratha
T000215,National Ketchup (1kg)
T000216,Thal Sugar (200ml)
T000216,Surf Excel
T000216,National Ketchup (1kg)
T000217,Eggs
T000217,Guard Rice (1kg)
T000217,Shan Biryani Masala
T000217,Nestle Water
T000218,Shan Biryani Masala
T000218,Noodles
T000218,National Ketchup (1kg)
T000219,Pepsi 1L
T000219,Tapal Tea (250g)
T000219,Lays Chips
T000219,Chicken
T000219,Shan Biryani Masala
T000219,Nestle Water
T000220,Tapal Tea (250g)
T000220,Thal Sugar (200ml)
T000220,Eggs
T000221,National Ketchup (1kg)
T000221,Thal Sugar (200ml)
T000221,Surf Excel
T000221,Chicken
T000222,Jam
T000222,Biscuits
T000222,Lays Chips
T000222,Tapal Tea (250g)
T000223,Olpers Milk (Pack of 6)
T000223,Jam
T000223,Noodles
T000223,Pepsi 1L
T000223,Lux Soap
T000224,Lays Chips
T000224,Chicken
T000224,Biscuits
T000224,Thal Sugar (200ml)
T000224,Guard Rice (1kg)
T000225,Pepsi 1L
T000225,Chicken
T000225,Thal Sugar (200ml)
T000225,Frozen Paratha
T000225,Lux Soap
T000225,Lays Chips
T000226,Noodles
T000226,Frozen Paratha
T000227,Tapal Tea (250g)
T000227,Noodles
T000228,Bread
T000228,Butter
T000228,Olpers Milk (Pack of 6)
T000228,Frozen Paratha
T000229,Lays Chips
T000229,Guard Rice (1kg)
T000229,Jam
T000229,Frozen Paratha
T000230,Tapal Tea (250g)
T000230,Chicken
T000230,Lays Chips
T000230,Pepsi 1L
T000231,Lux Soap
T000231,Thal Sugar (200ml)
T000232,Shan Biryani Masala
T000232,Olpers Milk (Pack of 6)
T000232,Chicken
T000232,Thal Sugar (200ml)
T000232,Surf Excel
T000233,Eggs
T000233,Lays Chips
T000234,Frozen Paratha
T000234,Dalda Cooking Oil (500ml)
T000234,National Ketchup (1kg)
T000235,Biscuits
T000235,Surf Excel
T000235,Shan Biryani Masala
T000235,Dalda Cooking Oil (500ml)
T000235,Bread
T000236,Pepsi 1L
T000236,Biscuits
T000236,Jam
T000236,National Ketchup (1kg)
T000236,Eggs
T000236,Olpers Milk (Pack of 6)
T000237,Nestle Water
T000237,Shan Biryani Masala
T000237,Chicken
T000237,Butter
T000237,Guard Rice (1kg)
T000238,Tapal Tea (250g)
T000238,Frozen Paratha
T000238,Surf Excel
T000239,Butter
T000239,Guard Rice (1kg)
T000239,Pepsi 1L
T000239,Eggs
T000239,Olpers Milk (Pack of 6)
T000239,Lays Chips
T000240,Lays Chips
T000240,Frozen Paratha
T000240,Guard Rice (1kg)
T000240,Pepsi 1L
T000241,Eggs
T000241,Chicken
T000241,Surf Excel
T000242,Nestle Water
T000242,Jam
T000243,Bread
T000243,Surf Excel
T000243,Lux Soap
T000244,Eggs
T000244,Biscuits
T000244,Shan Biryani Masala
T000244,Lays Chips
T000244,Jam
T000245,Nestle Water
T000245,Butter
T000245,Surf Excel
T000246,Dalda Cooking Oil (500ml)
T000246,Olpers Milk (Pack of 6)
T000246,National Ketchup (1kg)
T000246,Thal Sugar (200ml)
T000247,Lays Chips
T000247,National Ketchup (1kg)
T000248,Olpers Milk (Pack of 6)
T000248,Thal Sugar (200ml)
T000248,Bread
T000249,Butter
T000249,Guard Rice (1kg)
T000250,Olpers Milk (Pack of 6)
T000250,Dalda Cooking Oil (500ml)
T000250,Jam
T000250,Chicken
T000250,Biscuits
T000251,Guard Rice (1kg)
T000251,Tapal Tea (250g)
T000252,Pepsi 1L
T000252,Nestle Water
T000252,Lays Chips
T000252,National Ketchup (1kg)
T000252,Frozen Paratha
T000253,Olpers Milk (Pack of 6)
T000253,Butter
T000253,Frozen Paratha
T000254,Lux Soap
T000254,Dalda Cooking Oil (500ml)
T000254,Surf Excel
T000255,Lux Soap
T000255,Butter
T000255,Noodles
T000256,Guard Rice (1kg)
T000256,Tapal Tea (250g)
T000256,Dalda Cooking Oil (500ml)
T000256,Bread
T000257,Nestle Water
T000257,Lux Soap
T000257,Dalda Cooking Oil (500ml)
T000258,Tapal Tea (250g)
T000258,Frozen Paratha
T000259,Tapal Tea (250g)
T000259,Thal Sugar (200ml)
T000259,Olpers Milk (Pack of 6)
T000259,Lays Chips
T000259,Noodles
T000260,Lux Soap
T000260,Frozen Paratha
T000260,Shan Biryani Masala
T000260,Surf Excel
T000260,Eggs
T000261,Dalda Cooking Oil (500ml)
T000261,Nestle Water
T000261,Biscuits
T000262,Jam
T000262,Biscuits
T000262,Lays Chips
T000262,Eggs
T000263,Guard Rice (1kg)
T000263,Noodles
T000263,Nestle Water
T000263,Lays Chips
T000263,Shan Biryani Masala
T000264,Eggs
T000264,Surf Excel
T000265,Pepsi 1L
T000265,Lays Chips
T000265,Tapal Tea (250g)
T000266,Nestle Water
T000266,Pepsi 1L
T000266,Thal Sugar (200ml)
T000266,National Ketchup (1kg)
T000266,Shan Biryani Masala
T000266,Lays Chips
T000267,Butter
T000267,Eggs
T000268,Thal Sugar (200ml)
T000268,Shan Biryani Masala
T000268,Dalda Cooking Oil (500ml)
T000268,Lux Soap
T000268,Chicken
T000269,Pepsi 1L
T000269,Lays Chips
T000270,Eggs
T000270,Olpers Milk (Pack of 6)
T000270,Tapal Tea (250g)
T000270,National Ketchup (1kg)
T000271,Shan Biryani Masala
T000271,Tapal Tea (250g)
T000271,Thal Sugar (200ml)
T000271,Noodles
T000271,Dalda Cooking Oil (500ml)
T000272,Biscuits
T000272,Bread
T000272,National Ketchup (1kg)
T000272,Thal Sugar (200ml)
T000272,Surf Excel
T000272,Tapal Tea (250g)
T000273,Guard Rice (1kg)
T000273,Tapal Tea (250g)
T000273,Biscuits
T000274,Jam
T000274,Lays Chips
T000274,Surf Excel
T000275,Tapal Tea (250g)
T000275,Bread
T000275,Thal Sugar (200ml)
T000276,Chicken
T000276,Olpers Milk (Pack of 6)
T000276,Lays Chips
T000276,Bread
T000276,Pepsi 1L
T000277,Eggs
T000277,Biscuits
T000277,Dalda Cooking Oil (500ml)
T000278,Thal Sugar (200ml)
T000278,Noodles
T000279,Shan Biryani Masala
T000279,Biscuits
T000279,Tapal Tea (250g)
T000279,Dalda Cooking Oil (500ml)
T000279,Frozen Paratha
T000279,Olpers Milk (Pack of 6)
T000280,Frozen Paratha
T000280,National Ketchup (1kg)
T000280,Olpers Milk (Pack of 6)
T000280,Jam
T000280,Biscuits
T000280,Tapal Tea (250g)
T000281,Eggs
T000281,Olpers Milk (Pack of 6)
T000282,Bread
T000282,Eggs
T000282,Dalda Cooking Oil (500ml)
T000282,Biscuits
T000282,Surf Excel
T000283,Biscuits
T000283,Eggs
T000283,Lux Soap
T000283,Bread
T000284,Noodles
T000284,Lux Soap
T000284,Jam
T000284,Dalda Cooking Oil (500ml)
T000284,Nestle Water
T000284,Butter
T000285,Nestle Water
T000285,Jam
T000286,Lux Soap
T000286,Chicken
T000286,Eggs
T000286,Dalda Cooking Oil (500ml)
T000286,Pepsi 1L
T000287,Dalda Cooking Oil (500ml)
T000287,Bread
T000287,Pepsi 1L
T000288,Lux Soap
T000288,Bread
T000289,Thal Sugar (200ml)
T000289,National Ketchup (1kg)
T000289,Biscuits
T000289,Nestle Water
T000289,Shan Biryani Masala
T000289,Tapal Tea (250g)
T000290,Butter
T000290,Dalda Cooking Oil (500ml)
T000291,Surf Excel
T000291,Bread
T000291,Nestle Water
T000291,Pepsi 1L
T000291,Chicken
T000292,Chicken
T000292,Surf Excel
T000293,Dalda Cooking Oil (500ml)
T000293,Lux Soap
T000293,Surf Excel
T000293,Pepsi 1L
T000293,Lays Chips
T000293,Chicken
T000294,Bread
T000294,Noodles
T000294,Pepsi 1L
T000295,Surf Excel
T000295,Noodles
T000295,Nestle Water
T000295,Shan Biryani Masala
T000296,Thal Sugar (200ml)
T000296,Jam
T000296,Chicken
T000296,Butter
T000296,National Ketchup (1kg)
T000297,Noodles
T000297,Frozen Paratha
T000297,Butter
T000297,Bread
T000297,Dalda Cooking Oil (500ml)
T000297,Thal Sugar (200ml)
T000298,Jam
T000298,Chicken
T000299,Chicken
T000299,Jam
T000299,Noodles
T000299,Bread
T000300,Pepsi 1L
T000300,National Ketchup (1kg)
T000301,Lays Chips
T000301,Dalda Cooking Oil (500ml)
T000302,Jam
T000302,National Ketchup (1kg)
T000302,Eggs
T000302,Olpers Milk (Pack of 6)
T000302,Surf Excel
T000302,Frozen Paratha
T000303,Lays Chips
T000303,Biscuits
T000303,Surf Excel
T000303,Pepsi 1L
T000304,Surf Excel
T000304,Olpers Milk (Pack of 6)
T000304,Shan Biryani Masala
T000305,Chicken
T000305,Shan Biryani Masala
T000305,National Ketchup (1kg)
T000305,Jam
T000306,Lays Chips
T000306,Surf Excel
T000306,Shan Biryani Masala
T000306,Chicken
T000306,Thal Sugar (200ml)
T000307,Thal Sugar (200ml)
T000307,Nestle Water
T000308,Surf Excel
T000308,Frozen Paratha
T000308,Noodles
T000308,Shan Biryani Masala
T000308,Butter
T000309,Eggs
T000309,Thal Sugar (200ml)
T000309,Shan Biryani Masala
T000310,Tapal Tea (250g)
T000310,Chicken
T000310,Noodles
T000310,Bread
T000310,Dalda Cooking Oil (500ml)
T000311,Surf Excel
T000311,Jam
T000311,Lux Soap
T000312,Biscuits
T000312,Tapal Tea (250g)
T000312,Thal Sugar (200ml)
T000313,Dalda Cooking Oil (500ml)
T000313,Olpers Milk (Pack of 6)
T000313,Surf Excel
T000313,Lays Chips
T000313,Chicken
T000313,Shan Biryani Masala
T000314,Biscuits
T000314,Lays Chips
T000315,Tapal Tea (250g)
T000315,Eggs
T000316,Biscuits
T000316,Jam
T000317,Frozen Paratha
T000317,Jam
T000317,Eggs
T000318,Dalda Cooking Oil (500ml)
T000318,Olpers Milk (Pack of 6)
T000318,Guard Rice (1kg)
T000318,Lays Chips
T000318,Shan Biryani Masala
T000319,Guard Rice (1kg)
T000319,Noodles
T000319,Thal Sugar (200ml)
T000319,Frozen Paratha
T000320,Bread
T000320,Tapal Tea (250g)
T000321,Pepsi 1L
T000321,Lux Soap
T000321,Chicken
T000321,Dalda Cooking Oil (500ml)
T000322,Lays Chips
T000322,Biscuits
T000323,Shan Biryani Masala
T000323,Frozen Paratha
T000324,National Ketchup (1kg)
T000324,Shan Biryani Masala
T000324,Jam
T000324,Tapal Tea (250g)
T000324,Noodles
T000325,Nestle Water
T000325,Bread
T000325,Guard Rice (1kg)
T000325,Tapal Tea (250g)
T000325,National Ketchup (1kg)
T000325,Biscuits
T000326,Nestle Water
T000326,Guard Rice (1kg)
T000326,Tapal Tea (250g)
T000326,Shan Biryani Masala
T000327,Surf Excel
T000327,Eggs
T000328,Dalda Cooking Oil (500ml)
T000328,Pepsi 1L
T000328,Shan Biryani Masala
T000328,Eggs
T000328,National Ketchup (1kg)
T000329,Nestle Water
T000329,Jam
T000329,National Ketchup (1kg)
T000330,Noodles
T000330,Nestle Water
T000330,Surf Excel
T000330,Biscuits
T000330,Guard Rice (1kg)
T000330,Eggs
T000331,Shan Biryani Masala
T000331,Lux Soap
T000331,Surf Excel
T000331,Lays Chips
T000331,Eggs
T000332,Chicken
T000332,Lays Chips
T000333,Tapal Tea (250g)
T000333,Jam
T000334,Frozen Paratha
T000334,Butter
T000335,Nestle Water
T000335,Guard Rice (1kg)
T000335,Jam
T000336,Chicken
T000336,Butter
T000337,Butter
T000337,Tapal Tea (250g)
T000338,Lux Soap
T000338,Olpers Milk (Pack of 6)
T000339,Eggs
T000339,National Ketchup (1kg)
T000339,Bread
T000340,Noodles
T000340,Butter
T000341,Lays Chips
T000341,Butter
T000341,Dalda Cooking Oil (500ml)
T000341,National Ketchup (1kg)
T000341,Shan Biryani Masala
T000341,Noodles
T000342,Jam
T000342,Shan Biryani Masala
T000342,Olpers Milk (Pack of 6)
T000342,National Ketchup (1kg)
T000342,Dalda Cooking Oil (500ml)
T000342,Biscuits
T000343,Jam
T000343,Chicken
T000343,Nestle Water
T000344,Thal Sugar (200ml)
T000344,Jam
T000344,Lux Soap
T000344,Biscuits
T000344,National Ketchup (1kg)
T000344,Pepsi 1L
T000345,Noodles
T000345,Biscuits
T000345,Dalda Cooking Oil (500ml)
T000345,Frozen Paratha
T000345,Butter
T000345,Nestle Water
T000346,Olpers Milk (Pack of 6)
T000346,Jam
T000346,National Ketchup (1kg)
T000346,Thal Sugar (200ml)
T000347,Noodles
T000347,Thal Sugar (200ml)
T000348,Tapal Tea (250g)
T000348,Nestle Water
T000349,Butter
T000349,Guard Rice (1kg)
T000349,Frozen Paratha
T000350,Jam
T000350,Noodles
T000350,Chicken
T000350,Eggs
T000350,Bread
T000351,Noodles
T000351,Dalda Cooking Oil (500ml)
T000351,Guard Rice (1kg)
T000351,Bread
T000351,Lux Soap
T000352,Eggs
T000352,Biscuits
T000352,Lux Soap
T000353,Tapal Tea (250g)
T000353,Shan Biryani Masala
T000354,Dalda Cooking Oil (500ml)
T000354,Bread
T000355,Tapal Tea (250g)
T000355,Eggs
T000355,Jam
T000355,Shan Biryani Masala
T000356,Biscuits
T000356,Shan Biryani Masala
T000356,Pepsi 1L
T000356,Eggs
T000357,Bread
T000357,National Ketchup (1kg)
T000357,Chicken
T000357,Nestle Water
T000357,Jam
T000357,Dalda Cooking Oil (500ml)
T000358,National Ketchup (1kg)
T000358,Bread
T000358,Shan Biryani Masala
T000358,Biscuits
T000358,Butter
T000359,Butter
T000359,Eggs
T000360,Pepsi 1L
T000360,Biscuits
T000360,Guard Rice (1kg)
T000361,Olpers Milk (Pack of 6)
T000361,Pepsi 1L
T000362,Nestle Water
T000362,Tapal Tea (250g)
T000363,Pepsi 1L
T000363,Surf Excel
T000364,Nestle Water
T000364,Eggs
T000364,Noodles
T000364,Butter
T000365,Bread
T000365,Olpers Milk (Pack of 6)
T000366,National Ketchup (1kg)
T000366,Eggs
T000366,Lays Chips
T000367,Pepsi 1L
T000367,Shan Biryani Masala
T000367,Eggs
T000367,Bread
T000367,Tapal Tea (250g)
T000367,Surf Excel
T000368,Eggs
T000368,Chicken
T000368,Jam
T000368,Noodles
T000368,Surf Excel
T000368,Frozen Paratha
T000369,Nestle Water
T000369,Lux Soap
T000370,Biscuits
T000370,Shan Biryani Masala
T000371,Butter
T000371,Dalda Cooking Oil (500ml)
T000372,Frozen Paratha
T000372,Lux Soap
T000372,Surf Excel
T000372,Thal Sugar (200ml)
T000373,Noodles
T000373,Nestle Water
T000373,Bread
T000373,Lays Chips
T000373,Chicken
T000373,Surf Excel
T000374,Shan Biryani Masala
T000374,Pepsi 1L
T000374,Guard Rice (1kg)
T000374,Chicken
T000374,Lays Chips
T000375,Shan Biryani Masala
T000375,Lays Chips
T000375,Eggs
T000375,Bread
T000375,Surf Excel
T000376,Lux Soap
T000376,Eggs
T000377,Butter
T000377,Lays Chips
T000377,Chicken
T000377,Pepsi 1L
T000377,Lux Soap
T000377,Thal Sugar (200ml)
T000378,Surf Excel
T000378,Pepsi 1L
T000378,Lays Chips
T000378,Thal Sugar (200ml)
T000378,National Ketchup (1kg)
T000379,Tapal Tea (250g)
T000379,Lays Chips
T000379,Chicken
T000379,Lux Soap
T000379,Thal Sugar (200ml)
T000380,Olpers Milk (Pack of 6)
T000380,Noodles
T000380,Guard Rice (1kg)
T000381,Jam
T000381,Chicken
T000381,Shan Biryani Masala
T000381,Biscuits
T000382,Biscuits
T000382,Noodles
T000383,National Ketchup (1kg)
T000383,Dalda Cooking Oil (500ml)
T000383,Noodles
T000383,Frozen Paratha
T000384,National Ketchup (1kg)
T000384,Shan Biryani Masala
T000384,Tapal Tea (250g)
T000385,Jam
T000385,Chicken
T000385,Thal Sugar (200ml)
T000385,Eggs
T000385,Noodles
T000385,Dalda Cooking Oil (500ml)
T000386,Frozen Paratha
T000386,Guard Rice (1kg)
T000387,Nestle Water
T000387,Jam
T000387,Biscuits
T000387,Tapal Tea (250g)
T000387,Bread
T000387,Pepsi 1L
T000388,Nestle Water
T000388,Dalda Cooking Oil (500ml)
T000388,Biscuits
T000388,Frozen Paratha
T000388,Eggs
T000388,Guard Rice (1kg)
T000389,Nestle Water
T000389,Guard Rice (1kg)
T000389,Shan Biryani Masala
T000389,Jam
T000390,Lays Chips
T000390,Noodles
T000390,Olpers Milk (Pack of 6)
T000390,National Ketchup (1kg)
T000390,Pepsi 1L
T000391,National Ketchup (1kg)
T000391,Olpers Milk (Pack of 6)
T000391,Chicken
T000391,Lux Soap
T000392,National Ketchup (1kg)
T000392,Butter
T000392,Jam
T000393,Tapal Tea (250g)
T000393,Butter
T000393,Lays Chips
T000394,Dalda Cooking Oil (500ml)
T000394,Shan Biryani Masala
T000394,Chicken
T000394,Bread
T000395,Lays Chips
T000395,Frozen Paratha
T000395,Guard Rice (1kg)
T000395,Olpers Milk (Pack of 6)
T000395,Pepsi 1L
T000395,National Ketchup (1kg)
T000396,Thal Sugar (200ml)
T000396,Noodles
T000396,Bread
T000396,Pepsi 1L
T000397,Nestle Water
T000397,Pepsi 1L
T000397,Olpers Milk (Pack of 6)
T000397,Lays Chips
T000397,Chicken
T000398,Dalda Cooking Oil (500ml)
T000398,Guard Rice (1kg)
T000398,Jam
T000399,Shan Biryani Masala
T000399,Tapal Tea (250g)
T000400,Dalda Cooking Oil (500ml)
T000400,Lux Soap
T000400,Guard Rice (1kg)
T000400,Butter
T000400,Thal Sugar (200ml)
T000400,Jam
T000401,Chicken
T000401,Shan Biryani Masala
T000401,Thal Sugar (200ml)
T000401,Butter
T000401,National Ketchup (1kg)
T000402,Lux Soap
T000402,Dalda Cooking Oil (500ml)
T000403,Pepsi 1L
T000403,Tapal Tea (250g)
T000404,Noodles
T000404,Nestle Water
T000404,Frozen Paratha
T000405,Pepsi 1L
T000405,Eggs
T000405,Jam
T000405,Surf Excel
T000405,Olpers Milk (Pack of 6)
T000405,Thal Sugar (200ml)
T000406,Biscuits
T000406,Lays Chips
T000406,Chicken
T000406,Jam
T000407,Biscuits
T000407,Guard Rice (1kg)
T000407,Frozen Paratha
T000408,Surf Excel
T000408,National Ketchup (1kg)
T000408,Bread
T000408,Jam
T000409,National Ketchup (1kg)
T000409,Lays Chips
T000409,Dalda Cooking Oil (500ml)
T000410,Shan Biryani Masala
T000410,Lux Soap
T000410,Biscuits
T000410,Thal Sugar (200ml)
T000410,Chicken
T000411,Dalda Cooking Oil (500ml)
T000411,National Ketchup (1kg)
T000411,Butter
T000412,National Ketchup (1kg)
T000412,Jam
T000412,Frozen Paratha
T000413,National Ketchup (1kg)
T000413,Pepsi 1L
T000413,Dalda Cooking Oil (500ml)
T000413,Nestle Water
T000413,Shan Biryani Masala
T000414,National Ketchup (1kg)
T000414,Butter
T000414,Pepsi 1L
T000414,Chicken
T000415,Butter
T000415,Shan Biryani Masala
T000416,Chicken
T000416,National Ketchup (1kg)
T000417,Frozen Paratha
T000417,Lays Chips
T000417,Surf Excel
T000418,Thal Sugar (200ml)
T000418,Bread
T000418,Jam
T000418,Frozen Paratha
T000418,Surf Excel
T000418,Guard Rice (1kg)
T000419,Chicken
T000419,Guard Rice (1kg)
T000419,Jam
T000419,Eggs
T000420,National Ketchup (1kg)
T000420,Guard Rice (1kg)
T000420,Tapal Tea (250g)
T000420,Noodles
T000420,Lays Chips
T000420,Lux Soap
T000421,Tapal Tea (250g)
T000421,Bread
T000421,Olpers Milk (Pack of 6)
T000421,Eggs
T000421,Lux Soap
T000421,Frozen Paratha
T000422,Pepsi 1L
T000422,Shan Biryani Masala
T000422,Frozen Paratha
T000422,Olpers Milk (Pack of 6)
T000423,Jam
T000423,Butter
T000424,Chicken
T000424,Frozen Paratha
T000424,Guard Rice (1kg)
T000425,National Ketchup (1kg)
T000425,Thal Sugar (200ml)
T000425,Noodles
T000425,Butter
T000425,Olpers Milk (Pack of 6)
T000426,Chicken
T000426,Nestle Water
T000427,Bread
T000427,Dalda Cooking Oil (500ml)
T000427,Lays Chips
T000428,Lays Chips
T000428,Lux Soap
T000428,Surf Excel
T000428,Eggs
T000429,Olpers Milk (Pack of 6)
T000429,Lux Soap
T000429,Butter
T000430,Eggs
T000430,Butter
T000430,Lays Chips
T000430,Pepsi 1L
T000431,Jam
T000431,Thal Sugar (200ml)
T000431,Pepsi 1L
T000431,Shan Biryani Masala
T000431,Noodles
T000432,Olpers Milk (Pack of 6)
T000432,Guard Rice (1kg)
T000432,Jam
T000432,Nestle Water
T000432,Chicken
T000433,Shan Biryani Masala
T000433,Chicken
T000433,Pepsi 1L
T000433,Bread
T000433,Jam
T000433,Dalda Cooking Oil (500ml)
T000434,Tapal Tea (250g)
T000434,Jam
T000434,Shan Biryani Masala
T000434,Biscuits
T000434,Butter
T000434,Chicken
T000435,Guard Rice (1kg)
T000435,Bread
T000435,Chicken
T000436,Nestle Water
T000436,Jam
T000436,National Ketchup (1kg)
T000436,Tapal Tea (250g)
T000437,Eggs
T000437,National Ketchup (1kg)
T000437,Noodles
T000437,Surf Excel
T000438,Bread
T000438,Biscuits
T000438,Lays Chips
T000438,Olpers Milk (Pack of 6)
T000438,National Ketchup (1kg)
T000439,Jam
T000439,Noodles
T000440,Tapal Tea (250g)
T000440,National Ketchup (1kg)
T000440,Dalda Cooking Oil (500ml)
T000440,Butter
T000440,Thal Sugar (200ml)
T000440,Nestle Water
T000441,Nestle Water
T000441,Lux Soap
T000441,Eggs
T000441,Frozen Paratha
T000441,Pepsi 1L
T000442,Butter
T000442,Chicken
T000442,Jam
T000442,Shan Biryani Masala
T000442,Biscuits
T000443,Nestle Water
T000443,Dalda Cooking Oil (500ml)
T000443,Tapal Tea (250g)
T000443,Shan Biryani Masala
T000443,Guard Rice (1kg)
T000444,Jam
T000444,Dalda Cooking Oil (500ml)
T000444,Butter
T000444,Thal Sugar (200ml)
T000444,Eggs
T000445,Frozen Paratha
T000445,Tapal Tea (250g)
T000445,Biscuits
T000445,Lays Chips
T000445,National Ketchup (1kg)
T000445,Bread
T000446,Pepsi 1L
T000446,Biscuits
T000446,Jam
T000446,Chicken
T000447,Lays Chips
T000447,Dalda Cooking Oil (500ml)
T000447,Thal Sugar (200ml)
T000448,Chicken
T000448,Shan Biryani Masala
T000449,National Ketchup (1kg)
T000449,Frozen Paratha
T000449,Butter
T000449,Bread
T000449,Jam
T000449,Lays Chips
T000450,Nestle Water
T000450,Lays Chips
T000450,Eggs
T000450,Butter
T000450,Dalda Cooking Oil (500ml)
T000450,Noodles
T000451,Lux Soap
T000451,Shan Biryani Masala
T000451,Butter
T000451,Surf Excel
T000451,Tapal Tea (250g)
T000451,Chicken
T000452,Tapal Tea (250g)
T000452,Pepsi 1L
T000452,Thal Sugar (200ml)
T000452,Biscuits
T000452,Noodles
T000452,Lays Chips
T000453,Pepsi 1L
T000453,Noodles
T000453,Dalda Cooking Oil (500ml)
T000453,Lays Chips
T000453,Frozen Paratha
T000454,Jam
T000454,Chicken
T000454,Nestle Water
T000454,Tapal Tea (250g)
T000454,Bread
T000455,Jam
T000455,Lux Soap
T000455,Guard Rice (1kg)
T000455,Noodles
T000455,Thal Sugar (200ml)
T000456,Shan Biryani Masala
T000456,Guard Rice (1kg)
T000456,Jam
T000456,Biscuits
T000456,Noodles
T000456,Dalda Cooking Oil (500ml)
T000457,Nestle Water
T000457,National Ketchup (1kg)
T000458,Surf Excel
T000458,Bread
T000458,Chicken
T000458,Pepsi 1L
T000458,Guard Rice (1kg)
T000459,Pepsi 1L
T000459,Nestle Water
T000459,Bread
T000459,Butter
T000459,Dalda Cooking Oil (500ml)
T000460,Jam
T000460,Shan Biryani Masala
T000460,Surf Excel
T000460,Lays Chips
T000460,National Ketchup (1kg)
T000461,Bread
T000461,Nestle Water
T000461,Frozen Paratha
T000461,Thal Sugar (200ml)
T000461,Jam
T000461,Butter
T000462,Lux Soap
T000462,Pepsi 1L
T000462,Biscuits
T000462,Dalda Cooking Oil (500ml)
T000462,Noodles
T000462,Tapal Tea (250g)
T000463,Shan Biryani Masala
T000463,Biscuits
T000463,National Ketchup (1kg)
T000463,Guard Rice (1kg)
T000463,Tapal Tea (250g)
T000464,Noodles
T000464,Shan Biryani Masala
T000464,Lux Soap
T000464,Pepsi 1L
T000465,Tapal Tea (250g)
T000465,Surf Excel
T000465,Chicken
T000465,Olpers Milk (Pack of 6)
T000466,Chicken
T000466,Frozen Paratha
T000466,Jam
T000466,Shan Biryani Masala
T000466,Dalda Cooking Oil (500ml)
T000466,Butter
T000467,Chicken
T000467,Frozen Paratha
T000468,Lays Chips
T000468,Butter
T000468,Bread
T000468,Shan Biryani Masala
T000468,Nestle Water
T000468,Jam
T000469,Lux Soap
T000469,Eggs
T000470,Lays Chips
T000470,Thal Sugar (200ml)
T000470,Biscuits
T000470,Guard Rice (1kg)
T000470,Dalda Cooking Oil (500ml)
T000470,Pepsi 1L
T000471,Butter
T000471,Nestle Water
T000471,Shan Biryani Masala
T000471,Frozen Paratha
T000471,Guard Rice (1kg)
T000471,Noodles
T000472,Tapal Tea (250g)
T000472,Dalda Cooking Oil (500ml)
T000472,Chicken
T000472,Bread
T000473,Lays Chips
T000473,Thal Sugar (200ml)
T000473,Guard Rice (1kg)
T000473,Frozen Paratha
T000474,Tapal Tea (250g)
T000474,Butter
T000474,National Ketchup (1kg)
T000475,Biscuits
T000475,Chicken
T000475,Dalda Cooking Oil (500ml)
T000475,Guard Rice (1kg)
T000476,Dalda Cooking Oil (500ml)
T000476,National Ketchup (1kg)
T000476,Butter
T000476,Lux Soap
T000477,Jam
T000477,Olpers Milk (Pack of 6)
T000477,Chicken
T000477,Surf Excel
T000477,Biscuits
T000477,Dalda Cooking Oil (500ml)
T000478,Dalda Cooking Oil (500ml)
T000478,Jam
T000478,Lays Chips
T000478,Frozen Paratha
T000478,Pepsi 1L
T000478,Nestle Water
T000479,Shan Biryani Masala
T000479,Lux Soap
T000479,Butter
T000479,Surf Excel
T000479,Nestle Water
T000479,Pepsi 1L
T000480,Thal Sugar (200ml)
T000480,Lays Chips
T000480,Surf Excel
T000480,Jam
T000480,Guard Rice (1kg)
T000481,Thal Sugar (200ml)
T000481,Pepsi 1L
T000482,Pepsi 1L
T000482,Butter
T000482,Frozen Paratha
T000483,Tapal Tea (250g)
T000483,Jam
T000483,Biscuits
T000483,Surf Excel
T000483,Pepsi 1L
T000483,Bread
T000484,Thal Sugar (200ml)
T000484,Jam
T000484,Tapal Tea (250g)
T000484,Dalda Cooking Oil (500ml)
T000484,Noodles
T000485,Tapal Tea (250g)
T000485,Butter
T000485,Shan Biryani Masala
T000485,Jam
T000485,Biscuits
T000486,Frozen Paratha
T000486,Chicken
T000486,Biscuits
T000487,Jam
T000487,Tapal Tea (250g)
T000487,Pepsi 1L
T000487,Surf Excel
T000487,National Ketchup (1kg)
T000487,Guard Rice (1kg)
T000488,Frozen Paratha
T000488,Noodles
T000488,National Ketchup (1kg)
T000488,Surf Excel
T000489,Lux Soap
T000489,Guard Rice (1kg)
T000489,Bread
T000489,Eggs
T000489,Surf Excel
T000489,Noodles
T000490,Olpers Milk (Pack of 6)
T000490,Eggs
T000490,Tapal Tea (250g)
T000490,Chicken
T000490,Shan Biryani Masala
T000491,National Ketchup (1kg)
T000491,Surf Excel
T000491,Tapal Tea (250g)
T000492,Chicken
T000492,Thal Sugar (200ml)
T000493,Tapal Tea (250g)
T000493,Biscuits
T000494,Olpers Milk (Pack of 6)
T000494,National Ketchup (1kg)
T000494,Tapal Tea (250g)
T000494,Guard Rice (1kg)
T000494,Frozen Paratha
T000494,Dalda Cooking Oil (500ml)
T000495,Noodles
T000495,Biscuits
T000495,Guard Rice (1kg)
T000495,Shan Biryani Masala
T000495,Frozen Paratha
T000496,Nestle Water
T000496,Butter
T000497,Dalda Cooking Oil (500ml)
T000497,Thal Sugar (200ml)
T000498,Tapal Tea (250g)
T000498,Lays Chips
T000498,Butter
T000498,Dalda Cooking Oil (500ml)
T000498,Shan Biryani Masala
T000498,Eggs
T000499,Lays Chips
T000499,Jam
T000499,Olpers Milk (Pack of 6)
T000499,Surf Excel
T000499,Shan Biryani Masala
T000500,Guard Rice (1kg)
T000500,Dalda Cooking Oil (500ml)
T000501,Pepsi 1L
T000501,Guard Rice (1kg)
T000501,Butter
T000501,Lays Chips
T000501,Biscuits
T000502,Tapal Tea (250g)
T000502,Lux Soap
T000502,Biscuits
T000503,Noodles
T000503,Dalda Cooking Oil (500ml)
T000504,Surf Excel
T000504,Lays Chips
T000504,Butter
T000504,Chicken
T000504,Shan Biryani Masala
T000504,Frozen Paratha
T000505,Nestle Water
T000505,Biscuits
T000505,Tapal Tea (250g)
T000505,Eggs
T000506,National Ketchup (1kg)
T000506,Surf Excel
T000506,Eggs
T000506,Olpers Milk (Pack of 6)
T000506,Butter
T000507,National Ketchup (1kg)
T000507,Thal Sugar (200ml)
T000507,Noodles
T000507,Bread
T000508,Noodles
T000508,Tapal Tea (250g)
T000509,Surf Excel
T000509,Lux Soap
T000510,Jam
T000510,Tapal Tea (250g)
T000510,Eggs
T000510,Olpers Milk (Pack of 6)
T000511,Shan Biryani Masala
T000511,Eggs
T000511,National Ketchup (1kg)
T000512,Guard Rice (1kg)
T000512,Shan Biryani Masala
T000512,Nestle Water
T000512,Thal Sugar (200ml)
T000512,Surf Excel
T000513,Noodles
T000513,Biscuits
T000513,Thal Sugar (200ml)
T000513,Jam
T000513,Frozen Paratha
T000513,Lux Soap
T000514,Tapal Tea (250g)
T000514,Nestle Water
T000514,Olpers Milk (Pack of 6)
T000514,Lux Soap
T000515,Olpers Milk (Pack of 6)
T000515,Guard Rice (1kg)
T000515,Lays Chips
T000516,Surf Excel
T000516,Dalda Cooking Oil (500ml)
T000516,Olpers Milk (Pack of 6)
T000517,Biscuits
T000517,National Ketchup (1kg)
T000517,Thal Sugar (200ml)
T000518,Guard Rice (1kg)
T000518,Chicken
T000519,Noodles
T000519,Lux Soap
T000520,Guard Rice (1kg)
T000520,Nestle Water
T000520,Biscuits
T000520,Dalda Cooking Oil (500ml)
T000520,Noodles
T000521,Noodles
T000521,Thal Sugar (200ml)
T000522,Pepsi 1L
T000522,Lux Soap
T000522,Biscuits
T000522,Frozen Paratha
T000522,Butter
T000523,Nestle Water
T000523,Eggs
T000523,Lays Chips
T000523,Dalda Cooking Oil (500ml)
T000523,Butter
T000523,Bread
T000524,Guard Rice (1kg)
T000524,Bread
T000524,Eggs
T000524,Dalda Cooking Oil (500ml)
T000524,Nestle Water
T000524,National Ketchup (1kg)
T000525,Shan Biryani Masala
T000525,Lays Chips
T000525,Bread
T000525,Biscuits
T000526,Surf Excel
T000526,Lays Chips
T000526,Chicken
T000526,National Ketchup (1kg)
T000526,Olpers Milk (Pack of 6)
T000526,Thal Sugar (200ml)
T000527,Olpers Milk (Pack of 6)
T000527,Guard Rice (1kg)
T000528,Shan Biryani Masala
T000528,Eggs
T000528,Guard Rice (1kg)
T000528,Dalda Cooking Oil (500ml)
T000529,Bread
T000529,Noodles
T000529,Eggs
T000529,Frozen Paratha
T000530,National Ketchup (1kg)
T000530,Bread
T000530,Guard Rice (1kg)
T000531,Chicken
T000531,Frozen Paratha
T000531,National Ketchup (1kg)
T000532,National Ketchup (1kg)
T000532,Surf Excel
T000532,Butter
T000532,Noodles
T000532,Nestle Water
T000533,Nestle Water
T000533,Frozen Paratha
T000533,National Ketchup (1kg)
T000533,Olpers Milk (Pack of 6)
T000533,Bread
T000533,Dalda Cooking Oil (500ml)
T000534,Nestle Water
T000534,Frozen Paratha
T000534,Thal Sugar (200ml)
T000534,National Ketchup (1kg)
T000534,Shan Biryani Masala
T000535,Noodles
T000535,Olpers Milk (Pack of 6)
T000535,Shan Biryani Masala
T000535,Lux Soap
T000535,Lays Chips
T000536,Nestle Water
T000536,Noodles
T000536,Biscuits
T000536,Bread
T000536,Shan Biryani Masala
T000537,Dalda Cooking Oil (500ml)
T000537,Surf Excel
T000537,Guard Rice (1kg)
T000537,Chicken
T000538,Shan Biryani Masala
T000538,Lays Chips
T000538,Bread
T000538,Chicken
T000538,National Ketchup (1kg)
T000539,Dalda Cooking Oil (500ml)
T000539,Nestle Water
T000539,Surf Excel
T000539,Noodles
T000539,Tapal Tea (250g)
T000540,National Ketchup (1kg)
T000540,Chicken
T000541,Lux Soap
T000541,Bread
T000541,National Ketchup (1kg)
T000541,Surf Excel
T000541,Olpers Milk (Pack of 6)
T000542,Frozen Paratha
T000542,Dalda Cooking Oil (500ml)
T000542,Butter
T000542,Tapal Tea (250g)
T000542,Guard Rice (1kg)
T000543,Frozen Paratha
T000543,Chicken
T000544,Surf Excel
T000544,Olpers Milk (Pack of 6)
T000544,Eggs
T000544,Thal Sugar (200ml)
T000544,Tapal Tea (250g)
T000545,Bread
T000545,Pepsi 1L
T000545,Jam
T000545,Frozen Paratha
T000546,Frozen Paratha
T000546,Nestle Water
T000546,Dalda Cooking Oil (500ml)
T000546,Surf Excel
T000546,Noodles
T000546,Pepsi 1L
T000547,Dalda Cooking Oil (500ml)
T000547,Lux Soap
T000547,Butter
T000547,Shan Biryani Masala
T000547,Biscuits
T000547,Jam
T000548,Dalda Cooking Oil (500ml)
T000548,Pepsi 1L
T000548,Lux Soap
T000548,National Ketchup (1kg)
T000548,Lays Chips
T000548,Eggs
T000549,Butter
T000549,Bread
T000549,Surf Excel
T000549,Shan Biryani Masala
T000549,Frozen Paratha
T000549,Guard Rice (1kg)
T000550,Nestle Water
T000550,Biscuits
T000550,National Ketchup (1kg)
T000550,Chicken
T000551,Olpers Milk (Pack of 6)
T000551,Lays Chips
T000551,Guard Rice (1kg)
T000551,Chicken
T000551,Frozen Paratha
T000551,Jam
T000552,Pepsi 1L
T000552,Surf Excel
T000552,National Ketchup (1kg)
T000552,Olpers Milk (Pack of 6)
T000553,Lux Soap
T000553,Tapal Tea (250g)
T000554,Dalda Cooking Oil (500ml)
T000554,Noodles
T000554,Thal Sugar (200ml)
T000554,Nestle Water
T000554,Biscuits
T000555,Tapal Tea (250g)
T000555,Shan Biryani Masala
T000555,Butter
T000556,Eggs
T000556,Dalda Cooking Oil (500ml)
T000556,National Ketchup (1kg)
T000557,Bread
T000557,Lux Soap
T000557,National Ketchup (1kg)
T000557,Eggs
T000557,Pepsi 1L
T000558,Butter
T000558,Eggs
T000559,Dalda Cooking Oil (500ml)
T000559,Shan Biryani Masala
T000559,Jam
T000560,Frozen Paratha
T000560,Nestle Water
T000561,Lays Chips
T000561,Jam
T000562,Olpers Milk (Pack of 6)
T000562,Jam
T000562,Thal Sugar (200ml)
T000562,Guard Rice (1kg)
T000563,Butter
T000563,Tapal Tea (250g)
T000564,Surf Excel
T000564,Shan Biryani Masala
T000564,Lays Chips
T000564,Pepsi 1L
T000564,Noodles
T000564,Lux Soap
T000565,Pepsi 1L
T000565,Butter
T000566,Bread
T000566,Dalda Cooking Oil (500ml)
T000567,Shan Biryani Masala
T000567,Biscuits
T000567,Nestle Water
T000567,Jam
T000568,Biscuits
T000568,Eggs
T000568,Surf Excel
T000568,Tapal Tea (250g)
T000569,Surf Excel
T000569,Tapal Tea (250g)
T000569,Pepsi 1L
T000570,Dalda Cooking Oil (500ml)
T000570,Tapal Tea (250g)
T000571,Jam
T000571,Guard Rice (1kg)
T000571,Eggs
T000571,Lays Chips
T000571,Biscuits
T000571,Shan Biryani Masala
T000572,Tapal Tea (250g)
T000572,Bread
T000572,Dalda Cooking Oil (500ml)
T000572,Nestle Water
T000573,Dalda Cooking Oil (500ml)
T000573,Nestle Water
T000573,Noodles
T000574,Eggs
T000574,Olpers Milk (Pack of 6)
T000574,Bread
T000574,Biscuits
T000574,Surf Excel
T000575,Bread
T000575,Noodles
T000575,Butter
T000575,Lux Soap
T000575,Eggs
T000576,Lays Chips
T000576,National Ketchup (1kg)
T000576,Shan Biryani Masala
T000576,Nestle Water
T000576,Bread
T000577,Noodles
T000577,Shan Biryani Masala
T000577,National Ketchup (1kg)
T000578,Pepsi 1L
T000578,Nestle Water
T000578,National Ketchup (1kg)
T000578,Jam
T000578,Tapal Tea (250g)
T000578,Lays Chips
T000579,Pepsi 1L
T000579,Lays Chips
T000579,Eggs
T000579,Shan Biryani Masala
T000580,Surf Excel
T000580,Bread
T000581,Biscuits
T000581,Shan Biryani Masala
T000581,Nestle Water
T000581,Lux Soap
T000581,Eggs
T000582,Olpers Milk (Pack of 6)
T000582,Tapal Tea (250g)
T000583,Lays Chips
T000583,Pepsi 1L
T000584,Jam
T000584,Chicken
T000584,Butter
T000585,National Ketchup (1kg)
T000585,Olpers Milk (Pack of 6)
T000585,Chicken
T000585,Lays Chips
T000585,Surf Excel
T000586,Surf Excel
T000586,Biscuits
T000586,Lays Chips
T000586,Dalda Cooking Oil (500ml)
T000587,Pepsi 1L
T000587,National Ketchup (1kg)
T000588,National Ketchup (1kg)
T000588,Guard Rice (1kg)
T000588,Butter
T000589,Noodles
T000589,Thal Sugar (200ml)
T000589,National Ketchup (1kg)
T000590,Eggs
T000590,Dalda Cooking Oil (500ml)
T000591,Dalda Cooking Oil (500ml)
T000591,Thal Sugar (200ml)
T000591,Surf Excel
T000592,Dalda Cooking Oil (500ml)
T000592,Chicken
T000592,Nestle Water
T000592,Thal Sugar (200ml)
T000592,Jam
T000592,Guard Rice (1kg)
T000593,Lux Soap
T000593,Butter
T000593,Guard Rice (1kg)
T000593,Frozen Paratha
T000594,Shan Biryani Masala
T000594,Jam
T000594,Olpers Milk (Pack of 6)
T000594,Chicken
T000594,Pepsi 1L
T000594,Eggs
T000595,Nestle Water
T000595,National Ketchup (1kg)
T000596,Thal Sugar (200ml)
T000596,Guard Rice (1kg)
T000597,Pepsi 1L
T000597,Tapal Tea (250g)
T000597,Biscuits
T000597,Guard Rice (1kg)
T000598,Nestle Water
T000598,Thal Sugar (200ml)
T000598,Surf Excel
T000598,Lux Soap
T000598,Butter
T000598,Guard Rice (1kg)
T000599,Pepsi 1L
T000599,Chicken
T000599,Thal Sugar (200ml)
T000599,Tapal Tea (250g)
T000599,Nestle Water
T000600,Butter
T000600,Guard Rice (1kg)
T000600,Shan Biryani Masala
T000600,Olpers Milk (Pack of 6)
T000600,Thal Sugar (200ml)
T000600,Tapal Tea (250g)
T000601,Jam
T000601,Nestle Water
T000602,Jam
T000602,Butter
T000602,Nestle Water
T000603,Biscuits
T000603,Jam
T000603,Chicken
T000603,Frozen Paratha
T000603,Guard Rice (1kg)
T000604,Butter
T000604,Nestle Water
T000604,Jam
T000604,Surf Excel
T000605,Guard Rice (1kg)
T000605,Pepsi 1L
T000605,Noodles
T000606,Jam
T000606,Pepsi 1L
T000606,Dalda Cooking Oil (500ml)
T000607,Shan Biryani Masala
T000607,Dalda Cooking Oil (500ml)
T000607,Eggs
T000607,Thal Sugar (200ml)
T000607,Frozen Paratha
T000607,Nestle Water
T000608,Shan Biryani Masala
T000608,National Ketchup (1kg)
T000608,Eggs
T000608,Thal Sugar (200ml)
T000608,Lays Chips
T000609,Tapal Tea (250g)
T000609,Eggs
T000609,Bread
T000609,Surf Excel
T000610,Guard Rice (1kg)
T000610,Thal Sugar (200ml)
T000610,Lays Chips
T000610,Butter
T000610,Dalda Cooking Oil (500ml)
T000611,Biscuits
T000611,Noodles
T000611,Olpers Milk (Pack of 6)
T000611,Tapal Tea (250g)
T000611,Surf Excel
T000611,Dalda Cooking Oil (500ml)
T000612,Eggs
T000612,Shan Biryani Masala
T000612,Lays Chips
T000613,Pepsi 1L
T000613,Bread
T000613,Frozen Paratha
T000614,Noodles
T000614,Biscuits
T000614,Lays Chips
T000614,Bread
T000614,Dalda Cooking Oil (500ml)
T000615,Tapal Tea (250g)
T000615,National Ketchup (1kg)
T000615,Lux Soap
T000615,Jam
T000615,Nestle Water
T000615,Biscuits
T000616,Jam
T000616,Butter
T000616,Lux Soap
T000616,Shan Biryani Masala
T000617,Pepsi 1L
T000617,Biscuits
T000618,National Ketchup (1kg)
T000618,Dalda Cooking Oil (500ml)
T000618,Olpers Milk (Pack of 6)
T000618,Shan Biryani Masala
T000619,Frozen Paratha
T000619,Lux Soap
T000619,Biscuits
T000620,Chicken
T000620,Olpers Milk (Pack of 6)
T000620,Frozen Paratha
T000620,Biscuits
T000620,Lux Soap
T000620,Guard Rice (1kg)
T000621,Butter
T000621,Shan Biryani Masala
T000621,Guard Rice (1kg)
T000621,National Ketchup (1kg)
T000622,Frozen Paratha
T000622,Noodles
T000622,Surf Excel
T000622,Nestle Water
T000623,Surf Excel
T000623,Jam
T000623,National Ketchup (1kg)
T000623,Chicken
T000624,Butter
T000624,Chicken
T000624,Bread
T000624,Thal Sugar (200ml)
T000624,Frozen Paratha
T000625,Nestle Water
T000625,Butter
T000625,Lays Chips
T000626,National Ketchup (1kg)
T000626,Lux Soap
T000626,Nestle Water
T000626,Bread
T000626,Butter
T000627,National Ketchup (1kg)
T000627,Thal Sugar (200ml)
T000627,Butter
T000628,National Ketchup (1kg)
T000628,Eggs
T000628,Pepsi 1L
T000628,Lux Soap
T000628,Surf Excel
T000628,Frozen Paratha
T000629,Pepsi 1L
T000629,Thal Sugar (200ml)
T000629,Jam
T000629,Guard Rice (1kg)
T000630,Nestle Water
T000630,Pepsi 1L
T000630,Frozen Paratha
T000630,Biscuits
T000630,Bread
T000630,Dalda Cooking Oil (500ml)
T000631,Nestle Water
T000631,Jam
T000631,National Ketchup (1kg)
T000631,Biscuits
T000631,Bread
T000632,Biscuits
T000632,Nestle Water
T000632,Butter
T000633,Dalda Cooking Oil (500ml)
T000633,Frozen Paratha
T000633,Lux Soap
T000633,Biscuits
T000633,Noodles
T000633,Shan Biryani Masala
T000634,Chicken
T000634,Olpers Milk (Pack of 6)
T000634,Eggs
T000634,Tapal Tea (250g)
T000634,Butter
T000634,Noodles
T000635,Butter
T000635,Nestle Water
T000635,Lays Chips
T000636,Nestle Water
T000636,Jam
T000636,National Ketchup (1kg)
T000636,Butter
T000636,Noodles
T000636,Dalda Cooking Oil (500ml)
T000637,Shan Biryani Masala
T000637,Pepsi 1L
T000637,Eggs
T000637,Guard Rice (1kg)
T000637,Bread
T000638,Noodles
T000638,Pepsi 1L
T000638,Tapal Tea (250g)
T000638,Surf Excel
T000638,Nestle Water
T000638,Eggs
T000639,Eggs
T000639,Lux Soap
T000639,Bread
T000639,National Ketchup (1kg)
T000639,Surf Excel
T000640,Olpers Milk (Pack of 6)
T000640,Shan Biryani Masala
T000640,Biscuits
T000641,Surf Excel
T000641,Pepsi 1L
T000641,Frozen Paratha
T000641,Tapal Tea (250g)
T000641,Nestle Water
T000641,Lux Soap
T000642,Shan Biryani Masala
T000642,Lays Chips
T000642,Biscuits
T000642,Surf Excel
T000642,National Ketchup (1kg)
T000643,Tapal Tea (250g)
T000643,Guard Rice (1kg)
T000643,Noodles
T000643,Biscuits
T000643,Butter
T000643,Pepsi 1L
T000644,Frozen Paratha
T000644,Guard Rice (1kg)
T000644,Nestle Water
T000645,Bread
T000645,Shan Biryani Masala
T000646,Tapal Tea (250g)
T000646,Surf Excel
T000646,Lux Soap
T000646,Eggs
T000646,Butter
T000646,Guard Rice (1kg)
T000647,Jam
T000647,Bread
T000647,Tapal Tea (250g)
T000647,Pepsi 1L
T000648,Nestle Water
T000648,Tapal Tea (250g)
T000648,Frozen Paratha
T000648,Dalda Cooking Oil (500ml)
T000649,Dalda Cooking Oil (500ml)
T000649,Thal Sugar (200ml)
T000650,Butter
T000650,Frozen Paratha
T000650,Shan Biryani Masala
T000651,Bread
T000651,Eggs
T000651,Thal Sugar (200ml)
T000651,Dalda Cooking Oil (500ml)
T000652,Guard Rice (1kg)
T000652,Lux Soap
T000652,Nestle Water
T000652,Surf Excel
T000653,Bread
T000653,Jam
T000653,Lux Soap
T000654,Olpers Milk (Pack of 6)
T000654,Nestle Water
T000655,Guard Rice (1kg)
T000655,Jam
T000655,Bread
T000655,Lux Soap
T000655,Chicken
T000656,Lux Soap
T000656,Noodles
T000657,Noodles
T000657,Thal Sugar (200ml)
T000657,Olpers Milk (Pack of 6)
T000658,Lays Chips
T000658,Tapal Tea (250g)
T000658,Guard Rice (1kg)
T000658,Pepsi 1L
T000658,Dalda Cooking Oil (500ml)
T000659,Chicken
T000659,Olpers Milk (Pack of 6)
T000660,Eggs
T000660,National Ketchup (1kg)
T000661,Shan Biryani Masala
T000661,Lays Chips
T000661,Biscuits
T000661,Bread
T000661,Eggs
T000661,Tapal Tea (250g)
T000662,Shan Biryani Masala
T000662,Lux Soap
T000662,Lays Chips
T000663,Biscuits
T000663,Pepsi 1L
T000663,Eggs
T000663,Lux Soap
T000663,Noodles
T000663,National Ketchup (1kg)
T000664,National Ketchup (1kg)
T000664,Pepsi 1L
T000664,Eggs
T000664,Thal Sugar (200ml)
T000664,Biscuits
T000665,Nestle Water
T000665,Chicken
T000665,Jam
T000666,Dalda Cooking Oil (500ml)
T000666,Chicken
T000666,Surf Excel
T000666,Noodles
T000666,Nestle Water
T000667,Guard Rice (1kg)
T000667,Nestle Water
T000667,Jam
T000667,Lux Soap
T000668,Chicken
T000668,Bread
T000669,Frozen Paratha
T000669,Butter
T000669,Shan Biryani Masala
T000670,National Ketchup (1kg)
T000670,Thal Sugar (200ml)
T000671,Chicken
T000671,Surf Excel
T000671,Dalda Cooking Oil (500ml)
T000672,Guard Rice (1kg)
T000672,Chicken
T000672,Thal Sugar (200ml)
T000672,Butter
T000672,Lux Soap
T000672,Lays Chips
T000673,Thal Sugar (200ml)
T000673,Lays Chips
T000673,Nestle Water
T000674,Jam
T000674,Guard Rice (1kg)
T000674,Shan Biryani Masala
T000674,Lux Soap
T000674,Noodles
T000674,Frozen Paratha
T000675,National Ketchup (1kg)
T000675,Tapal Tea (250g)
T000675,Olpers Milk (Pack of 6)
T000675,Chicken
T000675,Butter
T000675,Surf Excel
T000676,National Ketchup (1kg)
T000676,Tapal Tea (250g)
T000676,Shan Biryani Masala
T000676,Thal Sugar (200ml)
T000676,Chicken
T000677,Tapal Tea (250g)
T000677,Eggs
T000677,Jam
T000678,Noodles
T000678,Tapal Tea (250g)
T000678,Biscuits
T000678,Lays Chips
T000678,Frozen Paratha
T000678,Surf Excel
T000679,Jam
T000679,National Ketchup (1kg)
T000679,Dalda Cooking Oil (500ml)
T000679,Olpers Milk (Pack of 6)
T000680,Lux Soap
T000680,Biscuits
T000681,Shan Biryani Masala
T000681,Nestle Water
T000681,Pepsi 1L
T000682,Guard Rice (1kg)
T000682,Surf Excel
T000682,Nestle Water
T000682,Dalda Cooking Oil (500ml)
T000683,Chicken
T000683,Nestle Water
T000683,Eggs
T000683,Frozen Paratha
T000683,Shan Biryani Masala
T000684,Chicken
T000684,Pepsi 1L
T000684,Surf Excel
T000685,Eggs
T000685,National Ketchup (1kg)
T000685,Biscuits
T000685,Nestle Water
T000685,Pepsi 1L
T000685,Olpers Milk (Pack of 6)
T000686,Jam
T000686,Dalda Cooking Oil (500ml)
T000686,Lux Soap
T000686,Nestle Water
T000687,Frozen Paratha
T000687,National Ketchup (1kg)
T000687,Noodles
T000687,Tapal Tea (250g)
T000688,Dalda Cooking Oil (500ml)
T000688,Bread
T000689,Guard Rice (1kg)
T000689,Shan Biryani Masala
T000689,Bread
T000689,Surf Excel
T000689,Pepsi 1L
T000690,Nestle Water
T000690,Butter
T000690,Tapal Tea (250g)
T000691,Chicken
T000691,Olpers Milk (Pack of 6)
T000691,Noodles
T000692,Lays Chips
T000692,Butter
T000692,Surf Excel
T000693,Noodles
T000693,Chicken
T000693,Shan Biryani Masala
T000693,Pepsi 1L
T000693,Jam
T000693,National Ketchup (1kg)
T000694,Frozen Paratha
T000694,Shan Biryani Masala
T000695,Chicken
T000695,Lux Soap
T000695,Biscuits
T000695,Noodles
T000696,Surf Excel
T000696,Bread
T000696,Eggs
T000697,Pepsi 1L
T000697,Lux Soap
T000697,Olpers Milk (Pack of 6)
T000697,Bread
T000697,Noodles
T000698,Nestle Water
T000698,Pepsi 1L
T000698,Lux Soap
T000698,Surf Excel
T000698,Dalda Cooking Oil (500ml)
T000698,Olpers Milk (Pack of 6)
T000699,Nestle Water
T000699,Biscuits
T000699,Dalda Cooking Oil (500ml)
T000699,Bread
T000699,Olpers Milk (Pack of 6)
T000700,Dalda Cooking Oil (500ml)
T000700,Olpers Milk (Pack of 6)
T000700,National Ketchup (1kg)
T000700,Guard Rice (1kg)
T000700,Nestle Water
T000700,Biscuits
T000701,Bread
T000701,Thal Sugar (200ml)
T000702,Lux Soap
T000702,Jam
T000702,Chicken
T000702,Biscuits
T000702,National Ketchup (1kg)
T000702,Surf Excel
T000703,Thal Sugar (200ml)
T000703,Butter
T000703,Jam
T000703,Frozen Paratha
T000703,Pepsi 1L
T000704,Chicken
T000704,Biscuits
T000704,Butter
T000704,Eggs
T000704,National Ketchup (1kg)
T000705,Nestle Water
T000705,Dalda Cooking Oil (500ml)
T000705,Bread
T000705,Frozen Paratha
T000705,Thal Sugar (200ml)
T000705,Jam
T000706,Shan Biryani Masala
T000706,Surf Excel
T000706,Olpers Milk (Pack of 6)
T000706,Biscuits
T000707,Olpers Milk (Pack of 6)
T000707,Noodles
T000707,Eggs
T000707,Chicken
T000708,Nestle Water
T000708,National Ketchup (1kg)
T000708,Noodles
T000708,Biscuits
T000709,Dalda Cooking Oil (500ml)
T000709,Lays Chips
T000709,National Ketchup (1kg)
T000709,Jam
T000710,Chicken
T000710,Guard Rice (1kg)
T000710,Noodles
T000710,Nestle Water
T000710,Butter
T000711,Bread
T000711,Butter
T000711,Surf Excel
T000711,Nestle Water
T000712,Nestle Water
T000712,Bread
T000712,Lays Chips
T000712,Guard Rice (1kg)
T000712,Tapal Tea (250g)
T000713,Thal Sugar (200ml)
T000713,Lux Soap
T000713,Biscuits
T000713,Surf Excel
T000714,Noodles
T000714,Tapal Tea (250g)
T000714,Guard Rice (1kg)
T000714,Bread
T000715,Lays Chips
T000715,Eggs
T000715,Pepsi 1L
T000715,Tapal Tea (250g)
T000715,Biscuits
T000716,Shan Biryani Masala
T000716,Lux Soap
T000716,Frozen Paratha
T000716,Chicken
T000717,Butter
T000717,Surf Excel
T000717,Thal Sugar (200ml)
T000718,Tapal Tea (250g)
T000718,Bread
T000718,Eggs
T000718,Noodles
T000718,Surf Excel
T000719,Guard Rice (1kg)
T000719,Thal Sugar (200ml)
T000720,Shan Biryani Masala
T000720,Biscuits
T000721,Bread
T000721,Butter
T000721,Frozen Paratha
T000721,Lux Soap
T000722,Noodles
T000722,Pepsi 1L
T000723,Biscuits
T000723,Lays Chips
T000723,Surf Excel
T000723,Thal Sugar (200ml)
T000724,Shan Biryani Masala
T000724,Bread
T000724,Lays Chips
T000724,Frozen Paratha
T000725,Shan Biryani Masala
T000725,Pepsi 1L
T000725,Biscuits
T000725,Eggs
T000726,Olpers Milk (Pack of 6)
T000726,Pepsi 1L
T000726,National Ketchup (1kg)
T000727,Pepsi 1L
T000727,Guard Rice (1kg)
T000728,Butter
T000728,Lays Chips
T000728,Lux Soap
T000728,Tapal Tea (250g)
T000728,Guard Rice (1kg)
T000728,Thal Sugar (200ml)
T000729,Bread
T000729,National Ketchup (1kg)
T000729,Eggs
T000729,Butter
T000729,Lays Chips
T000730,Nestle Water
T000730,Lux Soap
T000730,Jam
T000731,Tapal Tea (250g)
T000731,Lays Chips
T000731,Butter
T000731,Thal Sugar (200ml)
T000732,Eggs
T000732,Shan Biryani Masala
T000732,Dalda Cooking Oil (500ml)
T000733,Butter
T000733,Guard Rice (1kg)
T000734,Dalda Cooking Oil (500ml)
T000734,Nestle Water
T000735,Eggs
T000735,Thal Sugar (200ml)
T000735,Chicken
T000736,Lays Chips
T000736,Guard Rice (1kg)
T000736,Pepsi 1L
T000736,Chicken
T000737,Guard Rice (1kg)
T000737,Eggs
T000737,Olpers Milk (Pack of 6)
T000737,Bread
T000738,National Ketchup (1kg)
T000738,Lays Chips
T000738,Butter
T000738,Eggs
T000738,Dalda Cooking Oil (500ml)
T000738,Biscuits
T000739,National Ketchup (1kg)
T000739,Chicken
T000739,Lux Soap
T000740,Thal Sugar (200ml)
T000740,Surf Excel
T000740,Chicken
T000741,Tapal Tea (250g)
T000741,Eggs
T000742,Biscuits
T000742,Shan Biryani Masala
T000742,Pepsi 1L
T000742,Bread
T000743,Lux Soap
T000743,Olpers Milk (Pack of 6)
T000743,Eggs
T000744,Bread
T000744,Guard Rice (1kg)
T000744,Jam
T000744,Butter
T000744,Dalda Cooking Oil (500ml)
T000745,Jam
T000745,Bread
T000745,Guard Rice (1kg)
T000745,Dalda Cooking Oil (500ml)
T000746,Eggs
T000746,Surf Excel
T000746,Lays Chips
T000746,Pepsi 1L
T000746,Frozen Paratha
T000747,Thal Sugar (200ml)
T000747,Guard Rice (1kg)
T000747,Shan Biryani Masala
T000747,Chicken
T000748,Pepsi 1L
T000748,Dalda Cooking Oil (500ml)
T000748,Eggs
T000749,Eggs
T000749,National Ketchup (1kg)
T000749,Jam
T000749,Lux Soap
T000749,Surf Excel
T000750,Thal Sugar (200ml)
T000750,Eggs
T000750,Surf Excel
T000750,Butter
T000750,Chicken
T000751,Frozen Paratha
T000751,Lays Chips
T000751,Dalda Cooking Oil (500ml)
T000752,Dalda Cooking Oil (500ml)
T000752,Biscuits
T000753,Lays Chips
T000753,Shan Biryani Masala
T000753,Surf Excel
T000753,National Ketchup (1kg)
T000754,Butter
T000754,Lays Chips
T000754,Guard Rice (1kg)
T000754,Dalda Cooking Oil (500ml)
T000754,Surf Excel
T000754,Noodles
T000755,Tapal Tea (250g)
T000755,Shan Biryani Masala
T000755,Surf Excel
T000755,Thal Sugar (200ml)
T000755,Pepsi 1L
T000755,Noodles
T000756,Jam
T000756,Shan Biryani Masala
T000756,Frozen Paratha
T000756,Eggs
T000756,Nestle Water
T000757,Frozen Paratha
T000757,Lux Soap
T000757,Jam
T000758,Jam
T000758,Shan Biryani Masala
T000758,Thal Sugar (200ml)
T000758,Tapal Tea (250g)
T000759,Nestle Water
T000759,Lux Soap
T000759,Surf Excel
T000759,Eggs
T000759,Noodles
T000760,Tapal Tea (250g)
T000760,Lux Soap
T000760,Biscuits
T000760,Dalda Cooking Oil (500ml)
T000760,Frozen Paratha
T000761,Biscuits
T000761,Tapal Tea (250g)
T000761,Lays Chips
T000761,Jam
T000761,Lux Soap
T000762,Tapal Tea (250g)
T000762,Eggs
T000762,Olpers Milk (Pack of 6)
T000762,Biscuits
T000762,Shan Biryani Masala
T000762,Noodles
T000763,Jam
T000763,Bread
T000763,Guard Rice (1kg)
T000763,Thal Sugar (200ml)
T000763,Biscuits
T000763,Tapal Tea (250g)
T000764,Chicken
T000764,Tapal Tea (250g)
T000764,Jam
T000764,Eggs
T000765,Butter
T000765,Dalda Cooking Oil (500ml)
T000765,Lux Soap
T000765,Thal Sugar (200ml)
T000765,Biscuits
T000765,Pepsi 1L
T000766,Nestle Water
T000766,Thal Sugar (200ml)
T000766,Chicken
T000766,Bread
T000767,Olpers Milk (Pack of 6)
T000767,Thal Sugar (200ml)
T000767,Chicken
T000767,National Ketchup (1kg)
T000768,Thal Sugar (200ml)
T000768,Lux Soap
T000768,Surf Excel
T000768,Pepsi 1L
T000769,Butter
T000769,Jam
T000769,Frozen Paratha
T000770,Biscuits
T000770,Frozen Paratha
T000770,Chicken
T000771,National Ketchup (1kg)
T000771,Thal Sugar (200ml)
T000772,Butter
T000772,Biscuits
T000772,Noodles
T000772,Chicken
T000772,Thal Sugar (200ml)
T000773,Olpers Milk (Pack of 6)
T000773,Eggs
T000773,Surf Excel
T000773,Tapal Tea (250g)
T000773,Thal Sugar (200ml)
T000773,National Ketchup (1kg)
T000774,Lux Soap
T000774,National Ketchup (1kg)
T000774,Eggs
T000775,Surf Excel
T000775,Chicken
T000775,Bread
T000775,Pepsi 1L
T000776,Shan Biryani Masala
T000776,Biscuits
T000776,Nestle Water
T000776,Guard Rice (1kg)
T000776,Bread
T000776,Butter
T000777,Thal Sugar (200ml)
T000777,Bread
T000777,Biscuits
T000777,Butter
T000778,Biscuits
T000778,Bread
T000778,Olpers Milk (Pack of 6)
T000778,Thal Sugar (200ml)
T000778,Eggs
T000779,Chicken
T000779,Guard Rice (1kg)
T000779,Noodles
T000779,Jam
T000779,Bread
T000779,Eggs
T000780,Surf Excel
T000780,Noodles
T000780,Pepsi 1L
T000780,Butter
T000781,Dalda Cooking Oil (500ml)
T000781,Thal Sugar (200ml)
T000781,Noodles
T000781,Surf Excel
T000781,Biscuits
T000781,Lux Soap
T000782,Bread
T000782,Eggs
T000782,Jam
T000783,Noodles
T000783,Biscuits
T000783,Frozen Paratha
T000783,Jam
T000783,Thal Sugar (200ml)
T000784,Chicken
T000784,Tapal Tea (250g)
T000785,Butter
T000785,Lays Chips
T000785,Biscuits
T000785,Pepsi 1L
T000785,Tapal Tea (250g)
T000785,Surf Excel
T000786,Surf Excel
T000786,Noodles
T000786,Pepsi 1L
T000787,Shan Biryani Masala
T000787,Lux Soap
T000787,Chicken
T000788,Guard Rice (1kg)
T000788,Nestle Water
T000788,Pepsi 1L
T000788,Chicken
T000789,Nestle Water
T000789,Dalda Cooking Oil (500ml)
T000790,Lux Soap
T000790,Olpers Milk (Pack of 6)
T000790,Noodles
T000790,Tapal Tea (250g)
T000790,Butter
T000791,Frozen Paratha
T000791,Noodles
T000791,Thal Sugar (200ml)
T000791,Nestle Water
T000791,Chicken
T000792,Frozen Paratha
T000792,Guard Rice (1kg)
T000792,Noodles
T000792,Lays Chips
T000792,Dalda Cooking Oil (500ml)
T000793,Olpers Milk (Pack of 6)
T000793,Eggs
T000793,Chicken
T000793,Tapal Tea (250g)
T000794,Frozen Paratha
T000794,Olpers Milk (Pack of 6)
T000795,Pepsi 1L
T000795,Bread
T000795,Lux Soap
T000795,Noodles
T000795,Guard Rice (1kg)
T000796,Thal Sugar (200ml)
T000796,Biscuits
T000796,Frozen Paratha
T000796,Butter
T000796,Bread
T000796,Shan Biryani Masala
T000797,Thal Sugar (200ml)
T000797,Lux Soap
T000797,Guard Rice (1kg)
T000798,Pepsi 1L
T000798,Jam
T000798,Noodles
T000799,Nestle Water
T000799,Lays Chips
T000799,Bread
T000799,Biscuits
T000799,Chicken
T000800,Shan Biryani Masala
T000800,Lux Soap
T000801,National Ketchup (1kg)
T000801,Nestle Water
T000801,Butter
T000801,Olpers Milk (Pack of 6)
T000802,Olpers Milk (Pack of 6)
T000802,Lux Soap
T000802,Frozen Paratha
T000803,Shan Biryani Masala
T000803,Surf Excel
T000803,National Ketchup (1kg)
T000803,Dalda Cooking Oil (500ml)
T000804,Dalda Cooking Oil (500ml)
T000804,Bread
T000804,National Ketchup (1kg)
T000804,Guard Rice (1kg)
T000804,Tapal Tea (250g)
T000804,Lays Chips
T000805,Jam
T000805,Lays Chips
T000805,National Ketchup (1kg)
T000805,Guard Rice (1kg)
T000805,Lux Soap
T000806,National Ketchup (1kg)
T000806,Surf Excel
T000806,Guard Rice (1kg)
T000806,Olpers Milk (Pack of 6)
T000807,Lays Chips
T000807,Chicken
T000807,Noodles
T000807,Tapal Tea (250g)
T000807,Frozen Paratha
T000808,Butter
T000808,Pepsi 1L
T000808,Biscuits
T000809,Nestle Water
T000809,Butter
T000809,Lux Soap
T000809,National Ketchup (1kg)
T000809,Bread
T000810,Jam
T000810,Butter
T000810,Olpers Milk (Pack of 6)
T000810,Noodles
T000810,Tapal Tea (250g)
T000811,Noodles
T000811,Pepsi 1L
T000811,Eggs
T000812,Dalda Cooking Oil (500ml)
T000812,Noodles
T000812,National Ketchup (1kg)
T000812,Chicken
T000812,Surf Excel
T000812,Jam
T000813,Shan Biryani Masala
T000813,Nestle Water
T000813,Pepsi 1L
T000813,Biscuits
T000814,Surf Excel
T000814,Tapal Tea (250g)
T000814,Dalda Cooking Oil (500ml)
T000814,Pepsi 1L
T000814,Butter
T000814,Noodles
T000815,National Ketchup (1kg)
T000815,Biscuits
T000815,Bread
T000815,Frozen Paratha
T000816,Guard Rice (1kg)
T000816,Noodles
T000816,National Ketchup (1kg)
T000816,Olpers Milk (Pack of 6)
T000816,Tapal Tea (250g)
T000817,Olpers Milk (Pack of 6)
T000817,Frozen Paratha
T000817,Dalda Cooking Oil (500ml)
T000817,Noodles
T000817,Biscuits
T000817,Lux Soap
T000818,Jam
T000818,Shan Biryani Masala
T000818,Olpers Milk (Pack of 6)
T000818,Thal Sugar (200ml)
T000818,Bread
T000818,Dalda Cooking Oil (500ml)
T000819,Thal Sugar (200ml)
T000819,Bread
T000819,Tapal Tea (250g)
T000820,Pepsi 1L
T000820,Biscuits
T000820,Dalda Cooking Oil (500ml)
T000821,Eggs
T000821,Noodles
T000821,Biscuits
T000821,Jam
T000821,Pepsi 1L
T000821,Chicken
T000822,Bread
T000822,Frozen Paratha
T000822,National Ketchup (1kg)
T000822,Lays Chips
T000822,Shan Biryani Masala
T000822,Lux Soap
T000823,National Ketchup (1kg)
T000823,Dalda Cooking Oil (500ml)
T000823,Bread
T000823,Tapal Tea (250g)
T000823,Shan Biryani Masala
T000823,Frozen Paratha
T000824,Thal Sugar (200ml)
T000824,Dalda Cooking Oil (500ml)
T000824,Shan Biryani Masala
T000824,Nestle Water
T000824,National Ketchup (1kg)
T000824,Lux Soap
T000825,Biscuits
T000825,Butter
T000825,Shan Biryani Masala
T000825,Pepsi 1L
T000825,Surf Excel
T000825,Lux Soap
T000826,Olpers Milk (Pack of 6)
T000826,Lux Soap
T000826,Dalda Cooking Oil (500ml)
T000826,Eggs
T000826,Biscuits
T000826,Guard Rice (1kg)
T000827,Shan Biryani Masala
T000827,Jam
T000827,Eggs
T000828,Guard Rice (1kg)
T000828,Chicken
T000828,Bread
T000828,Noodles
T000828,Olpers Milk (Pack of 6)
T000829,Tapal Tea (250g)
T000829,Lays Chips
T000829,Guard Rice (1kg)
T000829,Eggs
T000830,Nestle Water
T000830,Chicken
T000830,Dalda Cooking Oil (500ml)
T000830,National Ketchup (1kg)
T000831,Shan Biryani Masala
T000831,Chicken
T000831,National Ketchup (1kg)
T000831,Bread
T000832,Shan Biryani Masala
T000832,Dalda Cooking Oil (500ml)
T000833,Lays Chips
T000833,Tapal Tea (250g)
T000833,Frozen Paratha
T000833,Chicken
T000834,Eggs
T000834,Lays Chips
T000834,Shan Biryani Masala
T000834,National Ketchup (1kg)
T000835,Shan Biryani Masala
T000835,National Ketchup (1kg)
T000836,Bread
T000836,Thal Sugar (200ml)
T000836,Tapal Tea (250g)
T000837,Nestle Water
T000837,Olpers Milk (Pack of 6)
T000837,Tapal Tea (250g)
T000838,National Ketchup (1kg)
T000838,Dalda Cooking Oil (500ml)
T000838,Bread
T000839,Bread
T000839,Surf Excel
T000839,Chicken
T000839,Lays Chips
T000839,Guard Rice (1kg)
T000839,Dalda Cooking Oil (500ml)
T000840,Noodles
T000840,Biscuits
T000840,Dalda Cooking Oil (500ml)
T000840,Nestle Water
T000840,National Ketchup (1kg)
T000841,Guard Rice (1kg)
T000841,Frozen Paratha
T000841,Lays Chips
T000841,Noodles
T000842,Lux Soap
T000842,Olpers Milk (Pack of 6)
T000842,Bread
T000842,Surf Excel
T000843,Lays Chips
T000843,Pepsi 1L
T000843,Butter
T000843,Olpers Milk (Pack of 6)
T000843,Thal Sugar (200ml)
T000844,Guard Rice (1kg)
T000844,Eggs
T000844,Olpers Milk (Pack of 6)
T000844,Chicken
T000844,Tapal Tea (250g)
T000845,Biscuits
T000845,Dalda Cooking Oil (500ml)
T000845,Nestle Water
T000846,Butter
T000846,Eggs
T000846,Lux Soap
T000846,Guard Rice (1kg)
T000847,Tapal Tea (250g)
T000847,Butter
T000847,Lux Soap
T000847,Nestle Water
T000847,Dalda Cooking Oil (500ml)
T000847,Jam
T000848,Nestle Water
T000848,Dalda Cooking Oil (500ml)
T000848,Tapal Tea (250g)
T000848,Noodles
T000848,Frozen Paratha
T000849,Biscuits
T000849,Dalda Cooking Oil (500ml)
T000849,Lays Chips
T000849,Guard Rice (1kg)
T000849,Shan Biryani Masala
T000850,Biscuits
T000850,Eggs
T000850,Dalda Cooking Oil (500ml)
T000850,Lux Soap
T000850,Bread
T000850,Jam
T000851,Frozen Paratha
T000851,Noodles
T000852,Bread
T000852,Eggs
T000853,Guard Rice (1kg)
T000853,Tapal Tea (250g)
T000853,Chicken
T000853,Lux Soap
T000853,Thal Sugar (200ml)
T000854,Biscuits
T000854,Bread
T000854,Shan Biryani Masala
T000854,Chicken
T000854,Eggs
T000855,Lays Chips
T000855,Dalda Cooking Oil (500ml)
T000856,Tapal Tea (250g)
T000856,Chicken
T000856,Noodles
T000856,Frozen Paratha
T000857,Dalda Cooking Oil (500ml)
T000857,Biscuits
T000857,Tapal Tea (250g)
T000857,Bread
T000858,Thal Sugar (200ml)
T000858,Jam
T000858,Butter
T000859,Butter
T000859,Jam
T000859,Bread
T000860,Dalda Cooking Oil (500ml)
T000860,Lux Soap
T000860,Noodles
T000860,Butter
T000860,Tapal Tea (250g)
T000860,Pepsi 1L
T000861,Pepsi 1L
T000861,Lux Soap
T000861,Olpers Milk (Pack of 6)
T000861,Eggs
T000862,Tapal Tea (250g)
T000862,Lux Soap
T000862,Dalda Cooking Oil (500ml)
T000862,Thal Sugar (200ml)
T000863,Shan Biryani Masala
T000863,Lays Chips
T000863,Lux Soap
T000864,Lux Soap
T000864,Jam
T000864,Biscuits
T000864,Bread
T000865,Lux Soap
T000865,Butter
T000865,National Ketchup (1kg)
T000865,Eggs
T000865,Guard Rice (1kg)
T000865,Shan Biryani Masala
T000866,Eggs
T000866,Shan Biryani Masala
T000867,Pepsi 1L
T000867,Dalda Cooking Oil (500ml)
T000867,Nestle Water
T000867,Bread
T000867,Noodles
T000868,Pepsi 1L
T000868,National Ketchup (1kg)
T000868,Olpers Milk (Pack of 6)
T000868,Guard Rice (1kg)
T000868,Frozen Paratha
T000868,Biscuits
T000869,Frozen Paratha
T000869,National Ketchup (1kg)
T000869,Eggs
T000869,Pepsi 1L
T000869,Olpers Milk (Pack of 6)
T000869,Thal Sugar (200ml)
T000870,National Ketchup (1kg)
T000870,Biscuits
T000870,Lays Chips
T000870,Chicken
T000871,Surf Excel
T000871,Shan Biryani Masala
T000871,Tapal Tea (250g)
T000871,Thal Sugar (200ml)
T000871,Noodles
T000871,Frozen Paratha
T000872,Eggs
T000872,Jam
T000872,Nestle Water
T000872,Lux Soap
T000873,Nestle Water
T000873,Pepsi 1L
T000873,Olpers Milk (Pack of 6)
T000873,Thal Sugar (200ml)
T000873,Dalda Cooking Oil (500ml)
T000873,Lux Soap
T000874,Shan Biryani Masala
T000874,Surf Excel
T000874,Nestle Water
T000875,Biscuits
T000875,Nestle Water
T000875,Butter
T000875,Lux Soap
T000876,Lux Soap
T000876,Shan Biryani Masala
T000877,Frozen Paratha
T000877,Bread
T000877,Dalda Cooking Oil (500ml)
T000877,Surf Excel
T000877,Olpers Milk (Pack of 6)
T000878,Jam
T000878,Eggs
T000878,Butter
T000878,Dalda Cooking Oil (500ml)
T000879,Eggs
T000879,Shan Biryani Masala
T000879,Chicken
T000880,Shan Biryani Masala
T000880,Surf Excel
T000880,Lays Chips
T000880,Eggs
T000880,Nestle Water
T000880,Guard Rice (1kg)
T000881,Surf Excel
T000881,Eggs
T000881,National Ketchup (1kg)
T000881,Noodles
T000882,Tapal Tea (250g)
T000882,Bread
T000883,Eggs
T000883,Jam
T000883,Noodles
T000883,Lays Chips
T000883,Butter
T000883,Chicken
T000884,Dalda Cooking Oil (500ml)
T000884,Thal Sugar (200ml)
T000884,Guard Rice (1kg)
T000885,Chicken
T000885,Jam
T000886,Frozen Paratha
T000886,National Ketchup (1kg)
T000886,Chicken
T000886,Noodles
T000887,Chicken
T000887,Shan Biryani Masala
T000887,Olpers Milk (Pack of 6)
T000887,Butter
T000888,Nestle Water
T000888,Tapal Tea (250g)
T000888,Chicken
T000888,Dalda Cooking Oil (500ml)
T000888,Guard Rice (1kg)
T000889,Frozen Paratha
T000889,Surf Excel
T000889,Jam
T000889,Tapal Tea (250g)
T000889,Eggs
T000890,Lux Soap
T000890,Pepsi 1L
T000890,Surf Excel
T000890,Olpers Milk (Pack of 6)
T000891,Shan Biryani Masala
T000891,Lays Chips
T000891,Pepsi 1L
T000891,Thal Sugar (200ml)
T000891,Butter
T000892,Olpers Milk (Pack of 6)
T000892,Bread
T000892,Lays Chips
T000892,Guard Rice (1kg)
T000893,Noodles
T000893,Biscuits
T000893,Thal Sugar (200ml)
T000894,Bread
T000894,Chicken
T000894,Pepsi 1L
T000895,Olpers Milk (Pack of 6)
T000895,Pepsi 1L
T000895,Surf Excel
T000895,Noodles
T000895,Bread
T000896,Jam
T000896,Biscuits
T000896,Surf Excel
T000896,Thal Sugar (200ml)
T000896,Lays Chips
T000897,Surf Excel
T000897,Shan Biryani Masala
T000897,Nestle Water
T000897,National Ketchup (1kg)
T000897,Pepsi 1L
T000898,Tapal Tea (250g)
T000898,National Ketchup (1kg)
T000898,Biscuits
T000898,Noodles
T000898,Surf Excel
T000898,Pepsi 1L
T000899,Olpers Milk (Pack of 6)
T000899,Frozen Paratha
T000900,National Ketchup (1kg)
T000900,Butter
T000901,Lays Chips
T000901,Jam
T000902,Pepsi 1L
T000902,Butter
T000903,National Ketchup (1kg)
T000903,Guard Rice (1kg)
T000904,Guard Rice (1kg)
T000904,Eggs
T000904,National Ketchup (1kg)
T000904,Butter
T000904,Dalda Cooking Oil (500ml)
T000905,Dalda Cooking Oil (500ml)
T000905,Chicken
T000905,Jam
T000906,Dalda Cooking Oil (500ml)
T000906,Eggs
T000906,Chicken
T000906,Nestle Water
T000906,Olpers Milk (Pack of 6)
T000906,Lux Soap
T000907,Butter
T000907,Tapal Tea (250g)
T000908,Shan Biryani Masala
T000908,Surf Excel
T000908,Guard Rice (1kg)
T000908,Bread
T000908,Biscuits
T000909,Biscuits
T000909,Thal Sugar (200ml)
T000910,Frozen Paratha
T000910,Pepsi 1L
T000911,Thal Sugar (200ml)
T000911,Pepsi 1L
T000911,Nestle Water
T000911,Surf Excel
T000911,Frozen Paratha
T000911,Lux Soap
T000912,Pepsi 1L
T000912,Nestle Water
T000912,Jam
T000912,Butter
T000913,Guard Rice (1kg)
T000913,Jam
T000913,Bread
T000914,Eggs
T000914,Chicken
T000914,Surf Excel
T000915,Eggs
T000915,Pepsi 1L
T000915,Dalda Cooking Oil (500ml)
T000915,Thal Sugar (200ml)
T000915,Nestle Water
T000915,Tapal Tea (250g)
T000916,Shan Biryani Masala
T000916,Surf Excel
T000916,Guard Rice (1kg)
T000916,Biscuits
T000917,Shan Biryani Masala
T000917,Guard Rice (1kg)
T000918,Guard Rice (1kg)
T000918,Lux Soap
T000918,Dalda Cooking Oil (500ml)
T000918,Chicken
T000919,Lays Chips
T000919,Chicken
T000919,Frozen Paratha
T000919,Pepsi 1L
T000920,Jam
T000920,Chicken
T000920,Tapal Tea (250g)
T000921,Lays Chips
T000921,National Ketchup (1kg)
T000921,Shan Biryani Masala
T000921,Guard Rice (1kg)
T000921,Butter
T000921,Lux Soap
T000922,Butter
T000922,Frozen Paratha
T000923,Thal Sugar (200ml)
T000923,Lux Soap
T000923,National Ketchup (1kg)
T000923,Dalda Cooking Oil (500ml)
T000924,Lux Soap
T000924,Frozen Paratha
T000924,Bread
T000925,Lays Chips
T000925,Guard Rice (1kg)
T000925,Olpers Milk (Pack of 6)
T000925,Shan Biryani Masala
T000925,Dalda Cooking Oil (500ml)
T000926,Lays Chips
T000926,Tapal Tea (250g)
T000926,Dalda Cooking Oil (500ml)
T000926,Butter
T000927,Tapal Tea (250g)
T000927,Nestle Water
T000927,Biscuits
T000928,Lays Chips
T000928,Thal Sugar (200ml)
T000928,Bread
T000928,Guard Rice (1kg)
T000928,Frozen Paratha
T000929,Lux Soap
T000929,Tapal Tea (250g)
T000929,Surf Excel
T000929,Butter
T000929,Dalda Cooking Oil (500ml)
T000930,Nestle Water
T000930,Jam
T000931,Lux Soap
T000931,Guard Rice (1kg)
T000931,Surf Excel
T000932,Dalda Cooking Oil (500ml)
T000932,Lays Chips
T000932,Surf Excel
T000932,Shan Biryani Masala
T000932,Lux Soap
T000933,Dalda Cooking Oil (500ml)
T000933,Noodles
T000933,National Ketchup (1kg)
T000933,Jam
T000934,Noodles
T000934,National Ketchup (1kg)
T000935,Guard Rice (1kg)
T000935,Lays Chips
T000935,Butter
T000936,Bread
T000936,Thal Sugar (200ml)
T000937,Chicken
T000937,Thal Sugar (200ml)
T000937,Guard Rice (1kg)
T000937,Pepsi 1L
T000937,Lays Chips
T000937,Noodles
T000938,Lux Soap
T000938,Biscuits
T000938,Frozen Paratha
T000938,Guard Rice (1kg)
T000938,Thal Sugar (200ml)
T000939,Frozen Paratha
T000939,Tapal Tea (250g)
T000939,Lays Chips
T000939,Chicken
T000939,Guard Rice (1kg)
T000939,Nestle Water
T000940,Pepsi 1L
T000940,Bread
T000940,Tapal Tea (250g)
T000941,Tapal Tea (250g)
T000941,Pepsi 1L
T000941,Dalda Cooking Oil (500ml)
T000942,Dalda Cooking Oil (500ml)
T000942,Biscuits
T000942,Butter
T000942,Shan Biryani Masala
T000942,Jam
T000942,Noodles
T000943,Butter
T000943,Bread
T000944,Eggs
T000944,Frozen Paratha
T000944,Bread
T000945,Bread
T000945,Jam
T000945,Butter
T000945,Lux Soap
T000946,Olpers Milk (Pack of 6)
T000946,Guard Rice (1kg)
T000946,Chicken
T000946,Bread
T000946,Jam
T000947,Guard Rice (1kg)
T000947,Thal Sugar (200ml)
T000947,Eggs
T000947,Biscuits
T000948,Olpers Milk (Pack of 6)
T000948,Noodles
T000948,Jam
T000948,Frozen Paratha
T000949,Pepsi 1L
T000949,Lays Chips
T000949,Jam
T000949,Nestle Water
T000949,Bread
T000950,Biscuits
T000950,Guard Rice (1kg)
T000950,Pepsi 1L
T000950,Dalda Cooking Oil (500ml)
T000951,Butter
T000951,Nestle Water
T000951,Guard Rice (1kg)
T000952,Guard Rice (1kg)
T000952,National Ketchup (1kg)
T000952,Pepsi 1L
T000952,Shan Biryani Masala
T000952,Dalda Cooking Oil (500ml)
T000952,Butter
T000953,Dalda Cooking Oil (500ml)
T000953,National Ketchup (1kg)
T000953,Thal Sugar (200ml)
T000954,Eggs
T000954,Jam
T000955,Tapal Tea (250g)
T000955,Jam
T000955,Olpers Milk (Pack of 6)
T000955,Shan Biryani Masala
T000956,Guard Rice (1kg)
T000956,Tapal Tea (250g)
T000956,Shan Biryani Masala
T000957,Lays Chips
T000957,Jam
T000957,Butter
T000957,Guard Rice (1kg)
T000957,Surf Excel
T000958,Nestle Water
T000958,Bread
T000958,Thal Sugar (200ml)
T000959,Dalda Cooking Oil (500ml)
T000959,Butter
T000960,Thal Sugar (200ml)
T000960,Frozen Paratha
T000960,Lays Chips
T000961,Butter
T000961,National Ketchup (1kg)
T000962,Noodles
T000962,National Ketchup (1kg)
T000962,Thal Sugar (200ml)
T000963,Shan Biryani Masala
T000963,Biscuits
T000964,Chicken
T000964,Shan Biryani Masala
T000964,Bread
T000964,Jam
T000965,Pepsi 1L
T000965,Chicken
T000965,Thal Sugar (200ml)
T000965,Lays Chips
T000966,Jam
T000966,Nestle Water
T000966,Chicken
T000966,Lux Soap
T000967,Guard Rice (1kg)
T000967,National Ketchup (1kg)
T000968,Nestle Water
T000968,Frozen Paratha
T000968,Noodles
T000969,Lays Chips
T000969,Noodles
T000970,Dalda Cooking Oil (500ml)
T000970,National Ketchup (1kg)
T000970,Tapal Tea (250g)
T000971,Lays Chips
T000971,Tapal Tea (250g)
T000972,Frozen Paratha
T000972,Lays Chips
T000972,Dalda Cooking Oil (500ml)
T000973,Frozen Paratha
T000973,Jam
T000973,Chicken
T000973,Pepsi 1L
T000974,Olpers Milk (Pack of 6)
T000974,Noodles
T000974,Nestle Water
T000974,Tapal Tea (250g)
T000974,Chicken
T000974,Lux Soap
T000975,Pepsi 1L
T000975,Biscuits
T000975,Frozen Paratha
T000976,Dalda Cooking Oil (500ml)
T000976,Frozen Paratha
T000977,Guard Rice (1kg)
T000977,Olpers Milk (Pack of 6)
T000977,Lays Chips
T000977,Chicken
T000978,Olpers Milk (Pack of 6)
T000978,Lux Soap
T000979,Biscuits
T000979,Eggs
T000979,Noodles
T000979,Surf Excel
T000980,Jam
T000980,Biscuits
T000980,Lux Soap
T000980,National Ketchup (1kg)
T000980,Dalda Cooking Oil (500ml)
T000980,Butter
T000981,Chicken
T000981,Lux Soap
T000981,Noodles
T000981,Tapal Tea (250g)
T000981,Shan Biryani Masala
T000982,Eggs
T000982,Frozen Paratha
T000982,Lays Chips
T000982,Thal Sugar (200ml)
T000982,Biscuits
T000983,Tapal Tea (250g)
T000983,Guard Rice (1kg)
T000983,Bread
T000984,Olpers Milk (Pack of 6)
T000984,Frozen Paratha
T000985,Lays Chips
T000985,Eggs
T000985,Chicken
T000985,Pepsi 1L
T000985,Nestle Water
T000985,Noodles
T000986,Chicken
T000986,Dalda Cooking Oil (500ml)
T000986,Butter
T000986,Biscuits
T000987,Dalda Cooking Oil (500ml)
T000987,Tapal Tea (250g)
T000987,Lux Soap
T000987,National Ketchup (1kg)
T000987,Surf Excel
T000988,Thal Sugar (200ml)
T000988,Tapal Tea (250g)
T000988,Biscuits
T000989,Biscuits
T000989,Pepsi 1L
T000989,Butter
T000989,Olpers Milk (Pack of 6)
T000989,Surf Excel
T000990,Thal Sugar (200ml)
T000990,Bread
T000990,Nestle Water
T000990,Noodles
T000991,Tapal Tea (250g)
T000991,Chicken
T000992,Lays Chips
T000992,Jam
T000993,Frozen Paratha
T000993,Dalda Cooking Oil (500ml)
T000993,Olpers Milk (Pack of 6)
T000994,National Ketchup (1kg)
T000994,Lays Chips
T000994,Butter
T000994,Tapal Tea (250g)
T000994,Jam
T000995,Shan Biryani Masala
T000995,Surf Excel
T000995,Butter
T000995,Lays Chips
T000995,Tapal Tea (250g)
T000995,Noodles
T000996,Olpers Milk (Pack of 6)
T000996,Tapal Tea (250g)
T000996,Biscuits
T000997,Surf Excel
T000997,Eggs
T000997,Lays Chips
T000997,Guard Rice (1kg)
T000997,Thal Sugar (200ml)
T000997,Frozen Paratha
T000998,Chicken
T000998,Jam
T000998,Lays Chips
T000998,Pepsi 1L
T000998,Olpers Milk (Pack of 6)
T000998,Eggs
T000999,Butter
T000999,Eggs
T000999,Lays Chips
T000999,Nestle Water
T001000,Surf Excel
T001000,Tapal Tea (250g)
T001000,Chicken
T001000,National Ketchup (1kg)
T001000,Shan Biryani Masala
T001000,Guard Rice (1kg)
T001001,Butter
T001001,Lays Chips
T001001,Eggs
T001001,Bread
T001002,Bread
T001002,Jam
T001002,Biscuits
T001003,Biscuits
T001003,Bread
T001003,Dalda Cooking Oil (500ml)
T001003,Shan Biryani Masala
T001004,Jam
T001004,Bread
T001004,Surf Excel
T001005,Dalda Cooking Oil (500ml)
T001005,Noodles
T001006,Jam
T001006,Frozen Paratha
T001006,Chicken
T001007,Jam
T001007,Pepsi 1L
T001007,Shan Biryani Masala
T001007,Guard Rice (1kg)
T001008,Jam
T001008,Noodles
T001008,Olpers Milk (Pack of 6)
T001008,Surf Excel
T001009,Noodles
T001009,Biscuits
T001009,Pepsi 1L
T001009,Shan Biryani Masala
T001010,Lays Chips
T001010,Thal Sugar (200ml)
T001010,Tapal Tea (250g)
T001010,Lux Soap
T001011,Dalda Cooking Oil (500ml)
T001011,Frozen Paratha
T001012,Bread
T001012,Olpers Milk (Pack of 6)
T001012,Surf Excel
T001012,National Ketchup (1kg)
T001013,Lays Chips
T001013,Shan Biryani Masala
T001014,Shan Biryani Masala
T001014,Bread
T001015,Nestle Water
T001015,Butter
T001015,National Ketchup (1kg)
T001015,Dalda Cooking Oil (500ml)
T001015,Biscuits
T001016,Guard Rice (1kg)
T001016,Biscuits
T001017,National Ketchup (1kg)
T001017,Shan Biryani Masala
T001017,Lays Chips
T001017,Tapal Tea (250g)
T001018,Noodles
T001018,National Ketchup (1kg)
T001018,Dalda Cooking Oil (500ml)
T001018,Shan Biryani Masala
T001019,National Ketchup (1kg)
T001019,Pepsi 1L
T001020,Olpers Milk (Pack of 6)
T001020,Eggs
T001020,Dalda Cooking Oil (500ml)
T001020,Jam
T001021,Tapal Tea (250g)
T001021,Eggs
T001021,Chicken
T001021,Noodles
T001021,Biscuits
T001021,Pepsi 1L
T001022,Bread
T001022,Jam
T001022,Dalda Cooking Oil (500ml)
T001022,Chicken
T001022,Lays Chips
T001023,Guard Rice (1kg)
T001023,Olpers Milk (Pack of 6)
T001023,Chicken
T001023,Jam
T001023,Surf Excel
T001024,Lux Soap
T001024,Biscuits
T001024,Chicken
T001024,Eggs
T001024,Olpers Milk (Pack of 6)
T001025,Noodles
T001025,Lux Soap
T001025,Frozen Paratha
T001025,Shan Biryani Masala
T001025,Dalda Cooking Oil (500ml)
T001025,Surf Excel
T001026,Bread
T001026,Frozen Paratha
T001026,Biscuits
T001026,Lays Chips
T001026,Nestle Water
T001027,Olpers Milk (Pack of 6)
T001027,Lays Chips
T001027,Noodles
T001027,Lux Soap
T001027,Nestle Water
T001027,National Ketchup (1kg)
T001028,Eggs
T001028,Jam
T001029,Surf Excel
T001029,Eggs
T001029,Guard Rice (1kg)
T001029,Bread
T001029,Lux Soap
T001029,Butter
T001030,Eggs
T001030,Pepsi 1L
T001030,Nestle Water
T001030,Frozen Paratha
T001030,National Ketchup (1kg)
T001031,Bread
T001031,Dalda Cooking Oil (500ml)
T001031,Pepsi 1L
T001031,Noodles
T001031,Lux Soap
T001031,Butter
T001032,Nestle Water
T001032,Tapal Tea (250g)
T001032,Noodles
T001032,Shan Biryani Masala
T001032,Eggs
T001032,National Ketchup (1kg)
T001033,Butter
T001033,Eggs
T001033,Bread
T001033,Jam
T001033,Noodles
T001034,Surf Excel
T001034,Frozen Paratha
T001034,National Ketchup (1kg)
T001034,Olpers Milk (Pack of 6)
T001035,Nestle Water
T001035,Bread
T001036,Nestle Water
T001036,Guard Rice (1kg)
T001036,Surf Excel
T001036,Olpers Milk (Pack of 6)
T001037,Lays Chips
T001037,Jam
T001038,Lays Chips
T001038,Lux Soap
T001038,Eggs
T001038,Frozen Paratha
T001039,Eggs
T001039,Shan Biryani Masala
T001039,Jam
T001039,Butter
T001039,Biscuits
T001039,Lux Soap
T001040,Frozen Paratha
T001040,Jam
T001040,Pepsi 1L
T001040,National Ketchup (1kg)
T001040,Lays Chips
T001041,Pepsi 1L
T001041,Dalda Cooking Oil (500ml)
T001041,Biscuits
T001041,Eggs
T001041,Tapal Tea (250g)
T001042,Pepsi 1L
T001042,Noodles
T001043,Noodles
T001043,Biscuits
T001043,Pepsi 1L
T001043,Butter
T001043,Chicken
T001043,Thal Sugar (200ml)
T001044,Bread
T001044,Lux Soap
T001044,Nestle Water
T001044,Lays Chips
T001044,National Ketchup (1kg)
T001045,Butter
T001045,Lux Soap
T001046,Bread
T001046,Butter
T001046,Olpers Milk (Pack of 6)
T001046,Lux Soap
T001046,Biscuits
T001046,Surf Excel
T001047,Biscuits
T001047,National Ketchup (1kg)
T001047,Thal Sugar (200ml)
T001047,Chicken
T001047,Dalda Cooking Oil (500ml)
T001048,Guard Rice (1kg)
T001048,Tapal Tea (250g)
T001048,Lays Chips
T001048,Eggs
T001048,Lux Soap
T001048,Thal Sugar (200ml)
T001049,National Ketchup (1kg)
T001049,Bread
T001049,Olpers Milk (Pack of 6)
T001049,Lux Soap
T001049,Guard Rice (1kg)
T001050,Olpers Milk (Pack of 6)
T001050,Noodles
T001050,Frozen Paratha
T001051,Jam
T001051,Pepsi 1L
T001051,Thal Sugar (200ml)
T001052,Butter
T001052,Frozen Paratha
T001052,Biscuits
T001052,Lux Soap
T001053,Tapal Tea (250g)
T001053,Lays Chips
T001053,Shan Biryani Masala
T001053,Chicken
T001053,Nestle Water
T001053,Olpers Milk (Pack of 6)
T001054,Noodles
T001054,Thal Sugar (200ml)
T001054,Shan Biryani Masala
T001054,Chicken
T001054,Lux Soap
T001055,Olpers Milk (Pack of 6)
T001055,Guard Rice (1kg)
T001055,Dalda Cooking Oil (500ml)
T001056,Jam
T001056,Guard Rice (1kg)
T001056,Chicken
T001056,Thal Sugar (200ml)
T001056,Lays Chips
T001056,Tapal Tea (250g)
T001057,Frozen Paratha
T001057,Bread
T001057,Nestle Water
T001057,Butter
T001057,Chicken
T001058,Lays Chips
T001058,Eggs
T001058,National Ketchup (1kg)
T001058,Pepsi 1L
T001058,Shan Biryani Masala
T001058,Surf Excel
T001059,Guard Rice (1kg)
T001059,Frozen Paratha
T001059,Butter
T001059,Tapal Tea (250g)
T001059,Lux Soap
T001059,Nestle Water
T001060,Dalda Cooking Oil (500ml)
T001060,Bread
T001060,Noodles
T001060,National Ketchup (1kg)
T001060,Olpers Milk (Pack of 6)
T001060,Nestle Water
T001061,Lux Soap
T001061,Bread
T001061,Pepsi 1L
T001061,Dalda Cooking Oil (500ml)
T001062,Guard Rice (1kg)
T001062,Lays Chips
T001062,Butter
T001062,Tapal Tea (250g)
T001062,Thal Sugar (200ml)
T001062,Shan Biryani Masala
T001063,Biscuits
T001063,Lux Soap
T001063,Shan Biryani Masala
T001063,Dalda Cooking Oil (500ml)
T001063,Butter
T001064,Thal Sugar (200ml)
T001064,National Ketchup (1kg)
T001064,Chicken
T001064,Pepsi 1L
T001065,Lux Soap
T001065,Shan Biryani Masala
T001065,Pepsi 1L
T001065,Butter
T001065,Surf Excel
T001065,Tapal Tea (250g)
T001066,National Ketchup (1kg)
T001066,Tapal Tea (250g)
T001066,Pepsi 1L
T001066,Noodles
T001066,Nestle Water
T001066,Eggs
T001067,Jam
T001067,Biscuits
T001067,Eggs
T001067,Frozen Paratha
T001067,Bread
T001068,Noodles
T001068,Dalda Cooking Oil (500ml)
T001068,Lux Soap
T001068,Tapal Tea (250g)
T001068,Chicken
T001069,Shan Biryani Masala
T001069,Lux Soap
T001069,Jam
T001069,Biscuits
T001069,Lays Chips
T001070,Chicken
T001070,Nestle Water
T001070,Guard Rice (1kg)
T001070,Frozen Paratha
T001070,Pepsi 1L
T001070,Jam
T001071,National Ketchup (1kg)
T001071,Lux Soap
T001071,Nestle Water
T001071,Frozen Paratha
T001071,Bread
T001071,Butter
T001072,Noodles
T001072,Eggs
T001072,Lux Soap
T001072,Pepsi 1L
T001072,Dalda Cooking Oil (500ml)
T001073,National Ketchup (1kg)
T001073,Dalda Cooking Oil (500ml)
T001074,Eggs
T001074,Olpers Milk (Pack of 6)
T001074,Noodles
T001074,Tapal Tea (250g)
T001075,Thal Sugar (200ml)
T001075,Olpers Milk (Pack of 6)
T001075,Nestle Water
T001076,Bread
T001076,Jam
T001076,Frozen Paratha
T001076,Chicken
T001076,Lays Chips
T001076,Tapal Tea (250g)
T001077,Pepsi 1L
T001077,Nestle Water
T001077,Guard Rice (1kg)
T001077,Eggs
T001078,Lays Chips
T001078,Guard Rice (1kg)
T001078,Bread
T001078,Butter
T001078,National Ketchup (1kg)
T001078,Frozen Paratha
T001079,Guard Rice (1kg)
T001079,Lux Soap
T001079,Bread
T001079,Tapal Tea (250g)
T001079,Butter
T001079,Pepsi 1L
T001080,Olpers Milk (Pack of 6)
T001080,Eggs
T001080,Tapal Tea (250g)
T001081,Surf Excel
T001081,Olpers Milk (Pack of 6)
T001081,Shan Biryani Masala
T001081,Butter
T001081,Eggs
T001081,Guard Rice (1kg)
T001082,Eggs
T001082,Guard Rice (1kg)
T001082,Pepsi 1L
T001083,Guard Rice (1kg)
T001083,Eggs
T001083,Olpers Milk (Pack of 6)
T001083,Nestle Water
T001084,Dalda Cooking Oil (500ml)
T001084,Noodles
T001084,Pepsi 1L
T001085,Frozen Paratha
T001085,Chicken
T001085,National Ketchup (1kg)
T001085,Biscuits
T001086,Surf Excel
T001086,Lux Soap
T001087,Eggs
T001087,Shan Biryani Masala
T001087,Lux Soap
T001087,Jam
T001087,Dalda Cooking Oil (500ml)
T001088,Chicken
T001088,Biscuits
T001088,Bread
T001088,Thal Sugar (200ml)
T001088,Tapal Tea (250g)
T001089,Bread
T001089,Eggs
T001089,Tapal Tea (250g)
T001090,Lux Soap
T001090,Thal Sugar (200ml)
T001090,Bread
T001090,Guard Rice (1kg)
T001090,Olpers Milk (Pack of 6)
T001091,Jam
T001091,Chicken
T001091,Guard Rice (1kg)
T001091,Pepsi 1L
T001091,Butter
T001091,Dalda Cooking Oil (500ml)
T001092,Guard Rice (1kg)
T001092,Shan Biryani Masala
T001092,Lays Chips
T001092,Butter
T001092,Chicken
T001092,Pepsi 1L
T001093,Olpers Milk (Pack of 6)
T001093,Jam
T001093,National Ketchup (1kg)
T001093,Dalda Cooking Oil (500ml)
T001094,National Ketchup (1kg)
T001094,Guard Rice (1kg)
T001094,Chicken
T001094,Lux Soap
T001094,Olpers Milk (Pack of 6)
T001094,Thal Sugar (200ml)
T001095,Chicken
T001095,Dalda Cooking Oil (500ml)
T001095,Tapal Tea (250g)
T001095,Thal Sugar (200ml)
T001095,Lays Chips
T001096,Lays Chips
T001096,Lux Soap
T001096,Shan Biryani Masala
T001096,Nestle Water
T001096,Jam
T001096,National Ketchup (1kg)
T001097,Frozen Paratha
T001097,Biscuits
T001097,Bread
T001097,Chicken
T001097,Nestle Water
T001097,National Ketchup (1kg)
T001098,Dalda Cooking Oil (500ml)
T001098,National Ketchup (1kg)
T001099,Thal Sugar (200ml)
T001099,Guard Rice (1kg)
T001099,Jam
T001099,Eggs
T001100,Noodles
T001100,Nestle Water
T001101,Chicken
T001101,Jam
T001101,Surf Excel
T001101,Lux Soap
T001101,Noodles
T001102,Pepsi 1L
T001102,Surf Excel
T001102,Thal Sugar (200ml)
T001103,Nestle Water
T001103,Lux Soap
T001103,Guard Rice (1kg)
T001103,Pepsi 1L
T001104,Olpers Milk (Pack of 6)
T001104,Noodles
T001105,Guard Rice (1kg)
T001105,National Ketchup (1kg)
T001105,Frozen Paratha
T001105,Lux Soap
T001105,Pepsi 1L
T001105,Shan Biryani Masala
T001106,Frozen Paratha
T001106,Noodles
T001107,Frozen Paratha
T001107,Shan Biryani Masala
T001107,Nestle Water
T001107,Lays Chips
T001108,Frozen Paratha
T001108,Jam
T001108,Noodles
T001108,Surf Excel
T001108,Guard Rice (1kg)
T001108,Biscuits
T001109,Biscuits
T001109,Tapal Tea (250g)
T001110,Butter
T001110,Chicken
T001110,Olpers Milk (Pack of 6)
T001110,Lays Chips
T001110,Thal Sugar (200ml)
T001110,Eggs
T001111,Thal Sugar (200ml)
T001111,Guard Rice (1kg)
T001111,Lays Chips
T001112,Pepsi 1L
T001112,Dalda Cooking Oil (500ml)
T001112,Jam
T001113,Lays Chips
T001113,Eggs
T001113,National Ketchup (1kg)
T001113,Frozen Paratha
T001113,Noodles
T001113,Thal Sugar (200ml)
T001114,Shan Biryani Masala
T001114,Butter
T001114,Lays Chips
T001114,Nestle Water
T001114,National Ketchup (1kg)
T001114,Frozen Paratha
T001115,Surf Excel
T001115,Thal Sugar (200ml)
T001115,Butter
T001115,Noodles
T001116,Frozen Paratha
T001116,National Ketchup (1kg)
T001116,Jam
T001116,Bread
T001117,Bread
T001117,Tapal Tea (250g)
T001117,Lays Chips
T001117,Guard Rice (1kg)
T001117,Chicken
T001118,Lux Soap
T001118,Guard Rice (1kg)
T001118,Olpers Milk (Pack of 6)
T001119,Chicken
T001119,Guard Rice (1kg)
T001119,Surf Excel
T001119,Noodles
T001119,Tapal Tea (250g)
T001119,Dalda Cooking Oil (500ml)
T001120,Tapal Tea (250g)
T001120,Jam
T001120,Pepsi 1L
T001120,Frozen Paratha
T001120,Chicken
T001120,Bread
T001121,Lux Soap
T001121,Shan Biryani Masala
T001121,Pepsi 1L
T001122,Jam
T001122,Nestle Water
T001122,Frozen Paratha
T001122,National Ketchup (1kg)
T001122,Chicken
T001123,Tapal Tea (250g)
T001123,Olpers Milk (Pack of 6)
T001123,National Ketchup (1kg)
T001123,Pepsi 1L
T001123,Biscuits
T001124,Noodles
T001124,Lays Chips
T001124,Lux Soap
T001124,Guard Rice (1kg)
T001124,National Ketchup (1kg)
T001124,Surf Excel
T001125,Nestle Water
T001125,Thal Sugar (200ml)
T001125,Chicken
T001125,Frozen Paratha
T001125,Surf Excel
T001126,Bread
T001126,Lays Chips
T001126,Dalda Cooking Oil (500ml)
T001127,Butter
T001127,Surf Excel
T001127,Nestle Water
T001128,Guard Rice (1kg)
T001128,National Ketchup (1kg)
T001128,Tapal Tea (250g)
T001128,Dalda Cooking Oil (500ml)
T001129,Nestle Water
T001129,Thal Sugar (200ml)
T001129,Chicken
T001129,Dalda Cooking Oil (500ml)
T001129,Eggs
T001129,Noodles
T001130,Thal Sugar (200ml)
T001130,Surf Excel
T001130,Butter
T001130,Biscuits
T001131,National Ketchup (1kg)
T001131,Surf Excel
T001131,Dalda Cooking Oil (500ml)
T001131,Lays Chips
T001131,Lux Soap
T001131,Biscuits
T001132,Olpers Milk (Pack of 6)
T001132,Bread
T001132,Eggs
T001132,Frozen Paratha
T001132,Pepsi 1L
T001132,Lux Soap
T001133,Butter
T001133,Nestle Water
T001134,Lux Soap
T001134,Surf Excel
T001134,Tapal Tea (250g)
T001135,Shan Biryani Masala
T001135,Frozen Paratha
T001135,Butter
T001135,Dalda Cooking Oil (500ml)
T001135,Surf Excel
T001136,Dalda Cooking Oil (500ml)
T001136,Jam
T001136,Chicken
T001137,Tapal Tea (250g)
T001137,Olpers Milk (Pack of 6)
T001137,Lux Soap
T001138,Shan Biryani Masala
T001138,Butter
T001138,National Ketchup (1kg)
T001139,Guard Rice (1kg)
T001139,Butter
T001139,National Ketchup (1kg)
T001140,Surf Excel
T001140,Frozen Paratha
T001140,Nestle Water
T001140,Noodles
T001140,Eggs
T001140,Tapal Tea (250g)
T001141,Lux Soap
T001141,National Ketchup (1kg)
T001141,Pepsi 1L
T001141,Surf Excel
T001141,Nestle Water
T001141,Tapal Tea (250g)
T001142,Pepsi 1L
T001142,Frozen Paratha
T001142,Jam
T001142,Dalda Cooking Oil (500ml)
T001143,Tapal Tea (250g)
T001143,Thal Sugar (200ml)
T001143,Lays Chips
T001144,Noodles
T001144,Bread
T001144,Biscuits
T001144,Tapal Tea (250g)
T001144,Thal Sugar (200ml)
T001145,Olpers Milk (Pack of 6)
T001145,Jam
T001145,Lux Soap
T001145,Butter
T001145,Frozen Paratha
T001146,Eggs
T001146,Shan Biryani Masala
T001147,Butter
T001147,Chicken
T001147,Dalda Cooking Oil (500ml)
T001147,Nestle Water
T001147,Frozen Paratha
T001148,Frozen Paratha
T001148,Nestle Water
T001148,Surf Excel
T001148,Shan Biryani Masala
T001149,National Ketchup (1kg)
T001149,Thal Sugar (200ml)
T001149,Chicken
T001149,Eggs
T001149,Butter
T001150,Butter
T001150,Lux Soap
T001150,National Ketchup (1kg)
T001150,Surf Excel
T001150,Eggs
T001150,Nestle Water
T001151,Surf Excel
T001151,Tapal Tea (250g)
T001151,Lux Soap
T001151,Butter
T001151,Shan Biryani Masala
T001152,Lux Soap
T001152,Thal Sugar (200ml)
T001152,Surf Excel
T001152,Jam
T001152,Frozen Paratha
T001153,Lays Chips
T001153,Nestle Water
T001153,Eggs
T001153,Tapal Tea (250g)
T001153,Butter
T001153,Pepsi 1L
T001154,Eggs
T001154,Biscuits
T001154,Tapal Tea (250g)
T001154,Thal Sugar (200ml)
T001154,Chicken
T001155,Noodles
T001155,Jam
T001155,Guard Rice (1kg)
T001155,Bread
T001155,Frozen Paratha
T001155,Biscuits
T001156,National Ketchup (1kg)
T001156,Chicken
T001156,Pepsi 1L
T001156,Olpers Milk (Pack of 6)
T001156,Noodles
T001157,Surf Excel
T001157,National Ketchup (1kg)
T001157,Jam
T001157,Noodles
T001158,Butter
T001158,Shan Biryani Masala
T001158,Nestle Water
T001158,Chicken
T001158,Bread
T001158,Frozen Paratha
T001159,Surf Excel
T001159,Butter
T001160,Jam
T001160,Guard Rice (1kg)
T001160,Dalda Cooking Oil (500ml)
T001160,Surf Excel
T001160,Noodles
T001161,Biscuits
T001161,Lux Soap
T001161,Jam
T001162,Guard Rice (1kg)
T001162,Frozen Paratha
T001162,Nestle Water
T001162,Tapal Tea (250g)
T001163,Jam
T001163,Dalda Cooking Oil (500ml)
T001163,Nestle Water
T001163,Lays Chips
T001163,National Ketchup (1kg)
T001163,Chicken
T001164,Bread
T001164,Dalda Cooking Oil (500ml)
T001164,Lays Chips
T001165,Butter
T001165,Noodles
T001165,Guard Rice (1kg)
T001165,Shan Biryani Masala
T001166,Bread
T001166,Lays Chips
T001166,Noodles
T001166,National Ketchup (1kg)
T001166,Tapal Tea (250g)
T001166,Shan Biryani Masala
T001167,Bread
T001167,Noodles
T001167,Shan Biryani Masala
T001168,Nestle Water
T001168,Jam
T001168,Thal Sugar (200ml)
T001168,Shan Biryani Masala
T001168,Biscuits
T001169,National Ketchup (1kg)
T001169,Tapal Tea (250g)
T001170,Surf Excel
T001170,Nestle Water
T001170,Butter
T001170,Lays Chips
T001171,Frozen Paratha
T001171,Butter
T001172,Dalda Cooking Oil (500ml)
T001172,Chicken
T001172,Lays Chips
T001172,Bread
T001172,Pepsi 1L
T001172,Guard Rice (1kg)
T001173,Eggs
T001173,Nestle Water
T001173,Dalda Cooking Oil (500ml)
T001173,Lays Chips
T001173,Jam
T001173,Olpers Milk (Pack of 6)
T001174,Pepsi 1L
T001174,Olpers Milk (Pack of 6)
T001174,Thal Sugar (200ml)
T001174,Dalda Cooking Oil (500ml)
T001174,Frozen Paratha
T001174,Shan Biryani Masala
T001175,Olpers Milk (Pack of 6)
T001175,Noodles
T001176,Biscuits
T001176,National Ketchup (1kg)
T001176,Surf Excel
T001177,Eggs
T001177,Lux Soap
T001177,Frozen Paratha
T001177,Olpers Milk (Pack of 6)
T001177,National Ketchup (1kg)
T001178,Noodles
T001178,Lays Chips
T001178,Tapal Tea (250g)
T001178,Biscuits
T001179,Noodles
T001179,Thal Sugar (200ml)
T001179,Biscuits
T001179,National Ketchup (1kg)
T001179,Surf Excel
T001180,Shan Biryani Masala
T001180,Lux Soap
T001180,Pepsi 1L
T001180,Eggs
T001180,Frozen Paratha
T001180,Jam
T001181,Dalda Cooking Oil (500ml)
T001181,Surf Excel
T001181,Bread
T001181,Jam
T001182,Chicken
T001182,Pepsi 1L
T001182,Dalda Cooking Oil (500ml)
T001182,Guard Rice (1kg)
T001182,Tapal Tea (250g)
T001182,Frozen Paratha
T001183,Guard Rice (1kg)
T001183,Biscuits
T001183,Frozen Paratha
T001184,Shan Biryani Masala
T001184,Bread
T001184,Guard Rice (1kg)
T001184,Butter
T001184,Lays Chips
T001185,Shan Biryani Masala
T001185,Olpers Milk (Pack of 6)
T001185,Eggs
T001186,Pepsi 1L
T001186,Guard Rice (1kg)
T001186,Dalda Cooking Oil (500ml)
T001186,Nestle Water
T001186,Jam
T001187,Dalda Cooking Oil (500ml)
T001187,Butter
T001188,Noodles
T001188,Guard Rice (1kg)
T001189,Chicken
T001189,Frozen Paratha
T001189,Olpers Milk (Pack of 6)
T001190,Shan Biryani Masala
T001190,Lays Chips
T001190,Surf Excel
T001190,Bread
T001191,Tapal Tea (250g)
T001191,Olpers Milk (Pack of 6)
T001191,Thal Sugar (200ml)
T001191,Surf Excel
T001191,Lays Chips
T001191,Frozen Paratha
T001192,Frozen Paratha
T001192,Shan Biryani Masala
T001192,Biscuits
T001193,Nestle Water
T001193,Bread
T001193,Noodles
T001193,Frozen Paratha
T001193,Pepsi 1L
T001194,Noodles
T001194,Olpers Milk (Pack of 6)
T001194,Biscuits
T001195,Noodles
T001195,Jam
T001195,Shan Biryani Masala
T001195,Lux Soap
T001196,Lux Soap
T001196,Eggs
T001196,Thal Sugar (200ml)
T001196,Nestle Water
T001197,Tapal Tea (250g)
T001197,Shan Biryani Masala
T001197,Nestle Water
T001197,National Ketchup (1kg)
T001198,Tapal Tea (250g)
T001198,Pepsi 1L
T001198,Chicken
T001198,Dalda Cooking Oil (500ml)
T001198,Guard Rice (1kg)
T001198,Nestle Water
T001199,Lays Chips
T001199,Dalda Cooking Oil (500ml)
T001199,National Ketchup (1kg)
T001200,Lays Chips
T001200,Jam
T001200,Nestle Water
T001200,Olpers Milk (Pack of 6)
T001200,Lux Soap
T001200,Dalda Cooking Oil (500ml)
T001201,Thal Sugar (200ml)
T001201,Frozen Paratha
T001201,Lays Chips
T001201,Tapal Tea (250g)
T001201,Shan Biryani Masala
T001202,Surf Excel
T001202,Tapal Tea (250g)
T001202,Biscuits
T001203,Frozen Paratha
T001203,Biscuits
T001203,Tapal Tea (250g)
T001204,Dalda Cooking Oil (500ml)
T001204,Olpers Milk (Pack of 6)
T001204,Butter
T001204,Bread
T001205,Olpers Milk (Pack of 6)
T001205,Butter
T001206,Dalda Cooking Oil (500ml)
T001206,Nestle Water
T001206,Olpers Milk (Pack of 6)
T001207,National Ketchup (1kg)
T001207,Tapal Tea (250g)
T001207,Surf Excel
T001208,Thal Sugar (200ml)
T001208,Bread
T001208,Biscuits
T001208,Guard Rice (1kg)
T001208,National Ketchup (1kg)
T001208,Pepsi 1L
T001209,Guard Rice (1kg)
T001209,Olpers Milk (Pack of 6)
T001209,Tapal Tea (250g)
T001209,Eggs
T001209,Frozen Paratha
T001209,Biscuits
T001210,Frozen Paratha
T001210,Nestle Water
T001211,Eggs
T001211,Dalda Cooking Oil (500ml)
T001211,Surf Excel
T001211,Frozen Paratha
T001211,Olpers Milk (Pack of 6)
T001211,Bread
T001212,Dalda Cooking Oil (500ml)
T001212,Thal Sugar (200ml)
T001212,Noodles
T001212,Biscuits
T001213,Dalda Cooking Oil (500ml)
T001213,Eggs
T001213,Pepsi 1L
T001213,Chicken
T001213,Olpers Milk (Pack of 6)
T001213,Shan Biryani Masala
T001214,Butter
T001214,Lux Soap
T001215,Frozen Paratha
T001215,Olpers Milk (Pack of 6)
T001215,Shan Biryani Masala
T001215,Dalda Cooking Oil (500ml)
T001215,Nestle Water
T001215,Lays Chips
T001216,Surf Excel
T001216,Lays Chips
T001216,National Ketchup (1kg)
T001216,Chicken
T001216,Olpers Milk (Pack of 6)
T001217,Chicken
T001217,Eggs
T001217,Lays Chips
T001218,Butter
T001218,Pepsi 1L
T001219,Lux Soap
T001219,Surf Excel
T001219,Butter
T001219,Pepsi 1L
T001219,Frozen Paratha
T001219,Dalda Cooking Oil (500ml)
T001220,Pepsi 1L
T001220,Shan Biryani Masala
T001220,Nestle Water
T001221,Thal Sugar (200ml)
T001221,Butter
T001222,Frozen Paratha
T001222,Pepsi 1L
T001222,Butter
T001222,Bread
T001222,Jam
T001222,Tapal Tea (250g)
T001223,Frozen Paratha
T001223,Eggs
T001223,Lux Soap
T001223,Surf Excel
T001224,Butter
T001224,Shan Biryani Masala
T001224,Lux Soap
T001224,National Ketchup (1kg)
T001225,Lux Soap
T001225,Butter
T001225,Guard Rice (1kg)
T001225,Biscuits
T001225,Noodles
T001226,Guard Rice (1kg)
T001226,Nestle Water
T001227,National Ketchup (1kg)
T001227,Butter
T001228,Jam
T001228,Olpers Milk (Pack of 6)
T001228,Tapal Tea (250g)
T001228,Nestle Water
T001228,Dalda Cooking Oil (500ml)
T001228,Chicken
T001229,Olpers Milk (Pack of 6)
T001229,Surf Excel
T001229,Noodles
T001229,Butter
T001229,Bread
T001230,Surf Excel
T001230,National Ketchup (1kg)
T001230,Frozen Paratha
T001231,Guard Rice (1kg)
T001231,Surf Excel
T001231,Dalda Cooking Oil (500ml)
T001231,Frozen Paratha
T001231,Noodles
T001231,Butter
T001232,Shan Biryani Masala
T001232,Guard Rice (1kg)
T001232,National Ketchup (1kg)
T001233,Noodles
T001233,Tapal Tea (250g)
T001233,Frozen Paratha
T001233,Butter
T001233,Lux Soap
T001233,Lays Chips
T001234,Noodles
T001234,Butter
T001235,Guard Rice (1kg)
T001235,Dalda Cooking Oil (500ml)
T001235,Pepsi 1L
T001235,Butter
T001235,Thal Sugar (200ml)
T001235,Chicken
T001236,Shan Biryani Masala
T001236,Nestle Water
T001236,Chicken
T001236,Jam
T001237,Bread
T001237,Guard Rice (1kg)
T001237,Jam
T001237,Biscuits
T001238,Guard Rice (1kg)
T001238,Chicken
T001239,Dalda Cooking Oil (500ml)
T001239,Olpers Milk (Pack of 6)
T001239,Thal Sugar (200ml)
T001240,Frozen Paratha
T001240,Shan Biryani Masala
T001240,Butter
T001240,Eggs
T001240,Dalda Cooking Oil (500ml)
T001241,Shan Biryani Masala
T001241,Tapal Tea (250g)
T001242,Lays Chips
T001242,Dalda Cooking Oil (500ml)
T001242,Bread
T001242,National Ketchup (1kg)
T001242,Biscuits
T001243,Lux Soap
T001243,Guard Rice (1kg)
T001244,Lays Chips
T001244,Biscuits
T001245,Thal Sugar (200ml)
T001245,National Ketchup (1kg)
T001245,Chicken
T001245,Biscuits
T001245,Olpers Milk (Pack of 6)
T001246,Nestle Water
T001246,Guard Rice (1kg)
T001246,Frozen Paratha
T001246,Olpers Milk (Pack of 6)
T001246,Biscuits
T001247,Pepsi 1L
T001247,Nestle Water
T001247,Noodles
T001247,Biscuits
T001247,Surf Excel
T001248,Tapal Tea (250g)
T001248,National Ketchup (1kg)
T001248,Noodles
T001249,Nestle Water
T001249,Lays Chips
T001249,Dalda Cooking Oil (500ml)
T001249,Jam
T001250,Pepsi 1L
T001250,Nestle Water
T001251,Lays Chips
T001251,Guard Rice (1kg)
T001252,Pepsi 1L
T001252,Nestle Water
T001252,Eggs
T001253,Nestle Water
T001253,Biscuits
T001253,Lux Soap
T001253,Noodles
T001254,Lux Soap
T001254,Butter
T001254,Frozen Paratha
T001254,Lays Chips
T001254,Bread
T001254,Nestle Water
T001255,Noodles
T001255,Dalda Cooking Oil (500ml)
T001256,Lays Chips
T001256,Biscuits
T001256,Butter
T001257,Olpers Milk (Pack of 6)
T001257,Chicken
T001257,Nestle Water
T001257,Surf Excel
T001258,Dalda Cooking Oil (500ml)
T001258,Pepsi 1L
T001259,Tapal Tea (250g)
T001259,Dalda Cooking Oil (500ml)
T001260,National Ketchup (1kg)
T001260,Guard Rice (1kg)
T001260,Eggs
T001260,Olpers Milk (Pack of 6)
T001260,Dalda Cooking Oil (500ml)
T001261,Noodles
T001261,Butter
T001261,Biscuits
T001261,Nestle Water
T001262,Chicken
T001262,Frozen Paratha
T001262,Olpers Milk (Pack of 6)
T001263,National Ketchup (1kg)
T001263,Chicken
T001263,Surf Excel
T001263,Olpers Milk (Pack of 6)
T001264,Noodles
T001264,Lux Soap
T001264,Lays Chips
T001265,Shan Biryani Masala
T001265,Eggs
T001265,Guard Rice (1kg)
T001265,Dalda Cooking Oil (500ml)
T001265,Pepsi 1L
T001265,Lays Chips
T001266,Dalda Cooking Oil (500ml)
T001266,Thal Sugar (200ml)
T001266,Noodles
T001266,Pepsi 1L
T001267,Bread
T001267,Olpers Milk (Pack of 6)
T001267,Dalda Cooking Oil (500ml)
T001267,Lays Chips
T001268,Dalda Cooking Oil (500ml)
T001268,Tapal Tea (250g)
T001269,Lays Chips
T001269,Pepsi 1L
T001269,Nestle Water
T001269,Jam
T001269,Bread
T001269,Lux Soap
T001270,Pepsi 1L
T001270,Butter
T001270,Lays Chips
T001270,Biscuits
T001270,Nestle Water
T001271,Bread
T001271,Guard Rice (1kg)
T001271,Biscuits
T001271,Nestle Water
T001271,Pepsi 1L
T001271,Noodles
T001272,Nestle Water
T001272,Pepsi 1L
T001272,Chicken
T001272,Shan Biryani Masala
T001273,Shan Biryani Masala
T001273,Olpers Milk (Pack of 6)
T001273,Thal Sugar (200ml)
T001274,Butter
T001274,Lays Chips
T001274,Guard Rice (1kg)
T001274,Noodles
T001275,Pepsi 1L
T001275,Guard Rice (1kg)
T001276,Butter
T001276,Tapal Tea (250g)
T001276,Lux Soap
T001276,Jam
T001277,National Ketchup (1kg)
T001277,Jam
T001277,Guard Rice (1kg)
T001277,Thal Sugar (200ml)
T001277,Tapal Tea (250g)
T001278,Dalda Cooking Oil (500ml)
T001278,Butter
T001278,Tapal Tea (250g)
T001279,Frozen Paratha
T001279,Chicken
T001279,Lux Soap
T001279,National Ketchup (1kg)
T001280,Tapal Tea (250g)
T001280,National Ketchup (1kg)
T001280,Butter
T001280,Noodles
T001281,Biscuits
T001281,Eggs
T001281,Pepsi 1L
T001282,Pepsi 1L
T001282,Surf Excel
T001283,Chicken
T001283,Thal Sugar (200ml)
T001283,Frozen Paratha
T001283,Noodles
T001283,Guard Rice (1kg)
T001283,Butter
T001284,Lux Soap
T001284,Frozen Paratha
T001284,Lays Chips
T001284,Biscuits
T001284,Nestle Water
T001285,Chicken
T001285,Surf Excel
T001285,Butter
T001285,Olpers Milk (Pack of 6)
T001285,Eggs
T001285,Pepsi 1L
T001286,Olpers Milk (Pack of 6)
T001286,Tapal Tea (250g)
T001286,Bread
T001287,Noodles
T001287,Dalda Cooking Oil (500ml)
T001287,Olpers Milk (Pack of 6)
T001287,Bread
T001287,Butter
T001288,Bread
T001288,Pepsi 1L
T001288,Lays Chips
T001288,Shan Biryani Masala
T001288,Noodles
T001288,Surf Excel
T001289,Tapal Tea (250g)
T001289,Olpers Milk (Pack of 6)
T001289,Thal Sugar (200ml)
T001290,Bread
T001290,Jam
T001290,Lays Chips
T001290,National Ketchup (1kg)
T001291,Biscuits
T001291,Frozen Paratha
T001291,Olpers Milk (Pack of 6)
T001291,Chicken
T001292,Thal Sugar (200ml)
T001292,Biscuits
T001293,Bread
T001293,Biscuits
T001293,Lays Chips
T001293,Surf Excel
T001293,Shan Biryani Masala
T001294,Biscuits
T001294,Guard Rice (1kg)
T001295,Nestle Water
T001295,Chicken
T001295,Pepsi 1L
T001295,Tapal Tea (250g)
T001295,Frozen Paratha
T001296,Biscuits
T001296,Guard Rice (1kg)
T001296,Noodles
T001296,National Ketchup (1kg)
T001296,Lux Soap
T001297,Lux Soap
T001297,Dalda Cooking Oil (500ml)
T001297,Guard Rice (1kg)
T001297,Eggs
T001297,National Ketchup (1kg)
T001297,Pepsi 1L
T001298,Butter
T001298,Thal Sugar (200ml)
T001298,Eggs
T001298,Lux Soap
T001299,Lux Soap
T001299,Biscuits
T001300,Lays Chips
T001300,Eggs
T001300,Chicken
T001300,Pepsi 1L
T001300,Frozen Paratha
T001301,Eggs
T001301,Tapal Tea (250g)
T001302,Surf Excel
T001302,Olpers Milk (Pack of 6)
T001303,Surf Excel
T001303,Shan Biryani Masala
T001304,Jam
T001304,Eggs
T001304,Biscuits
T001304,Nestle Water
T001305,Biscuits
T001305,Lux Soap
T001305,Nestle Water
T001305,Lays Chips
T001305,Jam
T001306,Thal Sugar (200ml)
T001306,National Ketchup (1kg)
T001306,Noodles
T001307,Dalda Cooking Oil (500ml)
T001307,Eggs
T001307,Pepsi 1L
T001307,Surf Excel
T001308,Tapal Tea (250g)
T001308,Chicken
T001308,Guard Rice (1kg)
T001308,Eggs
T001308,Jam
T001308,Surf Excel
T001309,Shan Biryani Masala
T001309,Noodles
T001309,Guard Rice (1kg)
T001309,Jam
T001309,National Ketchup (1kg)
T001309,Nestle Water
T001310,Frozen Paratha
T001310,Lays Chips
T001310,Pepsi 1L
T001310,Surf Excel
T001310,Noodles
T001311,Jam
T001311,Noodles
T001311,Lux Soap
T001311,Dalda Cooking Oil (500ml)
T001311,Bread
T001311,Guard Rice (1kg)
T001312,Chicken
T001312,Dalda Cooking Oil (500ml)
T001312,Noodles
T001312,Tapal Tea (250g)
T001312,Pepsi 1L
T001313,Biscuits
T001313,Tapal Tea (250g)
T001313,Chicken
T001313,Thal Sugar (200ml)
T001313,Lays Chips
T001314,National Ketchup (1kg)
T001314,Nestle Water
T001314,Butter
T001314,Olpers Milk (Pack of 6)
T001314,Frozen Paratha
T001315,Chicken
T001315,Surf Excel
T001316,Shan Biryani Masala
T001316,Butter
T001316,Pepsi 1L
T001317,Eggs
T001317,Biscuits
T001317,Lays Chips
T001318,National Ketchup (1kg)
T001318,Thal Sugar (200ml)
T001318,Noodles
T001319,Chicken
T001319,Lays Chips
T001319,National Ketchup (1kg)
T001319,Tapal Tea (250g)
T001320,Biscuits
T001320,Jam
T001321,Lays Chips
T001321,Surf Excel
T001321,Lux Soap
T001321,Biscuits
T001321,Shan Biryani Masala
T001322,Olpers Milk (Pack of 6)
T001322,Chicken
T001322,Surf Excel
T001322,Dalda Cooking Oil (500ml)
T001322,Lux Soap
T001323,Biscuits
T001323,Pepsi 1L
T001323,Bread
T001324,Shan Biryani Masala
T001324,Frozen Paratha
T001324,Olpers Milk (Pack of 6)
T001324,Noodles
T001324,Tapal Tea (250g)
T001324,Lux Soap
T001325,Dalda Cooking Oil (500ml)
T001325,Thal Sugar (200ml)
T001325,Pepsi 1L
T001326,Pepsi 1L
T001326,Biscuits
T001326,Guard Rice (1kg)
T001326,Frozen Paratha
T001327,Thal Sugar (200ml)
T001327,Butter
T001327,Eggs
T001327,Frozen Paratha
T001327,Pepsi 1L
T001327,Olpers Milk (Pack of 6)
T001328,Dalda Cooking Oil (500ml)
T001328,Jam
T001328,Eggs
T001328,Noodles
T001328,Bread
T001328,Shan Biryani Masala
T001329,Bread
T001329,Tapal Tea (250g)
T001329,Pepsi 1L
T001329,Eggs
T001330,Surf Excel
T001330,Butter
T001330,National Ketchup (1kg)
T001330,Bread
T001331,Nestle Water
T001331,Bread
T001331,Jam
T001331,Pepsi 1L
T001331,National Ketchup (1kg)
T001331,Shan Biryani Masala
T001332,Pepsi 1L
T001332,Butter
T001332,Eggs
T001332,Olpers Milk (Pack of 6)
T001332,Biscuits
T001333,Lux Soap
T001333,Tapal Tea (250g)
T001333,Olpers Milk (Pack of 6)
T001333,Biscuits
T001333,Surf Excel
T001334,Jam
T001334,Olpers Milk (Pack of 6)
T001334,Shan Biryani Masala
T001334,Biscuits
T001334,Guard Rice (1kg)
T001335,Surf Excel
T001335,Lux Soap
T001335,Frozen Paratha
T001336,Jam
T001336,Lays Chips
T001336,Tapal Tea (250g)
T001336,Bread
T001336,Surf Excel
T001337,Eggs
T001337,Jam
T001338,National Ketchup (1kg)
T001338,Pepsi 1L
T001338,Dalda Cooking Oil (500ml)
T001338,Nestle Water
T001338,Lays Chips
T001338,Guard Rice (1kg)
T001339,Tapal Tea (250g)
T001339,Eggs
T001339,Olpers Milk (Pack of 6)
T001339,Jam
T001339,Guard Rice (1kg)
T001340,Lux Soap
T001340,Thal Sugar (200ml)
T001341,Guard Rice (1kg)
T001341,Butter
T001341,Eggs
T001341,Surf Excel
T001341,Lays Chips
T001342,Dalda Cooking Oil (500ml)
T001342,Lux Soap
T001342,Butter
T001342,Pepsi 1L
T001343,Pepsi 1L
T001343,Chicken
T001344,Thal Sugar (200ml)
T001344,Bread
T001344,Butter
T001345,Thal Sugar (200ml)
T001345,Tapal Tea (250g)
T001345,Butter
T001346,Butter
T001346,Jam
T001346,Pepsi 1L
T001346,Tapal Tea (250g)
T001347,Frozen Paratha
T001347,Butter
T001348,Nestle Water
T001348,Butter
T001348,Thal Sugar (200ml)
T001349,Lux Soap
T001349,Pepsi 1L
T001349,Dalda Cooking Oil (500ml)
T001350,Surf Excel
T001350,Shan Biryani Masala
T001350,Tapal Tea (250g)
T001351,Chicken
T001351,National Ketchup (1kg)
T001351,Pepsi 1L
T001352,Frozen Paratha
T001352,Biscuits
T001353,Tapal Tea (250g)
T001353,Thal Sugar (200ml)
T001353,Pepsi 1L
T001353,Noodles
T001353,Lays Chips
T001354,Noodles
T001354,Bread
T001355,Olpers Milk (Pack of 6)
T001355,Noodles
T001355,Lux Soap
T001355,Shan Biryani Masala
T001355,Chicken
T001356,Pepsi 1L
T001356,Lays Chips
T001356,Olpers Milk (Pack of 6)
T001356,Bread
T001357,Jam
T001357,Noodles
T001357,Nestle Water
T001357,Shan Biryani Masala
T001357,Lays Chips
T001358,Lays Chips
T001358,Eggs
T001358,Dalda Cooking Oil (500ml)
T001358,Thal Sugar (200ml)
T001359,Shan Biryani Masala
T001359,Dalda Cooking Oil (500ml)
T001359,Surf Excel
T001360,Tapal Tea (250g)
T001360,Lays Chips
T001360,National Ketchup (1kg)
T001360,Butter
T001360,Noodles
T001361,National Ketchup (1kg)
T001361,Olpers Milk (Pack of 6)
T001361,Biscuits
T001361,Shan Biryani Masala
T001361,Guard Rice (1kg)
T001361,Lays Chips
T001362,Frozen Paratha
T001362,Chicken
T001362,National Ketchup (1kg)
T001362,Eggs
T001363,Lux Soap
T001363,Jam
T001363,Eggs
T001364,Noodles
T001364,Surf Excel
T001364,Thal Sugar (200ml)
T001365,Lux Soap
T001365,Chicken
T001365,Noodles
T001365,Pepsi 1L
T001365,Lays Chips
T001365,Thal Sugar (200ml)
T001366,Biscuits
T001366,Eggs
T001366,Shan Biryani Masala
T001366,Lux Soap
T001366,Thal Sugar (200ml)
T001366,Chicken
T001367,Surf Excel
T001367,Olpers Milk (Pack of 6)
T001368,Shan Biryani Masala
T001368,Lux Soap
T001369,Olpers Milk (Pack of 6)
T001369,Nestle Water
T001370,Noodles
T001370,Biscuits
T001371,Eggs
T001371,Jam
T001371,Noodles
T001372,Surf Excel
T001372,Jam
T001372,Bread
T001373,Thal Sugar (200ml)
T001373,Lux Soap
T001373,Butter
T001373,Jam
T001373,Guard Rice (1kg)
T001374,Butter
T001374,Guard Rice (1kg)
T001374,Noodles
T001374,Nestle Water
T001374,Surf Excel
T001374,Lays Chips
T001375,Guard Rice (1kg)
T001375,Nestle Water
T001375,Lux Soap
T001375,Biscuits
T001376,Olpers Milk (Pack of 6)
T001376,Guard Rice (1kg)
T001377,Thal Sugar (200ml)
T001377,Olpers Milk (Pack of 6)
T001377,Guard Rice (1kg)
T001378,Tapal Tea (250g)
T001378,Nestle Water
T001379,Pepsi 1L
T001379,Shan Biryani Masala
T001379,National Ketchup (1kg)
T001379,Tapal Tea (250g)
T001379,Frozen Paratha
T001379,Lays Chips
T001380,Noodles
T001380,Olpers Milk (Pack of 6)
T001380,Shan Biryani Masala
T001381,National Ketchup (1kg)
T001381,Nestle Water
T001381,Lays Chips
T001382,Olpers Milk (Pack of 6)
T001382,Bread
T001382,Nestle Water
T001382,Pepsi 1L
T001383,Jam
T001383,Chicken
T001383,Frozen Paratha
T001383,Surf Excel
T001383,Eggs
T001384,Noodles
T001384,Bread
T001385,Tapal Tea (250g)
T001385,Dalda Cooking Oil (500ml)
T001386,Frozen Paratha
T001386,Olpers Milk (Pack of 6)
T001386,Tapal Tea (250g)
T001387,Bread
T001387,Chicken
T001387,Butter
T001388,National Ketchup (1kg)
T001388,Olpers Milk (Pack of 6)
T001388,Eggs
T001388,Bread
T001388,Dalda Cooking Oil (500ml)
T001389,Chicken
T001389,Jam
T001390,Olpers Milk (Pack of 6)
T001390,Shan Biryani Masala
T001391,Guard Rice (1kg)
T001391,Dalda Cooking Oil (500ml)
T001391,Bread
T001391,National Ketchup (1kg)
T001391,Pepsi 1L
T001392,Lux Soap
T001392,Pepsi 1L
T001392,Chicken
T001392,Olpers Milk (Pack of 6)
T001393,Noodles
T001393,Nestle Water
T001393,Biscuits
T001394,Shan Biryani Masala
T001394,Lux Soap
T001394,National Ketchup (1kg)
T001394,Nestle Water
T001394,Butter
T001395,Nestle Water
T001395,Chicken
T001395,Olpers Milk (Pack of 6)
T001395,Pepsi 1L
T001395,Noodles
T001396,Biscuits
T001396,Nestle Water
T001396,Pepsi 1L
T001396,Chicken
T001396,National Ketchup (1kg)
T001397,Guard Rice (1kg)
T001397,National Ketchup (1kg)
T001398,Olpers Milk (Pack of 6)
T001398,Dalda Cooking Oil (500ml)
T001398,Biscuits
T001398,Thal Sugar (200ml)
T001398,Shan Biryani Masala
T001398,Eggs
T001399,Chicken
T001399,Surf Excel
T001400,National Ketchup (1kg)
T001400,Dalda Cooking Oil (500ml)
T001401,Thal Sugar (200ml)
T001401,Noodles
T001401,Butter
T001401,National Ketchup (1kg)
T001402,Guard Rice (1kg)
T001402,Chicken
T001402,Biscuits
T001403,Guard Rice (1kg)
T001403,Butter
T001404,Butter
T001404,Biscuits
T001404,Surf Excel
T001404,Shan Biryani Masala
T001405,Eggs
T001405,Lux Soap
T001405,Pepsi 1L
T001405,Lays Chips
T001406,Lays Chips
T001406,Lux Soap
T001406,Biscuits
T001406,Olpers Milk (Pack of 6)
T001407,Eggs
T001407,Biscuits
T001407,Shan Biryani Masala
T001407,Butter
T001407,Lays Chips
T001407,Lux Soap
T001408,Jam
T001408,Biscuits
T001408,Chicken
T001408,Thal Sugar (200ml)
T001408,Butter
T001408,Eggs
T001409,Lays Chips
T001409,Bread
T001409,Surf Excel
T001409,Eggs
T001409,National Ketchup (1kg)
T001409,Frozen Paratha
T001410,Surf Excel
T001410,Biscuits
T001410,Dalda Cooking Oil (500ml)
T001411,Dalda Cooking Oil (500ml)
T001411,Chicken
T001411,Frozen Paratha
T001411,Surf Excel
T001412,Biscuits
T001412,Pepsi 1L
T001412,Thal Sugar (200ml)
T001412,Shan Biryani Masala
T001412,Lux Soap
T001413,Bread
T001413,Noodles
T001413,Tapal Tea (250g)
T001413,Lux Soap
T001414,Olpers Milk (Pack of 6)
T001414,Biscuits
T001414,Frozen Paratha
T001415,Lux Soap
T001415,Olpers Milk (Pack of 6)
T001415,Nestle Water
T001416,Dalda Cooking Oil (500ml)
T001416,Thal Sugar (200ml)
T001416,Bread
T001416,Nestle Water
T001416,Olpers Milk (Pack of 6)
T001416,Butter
T001417,Frozen Paratha
T001417,Surf Excel
T001417,Dalda Cooking Oil (500ml)
T001417,Butter
T001417,Chicken
T001418,Bread
T001418,Butter
T001418,Noodles
T001418,Tapal Tea (250g)
T001419,Tapal Tea (250g)
T001419,Pepsi 1L
T001419,Biscuits
T001419,Chicken
T001419,Olpers Milk (Pack of 6)
T001420,Butter
T001420,Guard Rice (1kg)
T001420,Thal Sugar (200ml)
T001421,Tapal Tea (250g)
T001421,Dalda Cooking Oil (500ml)
T001421,Chicken
T001422,National Ketchup (1kg)
T001422,Tapal Tea (250g)
T001423,Dalda Cooking Oil (500ml)
T001423,Lays Chips
T001424,Surf Excel
T001424,Dalda Cooking Oil (500ml)
T001424,Chicken
T001424,Guard Rice (1kg)
T001424,Eggs
T001425,Noodles
T001425,Butter
T001425,Thal Sugar (200ml)
T001425,Lux Soap
T001425,Eggs
T001425,Bread
T001426,Surf Excel
T001426,Lays Chips
T001427,Jam
T001427,Tapal Tea (250g)
T001427,Dalda Cooking Oil (500ml)
T001427,Lux Soap
T001428,Dalda Cooking Oil (500ml)
T001428,Frozen Paratha
T001428,Eggs
T001428,Bread
T001429,Surf Excel
T001429,Frozen Paratha
T001429,Jam
T001429,Chicken
T001430,Chicken
T001430,Surf Excel
T001430,Guard Rice (1kg)
T001431,Guard Rice (1kg)
T001431,Dalda Cooking Oil (500ml)
T001431,Lux Soap
T001431,Frozen Paratha
T001431,Chicken
T001431,Eggs
T001432,Eggs
T001432,Lux Soap
T001432,Biscuits
T001433,Surf Excel
T001433,Pepsi 1L
T001434,Thal Sugar (200ml)
T001434,Olpers Milk (Pack of 6)
T001435,Nestle Water
T001435,Lux Soap
T001435,Thal Sugar (200ml)
T001435,Noodles
T001435,Butter
T001435,Chicken
T001436,Jam
T001436,Lux Soap
T001436,Biscuits
T001436,Bread
T001437,Tapal Tea (250g)
T001437,Lays Chips
T001437,Frozen Paratha
T001437,Guard Rice (1kg)
T001438,Eggs
T001438,National Ketchup (1kg)
T001439,Noodles
T001439,Guard Rice (1kg)
T001439,Olpers Milk (Pack of 6)
T001439,Chicken
T001440,Lays Chips
T001440,Biscuits
T001440,Chicken
T001440,Jam
T001441,Noodles
T001441,Lux Soap
T001442,Frozen Paratha
T001442,Guard Rice (1kg)
T001442,Dalda Cooking Oil (500ml)
T001442,Thal Sugar (200ml)
T001442,Bread
T001442,Olpers Milk (Pack of 6)
T001443,Frozen Paratha
T001443,Surf Excel
T001443,Lux Soap
T001443,Bread
T001444,Noodles
T001444,Olpers Milk (Pack of 6)
T001444,Bread
T001444,Jam
T001444,Lays Chips
T001444,Guard Rice (1kg)
T001445,Shan Biryani Masala
T001445,Guard Rice (1kg)
T001445,Noodles
T001445,Jam
T001445,Lays Chips
T001445,Butter
T001446,National Ketchup (1kg)
T001446,Pepsi 1L
T001446,Surf Excel
T001447,National Ketchup (1kg)
T001447,Dalda Cooking Oil (500ml)
T001447,Eggs
T001447,Frozen Paratha
T001448,Chicken
T001448,Surf Excel
T001448,National Ketchup (1kg)
T001448,Bread
T001448,Frozen Paratha
T001448,Dalda Cooking Oil (500ml)
T001449,Lays Chips
T001449,Butter
T001449,Olpers Milk (Pack of 6)
T001450,Thal Sugar (200ml)
T001450,Butter
T001450,National Ketchup (1kg)
T001450,Biscuits
T001450,Frozen Paratha
T001450,Shan Biryani Masala
T001451,Shan Biryani Masala
T001451,Surf Excel
T001451,Nestle Water
T001451,Dalda Cooking Oil (500ml)
T001452,Bread
T001452,Dalda Cooking Oil (500ml)
T001453,Bread
T001453,Jam
T001454,Biscuits
T001454,Jam
T001454,Butter
T001454,Eggs
T001454,Noodles
T001455,Eggs
T001455,Thal Sugar (200ml)
T001455,Dalda Cooking Oil (500ml)
T001456,Lays Chips
T001456,Olpers Milk (Pack of 6)
T001456,Eggs
T001456,Tapal Tea (250g)
T001456,Dalda Cooking Oil (500ml)
T001457,Chicken
T001457,Bread
T001457,Thal Sugar (200ml)
T001457,Shan Biryani Masala
T001457,Lux Soap
T001457,Eggs
T001458,Bread
T001458,Thal Sugar (200ml)
T001458,Dalda Cooking Oil (500ml)
T001458,Noodles
T001459,Surf Excel
T001459,Shan Biryani Masala
T001459,Noodles
T001459,Nestle Water
T001459,Lays Chips
T001460,Shan Biryani Masala
T001460,Lux Soap
T001460,Biscuits
T001461,Olpers Milk (Pack of 6)
T001461,Surf Excel
T001461,Guard Rice (1kg)
T001461,Pepsi 1L
T001462,Frozen Paratha
T001462,Surf Excel
T001462,Guard Rice (1kg)
T001462,Lux Soap
T001462,National Ketchup (1kg)
T001463,Eggs
T001463,Nestle Water
T001464,Biscuits
T001464,Eggs
T001464,Nestle Water
T001465,Pepsi 1L
T001465,Tapal Tea (250g)
T001465,Shan Biryani Masala
T001465,Jam
T001466,Jam
T001466,Shan Biryani Masala
T001466,Noodles
T001467,Thal Sugar (200ml)
T001467,Lays Chips
T001467,Nestle Water
T001467,Jam
T001467,Eggs
T001468,Guard Rice (1kg)
T001468,Eggs
T001469,Pepsi 1L
T001469,Guard Rice (1kg)
T001469,Eggs
T001469,Noodles
T001469,Biscuits
T001469,Jam
T001470,Shan Biryani Masala
T001470,Olpers Milk (Pack of 6)
T001471,Guard Rice (1kg)
T001471,National Ketchup (1kg)
T001471,Tapal Tea (250g)
T001471,Jam
T001471,Lays Chips
T001472,Thal Sugar (200ml)
T001472,Bread
T001473,Eggs
T001473,Lux Soap
T001473,Shan Biryani Masala
T001474,Olpers Milk (Pack of 6)
T001474,Surf Excel
T001474,Nestle Water
T001474,Frozen Paratha
T001474,Butter
T001474,Guard Rice (1kg)
T001475,Butter
T001475,Biscuits
T001476,Pepsi 1L
T001476,Butter
T001477,Chicken
T001477,Lays Chips
T001477,Jam
T001477,Shan Biryani Masala
T001478,Eggs
T001478,Shan Biryani Masala
T001478,Frozen Paratha
T001479,Olpers Milk (Pack of 6)
T001479,Jam
T001479,Surf Excel
T001479,Nestle Water
T001479,Lux Soap
T001479,Tapal Tea (250g)
T001480,Butter
T001480,Frozen Paratha
T001480,Surf Excel
T001480,Eggs
T001481,Shan Biryani Masala
T001481,Lux Soap
T001481,Dalda Cooking Oil (500ml)
T001481,Olpers Milk (Pack of 6)
T001481,Noodles
T001482,Thal Sugar (200ml)
T001482,Guard Rice (1kg)
T001482,Tapal Tea (250g)
T001482,Shan Biryani Masala
T001483,Olpers Milk (Pack of 6)
T001483,Thal Sugar (200ml)
T001483,Chicken
T001483,Frozen Paratha
T001484,Lux Soap
T001484,Thal Sugar (200ml)
T001484,Surf Excel
T001484,Lays Chips
T001484,Eggs
T001485,Eggs
T001485,Dalda Cooking Oil (500ml)
T001485,Thal Sugar (200ml)
T001485,Shan Biryani Masala
T001485,Lays Chips
T001485,Olpers Milk (Pack of 6)
T001486,Jam
T001486,Guard Rice (1kg)
T001486,Thal Sugar (200ml)
T001486,Shan Biryani Masala
T001486,Noodles
T001487,Lays Chips
T001487,Guard Rice (1kg)
T001487,Shan Biryani Masala
T001487,Dalda Cooking Oil (500ml)
T001487,Bread
T001488,Frozen Paratha
T001488,Jam
T001489,Tapal Tea (250g)
T001489,Butter
T001489,Bread
T001489,Biscuits
T001490,Olpers Milk (Pack of 6)
T001490,Chicken
T001490,Surf Excel
T001490,Noodles
T001490,National Ketchup (1kg)
T001491,Eggs
T001491,Thal Sugar (200ml)
T001491,Tapal Tea (250g)
T001492,Pepsi 1L
T001492,Thal Sugar (200ml)
T001492,Lays Chips
T001492,National Ketchup (1kg)
T001492,Olpers Milk (Pack of 6)
T001492,Chicken
T001493,Shan Biryani Masala
T001493,Surf Excel
T001493,Nestle Water
T001493,Olpers Milk (Pack of 6)
T001493,Jam
T001493,Pepsi 1L
T001494,Olpers Milk (Pack of 6)
T001494,Chicken
T001494,National Ketchup (1kg)
T001494,Lux Soap
T001495,Biscuits
T001495,Tapal Tea (250g)
T001495,Guard Rice (1kg)
T001496,Guard Rice (1kg)
T001496,Pepsi 1L
T001496,Bread
T001496,Lays Chips
T001497,Lays Chips
T001497,Surf Excel
T001497,Olpers Milk (Pack of 6)
T001497,Tapal Tea (250g)
T001497,National Ketchup (1kg)
T001497,Nestle Water
T001498,Biscuits
T001498,Tapal Tea (250g)
T001499,Bread
T001499,Lux Soap
T001499,Frozen Paratha
T001499,Lays Chips
T001499,Dalda Cooking Oil (500ml)
T001500,Dalda Cooking Oil (500ml)
T001500,Biscuits
T001500,Surf Excel
T001500,Thal Sugar (200ml)
T001500,Jam
T001500,Bread
T001501,Bread
T001501,Lux Soap
T001501,Guard Rice (1kg)
T001501,Tapal Tea (250g)
T001501,Shan Biryani Masala
T001502,Pepsi 1L
T001502,Jam
T001503,Shan Biryani Masala
T001503,National Ketchup (1kg)
T001503,Butter
T001503,Pepsi 1L
T001503,Biscuits
T001504,Chicken
T001504,Surf Excel
T001505,Lays Chips
T001505,Noodles
T001505,Frozen Paratha
T001505,Lux Soap
T001505,Biscuits
T001505,Guard Rice (1kg)
T001506,Nestle Water
T001506,Surf Excel
T001506,Bread
T001506,Lays Chips
T001506,Chicken
T001506,Thal Sugar (200ml)
T001507,Lux Soap
T001507,Jam
T001508,Chicken
T001508,Guard Rice (1kg)
T001508,Noodles
T001508,Lays Chips
T001508,Biscuits
T001509,Shan Biryani Masala
T001509,Olpers Milk (Pack of 6)
T001509,Butter
T001509,Biscuits
T001510,Eggs
T001510,Olpers Milk (Pack of 6)
T001510,Pepsi 1L
T001510,Tapal Tea (250g)
T001511,Lux Soap
T001511,Frozen Paratha
T001511,Pepsi 1L
T001512,Lux Soap
T001512,Noodles
T001513,Lux Soap
T001513,Nestle Water
T001514,Lays Chips
T001514,Surf Excel
T001514,Jam
T001514,Guard Rice (1kg)
T001514,Thal Sugar (200ml)
T001514,Frozen Paratha
T001515,Jam
T001515,Guard Rice (1kg)
T001515,Surf Excel
T001516,Shan Biryani Masala
T001516,Dalda Cooking Oil (500ml)
T001517,Olpers Milk (Pack of 6)
T001517,Nestle Water
T001517,Jam
T001517,Butter
T001517,Lays Chips
T001517,Chicken
T001518,Lays Chips
T001518,Dalda Cooking Oil (500ml)
T001518,Bread
T001518,Frozen Paratha
T001518,Chicken
T001519,Shan Biryani Masala
T001519,Eggs
T001519,Butter
T001519,National Ketchup (1kg)
T001519,Guard Rice (1kg)
T001519,Surf Excel
T001520,Nestle Water
T001520,Eggs
T001520,Dalda Cooking Oil (500ml)
T001520,Pepsi 1L
T001520,Guard Rice (1kg)
T001521,Lux Soap
T001521,Bread
T001522,Biscuits
T001522,Pepsi 1L
T001522,Lux Soap
T001522,Guard Rice (1kg)
T001522,Surf Excel
T001522,Nestle Water
T001523,Butter
T001523,Surf Excel
T001523,Eggs
T001523,Noodles
T001523,Guard Rice (1kg)
T001523,Pepsi 1L
T001524,Shan Biryani Masala
T001524,Chicken
T001524,Noodles
T001524,Nestle Water
T001525,Pepsi 1L
T001525,Nestle Water
T001525,Chicken
T001525,Lays Chips
T001525,Olpers Milk (Pack of 6)
T001526,Noodles
T001526,Tapal Tea (250g)
T001527,Shan Biryani Masala
T001527,Guard Rice (1kg)
T001527,Lux Soap
T001527,Tapal Tea (250g)
T001527,Chicken
T001528,Guard Rice (1kg)
T001528,Eggs
T001528,Noodles
T001528,Nestle Water
T001528,Lux Soap
T001529,Tapal Tea (250g)
T001529,Surf Excel
T001529,Thal Sugar (200ml)
T001529,Shan Biryani Masala
T001529,Noodles
T001530,Eggs
T001530,Frozen Paratha
T001530,Tapal Tea (250g)
T001530,Thal Sugar (200ml)
T001531,National Ketchup (1kg)
T001531,Jam
T001531,Noodles
T001531,Thal Sugar (200ml)
T001532,Guard Rice (1kg)
T001532,Shan Biryani Masala
T001532,Thal Sugar (200ml)
T001532,Nestle Water
T001532,Jam
T001533,National Ketchup (1kg)
T001533,Chicken
T001533,Frozen Paratha
T001533,Guard Rice (1kg)
T001534,Biscuits
T001534,National Ketchup (1kg)
T001534,Nestle Water
T001534,Tapal Tea (250g)
T001534,Surf Excel
T001534,Noodles
T001535,Pepsi 1L
T001535,Noodles
T001535,Thal Sugar (200ml)
T001535,Chicken
T001536,Pepsi 1L
T001536,Surf Excel
T001536,Dalda Cooking Oil (500ml)
T001536,Nestle Water
T001537,Thal Sugar (200ml)
T001537,Tapal Tea (250g)
T001537,Lays Chips
T001537,Eggs
T001537,Dalda Cooking Oil (500ml)
T001537,Bread
T001538,Guard Rice (1kg)
T001538,Bread
T001539,Lux Soap
T001539,Pepsi 1L
T001539,Thal Sugar (200ml)
T001539,National Ketchup (1kg)
T001539,Guard Rice (1kg)
T001539,Eggs
T001540,National Ketchup (1kg)
T001540,Frozen Paratha
T001541,Surf Excel
T001541,Noodles
T001541,Nestle Water
T001541,Thal Sugar (200ml)
T001541,National Ketchup (1kg)
T001542,Frozen Paratha
T001542,Bread
T001542,National Ketchup (1kg)
T001542,Nestle Water
T001543,Surf Excel
T001543,National Ketchup (1kg)
T001543,Shan Biryani Masala
T001543,Biscuits
T001543,Frozen Paratha
T001544,Lux Soap
T001544,Olpers Milk (Pack of 6)
T001544,Shan Biryani Masala
T001544,Dalda Cooking Oil (500ml)
T001544,Butter
T001544,Surf Excel
T001545,Nestle Water
T001545,Dalda Cooking Oil (500ml)
T001545,Guard Rice (1kg)
T001545,Tapal Tea (250g)
T001545,National Ketchup (1kg)
T001545,Noodles
T001546,Jam
T001546,Surf Excel
T001546,Shan Biryani Masala
T001546,Lays Chips
T001546,Nestle Water
T001547,Lux Soap
T001547,Surf Excel
T001547,National Ketchup (1kg)
T001547,Biscuits
T001547,Chicken
T001547,Pepsi 1L
T001548,Guard Rice (1kg)
T001548,Tapal Tea (250g)
T001548,Olpers Milk (Pack of 6)
T001549,Biscuits
T001549,Bread
T001549,Surf Excel
T001549,Lays Chips
T001550,Eggs
T001550,Frozen Paratha
T001550,Dalda Cooking Oil (500ml)
T001550,Butter
T001550,Chicken
T001551,Pepsi 1L
T001551,Lays Chips
T001551,Noodles
T001551,Thal Sugar (200ml)
T001551,Frozen Paratha
T001551,Eggs
T001552,Guard Rice (1kg)
T001552,Shan Biryani Masala
T001552,Bread
T001552,Olpers Milk (Pack of 6)
T001553,Noodles
T001553,Shan Biryani Masala
T001553,Chicken
T001553,Nestle Water
T001554,Pepsi 1L
T001554,Chicken
T001554,Guard Rice (1kg)
T001554,Shan Biryani Masala
T001554,Eggs
T001554,Thal Sugar (200ml)
T001555,Surf Excel
T001555,National Ketchup (1kg)
T001555,Biscuits
T001555,Bread
T001556,Eggs
T001556,Chicken
T001556,Dalda Cooking Oil (500ml)
T001556,Surf Excel
T001557,Jam
T001557,Noodles
T001557,Shan Biryani Masala
T001557,Bread
T001557,Chicken
T001558,Lays Chips
T001558,Thal Sugar (200ml)
T001558,Shan Biryani Masala
T001558,Frozen Paratha
T001559,Bread
T001559,Biscuits
T001559,Dalda Cooking Oil (500ml)
T001560,Lays Chips
T001560,Guard Rice (1kg)
T001561,Jam
T001561,Thal Sugar (200ml)
T001561,Noodles
T001561,Surf Excel
T001561,Biscuits
T001561,Lux Soap
T001562,Noodles
T001562,Olpers Milk (Pack of 6)
T001563,Jam
T001563,Guard Rice (1kg)
T001563,Pepsi 1L
T001563,Thal Sugar (200ml)
T001563,Noodles
T001564,Eggs
T001564,Bread
T001564,Noodles
T001564,Chicken
T001565,Butter
T001565,National Ketchup (1kg)
T001566,Butter
T001566,Surf Excel
T001566,Noodles
T001566,National Ketchup (1kg)
T001566,Pepsi 1L
T001566,Biscuits
T001567,Dalda Cooking Oil (500ml)
T001567,Tapal Tea (250g)
T001567,Lays Chips
T001567,Shan Biryani Masala
T001567,Chicken
T001567,Jam
T001568,Lays Chips
T001568,Bread
T001569,Eggs
T001569,Jam
T001569,Olpers Milk (Pack of 6)
T001570,Shan Biryani Masala
T001570,Biscuits
T001570,Lays Chips
T001570,Dalda Cooking Oil (500ml)
T001571,Eggs
T001571,Thal Sugar (200ml)
T001571,Guard Rice (1kg)
T001571,Nestle Water
T001571,Lays Chips
T001572,Dalda Cooking Oil (500ml)
T001572,Lays Chips
T001572,Guard Rice (1kg)
T001572,Tapal Tea (250g)
T001572,Surf Excel
T001573,Olpers Milk (Pack of 6)
T001573,Dalda Cooking Oil (500ml)
T001573,Lays Chips
T001573,Nestle Water
T001573,Guard Rice (1kg)
T001574,Lays Chips
T001574,Shan Biryani Masala
T001574,Bread
T001574,Thal Sugar (200ml)
T001575,Thal Sugar (200ml)
T001575,Guard Rice (1kg)
T001576,National Ketchup (1kg)
T001576,Lays Chips
T001576,Thal Sugar (200ml)
T001576,Shan Biryani Masala
T001576,Surf Excel
T001577,Dalda Cooking Oil (500ml)
T001577,Frozen Paratha
T001577,Noodles
T001577,Tapal Tea (250g)
T001578,Lux Soap
T001578,Eggs
T001578,Jam
T001578,Surf Excel
T001578,Thal Sugar (200ml)
T001578,Tapal Tea (250g)
T001579,Pepsi 1L
T001579,Lux Soap
T001579,Jam
T001579,Dalda Cooking Oil (500ml)
T001579,Thal Sugar (200ml)
T001579,Shan Biryani Masala
T001580,Guard Rice (1kg)
T001580,National Ketchup (1kg)
T001581,Olpers Milk (Pack of 6)
T001581,Butter
T001581,National Ketchup (1kg)
T001581,Chicken
T001581,Lays Chips
T001581,Frozen Paratha
T001582,Bread
T001582,Olpers Milk (Pack of 6)
T001582,Biscuits
T001582,Lays Chips
T001582,National Ketchup (1kg)
T001583,Olpers Milk (Pack of 6)
T001583,Tapal Tea (250g)
T001584,Surf Excel
T001584,Butter
T001584,Bread
T001584,National Ketchup (1kg)
T001585,Thal Sugar (200ml)
T001585,Lux Soap
T001585,Jam
T001585,Frozen Paratha
T001585,Chicken
T001586,Noodles
T001586,Surf Excel
T001586,Shan Biryani Masala
T001586,Nestle Water
T001586,Pepsi 1L
T001586,Tapal Tea (250g)
T001587,Biscuits
T001587,Tapal Tea (250g)
T001587,Noodles
T001588,Eggs
T001588,Thal Sugar (200ml)
T001588,Surf Excel
T001588,Lays Chips
T001589,Noodles
T001589,Chicken
T001590,Eggs
T001590,Butter
T001590,National Ketchup (1kg)
T001590,Pepsi 1L
T001590,Chicken
T001590,Thal Sugar (200ml)
T001591,Tapal Tea (250g)
T001591,Thal Sugar (200ml)
T001591,Surf Excel
T001591,National Ketchup (1kg)
T001591,Biscuits
T001592,Butter
T001592,Pepsi 1L
T001592,Biscuits
T001592,Jam
T001592,Bread
T001592,Eggs
T001593,Jam
T001593,Lays Chips
T001593,Eggs
T001594,Surf Excel
T001594,Pepsi 1L
T001594,Olpers Milk (Pack of 6)
T001594,Nestle Water
T001594,National Ketchup (1kg)
T001594,Lux Soap
T001595,Shan Biryani Masala
T001595,Dalda Cooking Oil (500ml)
T001595,Surf Excel
T001595,Jam
T001595,Pepsi 1L
T001595,Thal Sugar (200ml)
T001596,Pepsi 1L
T001596,Biscuits
T001596,Frozen Paratha
T001597,Nestle Water
T001597,Frozen Paratha
T001597,Tapal Tea (250g)
T001597,Olpers Milk (Pack of 6)
T001597,Biscuits
T001597,Lays Chips
T001598,Noodles
T001598,Surf Excel
T001598,Shan Biryani Masala
T001599,Lays Chips
T001599,Bread
T001599,Shan Biryani Masala
T001600,Biscuits
T001600,Surf Excel
T001601,Dalda Cooking Oil (500ml)
T001601,Butter
T001601,Lux Soap
T001601,Nestle Water
T001601,Tapal Tea (250g)
T001601,Pepsi 1L
T001602,Butter
T001602,National Ketchup (1kg)
T001602,Guard Rice (1kg)
T001602,Dalda Cooking Oil (500ml)
T001603,Chicken
T001603,Lux Soap
T001603,Tapal Tea (250g)
T001603,Biscuits
T001604,Shan Biryani Masala
T001604,Guard Rice (1kg)
T001604,Noodles
T001604,Biscuits
T001604,Surf Excel
T001605,Eggs
T001605,Surf Excel
T001606,Shan Biryani Masala
T001606,Noodles
T001606,Bread
T001606,Pepsi 1L
T001606,Butter
T001607,Nestle Water
T001607,Biscuits
T001607,Surf Excel
T001607,Guard Rice (1kg)
T001607,Jam
T001607,Noodles
T001608,Frozen Paratha
T001608,Thal Sugar (200ml)
T001608,Nestle Water
T001608,Olpers Milk (Pack of 6)
T001608,Chicken
T001609,Chicken
T001609,Frozen Paratha
T001609,Guard Rice (1kg)
T001609,Pepsi 1L
T001610,Frozen Paratha
T001610,Surf Excel
T001610,Noodles
T001610,Guard Rice (1kg)
T001611,Dalda Cooking Oil (500ml)
T001611,Tapal Tea (250g)
T001611,Surf Excel
T001611,Jam
T001612,Shan Biryani Masala
T001612,Guard Rice (1kg)
T001612,Tapal Tea (250g)
T001613,Thal Sugar (200ml)
T001613,Frozen Paratha
T001613,Bread
T001613,Biscuits
T001613,Jam
T001613,Dalda Cooking Oil (500ml)
T001614,Butter
T001614,Lays Chips
T001614,Noodles
T001614,Eggs
T001614,Biscuits
T001615,Bread
T001615,Frozen Paratha
T001615,Tapal Tea (250g)
T001615,Guard Rice (1kg)
T001615,Dalda Cooking Oil (500ml)
T001615,Thal Sugar (200ml)
T001616,Eggs
T001616,Olpers Milk (Pack of 6)
T001616,Surf Excel
T001617,Pepsi 1L
T001617,Lux Soap
T001617,Guard Rice (1kg)
T001617,Tapal Tea (250g)
T001617,Noodles
T001618,Guard Rice (1kg)
T001618,Eggs
T001619,Noodles
T001619,Pepsi 1L
T001619,Olpers Milk (Pack of 6)
T001619,Eggs
T001619,Chicken
T001620,Eggs
T001620,Butter
T001621,Jam
T001621,Chicken
T001622,Guard Rice (1kg)
T001622,Lays Chips
T001622,National Ketchup (1kg)
T001623,Butter
T001623,Pepsi 1L
T001623,Lux Soap
T001623,Nestle Water
T001623,Biscuits
T001624,Eggs
T001624,Butter
T001625,Bread
T001625,Dalda Cooking Oil (500ml)
T001625,Pepsi 1L
T001625,Biscuits
T001625,National Ketchup (1kg)
T001625,Lays Chips
T001626,Pepsi 1L
T001626,Surf Excel
T001626,Lays Chips
T001627,Thal Sugar (200ml)
T001627,Chicken
T001627,National Ketchup (1kg)
T001628,Noodles
T001628,Chicken
T001628,Shan Biryani Masala
T001628,Lux Soap
T001629,National Ketchup (1kg)
T001629,Bread
T001629,Eggs
T001629,Shan Biryani Masala
T001629,Pepsi 1L
T001630,Shan Biryani Masala
T001630,Jam
T001630,Noodles
T001630,Guard Rice (1kg)
T001630,Lux Soap
T001631,Guard Rice (1kg)
T001631,Bread
T001632,Butter
T001632,Thal Sugar (200ml)
T001632,Lux Soap
T001632,Lays Chips
T001632,Frozen Paratha
T001632,Shan Biryani Masala
T001633,Thal Sugar (200ml)
T001633,Tapal Tea (250g)
T001634,Chicken
T001634,Guard Rice (1kg)
T001634,National Ketchup (1kg)
T001634,Surf Excel
T001634,Butter
T001634,Jam
T001635,Noodles
T001635,Frozen Paratha
T001636,Pepsi 1L
T001636,Surf Excel
T001637,Noodles
T001637,Tapal Tea (250g)
T001637,Surf Excel
T001637,Eggs
T001638,Tapal Tea (250g)
T001638,Eggs
T001638,Olpers Milk (Pack of 6)
T001638,Nestle Water
T001638,Dalda Cooking Oil (500ml)
T001638,Lays Chips
T001639,Butter
T001639,Olpers Milk (Pack of 6)
T001639,Surf Excel
T001640,Biscuits
T001640,National Ketchup (1kg)
T001640,Lays Chips
T001640,Guard Rice (1kg)
T001641,Noodles
T001641,Tapal Tea (250g)
T001641,Lux Soap
T001641,Thal Sugar (200ml)
T001641,Dalda Cooking Oil (500ml)
T001642,Jam
T001642,Shan Biryani Masala
T001642,Eggs
T001642,Lays Chips
T001642,Frozen Paratha
T001643,Thal Sugar (200ml)
T001643,Chicken
T001643,Tapal Tea (250g)
T001643,Frozen Paratha
T001643,Biscuits
T001643,Olpers Milk (Pack of 6)
T001644,Dalda Cooking Oil (500ml)
T001644,Jam
T001644,Thal Sugar (200ml)
T001644,Frozen Paratha
T001644,Lays Chips
T001645,National Ketchup (1kg)
T001645,Pepsi 1L
T001645,Eggs
T001645,Chicken
T001645,Butter
T001645,Noodles
T001646,Shan Biryani Masala
T001646,Chicken
T001646,Frozen Paratha
T001646,Dalda Cooking Oil (500ml)
T001646,Lux Soap
T001646,Pepsi 1L
T001647,Tapal Tea (250g)
T001647,Nestle Water
T001647,National Ketchup (1kg)
T001647,Shan Biryani Masala
T001648,Bread
T001648,Chicken
T001648,Guard Rice (1kg)
T001649,Bread
T001649,Chicken
T001649,Olpers Milk (Pack of 6)
T001649,Butter
T001649,Jam
T001650,Frozen Paratha
T001650,Lays Chips
T001650,Lux Soap
T001650,Olpers Milk (Pack of 6)
T001650,Eggs
T001650,Chicken
T001651,Pepsi 1L
T001651,Jam
T001651,Chicken
T001652,Frozen Paratha
T001652,Chicken
T001652,Lux Soap
T001652,Eggs
T001652,Tapal Tea (250g)
T001653,Lays Chips
T001653,Bread
T001653,Pepsi 1L
T001653,Shan Biryani Masala
T001654,Shan Biryani Masala
T001654,Pepsi 1L
T001654,Dalda Cooking Oil (500ml)
T001654,Chicken
T001655,Noodles
T001655,Thal Sugar (200ml)
T001655,Tapal Tea (250g)
T001655,Nestle Water
T001656,Frozen Paratha
T001656,Lux Soap
T001657,Olpers Milk (Pack of 6)
T001657,Tapal Tea (250g)
T001657,Guard Rice (1kg)
T001658,Olpers Milk (Pack of 6)
T001658,Thal Sugar (200ml)
T001658,Guard Rice (1kg)
T001658,National Ketchup (1kg)
T001659,Biscuits
T001659,Jam
T001659,Dalda Cooking Oil (500ml)
T001659,Shan Biryani Masala
T001659,Nestle Water
T001660,Lux Soap
T001660,Tapal Tea (250g)
T001660,Thal Sugar (200ml)
T001660,Nestle Water
T001660,Eggs
T001661,National Ketchup (1kg)
T001661,Tapal Tea (250g)
T001661,Eggs
T001661,Butter
T001661,Shan Biryani Masala
T001661,Pepsi 1L
T001662,Nestle Water
T001662,Frozen Paratha
T001662,Biscuits
T001663,Lays Chips
T001663,Dalda Cooking Oil (500ml)
T001663,Chicken
T001663,Tapal Tea (250g)
T001664,Jam
T001664,Noodles
T001664,Butter
T001664,Bread
T001665,Noodles
T001665,Pepsi 1L
T001665,Nestle Water
T001665,Lays Chips
T001665,Olpers Milk (Pack of 6)
T001666,Guard Rice (1kg)
T001666,Surf Excel
T001666,Olpers Milk (Pack of 6)
T001666,Noodles
T001666,Eggs
T001667,Noodles
T001667,Lays Chips
T001667,Tapal Tea (250g)
T001668,Lux Soap
T001668,Butter
T001668,Nestle Water
T001669,Surf Excel
T001669,Tapal Tea (250g)
T001669,Butter
T001670,Surf Excel
T001670,Eggs
T001671,Guard Rice (1kg)
T001671,Eggs
T001671,Nestle Water
T001671,Olpers Milk (Pack of 6)
T001672,Noodles
T001672,Lays Chips
T001672,Thal Sugar (200ml)
T001672,Butter
T001673,Pepsi 1L
T001673,Jam
T001674,Bread
T001674,Shan Biryani Masala
T001675,Chicken
T001675,Noodles
T001675,Frozen Paratha
T001675,Dalda Cooking Oil (500ml)
T001676,Butter
T001676,Lux Soap
T001676,Nestle Water
T001676,Lays Chips
T001676,Tapal Tea (250g)
T001676,Surf Excel
T001677,Biscuits
T001677,Lays Chips
T001677,Noodles
T001677,Chicken
T001678,Olpers Milk (Pack of 6)
T001678,Noodles
T001679,Lays Chips
T001679,Shan Biryani Masala
T001679,National Ketchup (1kg)
T001679,Pepsi 1L
T001680,Frozen Paratha
T001680,Dalda Cooking Oil (500ml)
T001681,Guard Rice (1kg)
T001681,Pepsi 1L
T001681,Shan Biryani Masala
T001682,Surf Excel
T001682,Lays Chips
T001683,Butter
T001683,Olpers Milk (Pack of 6)
T001683,Jam
T001683,Thal Sugar (200ml)
T001683,Nestle Water
T001684,Jam
T001684,Olpers Milk (Pack of 6)
T001684,National Ketchup (1kg)
T001685,Tapal Tea (250g)
T001685,Biscuits
T001686,Olpers Milk (Pack of 6)
T001686,National Ketchup (1kg)
T001686,Shan Biryani Masala
T001686,Lux Soap
T001686,Butter
T001686,Bread
T001687,Eggs
T001687,Chicken
T001687,Surf Excel
T001688,Chicken
T001688,Jam
T001688,Nestle Water
T001688,Pepsi 1L
T001688,Frozen Paratha
T001689,Olpers Milk (Pack of 6)
T001689,Nestle Water
T001689,Bread
T001689,Dalda Cooking Oil (500ml)
T001689,Guard Rice (1kg)
T001689,National Ketchup (1kg)
T001690,Guard Rice (1kg)
T001690,Lux Soap
T001690,National Ketchup (1kg)
T001690,Thal Sugar (200ml)
T001691,Tapal Tea (250g)
T001691,Lays Chips
T001692,Chicken
T001692,Eggs
T001692,Frozen Paratha
T001692,Lux Soap
T001692,Guard Rice (1kg)
T001692,Noodles
T001693,Nestle Water
T001693,Lays Chips
T001693,Guard Rice (1kg)
T001693,Biscuits
T001693,Lux Soap
T001694,Frozen Paratha
T001694,Jam
T001694,Bread
T001694,Butter
T001695,Chicken
T001695,Thal Sugar (200ml)
T001695,Dalda Cooking Oil (500ml)
T001695,Lux Soap
T001696,Jam
T001696,Eggs
T001697,Surf Excel
T001697,Frozen Paratha
T001697,Lux Soap
T001697,Biscuits
T001697,Butter
T001697,Noodles
T001698,Shan Biryani Masala
T001698,Lux Soap
T001698,Chicken
T001699,Chicken
T001699,Bread
T001699,Lays Chips
T001700,Bread
T001700,Surf Excel
T001700,Butter
T001700,National Ketchup (1kg)
T001701,Dalda Cooking Oil (500ml)
T001701,Shan Biryani Masala
T001702,Chicken
T001702,Eggs
T001702,Tapal Tea (250g)
T001702,Thal Sugar (200ml)
T001702,Biscuits
T001703,Guard Rice (1kg)
T001703,Lux Soap
T001703,Biscuits
T001704,Noodles
T001704,Biscuits
T001704,National Ketchup (1kg)
T001704,Bread
T001704,Butter
T001705,Pepsi 1L
T001705,Biscuits
T001705,Lays Chips
T001706,Jam
T001706,Dalda Cooking Oil (500ml)
T001707,Surf Excel
T001707,Shan Biryani Masala
T001707,Bread
T001707,Chicken
T001708,Lays Chips
T001708,Tapal Tea (250g)
T001709,Frozen Paratha
T001709,Surf Excel
T001709,Butter
T001709,Jam
T001709,Biscuits
T001710,Biscuits
T001710,Frozen Paratha
T001711,Shan Biryani Masala
T001711,Biscuits
T001711,Eggs
T001711,Thal Sugar (200ml)
T001712,Eggs
T001712,Biscuits
T001712,Tapal Tea (250g)
T001712,Noodles
T001713,Shan Biryani Masala
T001713,Dalda Cooking Oil (500ml)
T001714,Pepsi 1L
T001714,Chicken
T001714,Surf Excel
T001715,Butter
T001715,Bread
T001715,Noodles
T001715,Pepsi 1L
T001715,Biscuits
T001716,National Ketchup (1kg)
T001716,Bread
T001716,Dalda Cooking Oil (500ml)
T001717,Pepsi 1L
T001717,Chicken
T001717,Eggs
T001717,Olpers Milk (Pack of 6)
T001717,Noodles
T001718,Surf Excel
T001718,Dalda Cooking Oil (500ml)
T001719,Nestle Water
T001719,Olpers Milk (Pack of 6)
T001720,Tapal Tea (250g)
T001720,Frozen Paratha
T001721,Noodles
T001721,Bread
T001721,Eggs
T001721,Surf Excel
T001721,Guard Rice (1kg)
T001721,Jam
T001722,Chicken
T001722,Butter
T001723,National Ketchup (1kg)
T001723,Tapal Tea (250g)
T001724,Surf Excel
T001724,Guard Rice (1kg)
T001724,Bread
T001724,Tapal Tea (250g)
T001725,National Ketchup (1kg)
T001725,Eggs
T001725,Thal Sugar (200ml)
T001725,Shan Biryani Masala
T001725,Butter
T001725,Lays Chips
T001726,Biscuits
T001726,Pepsi 1L
T001726,Thal Sugar (200ml)
T001727,Noodles
T001727,Nestle Water
T001727,Biscuits
T001728,Thal Sugar (200ml)
T001728,Shan Biryani Masala
T001729,Eggs
T001729,Surf Excel
T001729,Lays Chips
T001729,Dalda Cooking Oil (500ml)
T001729,Shan Biryani Masala
T001729,Frozen Paratha
T001730,Lux Soap
T001730,Olpers Milk (Pack of 6)
T001730,Eggs
T001730,Thal Sugar (200ml)
T001730,Bread
T001730,Biscuits
T001731,Noodles
T001731,Lays Chips
T001731,Olpers Milk (Pack of 6)
T001732,Thal Sugar (200ml)
T001732,Frozen Paratha
T001733,Butter
T001733,Surf Excel
T001733,Tapal Tea (250g)
T001733,Shan Biryani Masala
T001734,Lays Chips
T001734,Frozen Paratha
T001734,Biscuits
T001734,Chicken
T001735,Biscuits
T001735,Olpers Milk (Pack of 6)
T001736,Frozen Paratha
T001736,Eggs
T001736,Lays Chips
T001736,Lux Soap
T001736,Dalda Cooking Oil (500ml)
T001737,Tapal Tea (250g)
T001737,Lux Soap
T001737,Eggs
T001737,Olpers Milk (Pack of 6)
T001737,Surf Excel
T001737,Frozen Paratha
T001738,Olpers Milk (Pack of 6)
T001738,Tapal Tea (250g)
T001738,Dalda Cooking Oil (500ml)
T001738,Surf Excel
T001738,National Ketchup (1kg)
T001738,Thal Sugar (200ml)
T001739,Lays Chips
T001739,Butter
T001739,Pepsi 1L
T001740,Shan Biryani Masala
T001740,Lays Chips
T001740,Bread
T001740,Frozen Paratha
T001740,Dalda Cooking Oil (500ml)
T001741,Thal Sugar (200ml)
T001741,Noodles
T001742,Guard Rice (1kg)
T001742,Frozen Paratha
T001742,Biscuits
T001743,Frozen Paratha
T001743,Chicken
T001743,Thal Sugar (200ml)
T001743,Surf Excel
T001743,Olpers Milk (Pack of 6)
T001743,Lays Chips
T001744,Chicken
T001744,Lays Chips
T001744,Thal Sugar (200ml)
T001744,Guard Rice (1kg)
T001744,Jam
T001744,Pepsi 1L
T001745,Tapal Tea (250g)
T001745,Biscuits
T001745,Pepsi 1L
T001745,Surf Excel
T001745,Lays Chips
T001745,National Ketchup (1kg)
T001746,Surf Excel
T001746,Pepsi 1L
T001746,Biscuits
T001746,Guard Rice (1kg)
T001747,Chicken
T001747,Bread
T001747,Lux Soap
T001748,Bread
T001748,Biscuits
T001748,Jam
T001748,Tapal Tea (250g)
T001748,Thal Sugar (200ml)
T001749,Lays Chips
T001749,Chicken
T001750,Tapal Tea (250g)
T001750,Eggs
T001750,Butter
T001750,Bread
T001750,Thal Sugar (200ml)
T001750,Dalda Cooking Oil (500ml)
T001751,Noodles
T001751,Shan Biryani Masala
T001751,Tapal Tea (250g)
T001751,Lays Chips
T001752,Chicken
T001752,Lux Soap
T001752,Nestle Water
T001752,Pepsi 1L
T001753,Bread
T001753,Olpers Milk (Pack of 6)
T001753,Pepsi 1L
T001753,Frozen Paratha
T001753,National Ketchup (1kg)
T001753,Chicken
T001754,Frozen Paratha
T001754,Nestle Water
T001755,Eggs
T001755,Nestle Water
T001755,Lux Soap
T001755,Jam
T001755,Lays Chips
T001756,Tapal Tea (250g)
T001756,Butter
T001756,Guard Rice (1kg)
T001756,Chicken
T001756,Jam
T001756,Lux Soap
T001757,Eggs
T001757,Thal Sugar (200ml)
T001757,Lux Soap
T001757,Chicken
T001758,Eggs
T001758,Chicken
T001758,Jam
T001759,Chicken
T001759,Pepsi 1L
T001759,Guard Rice (1kg)
T001759,Dalda Cooking Oil (500ml)
T001759,Thal Sugar (200ml)
T001760,Thal Sugar (200ml)
T001760,Lays Chips
T001760,Noodles
T001760,Shan Biryani Masala
T001761,Tapal Tea (250g)
T001761,Noodles
T001761,Surf Excel
T001761,Bread
T001761,Pepsi 1L
T001761,Butter
T001762,Frozen Paratha
T001762,Eggs
T001762,Biscuits
T001762,Nestle Water
T001763,Lays Chips
T001763,Guard Rice (1kg)
T001764,Thal Sugar (200ml)
T001764,Jam
T001764,Eggs
T001764,Shan Biryani Masala
T001765,Lays Chips
T001765,Tapal Tea (250g)
T001765,Chicken
T001765,Pepsi 1L
T001765,Surf Excel
T001766,Nestle Water
T001766,Lays Chips
T001767,Lays Chips
T001767,Pepsi 1L
T001767,Butter
T001768,Butter
T001768,National Ketchup (1kg)
T001768,Noodles
T001769,Jam
T001769,National Ketchup (1kg)
T001769,Pepsi 1L
T001769,Nestle Water
T001769,Lays Chips
T001769,Noodles
T001770,Lays Chips
T001770,Pepsi 1L
T001770,Nestle Water
T001770,Thal Sugar (200ml)
T001771,Biscuits
T001771,Noodles
T001771,Lux Soap
T001772,Chicken
T001772,Pepsi 1L
T001772,Lux Soap
T001772,Surf Excel
T001772,Olpers Milk (Pack of 6)
T001773,Nestle Water
T001773,Biscuits
T001773,Guard Rice (1kg)
T001773,Jam
T001773,Pepsi 1L
T001774,Bread
T001774,Lux Soap
T001774,National Ketchup (1kg)
T001774,Chicken
T001774,Tapal Tea (250g)
T001774,Jam
T001775,Nestle Water
T001775,Surf Excel
T001775,Olpers Milk (Pack of 6)
T001775,Tapal Tea (250g)
T001776,Tapal Tea (250g)
T001776,Lux Soap
T001776,Chicken
T001776,Pepsi 1L
T001777,Shan Biryani Masala
T001777,Lux Soap
T001777,Lays Chips
T001777,Eggs
T001777,Nestle Water
T001778,Noodles
T001778,Biscuits
T001778,Lux Soap
T001779,National Ketchup (1kg)
T001779,Lux Soap
T001779,Guard Rice (1kg)
T001779,Frozen Paratha
T001779,Biscuits
T001779,Chicken
T001780,Bread
T001780,Butter
T001781,Bread
T001781,Guard Rice (1kg)
T001781,Frozen Paratha
T001782,Tapal Tea (250g)
T001782,National Ketchup (1kg)
T001782,Shan Biryani Masala
T001782,Butter
T001782,Nestle Water
T001783,Frozen Paratha
T001783,Lays Chips
T001783,Olpers Milk (Pack of 6)
T001783,Biscuits
T001783,Nestle Water
T001783,Tapal Tea (250g)
T001784,Bread
T001784,Biscuits
T001784,Pepsi 1L
T001784,Guard Rice (1kg)
T001785,Jam
T001785,Butter
T001786,Frozen Paratha
T001786,National Ketchup (1kg)
T001786,Thal Sugar (200ml)
T001786,Pepsi 1L
T001786,Surf Excel
T001786,Noodles
T001787,Olpers Milk (Pack of 6)
T001787,Eggs
T001787,Lays Chips
T001788,Shan Biryani Masala
T001788,Dalda Cooking Oil (500ml)
T001788,Noodles
T001789,Frozen Paratha
T001789,National Ketchup (1kg)
T001789,Guard Rice (1kg)
T001789,Nestle Water
T001790,Noodles
T001790,Pepsi 1L
T001790,Lays Chips
T001790,Biscuits
T001790,Shan Biryani Masala
T001790,Chicken
T001791,Nestle Water
T001791,Tapal Tea (250g)
T001792,Guard Rice (1kg)
T001792,Surf Excel
T001792,Butter
T001792,Lays Chips
T001792,Thal Sugar (200ml)
T001792,Nestle Water
T001793,Tapal Tea (250g)
T001793,Lays Chips
T001793,Noodles
T001793,National Ketchup (1kg)
T001793,Dalda Cooking Oil (500ml)
T001794,Frozen Paratha
T001794,Dalda Cooking Oil (500ml)
T001794,Biscuits
T001795,Chicken
T001795,Frozen Paratha
T001796,Pepsi 1L
T001796,Guard Rice (1kg)
T001796,Dalda Cooking Oil (500ml)
T001797,Lux Soap
T001797,Pepsi 1L
T001797,Lays Chips
T001798,Lux Soap
T001798,Chicken
T001798,Olpers Milk (Pack of 6)
T001798,Bread
T001798,Eggs
T001798,Lays Chips
T001799,Nestle Water
T001799,Lays Chips
T001800,Frozen Paratha
T001800,Biscuits
T001800,Bread
T001800,Lux Soap
T001800,Thal Sugar (200ml)
T001801,Pepsi 1L
T001801,Butter
T001802,Olpers Milk (Pack of 6)
T001802,Lux Soap
T001802,Tapal Tea (250g)
T001802,Lays Chips
T001802,Nestle Water
T001803,Biscuits
T001803,Guard Rice (1kg)
T001803,Lux Soap
T001804,Bread
T001804,Olpers Milk (Pack of 6)
T001804,Butter
T001805,Bread
T001805,Guard Rice (1kg)
T001805,Jam
T001805,Thal Sugar (200ml)
T001805,Biscuits
T001806,Eggs
T001806,Guard Rice (1kg)
T001806,Tapal Tea (250g)
T001806,Surf Excel
T001807,Nestle Water
T001807,Dalda Cooking Oil (500ml)
T001807,Olpers Milk (Pack of 6)
T001807,Bread
T001808,Butter
T001808,Bread
T001808,Biscuits
T001809,Olpers Milk (Pack of 6)
T001809,Thal Sugar (200ml)
T001809,Jam
T001809,Lays Chips
T001810,Guard Rice (1kg)
T001810,Dalda Cooking Oil (500ml)
T001810,Bread
T001810,Frozen Paratha
T001811,Dalda Cooking Oil (500ml)
T001811,Biscuits
T001812,Butter
T001812,Shan Biryani Masala
T001812,Bread
T001812,Nestle Water
T001812,Eggs
T001812,Biscuits
T001813,Frozen Paratha
T001813,Thal Sugar (200ml)
T001813,Lays Chips
T001813,National Ketchup (1kg)
T001813,Tapal Tea (250g)
T001813,Lux Soap
T001814,Chicken
T001814,Butter
T001814,Shan Biryani Masala
T001815,Eggs
T001815,Bread
T001815,Dalda Cooking Oil (500ml)
T001816,Surf Excel
T001816,Pepsi 1L
T001816,Eggs
T001816,National Ketchup (1kg)
T001816,Biscuits
T001817,Chicken
T001817,Butter
T001818,Pepsi 1L
T001818,Noodles
T001818,Thal Sugar (200ml)
T001819,Chicken
T001819,Noodles
T001820,Shan Biryani Masala
T001820,Tapal Tea (250g)
T001820,Biscuits
T001820,Noodles
T001820,Dalda Cooking Oil (500ml)
T001821,Frozen Paratha
T001821,Butter
T001822,Lux Soap
T001822,Jam
T001823,Butter
T001823,Frozen Paratha
T001823,Tapal Tea (250g)
T001824,Lays Chips
T001824,Surf Excel
T001824,Pepsi 1L
T001825,Thal Sugar (200ml)
T001825,Olpers Milk (Pack of 6)
T001825,Frozen Paratha
T001825,Chicken
T001825,Nestle Water
T001825,Butter
T001826,National Ketchup (1kg)
T001826,Pepsi 1L
T001826,Tapal Tea (250g)
T001826,Surf Excel
T001827,Dalda Cooking Oil (500ml)
T001827,Noodles
T001827,Guard Rice (1kg)
T001827,Chicken
T001827,Lays Chips
T001827,Jam
T001828,Surf Excel
T001828,Olpers Milk (Pack of 6)
T001828,Shan Biryani Masala
T001829,Lays Chips
T001829,Butter
T001829,National Ketchup (1kg)
T001829,Bread
T001830,National Ketchup (1kg)
T001830,Olpers Milk (Pack of 6)
T001831,Lays Chips
T001831,Nestle Water
T001831,Butter
T001831,Bread
T001831,Dalda Cooking Oil (500ml)
T001832,Surf Excel
T001832,Frozen Paratha
T001833,Noodles
T001833,Jam
T001833,Nestle Water
T001834,Surf Excel
T001834,Olpers Milk (Pack of 6)
T001834,Tapal Tea (250g)
T001834,National Ketchup (1kg)
T001834,Nestle Water
T001834,Butter
T001835,Lays Chips
T001835,Guard Rice (1kg)
T001835,Shan Biryani Masala
T001835,Noodles
T001835,Surf Excel
T001836,Tapal Tea (250g)
T001836,Biscuits
T001836,Olpers Milk (Pack of 6)
T001837,Shan Biryani Masala
T001837,Nestle Water
T001837,Chicken
T001837,Olpers Milk (Pack of 6)
T001837,Eggs
T001837,Pepsi 1L
T001838,Bread
T001838,Jam
T001838,Guard Rice (1kg)
T001838,Butter
T001838,Shan Biryani Masala
T001839,Guard Rice (1kg)
T001839,Eggs
T001839,Bread
T001839,Chicken
T001840,Tapal Tea (250g)
T001840,Biscuits
T001840,Butter
T001841,Shan Biryani Masala
T001841,Biscuits
T001841,Lays Chips
T001842,Pepsi 1L
T001842,Biscuits
T001842,Jam
T001842,Lux Soap
T001843,Pepsi 1L
T001843,Lux Soap
T001843,Surf Excel
T001843,Nestle Water
T001844,Surf Excel
T001844,National Ketchup (1kg)
T001844,Shan Biryani Masala
T001845,Jam
T001845,Dalda Cooking Oil (500ml)
T001845,Thal Sugar (200ml)
T001845,Nestle Water
T001845,Noodles
T001846,Thal Sugar (200ml)
T001846,Noodles
T001846,Surf Excel
T001846,Lays Chips
T001847,Frozen Paratha
T001847,Nestle Water
T001847,Shan Biryani Masala
T001847,Bread
T001848,Chicken
T001848,Olpers Milk (Pack of 6)
T001848,Butter
T001848,Thal Sugar (200ml)
T001849,Thal Sugar (200ml)
T001849,Eggs
T001849,Noodles
T001849,Bread
T001849,Lux Soap
T001849,Chicken
T001850,Guard Rice (1kg)
T001850,Chicken
T001851,Nestle Water
T001851,Biscuits
T001851,Lux Soap
T001852,Noodles
T001852,Lays Chips
T001852,Nestle Water
T001852,Chicken
T001852,Frozen Paratha
T001852,Bread
T001853,Nestle Water
T001853,Biscuits
T001854,Bread
T001854,Chicken
T001854,Lux Soap
T001854,Lays Chips
T001854,Pepsi 1L
T001854,Thal Sugar (200ml)
T001855,Thal Sugar (200ml)
T001855,Jam
T001855,Surf Excel
T001855,Eggs
T001856,National Ketchup (1kg)
T001856,Nestle Water
T001856,Eggs
T001857,National Ketchup (1kg)
T001857,Bread
T001858,Biscuits
T001858,Pepsi 1L
T001858,Guard Rice (1kg)
T001858,Olpers Milk (Pack of 6)
T001858,Chicken
T001859,Eggs
T001859,Olpers Milk (Pack of 6)
T001859,Lux Soap
T001859,Shan Biryani Masala
T001859,Frozen Paratha
T001859,Pepsi 1L
T001860,Lux Soap
T001860,Nestle Water
T001860,Bread
T001861,Shan Biryani Masala
T001861,Frozen Paratha
T001861,Noodles
T001861,Bread
T001861,Dalda Cooking Oil (500ml)
T001861,Eggs
T001862,Noodles
T001862,Olpers Milk (Pack of 6)
T001862,Tapal Tea (250g)
T001862,Nestle Water
T001862,Bread
T001862,Frozen Paratha
T001863,Pepsi 1L
T001863,Shan Biryani Masala
T001863,Frozen Paratha
T001863,National Ketchup (1kg)
T001864,Butter
T001864,Frozen Paratha
T001864,Dalda Cooking Oil (500ml)
T001864,Biscuits
T001864,Eggs
T001865,Tapal Tea (250g)
T001865,Shan Biryani Masala
T001865,Frozen Paratha
T001865,National Ketchup (1kg)
T001865,Nestle Water
T001865,Noodles
T001866,Dalda Cooking Oil (500ml)
T001866,Surf Excel
T001866,Nestle Water
T001867,Biscuits
T001867,Nestle Water
T001867,Butter
T001867,Jam
T001867,Surf Excel
T001868,National Ketchup (1kg)
T001868,Lays Chips
T001868,Guard Rice (1kg)
T001869,Butter
T001869,Noodles
T001869,Guard Rice (1kg)
T001869,Eggs
T001870,Bread
T001870,Surf Excel
T001870,Jam
T001870,Noodles
T001870,Dalda Cooking Oil (500ml)
T001870,Pepsi 1L
T001871,Noodles
T001871,Biscuits
T001872,Nestle Water
T001872,Surf Excel
T001872,Lux Soap
T001872,Thal Sugar (200ml)
T001873,Guard Rice (1kg)
T001873,Nestle Water
T001874,Frozen Paratha
T001874,Nestle Water
T001874,Chicken
T001875,Bread
T001875,Olpers Milk (Pack of 6)
T001875,Eggs
T001875,National Ketchup (1kg)
T001875,Butter
T001876,Lux Soap
T001876,National Ketchup (1kg)
T001877,Noodles
T001877,Frozen Paratha
T001877,National Ketchup (1kg)
T001878,Nestle Water
T001878,Lux Soap
T001878,Chicken
T001878,Thal Sugar (200ml)
T001878,Noodles
T001879,Jam
T001879,Shan Biryani Masala
T001880,Lays Chips
T001880,Butter
T001880,Bread
T001880,Frozen Paratha
T001881,Nestle Water
T001881,Surf Excel
T001881,Shan Biryani Masala
T001881,Frozen Paratha
T001881,Tapal Tea (250g)
T001881,Guard Rice (1kg)
T001882,Chicken
T001882,Dalda Cooking Oil (500ml)
T001882,Jam
T001882,National Ketchup (1kg)
T001883,National Ketchup (1kg)
T001883,Jam
T001883,Pepsi 1L
T001884,Pepsi 1L
T001884,Olpers Milk (Pack of 6)
T001884,Noodles
T001884,National Ketchup (1kg)
T001884,Thal Sugar (200ml)
T001885,Surf Excel
T001885,National Ketchup (1kg)
T001885,Chicken
T001885,Bread
T001885,Lux Soap
T001886,Dalda Cooking Oil (500ml)
T001886,Bread
T001887,Guard Rice (1kg)
T001887,Noodles
T001887,Nestle Water
T001887,Surf Excel
T001887,Lays Chips
T001888,Nestle Water
T001888,Butter
T001888,Frozen Paratha
T001888,Lux Soap
T001888,Olpers Milk (Pack of 6)
T001889,Nestle Water
T001889,Butter
T001889,Lays Chips
T001889,Noodles
T001889,Lux Soap
T001889,Shan Biryani Masala
T001890,Biscuits
T001890,Olpers Milk (Pack of 6)
T001890,Guard Rice (1kg)
T001891,National Ketchup (1kg)
T001891,Shan Biryani Masala
T001891,Tapal Tea (250g)
T001891,Lays Chips
T001892,Shan Biryani Masala
T001892,Frozen Paratha
T001892,Lays Chips
T001892,Thal Sugar (200ml)
T001892,Guard Rice (1kg)
T001892,Surf Excel
T001893,National Ketchup (1kg)
T001893,Biscuits
T001894,Guard Rice (1kg)
T001894,Nestle Water
T001894,Surf Excel
T001894,Tapal Tea (250g)
T001894,Thal Sugar (200ml)
T001894,Lux Soap
T001895,Tapal Tea (250g)
T001895,Nestle Water
T001895,Frozen Paratha
T001895,Jam
T001895,Pepsi 1L
T001895,Bread
T001896,Dalda Cooking Oil (500ml)
T001896,National Ketchup (1kg)
T001896,Olpers Milk (Pack of 6)
T001896,Lux Soap
T001896,Biscuits
T001897,Noodles
T001897,Olpers Milk (Pack of 6)
T001897,Lays Chips
T001897,Chicken
T001897,Shan Biryani Masala
T001897,Frozen Paratha
T001898,Chicken
T001898,Eggs
T001898,Olpers Milk (Pack of 6)
T001898,Lux Soap
T001899,Jam
T001899,Shan Biryani Masala
T001899,Noodles
T001899,Lays Chips
T001900,Surf Excel
T001900,Pepsi 1L
T001900,Nestle Water
T001901,Surf Excel
T001901,Thal Sugar (200ml)
T001901,Frozen Paratha
T001902,Bread
T001902,Dalda Cooking Oil (500ml)
T001902,Jam
T001903,Jam
T001903,Bread
T001903,Thal Sugar (200ml)
T001903,Lux Soap
T001903,Butter
T001904,Frozen Paratha
T001904,Jam
T001904,Guard Rice (1kg)
T001904,Tapal Tea (250g)
T001905,Eggs
T001905,Lux Soap
T001906,Biscuits
T001906,Dalda Cooking Oil (500ml)
T001906,Shan Biryani Masala
T001906,Pepsi 1L
T001906,National Ketchup (1kg)
T001906,Lays Chips
T001907,Lays Chips
T001907,Pepsi 1L
T001907,Nestle Water
T001907,Dalda Cooking Oil (500ml)
T001907,Surf Excel
T001908,Surf Excel
T001908,Nestle Water
T001909,Jam
T001909,Shan Biryani Masala
T001909,Olpers Milk (Pack of 6)
T001910,Biscuits
T001910,Nestle Water
T001910,Jam
T001910,Bread
T001910,Guard Rice (1kg)
T001910,Tapal Tea (250g)
T001911,Thal Sugar (200ml)
T001911,Bread
T001911,Frozen Paratha
T001911,Lux Soap
T001911,Tapal Tea (250g)
T001911,Pepsi 1L
T001912,Butter
T001912,Thal Sugar (200ml)
T001912,Frozen Paratha
T001912,Chicken
T001913,Chicken
T001913,Dalda Cooking Oil (500ml)
T001914,Pepsi 1L
T001914,Tapal Tea (250g)
T001914,Biscuits
T001915,Eggs
T001915,Chicken
T001915,Bread
T001916,Shan Biryani Masala
T001916,Surf Excel
T001916,Tapal Tea (250g)
T001917,Noodles
T001917,Thal Sugar (200ml)
T001917,Shan Biryani Masala
T001917,Frozen Paratha
T001917,Olpers Milk (Pack of 6)
T001917,Pepsi 1L
T001918,Bread
T001918,Frozen Paratha
T001918,Jam
T001918,Lux Soap
T001918,Noodles
T001919,National Ketchup (1kg)
T001919,Lays Chips
T001919,Butter
T001919,Pepsi 1L
T001919,Shan Biryani Masala
T001920,Chicken
T001920,Pepsi 1L
T001920,National Ketchup (1kg)
T001920,Shan Biryani Masala
T001920,Tapal Tea (250g)
T001921,Jam
T001921,National Ketchup (1kg)
T001921,Surf Excel
T001921,Biscuits
T001921,Bread
T001922,Dalda Cooking Oil (500ml)
T001922,Tapal Tea (250g)
T001922,Lays Chips
T001922,National Ketchup (1kg)
T001922,Noodles
T001922,Butter
T001923,Butter
T001923,Frozen Paratha
T001924,Bread
T001924,Thal Sugar (200ml)
T001924,Shan Biryani Masala
T001924,Eggs
T001924,National Ketchup (1kg)
T001925,Frozen Paratha
T001925,Chicken
T001925,Butter
T001925,Jam
T001925,Eggs
T001925,Nestle Water
T001926,Olpers Milk (Pack of 6)
T001926,Shan Biryani Masala
T001927,Shan Biryani Masala
T001927,Tapal Tea (250g)
T001927,Lux Soap
T001927,Biscuits
T001927,Eggs
T001928,Biscuits
T001928,Olpers Milk (Pack of 6)
T001928,Noodles
T001928,Jam
T001928,Shan Biryani Masala
T001928,Thal Sugar (200ml)
T001929,Lays Chips
T001929,Dalda Cooking Oil (500ml)
T001929,Surf Excel
T001929,Olpers Milk (Pack of 6)
T001930,Lux Soap
T001930,National Ketchup (1kg)
T001930,Olpers Milk (Pack of 6)
T001930,Lays Chips
T001931,Tapal Tea (250g)
T001931,Shan Biryani Masala
T001931,Butter
T001931,Biscuits
T001931,Noodles
T001932,Jam
T001932,Pepsi 1L
T001932,Frozen Paratha
T001932,Eggs
T001933,Dalda Cooking Oil (500ml)
T001933,Bread
T001933,Eggs
T001933,Noodles
T001933,Shan Biryani Masala
T001934,Tapal Tea (250g)
T001934,Jam
T001935,Pepsi 1L
T001935,Jam
T001935,Nestle Water
T001935,Olpers Milk (Pack of 6)
T001936,Guard Rice (1kg)
T001936,Noodles
T001936,Nestle Water
T001937,Olpers Milk (Pack of 6)
T001937,Lux Soap
T001938,Tapal Tea (250g)
T001938,Nestle Water
T001938,Olpers Milk (Pack of 6)
T001938,Guard Rice (1kg)
T001939,Thal Sugar (200ml)
T001939,Shan Biryani Masala
T001940,Thal Sugar (200ml)
T001940,Bread
T001940,Frozen Paratha
T001940,Tapal Tea (250g)
T001940,Dalda Cooking Oil (500ml)
T001941,Lays Chips
T001941,Thal Sugar (200ml)
T001941,Bread
T001942,Lays Chips
T001942,Lux Soap
T001942,Shan Biryani Masala
T001942,Frozen Paratha
T001943,Shan Biryani Masala
T001943,Dalda Cooking Oil (500ml)
T001943,Biscuits
T001943,Lays Chips
T001943,Nestle Water
T001944,Noodles
T001944,Bread
T001944,Biscuits
T001944,National Ketchup (1kg)
T001945,Biscuits
T001945,National Ketchup (1kg)
T001945,Lux Soap
T001946,National Ketchup (1kg)
T001946,Tapal Tea (250g)
T001946,Thal Sugar (200ml)
T001947,Frozen Paratha
T001947,Dalda Cooking Oil (500ml)
T001947,Jam
T001947,Nestle Water
T001947,Chicken
T001948,Nestle Water
T001948,Bread
T001948,Butter
T001948,Lux Soap
T001948,Dalda Cooking Oil (500ml)
T001948,Tapal Tea (250g)
T001949,Pepsi 1L
T001949,National Ketchup (1kg)
T001949,Thal Sugar (200ml)
T001949,Lays Chips
T001949,Noodles
T001949,Biscuits
T001950,Nestle Water
T001950,Dalda Cooking Oil (500ml)
T001950,Thal Sugar (200ml)
T001950,Jam
T001950,Lays Chips
T001951,Surf Excel
T001951,Jam
T001951,Eggs
T001952,Shan Biryani Masala
T001952,National Ketchup (1kg)
T001952,Pepsi 1L
T001952,Bread
T001953,Eggs
T001953,Shan Biryani Masala
T001954,Nestle Water
T001954,Frozen Paratha
T001955,Butter
T001955,Frozen Paratha
T001955,National Ketchup (1kg)
T001955,Tapal Tea (250g)
T001956,Tapal Tea (250g)
T001956,Butter
T001956,Thal Sugar (200ml)
T001956,Surf Excel
T001957,Thal Sugar (200ml)
T001957,Bread
T001958,National Ketchup (1kg)
T001958,Nestle Water
T001958,Thal Sugar (200ml)
T001958,Surf Excel
T001959,Pepsi 1L
T001959,Shan Biryani Masala
T001960,Pepsi 1L
T001960,Olpers Milk (Pack of 6)
T001960,Shan Biryani Masala
T001960,Noodles
T001960,Butter
T001961,Lux Soap
T001961,Frozen Paratha
T001961,Jam
T001961,Shan Biryani Masala
T001961,Bread
T001962,Jam
T001962,Nestle Water
T001963,Biscuits
T001963,Shan Biryani Masala
T001963,Surf Excel
T001964,National Ketchup (1kg)
T001964,Frozen Paratha
T001964,Surf Excel
T001964,Tapal Tea (250g)
T001964,Pepsi 1L
T001964,Nestle Water
T001965,Lays Chips
T001965,Eggs
T001965,Shan Biryani Masala
T001965,Tapal Tea (250g)
T001965,Dalda Cooking Oil (500ml)
T001966,Chicken
T001966,Lux Soap
T001966,Eggs
T001967,Tapal Tea (250g)
T001967,Nestle Water
T001967,Dalda Cooking Oil (500ml)
T001968,Jam
T001968,Chicken
T001968,Dalda Cooking Oil (500ml)
T001968,Lays Chips
T001969,Biscuits
T001969,Nestle Water
T001969,Chicken
T001969,Shan Biryani Masala
T001969,Butter
T001969,Olpers Milk (Pack of 6)
T001970,National Ketchup (1kg)
T001970,Pepsi 1L
T001971,Lays Chips
T001971,Thal Sugar (200ml)
T001971,Tapal Tea (250g)
T001971,Pepsi 1L
T001971,National Ketchup (1kg)
T001972,Bread
T001972,Shan Biryani Masala
T001972,Nestle Water
T001972,Jam
T001972,Chicken
T001972,Noodles
T001973,Olpers Milk (Pack of 6)
T001973,Pepsi 1L
T001973,Lays Chips
T001974,Surf Excel
T001974,Jam
T001975,Butter
T001975,Lux Soap
T001975,Noodles
T001975,Thal Sugar (200ml)
T001976,Thal Sugar (200ml)
T001976,Butter
T001976,Frozen Paratha
T001976,Biscuits
T001976,Eggs
T001976,Jam
T001977,Nestle Water
T001977,Dalda Cooking Oil (500ml)
T001977,Noodles
T001977,Chicken
T001977,Jam
T001977,Olpers Milk (Pack of 6)
T001978,Thal Sugar (200ml)
T001978,Jam
T001978,Guard Rice (1kg)
T001978,Tapal Tea (250g)
T001979,Shan Biryani Masala
T001979,Thal Sugar (200ml)
T001980,Guard Rice (1kg)
T001980,Thal Sugar (200ml)
T001980,Surf Excel
T001981,Tapal Tea (250g)
T001981,Noodles
T001981,Eggs
T001981,Frozen Paratha
T001981,Biscuits
T001982,Bread
T001982,National Ketchup (1kg)
T001982,Eggs
T001982,Frozen Paratha
T001982,Biscuits
T001983,Nestle Water
T001983,Bread
T001984,Lux Soap
T001984,National Ketchup (1kg)
T001984,Biscuits
T001985,Jam
T001985,Pepsi 1L
T001985,Eggs
T001985,Shan Biryani Masala
T001985,Guard Rice (1kg)
T001986,Tapal Tea (250g)
T001986,Guard Rice (1kg)
T001986,Nestle Water
T001986,Shan Biryani Masala
T001986,Olpers Milk (Pack of 6)
T001987,Lux Soap
T001987,National Ketchup (1kg)
T001988,National Ketchup (1kg)
T001988,Olpers Milk (Pack of 6)
T001988,Shan Biryani Masala
T001988,Guard Rice (1kg)
T001988,Butter
T001989,Tapal Tea (250g)
T001989,Frozen Paratha
T001990,Shan Biryani Masala
T001990,Thal Sugar (200ml)
T001990,Butter
T001991,Frozen Paratha
T001991,Bread
T001991,Lays Chips
T001991,Shan Biryani Masala
T001992,Frozen Paratha
T001992,Surf Excel
T001993,Eggs
T001993,Lays Chips
T001993,Surf Excel
T001994,Guard Rice (1kg)
T001994,Pepsi 1L
T001995,Olpers Milk (Pack of 6)
T001995,Thal Sugar (200ml)
T001995,National Ketchup (1kg)
T001995,Noodles
T001995,Biscuits
T001995,Nestle Water
T001996,Surf Excel
T001996,Noodles
T001996,Nestle Water
T001996,Chicken
T001996,Lays Chips
T001996,National Ketchup (1kg)
T001997,Thal Sugar (200ml)
T001997,Bread
T001997,Lays Chips
T001997,Dalda Cooking Oil (500ml)
T001998,Tapal Tea (250g)
T001998,Shan Biryani Masala
T001998,Olpers Milk (Pack of 6)
T001998,Eggs
T001999,Jam
T001999,Dalda Cooking Oil (500ml)
T001999,Tapal Tea (250g)
T001999,National Ketchup (1kg)
T001999,Pepsi 1L
T002000,Nestle Water
T002000,Shan Biryani Masala
T002000,Pepsi 1L
T002001,Thal Sugar (200ml)
T002001,Shan Biryani Masala
T002002,Surf Excel
T002002,Nestle Water
T002002,Dalda Cooking Oil (500ml)
T002002,Chicken
T002002,Olpers Milk (Pack of 6)
T002002,Frozen Paratha
T002003,Guard Rice (1kg)
T002003,Surf Excel
T002003,Thal Sugar (200ml)
T002003,Pepsi 1L
T002003,Bread
T002003,Nestle Water
T002004,Chicken
T002004,Frozen Paratha
T002004,Pepsi 1L
T002004,National Ketchup (1kg)
T002004,Tapal Tea (250g)
T002005,Tapal Tea (250g)
T002005,Jam
T002005,Chicken
T002005,Biscuits
T002006,Shan Biryani Masala
T002006,Guard Rice (1kg)
T002007,Guard Rice (1kg)
T002007,Lux Soap
T002007,Nestle Water
T002008,Chicken
T002008,Surf Excel
T002008,Olpers Milk (Pack of 6)
T002008,Bread
T002009,Pepsi 1L
T002009,Lays Chips
T002010,Guard Rice (1kg)
T002010,Surf Excel
T002011,Guard Rice (1kg)
T002011,Butter
T002011,Olpers Milk (Pack of 6)
T002012,Dalda Cooking Oil (500ml)
T002012,Nestle Water
T002012,Bread
T002012,Olpers Milk (Pack of 6)
T002012,Noodles
T002013,Olpers Milk (Pack of 6)
T002013,Guard Rice (1kg)
T002014,Shan Biryani Masala
T002014,Noodles
T002014,Lux Soap
T002014,Dalda Cooking Oil (500ml)
T002015,National Ketchup (1kg)
T002015,Frozen Paratha
T002015,Olpers Milk (Pack of 6)
T002015,Jam
T002016,National Ketchup (1kg)
T002016,Lays Chips
T002016,Chicken
T002016,Frozen Paratha
T002016,Dalda Cooking Oil (500ml)
T002016,Surf Excel
T002017,Noodles
T002017,Bread
T002018,Butter
T002018,Olpers Milk (Pack of 6)
T002018,Nestle Water
T002018,Eggs
T002018,Jam
T002018,Surf Excel
T002019,Dalda Cooking Oil (500ml)
T002019,Olpers Milk (Pack of 6)
T002019,Bread
T002019,Thal Sugar (200ml)
T002020,Lays Chips
T002020,Bread
T002020,Biscuits
T002020,Pepsi 1L
T002021,National Ketchup (1kg)
T002021,Guard Rice (1kg)
T002022,Nestle Water
T002022,Lays Chips
T002023,Lays Chips
T002023,Olpers Milk (Pack of 6)
T002023,National Ketchup (1kg)
T002023,Bread
T002023,Lux Soap
T002024,Chicken
T002024,Noodles
T002024,Lays Chips
T002024,Pepsi 1L
T002024,Dalda Cooking Oil (500ml)
T002025,Noodles
T002025,Eggs
T002025,Guard Rice (1kg)
T002025,Biscuits
T002025,Shan Biryani Masala
T002025,Jam
T002026,Frozen Paratha
T002026,Eggs
T002026,Noodles
T002026,Thal Sugar (200ml)
T002026,National Ketchup (1kg)
T002026,Lays Chips
T002027,Lux Soap
T002027,Butter
T002027,Surf Excel
T002027,Eggs
T002027,Chicken
T002028,Biscuits
T002028,Jam
T002028,Dalda Cooking Oil (500ml)
T002028,Pepsi 1L
T002028,Olpers Milk (Pack of 6)
T002028,Surf Excel
T002029,Surf Excel
T002029,Lux Soap
T002029,National Ketchup (1kg)
T002030,Noodles
T002030,Guard Rice (1kg)
T002031,Surf Excel
T002031,Olpers Milk (Pack of 6)
T002031,National Ketchup (1kg)
T002031,Bread
T002031,Butter
T002031,Frozen Paratha
T002032,Chicken
T002032,Jam
T002032,Dalda Cooking Oil (500ml)
T002032,Biscuits
T002032,Olpers Milk (Pack of 6)
T002032,Noodles
T002033,Jam
T002033,Nestle Water
T002034,Biscuits
T002034,Guard Rice (1kg)
T002035,National Ketchup (1kg)
T002035,Jam
T002036,Thal Sugar (200ml)
T002036,Frozen Paratha
T002037,Lux Soap
T002037,Butter
T002037,Shan Biryani Masala
T002038,Surf Excel
T002038,Eggs
T002038,Pepsi 1L
T002039,Lux Soap
T002039,Eggs
T002040,Lux Soap
T002040,Eggs
T002041,Pepsi 1L
T002041,Chicken
T002041,Olpers Milk (Pack of 6)
T002041,National Ketchup (1kg)
T002041,Guard Rice (1kg)
T002041,Butter
T002042,Olpers Milk (Pack of 6)
T002042,Guard Rice (1kg)
T002043,Frozen Paratha
T002043,Bread
T002043,Nestle Water
T002043,Noodles
T002043,Biscuits
T002043,Thal Sugar (200ml)
T002044,Lays Chips
T002044,Dalda Cooking Oil (500ml)
T002044,Frozen Paratha
T002044,Jam
T002045,National Ketchup (1kg)
T002045,Noodles
T002046,Chicken
T002046,Guard Rice (1kg)
T002046,Noodles
T002046,Jam
T002046,Surf Excel
T002046,Olpers Milk (Pack of 6)
T002047,Guard Rice (1kg)
T002047,Shan Biryani Masala
T002047,Jam
T002047,Lux Soap
T002048,Tapal Tea (250g)
T002048,Nestle Water
T002048,Eggs
T002048,Jam
T002048,Noodles
T002049,Lays Chips
T002049,Thal Sugar (200ml)
T002050,Nestle Water
T002050,Frozen Paratha
T002050,Shan Biryani Masala
T002050,Guard Rice (1kg)
T002050,Olpers Milk (Pack of 6)
T002051,Chicken
T002051,Surf Excel
T002051,Lays Chips
T002052,Olpers Milk (Pack of 6)
T002052,Biscuits
T002053,Dalda Cooking Oil (500ml)
T002053,Noodles
T002054,Noodles
T002054,Tapal Tea (250g)
T002054,Dalda Cooking Oil (500ml)
T002054,Butter
T002055,Dalda Cooking Oil (500ml)
T002055,Shan Biryani Masala
T002055,Chicken
T002056,National Ketchup (1kg)
T002056,Jam
T002057,Dalda Cooking Oil (500ml)
T002057,Shan Biryani Masala
T002058,Jam
T002058,Guard Rice (1kg)
T002059,Biscuits
T002059,Dalda Cooking Oil (500ml)
T002059,Nestle Water
T002059,Frozen Paratha
T002059,National Ketchup (1kg)
T002060,Frozen Paratha
T002060,Eggs
T002060,Dalda Cooking Oil (500ml)
T002060,Shan Biryani Masala
T002060,Chicken
T002060,Pepsi 1L
T002061,Noodles
T002061,Jam
T002061,Olpers Milk (Pack of 6)
T002061,Shan Biryani Masala
T002061,Chicken
T002062,National Ketchup (1kg)
T002062,Bread
T002063,Shan Biryani Masala
T002063,Noodles
T002064,Shan Biryani Masala
T002064,National Ketchup (1kg)
T002064,Lux Soap
T002064,Lays Chips
T002064,Butter
T002064,Biscuits
T002065,National Ketchup (1kg)
T002065,Eggs
T002065,Surf Excel
T002066,Noodles
T002066,Eggs
T002066,Butter
T002066,Biscuits
T002066,Pepsi 1L
T002067,Frozen Paratha
T002067,Dalda Cooking Oil (500ml)
T002067,National Ketchup (1kg)
T002067,Pepsi 1L
T002068,National Ketchup (1kg)
T002068,Olpers Milk (Pack of 6)
T002068,Butter
T002068,Noodles
T002068,Lays Chips
T002069,Olpers Milk (Pack of 6)
T002069,Nestle Water
T002069,Pepsi 1L
T002070,Jam
T002070,Frozen Paratha
T002070,Butter
T002070,Bread
T002070,Guard Rice (1kg)
T002070,Biscuits
T002071,Biscuits
T002071,Thal Sugar (200ml)
T002072,Frozen Paratha
T002072,Shan Biryani Masala
T002072,Thal Sugar (200ml)
T002072,Jam
T002073,Noodles
T002073,Butter
T002073,Olpers Milk (Pack of 6)
T002073,Surf Excel
T002073,Bread
T002074,National Ketchup (1kg)
T002074,Olpers Milk (Pack of 6)
T002074,Butter
T002075,Thal Sugar (200ml)
T002075,Biscuits
T002075,Shan Biryani Masala
T002075,Surf Excel
T002075,Noodles
T002075,Guard Rice (1kg)
T002076,Thal Sugar (200ml)
T002076,Dalda Cooking Oil (500ml)
T002076,Eggs
T002076,Olpers Milk (Pack of 6)
T002077,Tapal Tea (250g)
T002077,National Ketchup (1kg)
T002077,Nestle Water
T002077,Bread
T002077,Olpers Milk (Pack of 6)
T002078,Tapal Tea (250g)
T002078,Bread
T002078,Olpers Milk (Pack of 6)
T002078,Jam
T002078,Eggs
T002078,Dalda Cooking Oil (500ml)
T002079,Pepsi 1L
T002079,Jam
T002079,Noodles
T002079,Bread
T002079,Surf Excel
T002079,National Ketchup (1kg)
T002080,National Ketchup (1kg)
T002080,Surf Excel
T002080,Shan Biryani Masala
T002080,Dalda Cooking Oil (500ml)
T002080,Noodles
T002081,Pepsi 1L
T002081,Lays Chips
T002081,Dalda Cooking Oil (500ml)
T002082,Shan Biryani Masala
T002082,Thal Sugar (200ml)
T002082,Eggs
T002083,Surf Excel
T002083,Lux Soap
T002084,Shan Biryani Masala
T002084,Noodles
T002084,Surf Excel
T002084,Eggs
T002084,Pepsi 1L
T002085,Shan Biryani Masala
T002085,Eggs
T002086,Bread
T002086,National Ketchup (1kg)
T002086,Jam
T002086,Shan Biryani Masala
T002087,Jam
T002087,Frozen Paratha
T002087,Tapal Tea (250g)
T002087,Noodles
T002087,Guard Rice (1kg)
T002088,Noodles
T002088,Lays Chips
T002088,Jam
T002088,Butter
T002089,Olpers Milk (Pack of 6)
T002089,Chicken
T002089,Nestle Water
T002089,Tapal Tea (250g)
T002089,Biscuits
T002090,Butter
T002090,Frozen Paratha
T002090,Olpers Milk (Pack of 6)
T002091,Chicken
T002091,Tapal Tea (250g)
T002092,Chicken
T002092,Pepsi 1L
T002092,Lux Soap
T002092,Butter
T002092,Surf Excel
T002093,Guard Rice (1kg)
T002093,Butter
T002093,National Ketchup (1kg)
T002093,Pepsi 1L
T002093,Bread
T002093,Dalda Cooking Oil (500ml)
T002094,Nestle Water
T002094,National Ketchup (1kg)
T002095,Bread
T002095,Guard Rice (1kg)
T002096,Jam
T002096,Pepsi 1L
T002096,Thal Sugar (200ml)
T002096,Tapal Tea (250g)
T002097,Chicken
T002097,Olpers Milk (Pack of 6)
T002097,Tapal Tea (250g)
T002098,Thal Sugar (200ml)
T002098,Dalda Cooking Oil (500ml)
T002098,Chicken
T002098,Frozen Paratha
T002099,Noodles
T002099,Surf Excel
T002099,Thal Sugar (200ml)
T002100,Chicken
T002100,Butter
T002100,Bread
T002100,Pepsi 1L
T002101,Pepsi 1L
T002101,Lays Chips
T002101,Bread
T002102,Eggs
T002102,Lux Soap
T002102,Butter
T002102,Tapal Tea (250g)
T002103,Surf Excel
T002103,Chicken
T002103,Nestle Water
T002103,Biscuits
T002103,Jam
T002104,Tapal Tea (250g)
T002104,Shan Biryani Masala
T002105,Butter
T002105,Eggs
T002105,National Ketchup (1kg)
T002105,Shan Biryani Masala
T002105,Dalda Cooking Oil (500ml)
T002106,Shan Biryani Masala
T002106,Nestle Water
T002106,Biscuits
T002106,Guard Rice (1kg)
T002106,Surf Excel
T002107,Frozen Paratha
T002107,Noodles
T002107,Eggs
T002107,Olpers Milk (Pack of 6)
T002108,Eggs
T002108,Lays Chips
T002108,Thal Sugar (200ml)
T002108,Tapal Tea (250g)
T002108,National Ketchup (1kg)
T002109,Biscuits
T002109,Olpers Milk (Pack of 6)
T002109,Jam
T002109,Eggs
T002109,Lux Soap
T002110,Olpers Milk (Pack of 6)
T002110,Butter
T002110,Shan Biryani Masala
T002110,Lays Chips
T002110,Noodles
T002110,Pepsi 1L
T002111,Frozen Paratha
T002111,Thal Sugar (200ml)
T002111,Jam
T002111,National Ketchup (1kg)
T002111,Lux Soap
T002112,National Ketchup (1kg)
T002112,Tapal Tea (250g)
T002112,Surf Excel
T002112,Thal Sugar (200ml)
T002112,Jam
T002112,Noodles
T002113,Guard Rice (1kg)
T002113,Shan Biryani Masala
T002113,Jam
T002113,Butter
T002113,Olpers Milk (Pack of 6)
T002114,Bread
T002114,Lux Soap
T002114,Noodles
T002115,Lux Soap
T002115,Dalda Cooking Oil (500ml)
T002115,National Ketchup (1kg)
T002116,Noodles
T002116,Frozen Paratha
T002117,Noodles
T002117,Jam
T002117,National Ketchup (1kg)
T002117,Nestle Water
T002118,Lays Chips
T002118,Bread
T002118,Noodles
T002119,Pepsi 1L
T002119,Butter
T002119,Thal Sugar (200ml)
T002119,Noodles
T002119,Guard Rice (1kg)
T002119,National Ketchup (1kg)
T002120,Biscuits
T002120,Dalda Cooking Oil (500ml)
T002121,National Ketchup (1kg)
T002121,Shan Biryani Masala
T002121,Nestle Water
T002121,Pepsi 1L
T002121,Biscuits
T002122,Guard Rice (1kg)
T002122,Lays Chips
T002122,Frozen Paratha
T002122,Olpers Milk (Pack of 6)
T002122,Shan Biryani Masala
T002123,Eggs
T002123,Jam
T002124,Lux Soap
T002124,Chicken
T002125,Biscuits
T002125,Pepsi 1L
T002125,Surf Excel
T002125,Shan Biryani Masala
T002125,Frozen Paratha
T002126,Nestle Water
T002126,Bread
T002126,Guard Rice (1kg)
T002126,Noodles
T002127,Biscuits
T002127,Jam
T002128,Jam
T002128,Guard Rice (1kg)
T002128,Biscuits
T002128,Shan Biryani Masala
T002128,Dalda Cooking Oil (500ml)
T002129,Chicken
T002129,Nestle Water
T002129,Dalda Cooking Oil (500ml)
T002129,Pepsi 1L
T002130,Olpers Milk (Pack of 6)
T002130,Guard Rice (1kg)
T002130,Noodles
T002131,Guard Rice (1kg)
T002131,Bread
T002131,Lays Chips
T002131,Surf Excel
T002132,Biscuits
T002132,Lux Soap
T002132,National Ketchup (1kg)
T002133,Dalda Cooking Oil (500ml)
T002133,Biscuits
T002134,Noodles
T002134,Bread
T002134,National Ketchup (1kg)
T002134,Frozen Paratha
T002134,Biscuits
T002135,Butter
T002135,Chicken
T002135,Noodles
T002136,Chicken
T002136,Bread
T002136,Olpers Milk (Pack of 6)
T002136,Guard Rice (1kg)
T002136,Shan Biryani Masala
T002136,Butter
T002137,Pepsi 1L
T002137,Biscuits
T002137,Tapal Tea (250g)
T002137,Noodles
T002137,Thal Sugar (200ml)
T002137,Lux Soap
T002138,Surf Excel
T002138,Pepsi 1L
T002138,Olpers Milk (Pack of 6)
T002139,Chicken
T002139,Bread
T002139,Noodles
T002139,Thal Sugar (200ml)
T002139,Shan Biryani Masala
T002140,Noodles
T002140,Jam
T002140,Surf Excel
T002140,Tapal Tea (250g)
T002140,Nestle Water
T002140,Biscuits
T002141,Jam
T002141,National Ketchup (1kg)
T002141,Eggs
T002141,Olpers Milk (Pack of 6)
T002142,Pepsi 1L
T002142,Tapal Tea (250g)
T002142,Butter
T002142,Nestle Water
T002143,Biscuits
T002143,Shan Biryani Masala
T002143,Noodles
T002143,Jam
T002143,Pepsi 1L
T002144,Chicken
T002144,Butter
T002144,Nestle Water
T002144,Bread
T002145,Pepsi 1L
T002145,Butter
T002145,Thal Sugar (200ml)
T002145,National Ketchup (1kg)
T002145,Eggs
T002146,Noodles
T002146,Olpers Milk (Pack of 6)
T002146,Dalda Cooking Oil (500ml)
T002146,Butter
T002147,Bread
T002147,Tapal Tea (250g)
T002147,Surf Excel
T002148,Butter
T002148,Thal Sugar (200ml)
T002148,Lux Soap
T002149,Shan Biryani Masala
T002149,Nestle Water
T002149,Dalda Cooking Oil (500ml)
T002149,Biscuits
T002149,Olpers Milk (Pack of 6)
T002150,Chicken
T002150,National Ketchup (1kg)
T002150,Biscuits
T002150,Guard Rice (1kg)
T002150,Pepsi 1L
T002150,Lux Soap
T002151,Frozen Paratha
T002151,Noodles
T002151,Nestle Water
T002151,Eggs
T002151,Bread
T002152,Dalda Cooking Oil (500ml)
T002152,Frozen Paratha
T002152,Chicken
T002152,Shan Biryani Masala
T002153,Eggs
T002153,Nestle Water
T002153,Jam
T002153,Lays Chips
T002153,Frozen Paratha
T002153,Lux Soap
T002154,Frozen Paratha
T002154,Surf Excel
T002154,Biscuits
T002154,Bread
T002155,Butter
T002155,Biscuits
T002155,Surf Excel
T002156,Surf Excel
T002156,Tapal Tea (250g)
T002157,Thal Sugar (200ml)
T002157,Tapal Tea (250g)
T002157,Chicken
T002158,Eggs
T002158,Pepsi 1L
T002158,Lux Soap
T002158,National Ketchup (1kg)
T002158,Noodles
T002158,Shan Biryani Masala
T002159,Lays Chips
T002159,Guard Rice (1kg)
T002159,Nestle Water
T002159,Lux Soap
T002159,Thal Sugar (200ml)
T002159,Chicken
T002160,Dalda Cooking Oil (500ml)
T002160,National Ketchup (1kg)
T002160,Shan Biryani Masala
T002160,Eggs
T002160,Butter
T002161,Biscuits
T002161,Pepsi 1L
T002161,Frozen Paratha
T002161,Dalda Cooking Oil (500ml)
T002161,Guard Rice (1kg)
T002161,Nestle Water
T002162,Thal Sugar (200ml)
T002162,Eggs
T002162,Noodles
T002163,Chicken
T002163,Lays Chips
T002164,Jam
T002164,Olpers Milk (Pack of 6)
T002164,Nestle Water
T002164,Biscuits
T002164,Thal Sugar (200ml)
T002164,Guard Rice (1kg)
T002165,Biscuits
T002165,Olpers Milk (Pack of 6)
T002165,Shan Biryani Masala
T002165,Lays Chips
T002165,Bread
T002166,Shan Biryani Masala
T002166,Dalda Cooking Oil (500ml)
T002166,Lays Chips
T002166,Noodles
T002167,Guard Rice (1kg)
T002167,Surf Excel
T002168,Biscuits
T002168,Tapal Tea (250g)
T002168,National Ketchup (1kg)
T002168,Butter
T002168,Jam
T002169,Noodles
T002169,Lays Chips
T002169,National Ketchup (1kg)
T002169,Tapal Tea (250g)
T002169,Eggs
T002169,Thal Sugar (200ml)
T002170,Eggs
T002170,Pepsi 1L
T002171,Lux Soap
T002171,Thal Sugar (200ml)
T002171,Noodles
T002171,Biscuits
T002171,Frozen Paratha
T002172,Nestle Water
T002172,Shan Biryani Masala
T002172,Pepsi 1L
T002173,Dalda Cooking Oil (500ml)
T002173,Shan Biryani Masala
T002173,Nestle Water
T002174,Dalda Cooking Oil (500ml)
T002174,Biscuits
T002174,Frozen Paratha
T002175,Guard Rice (1kg)
T002175,Jam
T002175,Shan Biryani Masala
T002175,Nestle Water
T002175,Olpers Milk (Pack of 6)
T002175,Bread
T002176,Olpers Milk (Pack of 6)
T002176,Shan Biryani Masala
T002176,National Ketchup (1kg)
T002177,Surf Excel
T002177,Shan Biryani Masala
T002177,Biscuits
T002177,Jam
T002177,Dalda Cooking Oil (500ml)
T002178,Frozen Paratha
T002178,Tapal Tea (250g)
T002178,Guard Rice (1kg)
T002178,Olpers Milk (Pack of 6)
T002178,Noodles
T002179,Pepsi 1L
T002179,Biscuits
T002180,Thal Sugar (200ml)
T002180,Eggs
T002180,Shan Biryani Masala
T002181,Shan Biryani Masala
T002181,Jam
T002181,Dalda Cooking Oil (500ml)
T002182,Biscuits
T002182,Lays Chips
T002182,National Ketchup (1kg)
T002182,Pepsi 1L
T002183,Guard Rice (1kg)
T002183,Eggs
T002183,Noodles
T002183,National Ketchup (1kg)
T002183,Nestle Water
T002184,Thal Sugar (200ml)
T002184,Frozen Paratha
T002184,Nestle Water
T002184,Pepsi 1L
T002184,Butter
T002184,Biscuits
T002185,Bread
T002185,Dalda Cooking Oil (500ml)
T002185,Noodles
T002185,Shan Biryani Masala
T002186,Thal Sugar (200ml)
T002186,Butter
T002186,Eggs
T002186,National Ketchup (1kg)
T002186,Bread
T002187,Nestle Water
T002187,Chicken
T002187,Guard Rice (1kg)
T002188,Tapal Tea (250g)
T002188,Shan Biryani Masala
T002188,Pepsi 1L
T002188,Guard Rice (1kg)
T002188,Nestle Water
T002188,Butter
T002189,Biscuits
T002189,Chicken
T002189,Tapal Tea (250g)
T002189,Bread
T002189,Lux Soap
T002190,Shan Biryani Masala
T002190,Tapal Tea (250g)
T002190,Eggs
T002191,Olpers Milk (Pack of 6)
T002191,Nestle Water
T002192,Lays Chips
T002192,Noodles
T002193,Chicken
T002193,Olpers Milk (Pack of 6)
T002193,Surf Excel
T002193,Frozen Paratha
T002193,Jam
T002194,Dalda Cooking Oil (500ml)
T002194,National Ketchup (1kg)
T002194,Surf Excel
T002195,Butter
T002195,Lays Chips
T002195,Shan Biryani Masala
T002195,Dalda Cooking Oil (500ml)
T002195,Eggs
T002196,Butter
T002196,Eggs
T002196,Nestle Water
T002197,Surf Excel
T002197,Jam
T002198,Tapal Tea (250g)
T002198,Dalda Cooking Oil (500ml)
T002198,Lux Soap
T002199,Lux Soap
T002199,Pepsi 1L
T002200,Chicken
T002200,Dalda Cooking Oil (500ml)
T002200,Olpers Milk (Pack of 6)
T002200,Tapal Tea (250g)
T002200,Jam
T002200,Pepsi 1L
T002201,Chicken
T002201,Butter
T002201,Jam
T002201,Lays Chips
T002201,Olpers Milk (Pack of 6)
T002202,Pepsi 1L
T002202,Lays Chips
T002203,Jam
T002203,Eggs
T002203,Butter
T002204,Shan Biryani Masala
T002204,Chicken
T002204,Lays Chips
T002204,Lux Soap
T002205,Lays Chips
T002205,Noodles
T002205,Lux Soap
T002205,Thal Sugar (200ml)
T002206,Jam
T002206,Thal Sugar (200ml)
T002207,Eggs
T002207,Jam
T002207,Tapal Tea (250g)
T002208,Olpers Milk (Pack of 6)
T002208,Frozen Paratha
T002208,Butter
T002208,Pepsi 1L
T002208,Nestle Water
T002208,Bread
T002209,Biscuits
T002209,Nestle Water
T002209,Lux Soap
T002210,Dalda Cooking Oil (500ml)
T002210,Jam
T002210,Olpers Milk (Pack of 6)
T002210,Butter
T002210,Shan Biryani Masala
T002210,Noodles
T002211,Lays Chips
T002211,Chicken
T002211,Lux Soap
T002212,Shan Biryani Masala
T002212,Jam
T002212,Eggs
T002212,Tapal Tea (250g)
T002213,Noodles
T002213,Eggs
T002213,Thal Sugar (200ml)
T002214,Bread
T002214,Guard Rice (1kg)
T002214,Lays Chips
T002214,Dalda Cooking Oil (500ml)
T002215,Butter
T002215,Pepsi 1L
T002216,Thal Sugar (200ml)
T002216,Lays Chips
T002217,Guard Rice (1kg)
T002217,Biscuits
T002218,National Ketchup (1kg)
T002218,Tapal Tea (250g)
T002218,Surf Excel
T002218,Butter
T002218,Frozen Paratha
T002218,Noodles
T002219,Dalda Cooking Oil (500ml)
T002219,Nestle Water
T002219,Noodles
T002219,Bread
T002219,Guard Rice (1kg)
T002219,Frozen Paratha
T002220,Nestle Water
T002220,Eggs
T002220,Olpers Milk (Pack of 6)
T002220,Bread
T002220,Lays Chips
T002220,Biscuits
T002221,Eggs
T002221,Noodles
T002221,Butter
T002221,Nestle Water
T002221,Lux Soap
T002222,Lux Soap
T002222,Nestle Water
T002222,Thal Sugar (200ml)
T002222,National Ketchup (1kg)
T002222,Guard Rice (1kg)
T002223,Bread
T002223,Nestle Water
T002224,Pepsi 1L
T002224,Guard Rice (1kg)
T002224,Shan Biryani Masala
T002224,Jam
T002224,Eggs
T002225,Frozen Paratha
T002225,Noodles
T002225,Dalda Cooking Oil (500ml)
T002226,Guard Rice (1kg)
T002226,Lux Soap
T002226,Noodles
T002226,Nestle Water
T002226,Bread
T002226,Eggs
T002227,Biscuits
T002227,Chicken
T002227,Olpers Milk (Pack of 6)
T002227,Surf Excel
T002228,Shan Biryani Masala
T002228,Lux Soap
T002228,Olpers Milk (Pack of 6)
T002228,Eggs
T002228,Bread
T002229,Frozen Paratha
T002229,Thal Sugar (200ml)
T002230,Dalda Cooking Oil (500ml)
T002230,Eggs
T002230,Lux Soap
T002231,Bread
T002231,Guard Rice (1kg)
T002231,Biscuits
T002231,National Ketchup (1kg)
T002232,Surf Excel
T002232,Dalda Cooking Oil (500ml)
T002232,Noodles
T002232,Bread
T002232,Olpers Milk (Pack of 6)
T002232,Jam
T002233,Nestle Water
T002233,Bread
T002233,Frozen Paratha
T002233,Shan Biryani Masala
T002233,Thal Sugar (200ml)
T002233,Jam
T002234,Biscuits
T002234,Jam
T002234,Eggs
T002234,Olpers Milk (Pack of 6)
T002234,Bread
T002235,Chicken
T002235,Nestle Water
T002235,Biscuits
T002235,Bread
T002235,Jam
T002235,Frozen Paratha
T002236,Pepsi 1L
T002236,Nestle Water
T002236,Eggs
T002236,Noodles
T002237,Dalda Cooking Oil (500ml)
T002237,Bread
T002237,Shan Biryani Masala
T002237,Nestle Water
T002238,Nestle Water
T002238,National Ketchup (1kg)
T002238,Noodles
T002238,Olpers Milk (Pack of 6)
T002238,Surf Excel
T002238,Dalda Cooking Oil (500ml)
T002239,Jam
T002239,Biscuits
T002239,Thal Sugar (200ml)
T002239,National Ketchup (1kg)
T002239,Noodles
T002240,Shan Biryani Masala
T002240,Bread
T002240,Surf Excel
T002241,Noodles
T002241,Bread
T002241,Pepsi 1L
T002241,Biscuits
T002241,Jam
T002242,Biscuits
T002242,Shan Biryani Masala
T002243,Lux Soap
T002243,Lays Chips
T002243,Chicken
T002243,Jam
T002243,Biscuits
T002244,Olpers Milk (Pack of 6)
T002244,Frozen Paratha
T002244,Biscuits
T002244,Guard Rice (1kg)
T002245,Guard Rice (1kg)
T002245,Surf Excel
T002245,Jam
T002245,Chicken
T002245,Dalda Cooking Oil (500ml)
T002246,Chicken
T002246,Biscuits
T002246,Jam
T002246,Guard Rice (1kg)
T002246,Thal Sugar (200ml)
T002246,Olpers Milk (Pack of 6)
T002247,Dalda Cooking Oil (500ml)
T002247,National Ketchup (1kg)
T002247,Olpers Milk (Pack of 6)
T002247,Tapal Tea (250g)
T002247,Shan Biryani Masala
T002248,Nestle Water
T002248,Butter
T002248,Bread
T002248,Lays Chips
T002248,Eggs
T002248,Jam
T002249,Thal Sugar (200ml)
T002249,Tapal Tea (250g)
T002250,Noodles
T002250,Butter
T002250,National Ketchup (1kg)
T002250,Thal Sugar (200ml)
T002250,Shan Biryani Masala
T002251,Olpers Milk (Pack of 6)
T002251,Tapal Tea (250g)
T002251,Thal Sugar (200ml)
T002251,Surf Excel
T002252,Biscuits
T002252,Surf Excel
T002252,Eggs
T002252,Chicken
T002253,National Ketchup (1kg)
T002253,Chicken
T002253,Noodles
T002254,Lays Chips
T002254,Nestle Water
T002254,Chicken
T002254,Biscuits
T002254,Olpers Milk (Pack of 6)
T002254,Frozen Paratha
T002255,Dalda Cooking Oil (500ml)
T002255,Nestle Water
T002255,Bread
T002255,Thal Sugar (200ml)
T002255,Shan Biryani Masala
T002256,Thal Sugar (200ml)
T002256,Chicken
T002257,Pepsi 1L
T002257,Bread
T002257,Lays Chips
T002257,Chicken
T002257,Frozen Paratha
T002258,National Ketchup (1kg)
T002258,Biscuits
T002258,Jam
T002258,Tapal Tea (250g)
T002259,Jam
T002259,National Ketchup (1kg)
T002259,Pepsi 1L
T002259,Butter
T002260,Pepsi 1L
T002260,Thal Sugar (200ml)
T002261,Bread
T002261,Butter
T002262,Jam
T002262,Surf Excel
T002263,Chicken
T002263,Nestle Water
T002264,Jam
T002264,National Ketchup (1kg)
T002265,Eggs
T002265,Guard Rice (1kg)
T002265,Chicken
T002265,Tapal Tea (250g)
T002266,Noodles
T002266,Pepsi 1L
T002266,Surf Excel
T002266,Eggs
T002267,Lays Chips
T002267,Eggs
T002268,Thal Sugar (200ml)
T002268,Pepsi 1L
T002268,Bread
T002268,Nestle Water
T002268,Dalda Cooking Oil (500ml)
T002269,Butter
T002269,Shan Biryani Masala
T002269,Noodles
T002269,Chicken
T002269,National Ketchup (1kg)
T002270,Lays Chips
T002270,Tapal Tea (250g)
T002271,Lays Chips
T002271,Lux Soap
T002271,Jam
T002271,Tapal Tea (250g)
T002271,Shan Biryani Masala
T002272,Tapal Tea (250g)
T002272,National Ketchup (1kg)
T002273,Dalda Cooking Oil (500ml)
T002273,Frozen Paratha
T002273,Noodles
T002273,Jam
T002273,Biscuits
T002273,Nestle Water
T002274,Frozen Paratha
T002274,National Ketchup (1kg)
T002274,Thal Sugar (200ml)
T002274,Lays Chips
T002275,Frozen Paratha
T002275,Olpers Milk (Pack of 6)
T002275,Noodles
T002276,Thal Sugar (200ml)
T002276,Dalda Cooking Oil (500ml)
T002276,Bread
T002277,Chicken
T002277,Biscuits
T002277,Dalda Cooking Oil (500ml)
T002277,Butter
T002277,Tapal Tea (250g)
T002278,Dalda Cooking Oil (500ml)
T002278,Chicken
T002279,Guard Rice (1kg)
T002279,Biscuits
T002279,Nestle Water
T002279,Lays Chips
T002279,Thal Sugar (200ml)
T002279,Butter
T002280,Noodles
T002280,Butter
T002280,Biscuits
T002280,Frozen Paratha
T002280,Chicken
T002281,Nestle Water
T002281,Bread
T002282,Nestle Water
T002282,Bread
T002282,Thal Sugar (200ml)
T002282,Surf Excel
T002283,Thal Sugar (200ml)
T002283,Noodles
T002283,Lays Chips
T002283,National Ketchup (1kg)
T002284,Nestle Water
T002284,Olpers Milk (Pack of 6)
T002284,Biscuits
T002284,Chicken
T002284,National Ketchup (1kg)
T002284,Eggs
T002285,Guard Rice (1kg)
T002285,Frozen Paratha
T002286,Chicken
T002286,Frozen Paratha
T002286,Surf Excel
T002286,Shan Biryani Masala
T002286,Guard Rice (1kg)
T002286,Biscuits
T002287,Olpers Milk (Pack of 6)
T002287,National Ketchup (1kg)
T002287,Shan Biryani Masala
T002287,Surf Excel
T002288,Bread
T002288,Guard Rice (1kg)
T002289,Tapal Tea (250g)
T002289,Pepsi 1L
T002289,Dalda Cooking Oil (500ml)
T002289,Surf Excel
T002289,National Ketchup (1kg)
T002289,Lays Chips
T002290,Jam
T002290,Nestle Water
T002290,Butter
T002291,Chicken
T002291,Olpers Milk (Pack of 6)
T002291,Noodles
T002291,Thal Sugar (200ml)
T002291,Lux Soap
T002291,Frozen Paratha
T002292,Bread
T002292,Dalda Cooking Oil (500ml)
T002292,Guard Rice (1kg)
T002292,Pepsi 1L
T002292,Chicken
T002292,National Ketchup (1kg)
T002293,National Ketchup (1kg)
T002293,Frozen Paratha
T002293,Lays Chips
T002293,Eggs
T002293,Butter
T002294,Lux Soap
T002294,Butter
T002294,Dalda Cooking Oil (500ml)
T002294,Chicken
T002295,Bread
T002295,Guard Rice (1kg)
T002295,Olpers Milk (Pack of 6)
T002295,Lux Soap
T002296,Lux Soap
T002296,Dalda Cooking Oil (500ml)
T002296,Guard Rice (1kg)
T002296,Frozen Paratha
T002297,Nestle Water
T002297,Dalda Cooking Oil (500ml)
T002297,National Ketchup (1kg)
T002298,Noodles
T002298,Biscuits
T002298,Guard Rice (1kg)
T002299,National Ketchup (1kg)
T002299,Surf Excel
T002299,Lays Chips
T002299,Nestle Water
T002299,Tapal Tea (250g)
T002299,Butter
T002300,Lux Soap
T002300,Chicken
T002300,Dalda Cooking Oil (500ml)
T002300,Jam
T002300,Pepsi 1L
T002300,Lays Chips
T002301,Frozen Paratha
T002301,Thal Sugar (200ml)
T002302,Guard Rice (1kg)
T002302,Butter
T002302,Surf Excel
T002302,Chicken
T002302,Frozen Paratha
T002302,Lux Soap
T002303,National Ketchup (1kg)
T002303,Lux Soap
T002303,Frozen Paratha
T002303,Olpers Milk (Pack of 6)
T002303,Guard Rice (1kg)
T002303,Dalda Cooking Oil (500ml)
T002304,Lays Chips
T002304,Jam
T002305,Pepsi 1L
T002305,Lux Soap
T002305,Olpers Milk (Pack of 6)
T002305,Guard Rice (1kg)
T002305,Tapal Tea (250g)
T002305,Chicken
T002306,Butter
T002306,Dalda Cooking Oil (500ml)
T002306,Tapal Tea (250g)
T002306,Frozen Paratha
T002306,Surf Excel
T002307,Frozen Paratha
T002307,Shan Biryani Masala
T002307,Nestle Water
T002308,Nestle Water
T002308,Jam
T002308,Surf Excel
T002308,Lux Soap
T002308,Guard Rice (1kg)
T002309,Guard Rice (1kg)
T002309,Eggs
T002309,Surf Excel
T002309,Pepsi 1L
T002309,Olpers Milk (Pack of 6)
T002310,Tapal Tea (250g)
T002310,Dalda Cooking Oil (500ml)
T002310,Eggs
T002310,Biscuits
T002310,Chicken
T002310,National Ketchup (1kg)
T002311,Jam
T002311,Bread
T002311,Shan Biryani Masala
T002311,Thal Sugar (200ml)
T002312,Lux Soap
T002312,Surf Excel
T002312,Bread
T002312,Butter
T002312,Noodles
T002313,Butter
T002313,Biscuits
T002313,Chicken
T002313,Noodles
T002313,Lux Soap
T002313,Bread
T002314,National Ketchup (1kg)
T002314,Noodles
T002314,Tapal Tea (250g)
T002315,Lays Chips
T002315,Butter
T002315,Bread
T002315,Noodles
T002315,Dalda Cooking Oil (500ml)
T002315,Surf Excel
T002316,Shan Biryani Masala
T002316,Frozen Paratha
T002316,Olpers Milk (Pack of 6)
T002317,Shan Biryani Masala
T002317,Chicken
T002317,Jam
T002317,National Ketchup (1kg)
T002317,Olpers Milk (Pack of 6)
T002318,Pepsi 1L
T002318,Guard Rice (1kg)
T002318,Olpers Milk (Pack of 6)
T002319,Pepsi 1L
T002319,Butter
T002320,Chicken
T002320,Nestle Water
T002320,Jam
T002321,Dalda Cooking Oil (500ml)
T002321,Nestle Water
T002321,Thal Sugar (200ml)
T002321,National Ketchup (1kg)
T002321,Frozen Paratha
T002321,Tapal Tea (250g)
T002322,Surf Excel
T002322,Guard Rice (1kg)
T002322,Thal Sugar (200ml)
T002323,Dalda Cooking Oil (500ml)
T002323,Olpers Milk (Pack of 6)
T002323,Biscuits
T002324,National Ketchup (1kg)
T002324,Shan Biryani Masala
T002324,Noodles
T002324,Frozen Paratha
T002325,Dalda Cooking Oil (500ml)
T002325,Surf Excel
T002325,Lays Chips
T002326,Noodles
T002326,Bread
T002326,Jam
T002327,National Ketchup (1kg)
T002327,Frozen Paratha
T002327,Thal Sugar (200ml)
T002327,Guard Rice (1kg)
T002328,Chicken
T002328,Biscuits
T002328,Guard Rice (1kg)
T002328,National Ketchup (1kg)
T002328,Tapal Tea (250g)
T002329,Nestle Water
T002329,Olpers Milk (Pack of 6)
T002329,Guard Rice (1kg)
T002330,Shan Biryani Masala
T002330,Thal Sugar (200ml)
T002330,Olpers Milk (Pack of 6)
T002331,Eggs
T002331,Noodles
T002331,Pepsi 1L
T002331,Jam
T002331,Biscuits
T002331,Butter
T002332,Lux Soap
T002332,Frozen Paratha
T002332,Guard Rice (1kg)
T002332,Butter
T002333,Surf Excel
T002333,Lux Soap
T002333,Chicken
T002333,Butter
T002333,Dalda Cooking Oil (500ml)
T002334,Tapal Tea (250g)
T002334,Lux Soap
T002334,National Ketchup (1kg)
T002335,Thal Sugar (200ml)
T002335,Pepsi 1L
T002335,Nestle Water
T002335,Dalda Cooking Oil (500ml)
T002335,Frozen Paratha
T002336,Lux Soap
T002336,Thal Sugar (200ml)
T002336,Frozen Paratha
T002336,Shan Biryani Masala
T002336,Dalda Cooking Oil (500ml)
T002337,Butter
T002337,Nestle Water
T002337,Olpers Milk (Pack of 6)
T002338,Shan Biryani Masala
T002338,Lux Soap
T002338,Bread
T002338,National Ketchup (1kg)
T002338,Eggs
T002339,Butter
T002339,Eggs
T002339,Chicken
T002340,Lays Chips
T002340,Chicken
T002340,Noodles
T002341,Nestle Water
T002341,Lays Chips
T002341,Frozen Paratha
T002342,Noodles
T002342,Pepsi 1L
T002342,Bread
T002343,Pepsi 1L
T002343,Chicken
T002343,Olpers Milk (Pack of 6)
T002344,Pepsi 1L
T002344,Lux Soap
T002345,Dalda Cooking Oil (500ml)
T002345,Chicken
T002345,Nestle Water
T002345,Eggs
T002345,Lays Chips
T002345,National Ketchup (1kg)
T002346,Biscuits
T002346,Surf Excel
T002346,Thal Sugar (200ml)
T002346,Guard Rice (1kg)
T002347,Eggs
T002347,Dalda Cooking Oil (500ml)
T002347,Jam
T002348,Tapal Tea (250g)
T002348,Biscuits
T002348,Jam
T002348,Lays Chips
T002348,National Ketchup (1kg)
T002348,Olpers Milk (Pack of 6)
T002349,Olpers Milk (Pack of 6)
T002349,Bread
T002349,Lays Chips
T002349,Pepsi 1L
T002350,Pepsi 1L
T002350,Dalda Cooking Oil (500ml)
T002351,Surf Excel
T002351,Noodles
T002352,Biscuits
T002352,Chicken
T002352,Olpers Milk (Pack of 6)
T002353,Olpers Milk (Pack of 6)
T002353,Surf Excel
T002353,Biscuits
T002354,Butter
T002354,Nestle Water
T002354,Eggs
T002355,Pepsi 1L
T002355,Lux Soap
T002356,Chicken
T002356,Surf Excel
T002356,Tapal Tea (250g)
T002357,Dalda Cooking Oil (500ml)
T002357,Bread
T002357,Nestle Water
T002357,Thal Sugar (200ml)
T002358,Thal Sugar (200ml)
T002358,Noodles
T002358,Pepsi 1L
T002358,Butter
T002359,Surf Excel
T002359,Pepsi 1L
T002359,Olpers Milk (Pack of 6)
T002359,Butter
T002360,Olpers Milk (Pack of 6)
T002360,Pepsi 1L
T002360,Surf Excel
T002361,Shan Biryani Masala
T002361,Nestle Water
T002361,Olpers Milk (Pack of 6)
T002362,Lux Soap
T002362,Jam
T002363,Lays Chips
T002363,Butter
T002363,Jam
T002363,Chicken
T002364,Surf Excel
T002364,Lux Soap
T002364,Lays Chips
T002364,Biscuits
T002365,Shan Biryani Masala
T002365,Pepsi 1L
T002365,Lays Chips
T002365,Eggs
T002365,Bread
T002365,Guard Rice (1kg)
T002366,Jam
T002366,National Ketchup (1kg)
T002366,Eggs
T002366,Surf Excel
T002366,Guard Rice (1kg)
T002366,Tapal Tea (250g)
T002367,Biscuits
T002367,Lux Soap
T002367,Eggs
T002367,Shan Biryani Masala
T002367,Tapal Tea (250g)
T002368,Bread
T002368,Lays Chips
T002369,Dalda Cooking Oil (500ml)
T002369,Lux Soap
T002369,Olpers Milk (Pack of 6)
T002369,Guard Rice (1kg)
T002369,Tapal Tea (250g)
T002370,Lays Chips
T002370,National Ketchup (1kg)
T002370,Jam
T002370,Biscuits
T002370,Bread
T002371,Biscuits
T002371,Jam
T002371,Lays Chips
T002371,Surf Excel
T002371,Pepsi 1L
T002372,Shan Biryani Masala
T002372,Eggs
T002372,Guard Rice (1kg)
T002373,Surf Excel
T002373,Shan Biryani Masala
T002373,Dalda Cooking Oil (500ml)
T002373,Biscuits
T002374,Pepsi 1L
T002374,Tapal Tea (250g)
T002374,Lays Chips
T002375,Jam
T002375,Guard Rice (1kg)
T002375,Chicken
T002375,Bread
T002375,Lux Soap
T002375,National Ketchup (1kg)
T002376,Nestle Water
T002376,Jam
T002376,Olpers Milk (Pack of 6)
T002376,Biscuits
T002376,Lays Chips
T002376,Bread
T002377,Butter
T002377,Lux Soap
T002378,National Ketchup (1kg)
T002378,Frozen Paratha
T002378,Thal Sugar (200ml)
T002378,Biscuits
T002378,Tapal Tea (250g)
T002379,Jam
T002379,Nestle Water
T002379,Noodles
T002380,Biscuits
T002380,Frozen Paratha
T002380,Olpers Milk (Pack of 6)
T002380,Pepsi 1L
T002381,Jam
T002381,Thal Sugar (200ml)
T002381,National Ketchup (1kg)
T002381,Pepsi 1L
T002381,Olpers Milk (Pack of 6)
T002382,Surf Excel
T002382,Olpers Milk (Pack of 6)
T002383,Butter
T002383,Surf Excel
T002384,Dalda Cooking Oil (500ml)
T002384,Bread
T002384,Jam
T002384,Eggs
T002384,Pepsi 1L
T002385,Jam
T002385,Olpers Milk (Pack of 6)
T002385,Lux Soap
T002385,Nestle Water
T002386,Noodles
T002386,Bread
T002386,Biscuits
T002386,Lux Soap
T002386,Thal Sugar (200ml)
T002387,Surf Excel
T002387,Noodles
T002387,Butter
T002387,National Ketchup (1kg)
T002388,Guard Rice (1kg)
T002388,Biscuits
T002389,Eggs
T002389,Guard Rice (1kg)
T002390,Eggs
T002390,Chicken
T002391,Eggs
T002391,Chicken
T002391,Biscuits
T002391,Surf Excel
T002391,Frozen Paratha
T002392,National Ketchup (1kg)
T002392,Lux Soap
T002393,Lays Chips
T002393,Frozen Paratha
T002393,Nestle Water
T002394,Chicken
T002394,Surf Excel
T002394,Dalda Cooking Oil (500ml)
T002394,Shan Biryani Masala
T002395,Surf Excel
T002395,Dalda Cooking Oil (500ml)
T002396,Dalda Cooking Oil (500ml)
T002396,Biscuits
T002397,Butter
T002397,Lays Chips
T002397,Olpers Milk (Pack of 6)
T002397,National Ketchup (1kg)
T002398,Thal Sugar (200ml)
T002398,National Ketchup (1kg)
T002398,Jam
T002398,Noodles
T002398,Shan Biryani Masala
T002399,Noodles
T002399,Lux Soap
T002400,Tapal Tea (250g)
T002400,Dalda Cooking Oil (500ml)
T002400,Frozen Paratha
T002401,Thal Sugar (200ml)
T002401,Bread
T002401,Biscuits
T002401,Surf Excel
T002402,Guard Rice (1kg)
T002402,Olpers Milk (Pack of 6)
T002403,Pepsi 1L
T002403,Surf Excel
T002403,Biscuits
T002403,Tapal Tea (250g)
T002403,Butter
T002403,Jam
T002404,Guard Rice (1kg)
T002404,Pepsi 1L
T002404,Lays Chips
T002404,Thal Sugar (200ml)
T002405,Lux Soap
T002405,Butter
T002405,Eggs
T002406,Eggs
T002406,Jam
T002406,Lux Soap
T002407,Bread
T002407,Lays Chips
T002407,Chicken
T002407,Noodles
T002408,Chicken
T002408,Jam
T002408,Noodles
T002408,Shan Biryani Masala
T002408,Biscuits
T002409,Guard Rice (1kg)
T002409,Dalda Cooking Oil (500ml)
T002409,National Ketchup (1kg)
T002409,Lux Soap
T002410,Dalda Cooking Oil (500ml)
T002410,Noodles
T002410,Olpers Milk (Pack of 6)
T002410,Thal Sugar (200ml)
T002410,Pepsi 1L
T002410,Eggs
T002411,Eggs
T002411,National Ketchup (1kg)
T002411,Pepsi 1L
T002411,Shan Biryani Masala
T002411,Frozen Paratha
T002412,Chicken
T002412,National Ketchup (1kg)
T002412,Guard Rice (1kg)
T002412,Noodles
T002412,Nestle Water
T002413,Dalda Cooking Oil (500ml)
T002413,National Ketchup (1kg)
T002414,Lays Chips
T002414,Olpers Milk (Pack of 6)
T002414,National Ketchup (1kg)
T002414,Pepsi 1L
T002414,Chicken
T002415,Surf Excel
T002415,Chicken
T002415,Pepsi 1L
T002415,Frozen Paratha
T002415,Guard Rice (1kg)
T002415,Lux Soap
T002416,Surf Excel
T002416,Eggs
T002416,Shan Biryani Masala
T002416,Pepsi 1L
T002416,Jam
T002417,Guard Rice (1kg)
T002417,Eggs
T002417,Frozen Paratha
T002418,Thal Sugar (200ml)
T002418,Surf Excel
T002418,Dalda Cooking Oil (500ml)
T002418,Noodles
T002419,National Ketchup (1kg)
T002419,Pepsi 1L
T002419,Surf Excel
T002419,Biscuits
T002420,Lux Soap
T002420,Guard Rice (1kg)
T002420,Chicken
T002420,Dalda Cooking Oil (500ml)
T002420,Tapal Tea (250g)
T002421,National Ketchup (1kg)
T002421,Olpers Milk (Pack of 6)
T002421,Bread
T002422,Noodles
T002422,Bread
T002422,Surf Excel
T002422,Thal Sugar (200ml)
T002423,Nestle Water
T002423,National Ketchup (1kg)
T002423,Tapal Tea (250g)
T002424,Butter
T002424,Nestle Water
T002424,Tapal Tea (250g)
T002425,Chicken
T002425,Tapal Tea (250g)
T002425,Pepsi 1L
T002425,National Ketchup (1kg)
T002425,Noodles
T002426,National Ketchup (1kg)
T002426,Lays Chips
T002426,Chicken
T002426,Dalda Cooking Oil (500ml)
T002426,Noodles
T002427,Biscuits
T002427,Lays Chips
T002427,Nestle Water
T002427,Bread
T002428,Olpers Milk (Pack of 6)
T002428,Bread
T002428,Frozen Paratha
T002428,Noodles
T002428,Surf Excel
T002429,Surf Excel
T002429,Bread
T002430,Thal Sugar (200ml)
T002430,Lays Chips
T002430,Tapal Tea (250g)
T002430,Frozen Paratha
T002430,Olpers Milk (Pack of 6)
T002431,Jam
T002431,Chicken
T002431,Dalda Cooking Oil (500ml)
T002431,National Ketchup (1kg)
T002431,Pepsi 1L
T002432,Tapal Tea (250g)
T002432,Shan Biryani Masala
T002432,Nestle Water
T002432,Eggs
T002432,National Ketchup (1kg)
T002432,Lays Chips
T002433,National Ketchup (1kg)
T002433,Pepsi 1L
T002433,Dalda Cooking Oil (500ml)
T002433,Nestle Water
T002433,Thal Sugar (200ml)
T002433,Jam
T002434,Pepsi 1L
T002434,Jam
T002434,Dalda Cooking Oil (500ml)
T002434,National Ketchup (1kg)
T002434,Lux Soap
T002434,Tapal Tea (250g)
T002435,Surf Excel
T002435,Thal Sugar (200ml)
T002435,Lux Soap
T002436,Lays Chips
T002436,Butter
T002436,Frozen Paratha
T002436,Jam
T002436,Lux Soap
T002436,Dalda Cooking Oil (500ml)
T002437,Butter
T002437,Surf Excel
T002437,Lux Soap
T002438,Eggs
T002438,Tapal Tea (250g)
T002438,Nestle Water
T002438,Dalda Cooking Oil (500ml)
T002438,Chicken
T002439,Surf Excel
T002439,Bread
T002439,Shan Biryani Masala
T002440,Tapal Tea (250g)
T002440,Olpers Milk (Pack of 6)
T002440,Pepsi 1L
T002440,Surf Excel
T002441,Noodles
T002441,Biscuits
T002441,Jam
T002441,Surf Excel
T002442,Dalda Cooking Oil (500ml)
T002442,Eggs
T002442,Noodles
T002442,Lux Soap
T002442,Biscuits
T002443,Lays Chips
T002443,National Ketchup (1kg)
T002444,Frozen Paratha
T002444,Lux Soap
T002444,National Ketchup (1kg)
T002445,Guard Rice (1kg)
T002445,Surf Excel
T002445,Biscuits
T002445,Thal Sugar (200ml)
T002445,National Ketchup (1kg)
T002445,Noodles
T002446,Surf Excel
T002446,Jam
T002446,Eggs
T002446,Olpers Milk (Pack of 6)
T002446,Tapal Tea (250g)
T002446,Dalda Cooking Oil (500ml)
T002447,Chicken
T002447,Tapal Tea (250g)
T002447,Nestle Water
T002447,Eggs
T002448,Chicken
T002448,Shan Biryani Masala
T002448,Lux Soap
T002448,Bread
T002448,Nestle Water
T002449,Jam
T002449,Thal Sugar (200ml)
T002449,Nestle Water
T002450,Butter
T002450,Chicken
T002450,Biscuits
T002450,Lays Chips
T002450,Dalda Cooking Oil (500ml)
T002450,Frozen Paratha
T002451,Shan Biryani Masala
T002451,Olpers Milk (Pack of 6)
T002451,Chicken
T002451,Eggs
T002451,Bread
T002452,Chicken
T002452,Nestle Water
T002453,Noodles
T002453,Butter
T002453,Frozen Paratha
T002454,Surf Excel
T002454,Biscuits
T002454,Jam
T002454,Lays Chips
T002454,National Ketchup (1kg)
T002454,Olpers Milk (Pack of 6)
T002455,Olpers Milk (Pack of 6)
T002455,Frozen Paratha
T002455,Lays Chips
T002456,Jam
T002456,Surf Excel
T002457,Butter
T002457,Eggs
T002458,Pepsi 1L
T002458,Olpers Milk (Pack of 6)
T002459,Jam
T002459,Bread
T002459,Pepsi 1L
T002460,Surf Excel
T002460,Frozen Paratha
T002460,Guard Rice (1kg)
T002460,Dalda Cooking Oil (500ml)
T002461,National Ketchup (1kg)
T002461,Pepsi 1L
T002461,Tapal Tea (250g)
T002462,Lays Chips
T002462,Lux Soap
T002462,Jam
T002463,Noodles
T002463,Lays Chips
T002464,Thal Sugar (200ml)
T002464,Eggs
T002464,Dalda Cooking Oil (500ml)
T002465,Chicken
T002465,National Ketchup (1kg)
T002465,Olpers Milk (Pack of 6)
T002466,Butter
T002466,Guard Rice (1kg)
T002466,Jam
T002466,Olpers Milk (Pack of 6)
T002467,Nestle Water
T002467,Guard Rice (1kg)
T002468,Guard Rice (1kg)
T002468,Butter
T002469,Surf Excel
T002469,Eggs
T002469,Biscuits
T002469,Shan Biryani Masala
T002470,Butter
T002470,Noodles
T002471,Shan Biryani Masala
T002471,Lays Chips
T002471,Guard Rice (1kg)
T002471,Pepsi 1L
T002472,Eggs
T002472,Tapal Tea (250g)
T002472,Lays Chips
T002472,Frozen Paratha
T002472,Noodles
T002472,Surf Excel
T002473,Frozen Paratha
T002473,Chicken
T002474,Chicken
T002474,Olpers Milk (Pack of 6)
T002475,Butter
T002475,Guard Rice (1kg)
T002475,Bread
T002475,Lays Chips
T002475,Biscuits
T002476,Thal Sugar (200ml)
T002476,Olpers Milk (Pack of 6)
T002477,Shan Biryani Masala
T002477,Guard Rice (1kg)
T002477,Butter
T002477,Thal Sugar (200ml)
T002477,Dalda Cooking Oil (500ml)
T002477,Frozen Paratha
T002478,Butter
T002478,Thal Sugar (200ml)
T002479,Guard Rice (1kg)
T002479,Olpers Milk (Pack of 6)
T002479,Chicken
T002479,Lux Soap
T002479,Nestle Water
T002479,National Ketchup (1kg)
T002480,National Ketchup (1kg)
T002480,Dalda Cooking Oil (500ml)
T002480,Thal Sugar (200ml)
T002480,Olpers Milk (Pack of 6)
T002480,Tapal Tea (250g)
T002480,Lux Soap
T002481,Biscuits
T002481,Bread
T002481,Jam
T002481,Shan Biryani Masala
T002481,Chicken
T002481,National Ketchup (1kg)
T002482,Tapal Tea (250g)
T002482,Nestle Water
T002482,Shan Biryani Masala
T002482,Dalda Cooking Oil (500ml)
T002483,Guard Rice (1kg)
T002483,Frozen Paratha
T002484,Shan Biryani Masala
T002484,Surf Excel
T002484,National Ketchup (1kg)
T002484,Noodles
T002484,Lays Chips
T002484,Pepsi 1L
T002485,Thal Sugar (200ml)
T002485,Bread
T002485,Biscuits
T002485,Butter
T002485,Surf Excel
T002485,Shan Biryani Masala
T002486,Olpers Milk (Pack of 6)
T002486,Tapal Tea (250g)
T002486,Dalda Cooking Oil (500ml)
T002487,Nestle Water
T002487,Surf Excel
T002488,Lux Soap
T002488,Nestle Water
T002488,Biscuits
T002488,Surf Excel
T002488,Eggs
T002488,Noodles
T002489,Surf Excel
T002489,Thal Sugar (200ml)
T002489,Jam
T002489,Biscuits
T002490,Thal Sugar (200ml)
T002490,Nestle Water
T002490,Surf Excel
T002490,Chicken
T002490,Lays Chips
T002491,Butter
T002491,Lays Chips
T002491,Shan Biryani Masala
T002491,Guard Rice (1kg)
T002491,Thal Sugar (200ml)
T002492,Guard Rice (1kg)
T002492,Eggs
T002492,Olpers Milk (Pack of 6)
T002492,National Ketchup (1kg)
T002492,Chicken
T002492,Frozen Paratha
T002493,Olpers Milk (Pack of 6)
T002493,Bread
T002494,Jam
T002494,National Ketchup (1kg)
T002494,Frozen Paratha
T002495,Chicken
T002495,Pepsi 1L
T002495,Jam
T002495,Dalda Cooking Oil (500ml)
T002495,Biscuits
T002495,Frozen Paratha
T002496,Biscuits
T002496,Shan Biryani Masala
T002496,Lux Soap
T002496,Surf Excel
T002497,Surf Excel
T002497,Pepsi 1L
T002497,Olpers Milk (Pack of 6)
T002497,Guard Rice (1kg)
T002497,Shan Biryani Masala
T002498,Lays Chips
T002498,Lux Soap
T002498,Noodles
T002498,Chicken
T002499,Thal Sugar (200ml)
T002499,Biscuits
T002499,National Ketchup (1kg)
T002499,Shan Biryani Masala
T002499,Tapal Tea (250g)
T002499,Butter
T002500,Bread
T002500,Shan Biryani Masala
T002501,Pepsi 1L
T002501,Lays Chips
T002501,Surf Excel
T002501,Lux Soap
T002501,Butter
T002501,Nestle Water
T002502,Jam
T002502,Surf Excel
T002502,Biscuits
T002502,Bread
T002503,Thal Sugar (200ml)
T002503,Nestle Water
T002503,Pepsi 1L
T002503,Noodles
T002503,Lays Chips
T002504,Guard Rice (1kg)
T002504,Bread
T002504,Lays Chips
T002504,Shan Biryani Masala
T002504,Olpers Milk (Pack of 6)
T002504,Noodles
T002505,Shan Biryani Masala
T002505,Butter
T002505,Olpers Milk (Pack of 6)
T002505,Dalda Cooking Oil (500ml)
T002505,Tapal Tea (250g)
T002506,Bread
T002506,Chicken
T002506,Surf Excel
T002507,Frozen Paratha
T002507,Eggs
T002508,Bread
T002508,Jam
T002509,Butter
T002509,Bread
T002509,Chicken
T002510,Butter
T002510,Chicken
T002510,Surf Excel
T002510,Noodles
T002511,Guard Rice (1kg)
T002511,Tapal Tea (250g)
T002512,Frozen Paratha
T002512,Guard Rice (1kg)
T002512,Thal Sugar (200ml)
T002512,Eggs
T002513,Butter
T002513,Frozen Paratha
T002513,National Ketchup (1kg)
T002514,Frozen Paratha
T002514,Thal Sugar (200ml)
T002514,Jam
T002514,Noodles
T002515,Olpers Milk (Pack of 6)
T002515,Bread
T002515,Chicken
T002516,Nestle Water
T002516,Eggs
T002516,Frozen Paratha
T002516,Thal Sugar (200ml)
T002517,Guard Rice (1kg)
T002517,Lays Chips
T002517,Bread
T002517,Chicken
T002517,Olpers Milk (Pack of 6)
T002517,Shan Biryani Masala
T002518,Lux Soap
T002518,Noodles
T002518,Bread
T002518,Nestle Water
T002518,Tapal Tea (250g)
T002519,Surf Excel
T002519,Olpers Milk (Pack of 6)
T002519,Tapal Tea (250g)
T002519,Nestle Water
T002519,Noodles
T002519,National Ketchup (1kg)
T002520,Biscuits
T002520,Lays Chips
T002520,Chicken
T002521,Jam
T002521,Noodles
T002521,Chicken
T002521,Tapal Tea (250g)
T002521,Frozen Paratha
T002521,Shan Biryani Masala
T002522,Guard Rice (1kg)
T002522,Jam
T002522,Lays Chips
T002523,Dalda Cooking Oil (500ml)
T002523,Surf Excel
T002523,Shan Biryani Masala
T002523,Frozen Paratha
T002523,Bread
T002524,Jam
T002524,Noodles
T002525,Shan Biryani Masala
T002525,Nestle Water
T002525,Lux Soap
T002526,Nestle Water
T002526,Bread
T002526,Chicken
T002526,Guard Rice (1kg)
T002527,Chicken
T002527,Jam
T002527,Biscuits
T002527,Butter
T002528,Shan Biryani Masala
T002528,National Ketchup (1kg)
T002528,Guard Rice (1kg)
T002528,Tapal Tea (250g)
T002528,Noodles
T002529,Bread
T002529,Guard Rice (1kg)
T002530,Thal Sugar (200ml)
T002530,Jam
T002530,Surf Excel
T002530,Shan Biryani Masala
T002530,Olpers Milk (Pack of 6)
T002530,Tapal Tea (250g)
T002531,Nestle Water
T002531,Jam
T002532,Bread
T002532,Frozen Paratha
T002532,Dalda Cooking Oil (500ml)
T002532,Eggs
T002532,Tapal Tea (250g)
T002533,Nestle Water
T002533,Shan Biryani Masala
T002533,Jam
T002533,National Ketchup (1kg)
T002534,Tapal Tea (250g)
T002534,Butter
T002535,Biscuits
T002535,National Ketchup (1kg)
T002536,Biscuits
T002536,National Ketchup (1kg)
T002536,Nestle Water
T002536,Shan Biryani Masala
T002536,Olpers Milk (Pack of 6)
T002537,Shan Biryani Masala
T002537,Pepsi 1L
T002537,Chicken
T002537,Thal Sugar (200ml)
T002538,Frozen Paratha
T002538,Nestle Water
T002539,Olpers Milk (Pack of 6)
T002539,Tapal Tea (250g)
T002539,Shan Biryani Masala
T002539,Eggs
T002540,Frozen Paratha
T002540,Olpers Milk (Pack of 6)
T002540,Butter
T002540,Noodles
T002540,Dalda Cooking Oil (500ml)
T002540,Bread
T002541,Jam
T002541,Chicken
T002541,Nestle Water
T002542,National Ketchup (1kg)
T002542,Noodles
T002543,Eggs
T002543,Tapal Tea (250g)
T002544,Jam
T002544,Tapal Tea (250g)
T002544,Bread
T002544,Lux Soap
T002544,Biscuits
T002545,Shan Biryani Masala
T002545,Biscuits
T002546,Shan Biryani Masala
T002546,Surf Excel
T002546,Lays Chips
T002547,Tapal Tea (250g)
T002547,Nestle Water
T002547,Pepsi 1L
T002548,Shan Biryani Masala
T002548,Guard Rice (1kg)
T002548,Noodles
T002548,Lux Soap
T002548,Eggs
T002548,Surf Excel
T002549,Biscuits
T002549,Chicken
T002549,Lays Chips
T002550,Pepsi 1L
T002550,Biscuits
T002550,Frozen Paratha
T002550,Eggs
T002550,Shan Biryani Masala
T002551,Eggs
T002551,Butter
T002551,Guard Rice (1kg)
T002551,Thal Sugar (200ml)
T002551,Surf Excel
T002552,Tapal Tea (250g)
T002552,Lux Soap
T002552,Surf Excel
T002552,Guard Rice (1kg)
T002552,Nestle Water
T002552,Frozen Paratha
T002553,Frozen Paratha
T002553,Biscuits
T002553,Nestle Water
T002553,Bread
T002554,Jam
T002554,Noodles
T002554,Biscuits
T002554,Shan Biryani Masala
T002555,Eggs
T002555,Noodles
T002555,Dalda Cooking Oil (500ml)
T002555,Surf Excel
T002555,Frozen Paratha
T002556,National Ketchup (1kg)
T002556,Frozen Paratha
T002556,Olpers Milk (Pack of 6)
T002557,Lays Chips
T002557,Guard Rice (1kg)
T002558,Tapal Tea (250g)
T002558,Shan Biryani Masala
T002558,Nestle Water
T002558,Olpers Milk (Pack of 6)
T002558,Noodles
T002559,Guard Rice (1kg)
T002559,Biscuits
T002559,Lux Soap
T002560,Shan Biryani Masala
T002560,National Ketchup (1kg)
T002560,Lays Chips
T002560,Frozen Paratha
T002561,Tapal Tea (250g)
T002561,Frozen Paratha
T002561,Butter
T002562,Eggs
T002562,Bread
T002562,Lays Chips
T002562,Nestle Water
T002563,Thal Sugar (200ml)
T002563,Butter
T002563,Dalda Cooking Oil (500ml)
T002563,Nestle Water
T002563,Bread
T002564,Dalda Cooking Oil (500ml)
T002564,Lays Chips
T002564,Tapal Tea (250g)
T002564,Thal Sugar (200ml)
T002564,Frozen Paratha
T002565,Lux Soap
T002565,Biscuits
T002566,Nestle Water
T002566,Tapal Tea (250g)
T002566,Pepsi 1L
T002566,Lays Chips
T002566,Surf Excel
T002566,Noodles
T002567,Shan Biryani Masala
T002567,Dalda Cooking Oil (500ml)
T002567,Pepsi 1L
T002567,Surf Excel
T002567,Guard Rice (1kg)
T002567,Chicken
T002568,Lux Soap
T002568,Dalda Cooking Oil (500ml)
T002568,Surf Excel
T002569,Shan Biryani Masala
T002569,Tapal Tea (250g)
T002569,National Ketchup (1kg)
T002569,Noodles
T002569,Pepsi 1L
T002569,Frozen Paratha
T002570,Frozen Paratha
T002570,Eggs
T002570,Dalda Cooking Oil (500ml)
T002570,Lays Chips
T002570,Butter
T002570,Shan Biryani Masala
T002571,Shan Biryani Masala
T002571,Thal Sugar (200ml)
T002571,Lays Chips
T002572,Tapal Tea (250g)
T002572,Nestle Water
T002572,Frozen Paratha
T002572,Surf Excel
T002572,Dalda Cooking Oil (500ml)
T002573,Guard Rice (1kg)
T002573,Chicken
T002573,Noodles
T002573,Butter
T002574,Biscuits
T002574,Surf Excel
T002574,Olpers Milk (Pack of 6)
T002574,Chicken
T002574,Noodles
T002575,Lux Soap
T002575,Lays Chips
T002575,Eggs
T002575,Biscuits
T002575,Bread
T002576,Bread
T002576,Tapal Tea (250g)
T002576,Thal Sugar (200ml)
T002576,Lux Soap
T002576,Dalda Cooking Oil (500ml)
T002577,Dalda Cooking Oil (500ml)
T002577,Pepsi 1L
T002577,Shan Biryani Masala
T002577,Frozen Paratha
T002578,Surf Excel
T002578,Thal Sugar (200ml)
T002578,Shan Biryani Masala
T002578,Guard Rice (1kg)
T002578,Lux Soap
T002579,Pepsi 1L
T002579,Jam
T002579,Nestle Water
T002579,Guard Rice (1kg)
T002580,Tapal Tea (250g)
T002580,Nestle Water
T002580,Surf Excel
T002580,Frozen Paratha
T002580,Dalda Cooking Oil (500ml)
T002580,Guard Rice (1kg)
T002581,Shan Biryani Masala
T002581,Noodles
T002581,Bread
T002581,Nestle Water
T002581,Surf Excel
T002582,Chicken
T002582,Shan Biryani Masala
T002582,Surf Excel
T002582,Biscuits
T002582,Bread
T002583,Nestle Water
T002583,Lays Chips
T002583,Lux Soap
T002583,Frozen Paratha
T002583,Biscuits
T002583,Bread
T002584,Nestle Water
T002584,Eggs
T002584,Chicken
T002585,Shan Biryani Masala
T002585,Frozen Paratha
T002585,Lays Chips
T002585,Biscuits
T002585,Tapal Tea (250g)
T002585,Jam
T002586,Butter
T002586,Frozen Paratha
T002586,Guard Rice (1kg)
T002586,Olpers Milk (Pack of 6)
T002586,National Ketchup (1kg)
T002587,Lux Soap
T002587,Surf Excel
T002588,Bread
T002588,Shan Biryani Masala
T002588,Surf Excel
T002589,Olpers Milk (Pack of 6)
T002589,Eggs
T002589,Guard Rice (1kg)
T002590,Noodles
T002590,Nestle Water
T002591,Olpers Milk (Pack of 6)
T002591,Guard Rice (1kg)
T002591,Lux Soap
T002592,Chicken
T002592,Olpers Milk (Pack of 6)
T002592,Dalda Cooking Oil (500ml)
T002592,Frozen Paratha
T002592,Tapal Tea (250g)
T002592,Guard Rice (1kg)
T002593,Bread
T002593,Jam
T002593,Nestle Water
T002593,Guard Rice (1kg)
T002594,Jam
T002594,Chicken
T002594,Lux Soap
T002595,Bread
T002595,Noodles
T002596,Butter
T002596,Guard Rice (1kg)
T002596,Noodles
T002596,Jam
T002597,Bread
T002597,Surf Excel
T002598,Bread
T002598,Lays Chips
T002598,Chicken
T002598,Surf Excel
T002599,Butter
T002599,Lux Soap
T002599,Surf Excel
T002599,Guard Rice (1kg)
T002600,Frozen Paratha
T002600,Shan Biryani Masala
T002600,Pepsi 1L
T002600,Dalda Cooking Oil (500ml)
T002600,Butter
T002601,Pepsi 1L
T002601,Olpers Milk (Pack of 6)
T002601,Butter
T002601,Guard Rice (1kg)
T002601,Dalda Cooking Oil (500ml)
T002602,Biscuits
T002602,Lays Chips
T002603,Tapal Tea (250g)
T002603,Guard Rice (1kg)
T002604,Biscuits
T002604,Tapal Tea (250g)
T002604,National Ketchup (1kg)
T002604,Chicken
T002604,Eggs
T002604,Lays Chips
T002605,Chicken
T002605,Frozen Paratha
T002605,Eggs
T002606,Nestle Water
T002606,Thal Sugar (200ml)
T002606,Shan Biryani Masala
T002606,Lux Soap
T002606,Bread
T002607,Bread
T002607,Frozen Paratha
T002608,Butter
T002608,Surf Excel
T002608,Lux Soap
T002609,Pepsi 1L
T002609,Olpers Milk (Pack of 6)
T002609,Surf Excel
T002609,Guard Rice (1kg)
T002609,Noodles
T002610,National Ketchup (1kg)
T002610,Nestle Water
T002610,Lux Soap
T002610,Frozen Paratha
T002610,Thal Sugar (200ml)
T002610,Shan Biryani Masala
T002611,Shan Biryani Masala
T002611,Lays Chips
T002611,Chicken
T002611,Pepsi 1L
T002612,Noodles
T002612,Nestle Water
T002612,Guard Rice (1kg)
T002612,Butter
T002613,Guard Rice (1kg)
T002613,Chicken
T002613,Lays Chips
T002614,Pepsi 1L
T002614,Nestle Water
T002614,Chicken
T002614,Noodles
T002614,Frozen Paratha
T002614,National Ketchup (1kg)
T002615,Thal Sugar (200ml)
T002615,Butter
T002615,Dalda Cooking Oil (500ml)
T002616,Olpers Milk (Pack of 6)
T002616,Lays Chips
T002616,Tapal Tea (250g)
T002616,Eggs
T002617,National Ketchup (1kg)
T002617,Tapal Tea (250g)
T002617,Noodles
T002617,Surf Excel
T002617,Chicken
T002618,Butter
T002618,Olpers Milk (Pack of 6)
T002618,Eggs
T002618,Thal Sugar (200ml)
T002618,National Ketchup (1kg)
T002619,Surf Excel
T002619,Guard Rice (1kg)
T002620,Olpers Milk (Pack of 6)
T002620,Chicken
T002620,National Ketchup (1kg)
T002620,Lux Soap
T002621,Butter
T002621,National Ketchup (1kg)
T002621,Eggs
T002622,Bread
T002622,National Ketchup (1kg)
T002622,Pepsi 1L
T002622,Eggs
T002623,Biscuits
T002623,Nestle Water
T002623,Frozen Paratha
T002623,Guard Rice (1kg)
T002624,Thal Sugar (200ml)
T002624,Eggs
T002624,Pepsi 1L
T002624,Tapal Tea (250g)
T002624,Noodles
T002624,Surf Excel
T002625,Olpers Milk (Pack of 6)
T002625,Shan Biryani Masala
T002626,Olpers Milk (Pack of 6)
T002626,Pepsi 1L
T002626,Chicken
T002626,Guard Rice (1kg)
T002627,Eggs
T002627,Surf Excel
T002627,Bread
T002627,Olpers Milk (Pack of 6)
T002628,Tapal Tea (250g)
T002628,Olpers Milk (Pack of 6)
T002628,Chicken
T002628,Lays Chips
T002629,Eggs
T002629,Surf Excel
T002629,National Ketchup (1kg)
T002629,Guard Rice (1kg)
T002629,Lays Chips
T002630,Noodles
T002630,Lux Soap
T002630,Lays Chips
T002630,Chicken
T002631,Bread
T002631,Shan Biryani Masala
T002631,Biscuits
T002631,National Ketchup (1kg)
T002631,Dalda Cooking Oil (500ml)
T002631,Noodles
T002632,Bread
T002632,Chicken
T002632,Shan Biryani Masala
T002633,Bread
T002633,Dalda Cooking Oil (500ml)
T002633,Biscuits
T002633,Lux Soap
T002633,Butter
T002634,Lux Soap
T002634,Bread
T002634,Thal Sugar (200ml)
T002634,Pepsi 1L
T002634,Jam
T002634,Tapal Tea (250g)
T002635,Dalda Cooking Oil (500ml)
T002635,Lux Soap
T002635,Bread
T002635,Frozen Paratha
T002635,Jam
T002636,Lays Chips
T002636,Frozen Paratha
T002636,Biscuits
T002636,Bread
T002636,Shan Biryani Masala
T002636,National Ketchup (1kg)
T002637,Chicken
T002637,National Ketchup (1kg)
T002637,Nestle Water
T002637,Pepsi 1L
T002637,Tapal Tea (250g)
T002637,Butter
T002638,Thal Sugar (200ml)
T002638,Shan Biryani Masala
T002638,National Ketchup (1kg)
T002639,Chicken
T002639,Thal Sugar (200ml)
T002639,Tapal Tea (250g)
T002640,Biscuits
T002640,Chicken
T002640,Olpers Milk (Pack of 6)
T002640,Guard Rice (1kg)
T002640,Butter
T002640,Noodles
T002641,Nestle Water
T002641,Shan Biryani Masala
T002641,Jam
T002642,Shan Biryani Masala
T002642,Noodles
T002642,Bread
T002642,Tapal Tea (250g)
T002642,Jam
T002643,Shan Biryani Masala
T002643,Lays Chips
T002643,National Ketchup (1kg)
T002643,Pepsi 1L
T002643,Lux Soap
T002644,Thal Sugar (200ml)
T002644,Olpers Milk (Pack of 6)
T002644,Frozen Paratha
T002645,Lays Chips
T002645,Thal Sugar (200ml)
T002645,Olpers Milk (Pack of 6)
T002646,Jam
T002646,Butter
T002647,Lays Chips
T002647,Butter
T002647,Jam
T002647,Pepsi 1L
T002647,Olpers Milk (Pack of 6)
T002647,National Ketchup (1kg)
T002648,Biscuits
T002648,Lux Soap
T002648,Frozen Paratha
T002648,Pepsi 1L
T002649,Olpers Milk (Pack of 6)
T002649,Chicken
T002649,Biscuits
T002649,Shan Biryani Masala
T002650,Dalda Cooking Oil (500ml)
T002650,Biscuits
T002650,Olpers Milk (Pack of 6)
T002651,Pepsi 1L
T002651,Eggs
T002651,Thal Sugar (200ml)
T002651,Jam
T002651,Shan Biryani Masala
T002651,Bread
T002652,Jam
T002652,Tapal Tea (250g)
T002652,Thal Sugar (200ml)
T002653,Noodles
T002653,Thal Sugar (200ml)
T002653,Shan Biryani Masala
T002653,Lays Chips
T002653,Frozen Paratha
T002653,Pepsi 1L
T002654,Nestle Water
T002654,Thal Sugar (200ml)
T002654,Lux Soap
T002654,Surf Excel
T002654,Pepsi 1L
T002655,Dalda Cooking Oil (500ml)
T002655,Frozen Paratha
T002655,Biscuits
T002656,Dalda Cooking Oil (500ml)
T002656,Bread
T002657,Thal Sugar (200ml)
T002657,Guard Rice (1kg)
T002657,Eggs
T002657,Shan Biryani Masala
T002657,Noodles
T002657,Jam
T002658,Jam
T002658,Thal Sugar (200ml)
T002658,Shan Biryani Masala
T002658,Olpers Milk (Pack of 6)
T002658,Butter
T002658,Nestle Water
T002659,Surf Excel
T002659,Nestle Water
T002659,Biscuits
T002659,Pepsi 1L
T002660,Bread
T002660,Biscuits
T002661,Shan Biryani Masala
T002661,Olpers Milk (Pack of 6)
T002661,Pepsi 1L
T002661,Eggs
T002662,Thal Sugar (200ml)
T002662,National Ketchup (1kg)
T002663,Frozen Paratha
T002663,Noodles
T002663,Pepsi 1L
T002663,Thal Sugar (200ml)
T002663,Eggs
T002663,Surf Excel
T002664,Jam
T002664,Thal Sugar (200ml)
T002664,Shan Biryani Masala
T002664,Chicken
T002664,Frozen Paratha
T002665,Pepsi 1L
T002665,Butter
T002666,Thal Sugar (200ml)
T002666,Noodles
T002666,Lux Soap
T002667,Nestle Water
T002667,Frozen Paratha
T002668,Frozen Paratha
T002668,Jam
T002668,Nestle Water
T002669,Guard Rice (1kg)
T002669,Eggs
T002669,Shan Biryani Masala
T002669,Olpers Milk (Pack of 6)
T002669,Noodles
T002670,Chicken
T002670,Olpers Milk (Pack of 6)
T002671,Nestle Water
T002671,Chicken
T002671,Surf Excel
T002671,Bread
T002671,Lays Chips
T002672,Noodles
T002672,Shan Biryani Masala
T002672,Tapal Tea (250g)
T002672,Dalda Cooking Oil (500ml)
T002672,Lays Chips
T002672,Biscuits
T002673,Thal Sugar (200ml)
T002673,Nestle Water
T002673,Frozen Paratha
T002673,Eggs
T002674,Butter
T002674,Tapal Tea (250g)
T002674,Nestle Water
T002674,Thal Sugar (200ml)
T002674,Dalda Cooking Oil (500ml)
T002674,Guard Rice (1kg)
T002675,Chicken
T002675,Bread
T002675,Surf Excel
T002676,Nestle Water
T002676,Eggs
T002676,Dalda Cooking Oil (500ml)
T002676,Tapal Tea (250g)
T002677,Dalda Cooking Oil (500ml)
T002677,Thal Sugar (200ml)
T002677,Biscuits
T002677,Jam
T002677,Bread
T002678,Tapal Tea (250g)
T002678,Noodles
T002678,Chicken
T002678,Shan Biryani Masala
T002678,Thal Sugar (200ml)
T002678,National Ketchup (1kg)
T002679,Surf Excel
T002679,Biscuits
T002679,Bread
T002680,Olpers Milk (Pack of 6)
T002680,Dalda Cooking Oil (500ml)
T002680,Jam
T002680,Pepsi 1L
T002680,Surf Excel
T002681,Noodles
T002681,Butter
T002681,Eggs
T002682,Surf Excel
T002682,Nestle Water
T002683,Jam
T002683,Shan Biryani Masala
T002683,Nestle Water
T002684,Surf Excel
T002684,Pepsi 1L
T002685,Surf Excel
T002685,Dalda Cooking Oil (500ml)
T002685,Pepsi 1L
T002685,Lays Chips
T002686,Thal Sugar (200ml)
T002686,Biscuits
T002687,Eggs
T002687,Butter
T002688,Chicken
T002688,Tapal Tea (250g)
T002688,Shan Biryani Masala
T002688,Nestle Water
T002688,Thal Sugar (200ml)
T002688,Bread
T002689,Biscuits
T002689,Eggs
T002689,Shan Biryani Masala
T002690,Tapal Tea (250g)
T002690,Noodles
T002690,Pepsi 1L
T002690,National Ketchup (1kg)
T002690,Chicken
T002691,Shan Biryani Masala
T002691,Butter
T002691,Chicken
T002691,Jam
T002691,Nestle Water
T002692,National Ketchup (1kg)
T002692,Frozen Paratha
T002692,Surf Excel
T002692,Chicken
T002692,Olpers Milk (Pack of 6)
T002692,Biscuits
T002693,Dalda Cooking Oil (500ml)
T002693,Biscuits
T002694,Dalda Cooking Oil (500ml)
T002694,Lays Chips
T002695,National Ketchup (1kg)
T002695,Pepsi 1L
T002695,Lays Chips
T002695,Noodles
T002696,Butter
T002696,Surf Excel
T002696,Nestle Water
T002696,Guard Rice (1kg)
T002697,Bread
T002697,Guard Rice (1kg)
T002697,Jam
T002697,Olpers Milk (Pack of 6)
T002697,Lays Chips
T002697,Pepsi 1L
T002698,Surf Excel
T002698,Eggs
T002698,Thal Sugar (200ml)
T002698,Jam
T002698,Tapal Tea (250g)
T002698,Shan Biryani Masala
T002699,Eggs
T002699,Tapal Tea (250g)
T002699,Chicken
T002699,Dalda Cooking Oil (500ml)
T002699,Butter
T002700,Frozen Paratha
T002700,Nestle Water
T002700,Lays Chips
T002700,Lux Soap
T002701,Olpers Milk (Pack of 6)
T002701,National Ketchup (1kg)
T002701,Surf Excel
T002701,Guard Rice (1kg)
T002701,Biscuits
T002702,Eggs
T002702,Jam
T002702,Lays Chips
T002702,Thal Sugar (200ml)
T002702,Olpers Milk (Pack of 6)
T002702,Nestle Water
T002703,Olpers Milk (Pack of 6)
T002703,Butter
T002703,Jam
T002703,Shan Biryani Masala
T002703,Dalda Cooking Oil (500ml)
T002703,Pepsi 1L
T002704,Dalda Cooking Oil (500ml)
T002704,Biscuits
T002704,Lays Chips
T002704,National Ketchup (1kg)
T002704,Jam
T002705,Frozen Paratha
T002705,Dalda Cooking Oil (500ml)
T002705,Bread
T002705,Shan Biryani Masala
T002706,Guard Rice (1kg)
T002706,Olpers Milk (Pack of 6)
T002707,Bread
T002707,Lux Soap
T002707,Frozen Paratha
T002708,Butter
T002708,Biscuits
T002708,Lux Soap
T002708,Jam
T002709,Jam
T002709,Shan Biryani Masala
T002709,Butter
T002709,Surf Excel
T002709,Nestle Water
T002709,Dalda Cooking Oil (500ml)
T002710,National Ketchup (1kg)
T002710,Dalda Cooking Oil (500ml)
T002710,Thal Sugar (200ml)
T002710,Surf Excel
T002711,Nestle Water
T002711,Surf Excel
T002712,Chicken
T002712,Biscuits
T002712,Olpers Milk (Pack of 6)
T002712,Pepsi 1L
T002712,Surf Excel
T002713,Shan Biryani Masala
T002713,Frozen Paratha
T002713,Surf Excel
T002713,Tapal Tea (250g)
T002713,Butter
T002713,Eggs
T002714,Lays Chips
T002714,Thal Sugar (200ml)
T002714,Tapal Tea (250g)
T002714,National Ketchup (1kg)
T002714,Noodles
T002715,Guard Rice (1kg)
T002715,Eggs
T002715,Jam
T002715,Frozen Paratha
T002716,Chicken
T002716,Jam
T002716,Butter
T002717,Jam
T002717,Pepsi 1L
T002717,Dalda Cooking Oil (500ml)
T002717,Nestle Water
T002717,Thal Sugar (200ml)
T002717,Lays Chips
T002718,Tapal Tea (250g)
T002718,Pepsi 1L
T002719,Guard Rice (1kg)
T002719,Dalda Cooking Oil (500ml)
T002719,Surf Excel
T002719,Nestle Water
T002720,Eggs
T002720,Shan Biryani Masala
T002720,Chicken
T002721,Pepsi 1L
T002721,Frozen Paratha
T002721,Lux Soap
T002721,Chicken
T002721,Jam
T002722,Butter
T002722,Noodles
T002722,Jam
T002723,Thal Sugar (200ml)
T002723,Lays Chips
T002723,Surf Excel
T002723,Olpers Milk (Pack of 6)
T002723,Noodles
T002724,Shan Biryani Masala
T002724,Eggs
T002724,Butter
T002725,Noodles
T002725,Butter
T002725,Guard Rice (1kg)
T002726,Eggs
T002726,Chicken
T002726,Jam
T002726,Guard Rice (1kg)
T002726,Dalda Cooking Oil (500ml)
T002726,Bread
T002727,Guard Rice (1kg)
T002727,Dalda Cooking Oil (500ml)
T002727,Butter
T002727,Shan Biryani Masala
T002727,Jam
T002728,Jam
T002728,Surf Excel
T002728,Eggs
T002728,Chicken
T002729,Lux Soap
T002729,Tapal Tea (250g)
T002729,Biscuits
T002729,Pepsi 1L
T002729,Lays Chips
T002729,Surf Excel
T002730,Surf Excel
T002730,Thal Sugar (200ml)
T002730,Bread
T002730,Nestle Water
T002730,Tapal Tea (250g)
T002731,Bread
T002731,Olpers Milk (Pack of 6)
T002731,Frozen Paratha
T002731,Surf Excel
T002731,Guard Rice (1kg)
T002732,Jam
T002732,Guard Rice (1kg)
T002732,Butter
T002732,Shan Biryani Masala
T002733,National Ketchup (1kg)
T002733,Dalda Cooking Oil (500ml)
T002733,Guard Rice (1kg)
T002733,Lays Chips
T002733,Chicken
T002734,Bread
T002734,Surf Excel
T002734,Nestle Water
T002734,Pepsi 1L
T002735,Thal Sugar (200ml)
T002735,Surf Excel
T002736,Nestle Water
T002736,Lays Chips
T002736,Jam
T002736,Frozen Paratha
T002736,Bread
T002737,Pepsi 1L
T002737,Olpers Milk (Pack of 6)
T002737,Eggs
T002737,Surf Excel
T002737,Dalda Cooking Oil (500ml)
T002738,Bread
T002738,Thal Sugar (200ml)
T002738,National Ketchup (1kg)
T002738,Shan Biryani Masala
T002739,Noodles
T002739,Nestle Water
T002739,Guard Rice (1kg)
T002739,Olpers Milk (Pack of 6)
T002739,Bread
T002739,Dalda Cooking Oil (500ml)
T002740,National Ketchup (1kg)
T002740,Nestle Water
T002740,Jam
T002741,Dalda Cooking Oil (500ml)
T002741,Lays Chips
T002741,Surf Excel
T002741,Frozen Paratha
T002742,Nestle Water
T002742,Frozen Paratha
T002742,Dalda Cooking Oil (500ml)
T002742,Lux Soap
T002742,Eggs
T002742,National Ketchup (1kg)
T002743,Chicken
T002743,Thal Sugar (200ml)
T002743,Bread
T002744,Tapal Tea (250g)
T002744,Lux Soap
T002744,Olpers Milk (Pack of 6)
T002745,National Ketchup (1kg)
T002745,Frozen Paratha
T002745,Thal Sugar (200ml)
T002745,Shan Biryani Masala
T002746,Bread
T002746,Shan Biryani Masala
T002746,Biscuits
T002747,Eggs
T002747,Olpers Milk (Pack of 6)
T002747,Nestle Water
T002747,Lux Soap
T002747,Frozen Paratha
T002747,Tapal Tea (250g)
T002748,Frozen Paratha
T002748,Nestle Water
T002748,Guard Rice (1kg)
T002749,Bread
T002749,Chicken
T002749,Dalda Cooking Oil (500ml)
T002749,Tapal Tea (250g)
T002750,Eggs
T002750,Butter
T002751,Bread
T002751,Surf Excel
T002752,Frozen Paratha
T002752,Thal Sugar (200ml)
T002752,Pepsi 1L
T002752,Jam
T002752,Butter
T002753,Thal Sugar (200ml)
T002753,Frozen Paratha
T002753,Eggs
T002754,Jam
T002754,Olpers Milk (Pack of 6)
T002754,Frozen Paratha
T002754,Dalda Cooking Oil (500ml)
T002754,Lux Soap
T002755,Shan Biryani Masala
T002755,Butter
T002755,Dalda Cooking Oil (500ml)
T002756,Bread
T002756,National Ketchup (1kg)
T002756,Chicken
T002756,Biscuits
T002756,Dalda Cooking Oil (500ml)
T002756,Lays Chips
T002757,Biscuits
T002757,Pepsi 1L
T002757,Surf Excel
T002757,Jam
T002757,Tapal Tea (250g)
T002758,Olpers Milk (Pack of 6)
T002758,Dalda Cooking Oil (500ml)
T002758,Lux Soap
T002758,Eggs
T002759,Shan Biryani Masala
T002759,Chicken
T002759,Lux Soap
T002760,Pepsi 1L
T002760,Biscuits
T002761,Butter
T002761,Guard Rice (1kg)
T002761,Biscuits
T002761,Eggs
T002761,Jam
T002761,Pepsi 1L
T002762,Shan Biryani Masala
T002762,Thal Sugar (200ml)
T002762,Lays Chips
T002763,Lux Soap
T002763,Frozen Paratha
T002763,Noodles
T002763,Guard Rice (1kg)
T002763,Shan Biryani Masala
T002764,Shan Biryani Masala
T002764,Chicken
T002765,Pepsi 1L
T002765,Thal Sugar (200ml)
T002765,Dalda Cooking Oil (500ml)
T002765,Bread
T002765,Surf Excel
T002765,Frozen Paratha
T002766,Eggs
T002766,Butter
T002766,Dalda Cooking Oil (500ml)
T002766,Bread
T002767,Biscuits
T002767,National Ketchup (1kg)
T002767,Pepsi 1L
T002768,Bread
T002768,Lux Soap
T002768,Tapal Tea (250g)
T002768,Lays Chips
T002768,Pepsi 1L
T002769,Chicken
T002769,Tapal Tea (250g)
T002769,Surf Excel
T002770,Jam
T002770,Dalda Cooking Oil (500ml)
T002770,Biscuits
T002770,Nestle Water
T002771,Pepsi 1L
T002771,Eggs
T002771,Biscuits
T002771,Shan Biryani Masala
T002771,Guard Rice (1kg)
T002772,Olpers Milk (Pack of 6)
T002772,Noodles
T002773,Tapal Tea (250g)
T002773,Shan Biryani Masala
T002774,Jam
T002774,Bread
T002774,Olpers Milk (Pack of 6)
T002775,Nestle Water
T002775,Tapal Tea (250g)
T002775,Jam
T002775,Eggs
T002776,Lays Chips
T002776,Thal Sugar (200ml)
T002776,Guard Rice (1kg)
T002776,Eggs
T002776,Chicken
T002776,Pepsi 1L
T002777,Dalda Cooking Oil (500ml)
T002777,Pepsi 1L
T002777,Noodles
T002777,Shan Biryani Masala
T002777,Nestle Water
T002778,Chicken
T002778,Bread
T002779,Tapal Tea (250g)
T002779,Bread
T002779,Biscuits
T002779,Surf Excel
T002779,Noodles
T002780,National Ketchup (1kg)
T002780,Pepsi 1L
T002781,Surf Excel
T002781,Olpers Milk (Pack of 6)
T002781,Tapal Tea (250g)
T002781,Frozen Paratha
T002782,Dalda Cooking Oil (500ml)
T002782,Bread
T002782,Biscuits
T002783,Lux Soap
T002783,Bread
T002783,National Ketchup (1kg)
T002783,Frozen Paratha
T002784,Thal Sugar (200ml)
T002784,Lays Chips
T002784,Tapal Tea (250g)
T002784,Eggs
T002784,Frozen Paratha
T002784,Olpers Milk (Pack of 6)
T002785,Noodles
T002785,Nestle Water
T002785,National Ketchup (1kg)
T002786,Guard Rice (1kg)
T002786,Noodles
T002787,Butter
T002787,Nestle Water
T002788,Lux Soap
T002788,Butter
T002788,Biscuits
T002788,Tapal Tea (250g)
T002788,Eggs
T002789,Butter
T002789,Shan Biryani Masala
T002789,Dalda Cooking Oil (500ml)
T002789,Tapal Tea (250g)
T002790,Frozen Paratha
T002790,Tapal Tea (250g)
T002790,Biscuits
T002790,Chicken
T002790,Butter
T002790,Lux Soap
T002791,Eggs
T002791,National Ketchup (1kg)
T002791,Jam
T002791,Butter
T002791,Lux Soap
T002792,Biscuits
T002792,Olpers Milk (Pack of 6)
T002793,Lays Chips
T002793,Frozen Paratha
T002794,Nestle Water
T002794,Surf Excel
T002794,Frozen Paratha
T002794,Guard Rice (1kg)
T002794,Chicken
T002794,Pepsi 1L
T002795,Lux Soap
T002795,Biscuits
T002795,National Ketchup (1kg)
T002795,Bread
T002795,Lays Chips
T002796,Dalda Cooking Oil (500ml)
T002796,Lux Soap
T002796,Butter
T002797,Chicken
T002797,Lays Chips
T002797,Tapal Tea (250g)
T002797,Noodles
T002798,Pepsi 1L
T002798,Dalda Cooking Oil (500ml)
T002798,Jam
T002799,Jam
T002799,Bread
T002799,Guard Rice (1kg)
T002800,Eggs
T002800,Guard Rice (1kg)
T002801,Shan Biryani Masala
T002801,National Ketchup (1kg)
T002801,Noodles
T002802,Bread
T002802,Nestle Water
T002802,Frozen Paratha
T002802,Surf Excel
T002803,Chicken
T002803,Dalda Cooking Oil (500ml)
T002803,Olpers Milk (Pack of 6)
T002803,Eggs
T002803,Butter
T002804,National Ketchup (1kg)
T002804,Surf Excel
T002804,Dalda Cooking Oil (500ml)
T002805,Butter
T002805,Thal Sugar (200ml)
T002806,Dalda Cooking Oil (500ml)
T002806,Pepsi 1L
T002806,Frozen Paratha
T002806,Butter
T002806,Thal Sugar (200ml)
T002807,Pepsi 1L
T002807,Lux Soap
T002807,Biscuits
T002807,Lays Chips
T002808,Nestle Water
T002808,Bread
T002808,Tapal Tea (250g)
T002808,Dalda Cooking Oil (500ml)
T002808,Thal Sugar (200ml)
T002808,Frozen Paratha
T002809,Nestle Water
T002809,Frozen Paratha
T002809,Surf Excel
T002809,Guard Rice (1kg)
T002809,Shan Biryani Masala
T002810,Thal Sugar (200ml)
T002810,Shan Biryani Masala
T002811,Lux Soap
T002811,Shan Biryani Masala
T002812,Butter
T002812,Eggs
T002812,Guard Rice (1kg)
T002813,Thal Sugar (200ml)
T002813,Eggs
T002813,Guard Rice (1kg)
T002813,Nestle Water
T002813,Biscuits
T002814,Tapal Tea (250g)
T002814,Lays Chips
T002814,Bread
T002814,Butter
T002814,Nestle Water
T002815,Nestle Water
T002815,National Ketchup (1kg)
T002815,Shan Biryani Masala
T002815,Biscuits
T002816,Butter
T002816,Eggs
T002817,Surf Excel
T002817,National Ketchup (1kg)
T002817,Bread
T002817,Jam
T002818,Surf Excel
T002818,Noodles
T002818,Butter
T002819,Lays Chips
T002819,Chicken
T002819,Guard Rice (1kg)
T002819,Tapal Tea (250g)
T002820,Frozen Paratha
T002820,Eggs
T002820,Thal Sugar (200ml)
T002820,Jam
T002820,Chicken
T002820,Biscuits
T002821,Jam
T002821,Chicken
T002821,National Ketchup (1kg)
T002821,Nestle Water
T002822,National Ketchup (1kg)
T002822,Butter
T002822,Lays Chips
T002823,Guard Rice (1kg)
T002823,Eggs
T002824,Shan Biryani Masala
T002824,Pepsi 1L
T002824,Biscuits
T002824,National Ketchup (1kg)
T002825,Lux Soap
T002825,Butter
T002825,Guard Rice (1kg)
T002826,Butter
T002826,Nestle Water
T002826,Lux Soap
T002827,Noodles
T002827,Tapal Tea (250g)
T002828,Lays Chips
T002828,Butter
T002828,Shan Biryani Masala
T002828,National Ketchup (1kg)
T002828,Tapal Tea (250g)
T002829,Biscuits
T002829,Eggs
T002829,Chicken
T002829,Lux Soap
T002830,Frozen Paratha
T002830,National Ketchup (1kg)
T002831,Tapal Tea (250g)
T002831,Butter
T002831,Olpers Milk (Pack of 6)
T002831,Pepsi 1L
T002832,Shan Biryani Masala
T002832,Guard Rice (1kg)
T002833,Chicken
T002833,Nestle Water
T002833,National Ketchup (1kg)
T002833,Olpers Milk (Pack of 6)
T002833,Tapal Tea (250g)
T002833,Biscuits
T002834,Lux Soap
T002834,Bread
T002835,Eggs
T002835,Bread
T002835,Pepsi 1L
T002835,Lux Soap
T002835,Guard Rice (1kg)
T002836,Pepsi 1L
T002836,Frozen Paratha
T002837,Frozen Paratha
T002837,Tapal Tea (250g)
T002837,Pepsi 1L
T002837,Nestle Water
T002838,Eggs
T002838,Pepsi 1L
T002838,Shan Biryani Masala
T002838,Olpers Milk (Pack of 6)
T002839,Tapal Tea (250g)
T002839,Shan Biryani Masala
T002840,Tapal Tea (250g)
T002840,Bread
T002840,Dalda Cooking Oil (500ml)
T002840,Lux Soap
T002840,Pepsi 1L
T002841,Lux Soap
T002841,Guard Rice (1kg)
T002841,National Ketchup (1kg)
T002841,Bread
T002842,Bread
T002842,Nestle Water
T002843,Biscuits
T002843,Eggs
T002843,Jam
T002843,Shan Biryani Masala
T002844,Guard Rice (1kg)
T002844,Pepsi 1L
T002844,Frozen Paratha
T002844,Jam
T002845,Biscuits
T002845,National Ketchup (1kg)
T002845,Lays Chips
T002846,Tapal Tea (250g)
T002846,Lays Chips
T002846,Butter
T002847,Guard Rice (1kg)
T002847,Lux Soap
T002847,Surf Excel
T002847,Eggs
T002848,Pepsi 1L
T002848,Shan Biryani Masala
T002848,Noodles
T002848,Bread
T002848,Olpers Milk (Pack of 6)
T002849,Thal Sugar (200ml)
T002849,Tapal Tea (250g)
T002850,Surf Excel
T002850,Dalda Cooking Oil (500ml)
T002850,Lays Chips
T002850,Biscuits
T002850,Lux Soap
T002850,Guard Rice (1kg)
T002851,Biscuits
T002851,Shan Biryani Masala
T002851,Nestle Water
T002851,Pepsi 1L
T002851,Surf Excel
T002851,National Ketchup (1kg)
T002852,Bread
T002852,Lux Soap
T002852,Pepsi 1L
T002852,Jam
T002852,Nestle Water
T002852,Frozen Paratha
T002853,Frozen Paratha
T002853,Guard Rice (1kg)
T002853,Bread
T002853,Thal Sugar (200ml)
T002853,Surf Excel
T002853,Eggs
T002854,Bread
T002854,Shan Biryani Masala
T002854,Pepsi 1L
T002854,Nestle Water
T002855,Thal Sugar (200ml)
T002855,Noodles
T002856,Butter
T002856,Biscuits
T002856,Guard Rice (1kg)
T002856,Eggs
T002856,Olpers Milk (Pack of 6)
T002856,Nestle Water
T002857,Butter
T002857,Frozen Paratha
T002857,Thal Sugar (200ml)
T002858,National Ketchup (1kg)
T002858,Jam
T002858,Frozen Paratha
T002858,Lux Soap
T002858,Biscuits
T002858,Bread
T002859,Lays Chips
T002859,Thal Sugar (200ml)
T002859,Guard Rice (1kg)
T002859,Surf Excel
T002859,Biscuits
T002859,Noodles
T002860,Chicken
T002860,Thal Sugar (200ml)
T002860,Pepsi 1L
T002861,Jam
T002861,Noodles
T002861,Eggs
T002861,Bread
T002862,Pepsi 1L
T002862,Butter
T002862,Olpers Milk (Pack of 6)
T002862,Lux Soap
T002863,Dalda Cooking Oil (500ml)
T002863,Surf Excel
T002863,Thal Sugar (200ml)
T002863,Butter
T002864,Chicken
T002864,Bread
T002865,Guard Rice (1kg)
T002865,Bread
T002865,Dalda Cooking Oil (500ml)
T002865,Lux Soap
T002865,Pepsi 1L
T002866,Dalda Cooking Oil (500ml)
T002866,Biscuits
T002866,Lays Chips
T002867,Bread
T002867,Butter
T002868,National Ketchup (1kg)
T002868,Butter
T002869,Biscuits
T002869,Eggs
T002869,Lays Chips
T002869,Lux Soap
T002869,Thal Sugar (200ml)
T002870,Nestle Water
T002870,Frozen Paratha
T002870,Guard Rice (1kg)
T002870,Chicken
T002870,National Ketchup (1kg)
T002871,Butter
T002871,Dalda Cooking Oil (500ml)
T002871,Olpers Milk (Pack of 6)
T002871,Thal Sugar (200ml)
T002872,Lays Chips
T002872,Nestle Water
T002872,Guard Rice (1kg)
T002873,Nestle Water
T002873,Surf Excel
T002873,Thal Sugar (200ml)
T002873,Bread
T002873,Eggs
T002874,Tapal Tea (250g)
T002874,Frozen Paratha
T002874,Eggs
T002874,Surf Excel
T002875,Butter
T002875,Guard Rice (1kg)
T002875,Jam
T002875,Olpers Milk (Pack of 6)
T002876,Noodles
T002876,Thal Sugar (200ml)
T002876,Dalda Cooking Oil (500ml)
T002876,Biscuits
T002876,Chicken
T002876,Lays Chips
T002877,Surf Excel
T002877,Jam
T002877,Eggs
T002877,Tapal Tea (250g)
T002878,Thal Sugar (200ml)
T002878,Tapal Tea (250g)
T002878,Surf Excel
T002878,Pepsi 1L
T002879,Nestle Water
T002879,Frozen Paratha
T002879,National Ketchup (1kg)
T002880,Noodles
T002880,Jam
T002881,Olpers Milk (Pack of 6)
T002881,Pepsi 1L
T002881,Surf Excel
T002881,Tapal Tea (250g)
T002882,Jam
T002882,Bread
T002882,Lays Chips
T002883,Biscuits
T002883,Thal Sugar (200ml)
T002883,Tapal Tea (250g)
T002883,Bread
T002883,Nestle Water
T002883,Pepsi 1L
T002884,Dalda Cooking Oil (500ml)
T002884,Noodles
T002884,Lays Chips
T002884,Tapal Tea (250g)
T002885,Olpers Milk (Pack of 6)
T002885,Nestle Water
T002885,Dalda Cooking Oil (500ml)
T002885,Noodles
T002885,Pepsi 1L
T002885,Guard Rice (1kg)
T002886,Lux Soap
T002886,Surf Excel
T002887,Olpers Milk (Pack of 6)
T002887,Nestle Water
T002887,Surf Excel
T002887,Lays Chips
T002887,Eggs
T002887,Dalda Cooking Oil (500ml)
T002888,Chicken
T002888,National Ketchup (1kg)
T002888,Frozen Paratha
T002888,Dalda Cooking Oil (500ml)
T002888,Jam
T002888,Olpers Milk (Pack of 6)
T002889,Lays Chips
T002889,Butter
T002889,Noodles
T002890,Surf Excel
T002890,Chicken
T002891,Dalda Cooking Oil (500ml)
T002891,Olpers Milk (Pack of 6)
T002892,Chicken
T002892,Tapal Tea (250g)
T002892,Nestle Water
T002892,Surf Excel
T002892,Jam
T002892,Shan Biryani Masala
T002893,Surf Excel
T002893,Pepsi 1L
T002893,Butter
T002893,Noodles
T002893,Lays Chips
T002893,Thal Sugar (200ml)
T002894,Frozen Paratha
T002894,Pepsi 1L
T002894,Surf Excel
T002894,Eggs
T002894,Olpers Milk (Pack of 6)
T002894,National Ketchup (1kg)
T002895,Butter
T002895,Frozen Paratha
T002895,Noodles
T002896,Bread
T002896,Surf Excel
T002896,Jam
T002896,Lays Chips
T002897,National Ketchup (1kg)
T002897,Guard Rice (1kg)
T002897,Tapal Tea (250g)
T002897,Jam
T002897,Lux Soap
T002897,Biscuits
T002898,Jam
T002898,Frozen Paratha
T002898,Guard Rice (1kg)
T002899,Eggs
T002899,Dalda Cooking Oil (500ml)
T002899,Jam
T002899,Lux Soap
T002900,Frozen Paratha
T002900,Shan Biryani Masala
T002900,Dalda Cooking Oil (500ml)
T002900,Jam
T002900,Surf Excel
T002901,Eggs
T002901,Tapal Tea (250g)
T002901,Lays Chips
T002901,Lux Soap
T002901,Nestle Water
T002902,Noodles
T002902,Pepsi 1L
T002902,Lux Soap
T002902,Thal Sugar (200ml)
T002903,Butter
T002903,Olpers Milk (Pack of 6)
T002903,Dalda Cooking Oil (500ml)
T002903,Tapal Tea (250g)
T002903,Noodles
T002903,Chicken
T002904,Thal Sugar (200ml)
T002904,Biscuits
T002904,Bread
T002904,Shan Biryani Masala
T002904,Eggs
T002904,Chicken
T002905,Chicken
T002905,Lays Chips
T002905,Guard Rice (1kg)
T002905,Lux Soap
T002905,Biscuits
T002905,Thal Sugar (200ml)
T002906,Pepsi 1L
T002906,Guard Rice (1kg)
T002906,Nestle Water
T002906,Dalda Cooking Oil (500ml)
T002906,National Ketchup (1kg)
T002907,Tapal Tea (250g)
T002907,Lux Soap
T002907,Olpers Milk (Pack of 6)
T002907,Lays Chips
T002908,Noodles
T002908,Thal Sugar (200ml)
T002909,Jam
T002909,Surf Excel
T002909,Lays Chips
T002909,Dalda Cooking Oil (500ml)
T002909,Bread
T002910,Guard Rice (1kg)
T002910,Nestle Water
T002910,Bread
T002911,Lux Soap
T002911,Tapal Tea (250g)
T002911,Biscuits
T002911,Thal Sugar (200ml)
T002911,Butter
T002912,Frozen Paratha
T002912,Lays Chips
T002912,Chicken
T002912,National Ketchup (1kg)
T002913,Nestle Water
T002913,Bread
T002914,Frozen Paratha
T002914,Lux Soap
T002915,Lays Chips
T002915,Bread
T002915,Thal Sugar (200ml)
T002915,Eggs
T002916,Guard Rice (1kg)
T002916,Tapal Tea (250g)
T002916,Nestle Water
T002916,Lays Chips
T002916,Pepsi 1L
T002917,Noodles
T002917,Dalda Cooking Oil (500ml)
T002917,Pepsi 1L
T002917,Guard Rice (1kg)
T002918,Chicken
T002918,Pepsi 1L
T002918,Guard Rice (1kg)
T002918,Eggs
T002919,Olpers Milk (Pack of 6)
T002919,National Ketchup (1kg)
T002920,Tapal Tea (250g)
T002920,Lays Chips
T002920,Dalda Cooking Oil (500ml)
T002920,Biscuits
T002920,Shan Biryani Masala
T002921,Biscuits
T002921,Nestle Water
T002921,National Ketchup (1kg)
T002921,Frozen Paratha
T002921,Guard Rice (1kg)
T002921,Surf Excel
T002922,Dalda Cooking Oil (500ml)
T002922,Frozen Paratha
T002922,National Ketchup (1kg)
T002922,Nestle Water
T002922,Bread
T002922,Olpers Milk (Pack of 6)
T002923,Lux Soap
T002923,Nestle Water
T002923,Pepsi 1L
T002923,Surf Excel
T002924,Pepsi 1L
T002924,Butter
T002924,Eggs
T002924,Noodles
T002924,Biscuits
T002924,Surf Excel
T002925,Surf Excel
T002925,Thal Sugar (200ml)
T002925,Lays Chips
T002926,Surf Excel
T002926,Olpers Milk (Pack of 6)
T002927,Lays Chips
T002927,Pepsi 1L
T002927,Thal Sugar (200ml)
T002927,Lux Soap
T002928,Tapal Tea (250g)
T002928,Guard Rice (1kg)
T002928,National Ketchup (1kg)
T002928,Noodles
T002929,National Ketchup (1kg)
T002929,Jam
T002930,Olpers Milk (Pack of 6)
T002930,Biscuits
T002930,National Ketchup (1kg)
T002930,Thal Sugar (200ml)
T002931,Lays Chips
T002931,Bread
T002932,Guard Rice (1kg)
T002932,Lays Chips
T002932,Olpers Milk (Pack of 6)
T002932,National Ketchup (1kg)
T002933,Guard Rice (1kg)
T002933,Pepsi 1L
T002934,Bread
T002934,Lays Chips
T002934,Chicken
T002934,Guard Rice (1kg)
T002934,Noodles
T002935,Jam
T002935,National Ketchup (1kg)
T002936,Dalda Cooking Oil (500ml)
T002936,Chicken
T002936,Nestle Water
T002936,Bread
T002936,Noodles
T002936,Eggs
T002937,Guard Rice (1kg)
T002937,Dalda Cooking Oil (500ml)
T002937,Shan Biryani Masala
T002938,National Ketchup (1kg)
T002938,Lux Soap
T002938,Guard Rice (1kg)
T002938,Frozen Paratha
T002938,Lays Chips
T002938,Pepsi 1L
T002939,Lux Soap
T002939,Bread
T002939,Shan Biryani Masala
T002939,Noodles
T002939,Eggs
T002940,Thal Sugar (200ml)
T002940,Frozen Paratha
T002941,Tapal Tea (250g)
T002941,Guard Rice (1kg)
T002942,Lays Chips
T002942,Butter
T002942,Frozen Paratha
T002942,Biscuits
T002943,Eggs
T002943,Lux Soap
T002944,Lux Soap
T002944,Jam
T002944,Nestle Water
T002944,Dalda Cooking Oil (500ml)
T002944,Surf Excel
T002945,Eggs
T002945,Tapal Tea (250g)
T002945,Noodles
T002945,Jam
T002945,Dalda Cooking Oil (500ml)
T002945,Pepsi 1L
T002946,Dalda Cooking Oil (500ml)
T002946,Thal Sugar (200ml)
T002947,Dalda Cooking Oil (500ml)
T002947,Nestle Water
T002947,Biscuits
T002947,National Ketchup (1kg)
T002947,Chicken
T002947,Guard Rice (1kg)
T002948,Shan Biryani Masala
T002948,Tapal Tea (250g)
T002948,Lux Soap
T002948,National Ketchup (1kg)
T002948,Lays Chips
T002948,Olpers Milk (Pack of 6)
T002949,Surf Excel
T002949,Frozen Paratha
T002950,Noodles
T002950,Jam
T002951,Bread
T002951,Dalda Cooking Oil (500ml)
T002952,Thal Sugar (200ml)
T002952,Biscuits
T002952,Dalda Cooking Oil (500ml)
T002952,Surf Excel
T002952,Shan Biryani Masala
T002952,Guard Rice (1kg)
T002953,Shan Biryani Masala
T002953,Biscuits
T002953,Lux Soap
T002953,Guard Rice (1kg)
T002953,Butter
T002953,Tapal Tea (250g)
T002954,Tapal Tea (250g)
T002954,Noodles
T002954,National Ketchup (1kg)
T002954,Jam
T002955,Olpers Milk (Pack of 6)
T002955,Butter
T002955,Lux Soap
T002955,Eggs
T002956,Guard Rice (1kg)
T002956,Eggs
T002956,Jam
T002956,Tapal Tea (250g)
T002956,Dalda Cooking Oil (500ml)
T002956,Shan Biryani Masala
T002957,Butter
T002957,Chicken
T002957,Bread
T002957,Dalda Cooking Oil (500ml)
T002958,Dalda Cooking Oil (500ml)
T002958,Chicken
T002958,Lays Chips
T002958,National Ketchup (1kg)
T002958,Butter
T002959,Shan Biryani Masala
T002959,Frozen Paratha
T002959,Noodles
T002960,Noodles
T002960,National Ketchup (1kg)
T002960,Lux Soap
T002961,Guard Rice (1kg)
T002961,Shan Biryani Masala
T002961,Biscuits
T002961,Lux Soap
T002962,Chicken
T002962,Thal Sugar (200ml)
T002963,Pepsi 1L
T002963,Olpers Milk (Pack of 6)
T002963,Jam
T002964,Frozen Paratha
T002964,Lays Chips
T002964,Lux Soap
T002964,National Ketchup (1kg)
T002964,Biscuits
T002965,Bread
T002965,Chicken
T002965,Noodles
T002965,Olpers Milk (Pack of 6)
T002966,Guard Rice (1kg)
T002966,Butter
T002967,Biscuits
T002967,Noodles
T002967,Frozen Paratha
T002967,Eggs
T002967,Bread
T002968,Lays Chips
T002968,National Ketchup (1kg)
T002968,Jam
T002968,Surf Excel
T002968,Noodles
T002968,Olpers Milk (Pack of 6)
T002969,Lays Chips
T002969,Biscuits
T002970,Olpers Milk (Pack of 6)
T002970,Lays Chips
T002971,Lux Soap
T002971,Noodles
T002971,Shan Biryani Masala
T002972,Eggs
T002972,Shan Biryani Masala
T002972,Nestle Water
T002973,Dalda Cooking Oil (500ml)
T002973,Biscuits
T002974,National Ketchup (1kg)
T002974,Lays Chips
T002974,Jam
T002974,Eggs
T002975,Tapal Tea (250g)
T002975,Thal Sugar (200ml)
T002975,Chicken
T002975,Bread
T002976,Jam
T002976,Frozen Paratha
T002977,Noodles
T002977,Olpers Milk (Pack of 6)
T002977,Pepsi 1L
T002977,Surf Excel
T002978,Noodles
T002978,Tapal Tea (250g)
T002978,Butter
T002978,Lux Soap
T002978,Nestle Water
T002978,Bread
T002979,Dalda Cooking Oil (500ml)
T002979,Guard Rice (1kg)
T002979,Shan Biryani Masala
T002979,Pepsi 1L
T002979,Olpers Milk (Pack of 6)
T002980,Eggs
T002980,Lays Chips
T002980,National Ketchup (1kg)
T002980,Jam
T002980,Butter
T002981,Shan Biryani Masala
T002981,Guard Rice (1kg)
T002981,Frozen Paratha
T002981,Nestle Water
T002981,Lux Soap
T002982,Surf Excel
T002982,Butter
T002983,Butter
T002983,Jam
T002984,Olpers Milk (Pack of 6)
T002984,Noodles
T002984,Lays Chips
T002985,Jam
T002985,Pepsi 1L
T002985,Tapal Tea (250g)
T002985,Lux Soap
T002986,Noodles
T002986,Surf Excel
T002986,Thal Sugar (200ml)
T002986,Biscuits
T002987,Tapal Tea (250g)
T002987,Jam
T002987,Eggs
T002987,Lux Soap
T002988,Noodles
T002988,Shan Biryani Masala
T002988,Frozen Paratha
T002988,Lux Soap
T002988,Chicken
T002988,Jam
T002989,Dalda Cooking Oil (500ml)
T002989,Biscuits
T002989,Frozen Paratha
T002989,Pepsi 1L
T002990,Biscuits
T002990,Frozen Paratha
T002990,Bread
T002990,Shan Biryani Masala
T002990,Eggs
T002990,Surf Excel
T002991,Chicken
T002991,Noodles
T002992,Bread
T002992,Frozen Paratha
T002992,Butter
T002993,Bread
T002993,Thal Sugar (200ml)
T002993,Frozen Paratha
T002993,Eggs
T002994,Noodles
T002994,Bread
T002994,Eggs
T002994,Nestle Water
T002995,Frozen Paratha
T002995,Jam
T002996,Olpers Milk (Pack of 6)
T002996,Noodles
T002996,Chicken
T002996,Shan Biryani Masala
T002996,Nestle Water
T002996,Frozen Paratha
T002997,Butter
T002997,Surf Excel
T002997,Shan Biryani Masala
T002998,Surf Excel
T002998,Biscuits
T002998,Pepsi 1L
T002998,Bread
T002999,Jam
T002999,Guard Rice (1kg)
T002999,Nestle Water
T002999,Olpers Milk (Pack of 6)
T003000,Olpers Milk (Pack of 6)
T003000,Guard Rice (1kg)
T003000,Frozen Paratha
T003001,Lays Chips
T003001,Shan Biryani Masala
T003002,Guard Rice (1kg)
T003002,Frozen Paratha
T003003,Lays Chips
T003003,Surf Excel
T003004,Noodles
T003004,Frozen Paratha
T003005,Frozen Paratha
T003005,Dalda Cooking Oil (500ml)
T003005,Surf Excel
T003006,Guard Rice (1kg)
T003006,Surf Excel
T003006,Lays Chips
T003007,Tapal Tea (250g)
T003007,Olpers Milk (Pack of 6)
T003007,Frozen Paratha
T003007,Noodles
T003007,Surf Excel
T003008,Thal Sugar (200ml)
T003008,Frozen Paratha
T003008,Surf Excel
T003008,Shan Biryani Masala
T003009,Noodles
T003009,Nestle Water
T003009,Guard Rice (1kg)
T003009,Lux Soap
T003009,Lays Chips
T003009,National Ketchup (1kg)
T003010,Lays Chips
T003010,Tapal Tea (250g)
T003010,Chicken
T003010,Pepsi 1L
T003010,Guard Rice (1kg)
T003010,Olpers Milk (Pack of 6)
T003011,Eggs
T003011,Tapal Tea (250g)
T003012,National Ketchup (1kg)
T003012,Biscuits
T003013,Thal Sugar (200ml)
T003013,Chicken
T003014,Eggs
T003014,Surf Excel
T003014,Nestle Water
T003015,Shan Biryani Masala
T003015,Nestle Water
T003015,Lux Soap
T003016,Butter
T003016,Chicken
T003016,Shan Biryani Masala
T003016,Jam
T003016,Tapal Tea (250g)
T003017,Biscuits
T003017,Jam
T003017,Lays Chips
T003018,Eggs
T003018,Guard Rice (1kg)
T003018,Dalda Cooking Oil (500ml)
T003018,Surf Excel
T003018,Nestle Water
T003018,Noodles
T003019,Shan Biryani Masala
T003019,Surf Excel
T003019,Bread
T003019,Chicken
T003020,National Ketchup (1kg)
T003020,Eggs
T003020,Guard Rice (1kg)
T003020,Jam
T003020,Noodles
T003021,Pepsi 1L
T003021,Butter
T003021,National Ketchup (1kg)
T003021,Olpers Milk (Pack of 6)
T003022,Surf Excel
T003022,Nestle Water
T003022,National Ketchup (1kg)
T003022,Guard Rice (1kg)
T003022,Jam
T003023,Pepsi 1L
T003023,Biscuits
T003024,Thal Sugar (200ml)
T003024,Guard Rice (1kg)
T003024,Pepsi 1L
T003024,Eggs
T003024,Lux Soap
T003024,Noodles
T003025,Pepsi 1L
T003025,Butter
T003025,Noodles
T003025,Surf Excel
T003025,Frozen Paratha
T003025,Lux Soap
T003026,Nestle Water
T003026,Surf Excel
T003027,Shan Biryani Masala
T003027,Eggs
T003027,Pepsi 1L
T003028,Noodles
T003028,Lays Chips
T003029,Guard Rice (1kg)
T003029,Tapal Tea (250g)
T003030,Thal Sugar (200ml)
T003030,Jam
T003031,Frozen Paratha
T003031,Guard Rice (1kg)
T003031,National Ketchup (1kg)
T003031,Thal Sugar (200ml)
T003031,Noodles
T003031,Tapal Tea (250g)
T003032,Lux Soap
T003032,Biscuits
T003032,Noodles
T003032,Lays Chips
T003032,Bread
T003033,Eggs
T003033,Biscuits
T003033,Pepsi 1L
T003033,Olpers Milk (Pack of 6)
T003033,Noodles
T003034,Jam
T003034,Chicken
T003034,Lux Soap
T003035,Tapal Tea (250g)
T003035,Surf Excel
T003036,Surf Excel
T003036,Tapal Tea (250g)
T003037,Noodles
T003037,Biscuits
T003037,Nestle Water
T003037,Eggs
T003037,Tapal Tea (250g)
T003037,Pepsi 1L
T003038,Thal Sugar (200ml)
T003038,Lux Soap
T003038,National Ketchup (1kg)
T003038,Chicken
T003039,Jam
T003039,Chicken
T003039,Bread
T003039,Thal Sugar (200ml)
T003040,Noodles
T003040,Jam
T003040,Thal Sugar (200ml)
T003040,Dalda Cooking Oil (500ml)
T003040,Lays Chips
T003041,Chicken
T003041,Bread
T003041,Olpers Milk (Pack of 6)
T003041,Pepsi 1L
T003041,Noodles
T003042,Noodles
T003042,Lux Soap
T003043,Frozen Paratha
T003043,Butter
T003043,Olpers Milk (Pack of 6)
T003044,Shan Biryani Masala
T003044,Olpers Milk (Pack of 6)
T003044,Jam
T003045,Bread
T003045,Frozen Paratha
T003045,Nestle Water
T003045,Olpers Milk (Pack of 6)
T003046,Frozen Paratha
T003046,Noodles
T003046,Olpers Milk (Pack of 6)
T003046,Lux Soap
T003047,Noodles
T003047,Nestle Water
T003047,Tapal Tea (250g)
T003048,Tapal Tea (250g)
T003048,Dalda Cooking Oil (500ml)
T003048,Lux Soap
T003048,Shan Biryani Masala
T003048,Eggs
T003048,Lays Chips
T003049,Tapal Tea (250g)
T003049,Noodles
T003049,Dalda Cooking Oil (500ml)
T003049,Nestle Water
T003049,Lays Chips
T003049,Chicken
T003050,Tapal Tea (250g)
T003050,Thal Sugar (200ml)
T003050,Noodles
T003050,Dalda Cooking Oil (500ml)
T003051,Noodles
T003051,Dalda Cooking Oil (500ml)
T003052,Olpers Milk (Pack of 6)
T003052,Nestle Water
T003052,Frozen Paratha
T003052,Dalda Cooking Oil (500ml)
T003052,Butter
T003053,Jam
T003053,Chicken
T003053,Lux Soap
T003053,Guard Rice (1kg)
T003054,Chicken
T003054,Pepsi 1L
T003054,Surf Excel
T003055,Nestle Water
T003055,Olpers Milk (Pack of 6)
T003055,Dalda Cooking Oil (500ml)
T003056,National Ketchup (1kg)
T003056,Butter
T003056,Biscuits
T003057,Pepsi 1L
T003057,Nestle Water
T003057,Olpers Milk (Pack of 6)
T003057,Chicken
T003058,Surf Excel
T003058,Chicken
T003058,Noodles
T003058,National Ketchup (1kg)
T003058,Dalda Cooking Oil (500ml)
T003059,National Ketchup (1kg)
T003059,Lays Chips
T003060,Olpers Milk (Pack of 6)
T003060,Shan Biryani Masala
T003060,Guard Rice (1kg)
T003060,Biscuits
T003060,Frozen Paratha
T003061,Eggs
T003061,National Ketchup (1kg)
T003061,Tapal Tea (250g)
T003061,Surf Excel
T003061,Guard Rice (1kg)
T003062,Butter
T003062,Surf Excel
T003063,Lays Chips
T003063,Shan Biryani Masala
T003064,Butter
T003064,Dalda Cooking Oil (500ml)
T003065,Noodles
T003065,Bread
T003065,Butter
T003065,Biscuits
T003065,Pepsi 1L
T003066,Biscuits
T003066,Tapal Tea (250g)
T003066,Guard Rice (1kg)
T003066,Eggs
T003066,Thal Sugar (200ml)
T003067,Olpers Milk (Pack of 6)
T003067,Chicken
T003067,Biscuits
T003067,Nestle Water
T003067,Thal Sugar (200ml)
T003067,Eggs
T003068,Frozen Paratha
T003068,Guard Rice (1kg)
T003068,Biscuits
T003068,Lux Soap
T003068,Butter
T003069,Eggs
T003069,Guard Rice (1kg)
T003069,Nestle Water
T003069,Butter
T003070,Surf Excel
T003070,National Ketchup (1kg)
T003070,Pepsi 1L
T003070,Frozen Paratha
T003070,Thal Sugar (200ml)
T003070,Shan Biryani Masala
T003071,Tapal Tea (250g)
T003071,Olpers Milk (Pack of 6)
T003071,Shan Biryani Masala
T003071,Pepsi 1L
T003072,Noodles
T003072,Shan Biryani Masala
T003072,Tapal Tea (250g)
T003072,Lays Chips
T003073,Nestle Water
T003073,Chicken
T003073,Olpers Milk (Pack of 6)
T003073,National Ketchup (1kg)
T003073,Lux Soap
T003073,Butter
T003074,Pepsi 1L
T003074,Shan Biryani Masala
T003074,Nestle Water
T003074,Lux Soap
T003074,Bread
T003075,Guard Rice (1kg)
T003075,Shan Biryani Masala
T003075,Dalda Cooking Oil (500ml)
T003075,Butter
T003075,Bread
T003075,Biscuits
T003076,Surf Excel
T003076,Pepsi 1L
T003076,Bread
T003076,Biscuits
T003076,Frozen Paratha
T003077,Bread
T003077,Tapal Tea (250g)
T003077,Lux Soap
T003077,Guard Rice (1kg)
T003078,Pepsi 1L
T003078,Chicken
T003079,Surf Excel
T003079,Lays Chips
T003079,Olpers Milk (Pack of 6)
T003079,Nestle Water
T003080,Lays Chips
T003080,Surf Excel
T003080,Eggs
T003080,Nestle Water
T003080,Shan Biryani Masala
T003080,Bread
T003081,Frozen Paratha
T003081,Noodles
T003081,Lays Chips
T003082,Eggs
T003082,Olpers Milk (Pack of 6)
T003082,Tapal Tea (250g)
T003082,Shan Biryani Masala
T003082,Dalda Cooking Oil (500ml)
T003083,Eggs
T003083,Lays Chips
T003083,Surf Excel
T003083,Jam
T003084,National Ketchup (1kg)
T003084,Jam
T003084,Eggs
T003084,Bread
T003084,Lux Soap
T003084,Lays Chips
T003085,Thal Sugar (200ml)
T003085,Eggs
T003085,Shan Biryani Masala
T003085,Dalda Cooking Oil (500ml)
T003085,Pepsi 1L
T003086,Thal Sugar (200ml)
T003086,Nestle Water
T003087,Olpers Milk (Pack of 6)
T003087,Surf Excel
T003087,Lays Chips
T003087,Butter
T003088,Tapal Tea (250g)
T003088,Butter
T003088,Chicken
T003088,Guard Rice (1kg)
T003088,Noodles
T003088,Olpers Milk (Pack of 6)
T003089,Lux Soap
T003089,Guard Rice (1kg)
T003089,Butter
T003089,Thal Sugar (200ml)
T003089,Nestle Water
T003090,Guard Rice (1kg)
T003090,Tapal Tea (250g)
T003091,Dalda Cooking Oil (500ml)
T003091,Bread
T003091,Biscuits
T003091,Nestle Water
T003091,National Ketchup (1kg)
T003091,Surf Excel
T003092,National Ketchup (1kg)
T003092,Bread
T003092,Biscuits
T003093,Lays Chips
T003093,Shan Biryani Masala
T003093,Frozen Paratha
T003093,Bread
T003093,Biscuits
T003093,Nestle Water
T003094,Pepsi 1L
T003094,Lux Soap
T003094,Eggs
T003095,National Ketchup (1kg)
T003095,Lays Chips
T003095,Shan Biryani Masala
T003096,Tapal Tea (250g)
T003096,Jam
T003097,Frozen Paratha
T003097,Jam
T003097,Chicken
T003097,Eggs
T003097,Lux Soap
T003097,Butter
T003098,Lux Soap
T003098,Frozen Paratha
T003098,Thal Sugar (200ml)
T003098,Noodles
T003098,Pepsi 1L
T003099,Chicken
T003099,Lays Chips
T003099,Noodles
T003100,Surf Excel
T003100,Eggs
T003100,Noodles
T003101,National Ketchup (1kg)
T003101,Jam
T003102,Butter
T003102,Shan Biryani Masala
T003103,National Ketchup (1kg)
T003103,Surf Excel
T003103,Noodles
T003103,Shan Biryani Masala
T003103,Tapal Tea (250g)
T003103,Thal Sugar (200ml)
T003104,Shan Biryani Masala
T003104,Jam
T003104,Bread
T003104,Thal Sugar (200ml)
T003105,Shan Biryani Masala
T003105,Jam
T003105,Butter
T003105,Eggs
T003105,Chicken
T003106,Lays Chips
T003106,Frozen Paratha
T003106,Dalda Cooking Oil (500ml)
T003107,Noodles
T003107,National Ketchup (1kg)
T003107,Guard Rice (1kg)
T003107,Biscuits
T003107,Bread
T003107,Lux Soap
T003108,Chicken
T003108,Bread
T003109,National Ketchup (1kg)
T003109,Noodles
T003109,Biscuits
T003109,Lux Soap
T003110,Shan Biryani Masala
T003110,Olpers Milk (Pack of 6)
T003111,National Ketchup (1kg)
T003111,Shan Biryani Masala
T003111,Guard Rice (1kg)
T003111,Surf Excel
T003111,Nestle Water
T003111,Thal Sugar (200ml)
T003112,Chicken
T003112,Nestle Water
T003112,Lays Chips
T003112,Guard Rice (1kg)
T003113,Frozen Paratha
T003113,Jam
T003113,Chicken
T003113,Shan Biryani Masala
T003114,Bread
T003114,Thal Sugar (200ml)
T003114,Lays Chips
T003114,Chicken
T003114,Biscuits
T003115,Shan Biryani Masala
T003115,Bread
T003115,Eggs
T003116,Guard Rice (1kg)
T003116,Tapal Tea (250g)
T003116,Surf Excel
T003116,Lays Chips
T003116,Olpers Milk (Pack of 6)
T003117,Dalda Cooking Oil (500ml)
T003117,Nestle Water
T003117,National Ketchup (1kg)
T003117,Bread
T003117,Chicken
T003117,Guard Rice (1kg)
T003118,Noodles
T003118,Lays Chips
T003118,Chicken
T003119,Tapal Tea (250g)
T003119,Thal Sugar (200ml)
T003119,Eggs
T003120,Thal Sugar (200ml)
T003120,Nestle Water
T003120,Tapal Tea (250g)
T003120,Biscuits
T003120,Eggs
T003120,Chicken
T003121,Lays Chips
T003121,Frozen Paratha
T003122,National Ketchup (1kg)
T003122,Dalda Cooking Oil (500ml)
T003122,Lays Chips
T003122,Eggs
T003122,Frozen Paratha
T003123,Surf Excel
T003123,Biscuits
T003123,Thal Sugar (200ml)
T003124,Chicken
T003124,Lays Chips
T003124,Nestle Water
T003125,Bread
T003125,National Ketchup (1kg)
T003125,Olpers Milk (Pack of 6)
T003125,Eggs
T003125,Thal Sugar (200ml)
T003125,Lays Chips
T003126,Pepsi 1L
T003126,Dalda Cooking Oil (500ml)
T003126,Frozen Paratha
T003126,Lux Soap
T003126,Shan Biryani Masala
T003126,Surf Excel
T003127,Eggs
T003127,National Ketchup (1kg)
T003127,Chicken
T003127,Frozen Paratha
T003128,Lux Soap
T003128,Surf Excel
T003128,Noodles
T003129,Bread
T003129,Chicken
T003130,Nestle Water
T003130,Jam
T003130,Biscuits
T003130,Eggs
T003130,Bread
T003130,Lays Chips
T003131,Dalda Cooking Oil (500ml)
T003131,Tapal Tea (250g)
T003131,Surf Excel
T003132,Biscuits
T003132,Lays Chips
T003132,Jam
T003132,Lux Soap
T003132,Eggs
T003133,Surf Excel
T003133,Frozen Paratha
T003133,Lays Chips
T003133,Butter
T003133,Bread
T003134,Nestle Water
T003134,Thal Sugar (200ml)
T003134,Jam
T003134,Eggs
T003134,Dalda Cooking Oil (500ml)
T003134,Surf Excel
T003135,Noodles
T003135,Pepsi 1L
T003135,Jam
T003135,Bread
T003136,Thal Sugar (200ml)
T003136,Noodles
T003136,Bread
T003136,Surf Excel
T003136,Biscuits
T003136,Butter
T003137,Olpers Milk (Pack of 6)
T003137,Eggs
T003137,Bread
T003137,Guard Rice (1kg)
T003138,Pepsi 1L
T003138,Bread
T003138,Eggs
T003138,Dalda Cooking Oil (500ml)
T003138,Frozen Paratha
T003139,Biscuits
T003139,Guard Rice (1kg)
T003139,Chicken
T003139,Pepsi 1L
T003139,Jam
T003140,Olpers Milk (Pack of 6)
T003140,Thal Sugar (200ml)
T003140,Jam
T003141,Lux Soap
T003141,Biscuits
T003142,Bread
T003142,Dalda Cooking Oil (500ml)
T003142,Thal Sugar (200ml)
T003143,Dalda Cooking Oil (500ml)
T003143,Surf Excel
T003143,Noodles
T003143,Thal Sugar (200ml)
T003143,Jam
T003144,Frozen Paratha
T003144,Biscuits
T003145,Thal Sugar (200ml)
T003145,Shan Biryani Masala
T003145,Dalda Cooking Oil (500ml)
T003145,Chicken
T003145,Guard Rice (1kg)
T003146,Thal Sugar (200ml)
T003146,Biscuits
T003146,Nestle Water
T003146,Shan Biryani Masala
T003146,Guard Rice (1kg)
T003146,Noodles
T003147,Olpers Milk (Pack of 6)
T003147,Noodles
T003147,Surf Excel
T003147,Thal Sugar (200ml)
T003147,Eggs
T003147,Biscuits
T003148,Shan Biryani Masala
T003148,Olpers Milk (Pack of 6)
T003148,Nestle Water
T003148,Lays Chips
T003149,Tapal Tea (250g)
T003149,Butter
T003149,Thal Sugar (200ml)
T003149,Frozen Paratha
T003149,Surf Excel
T003149,Eggs
T003150,Lays Chips
T003150,Guard Rice (1kg)
T003151,Olpers Milk (Pack of 6)
T003151,Guard Rice (1kg)
T003152,Surf Excel
T003152,Frozen Paratha
T003152,Guard Rice (1kg)
T003153,Lux Soap
T003153,Noodles
T003153,Olpers Milk (Pack of 6)
T003153,Dalda Cooking Oil (500ml)
T003154,Biscuits
T003154,Pepsi 1L
T003154,Bread
T003154,National Ketchup (1kg)
T003154,Shan Biryani Masala
T003154,Noodles
T003155,Thal Sugar (200ml)
T003155,Surf Excel
T003155,Lux Soap
T003156,Tapal Tea (250g)
T003156,Lays Chips
T003157,Olpers Milk (Pack of 6)
T003157,Guard Rice (1kg)
T003157,Butter
T003157,Bread
T003157,Eggs
T003158,Butter
T003158,Surf Excel
T003158,Guard Rice (1kg)
T003158,Dalda Cooking Oil (500ml)
T003159,Nestle Water
T003159,Bread
T003160,Noodles
T003160,Pepsi 1L
T003160,Eggs
T003161,Thal Sugar (200ml)
T003161,Nestle Water
T003161,Biscuits
T003161,National Ketchup (1kg)
T003161,Noodles
T003162,Lays Chips
T003162,Noodles
T003162,National Ketchup (1kg)
T003162,Nestle Water
T003162,Guard Rice (1kg)
T003162,Pepsi 1L
T003163,Jam
T003163,Chicken
T003163,Pepsi 1L
T003163,Nestle Water
T003163,Frozen Paratha
T003164,Frozen Paratha
T003164,Guard Rice (1kg)
T003164,Thal Sugar (200ml)
T003165,Chicken
T003165,Lux Soap
T003165,Bread
T003165,Butter
T003165,Thal Sugar (200ml)
T003166,Guard Rice (1kg)
T003166,Jam
T003166,Frozen Paratha
T003167,Bread
T003167,Lux Soap
T003167,Butter
T003167,Olpers Milk (Pack of 6)
T003167,Biscuits
T003167,Nestle Water
T003168,Jam
T003168,Chicken
T003168,Surf Excel
T003168,Eggs
T003168,Butter
T003168,Lays Chips
T003169,Noodles
T003169,Chicken
T003169,Shan Biryani Masala
T003170,Dalda Cooking Oil (500ml)
T003170,Noodles
T003170,Butter
T003171,Shan Biryani Masala
T003171,Bread
T003172,Thal Sugar (200ml)
T003172,Butter
T003173,Biscuits
T003173,Bread
T003173,Nestle Water
T003173,National Ketchup (1kg)
T003173,Tapal Tea (250g)
T003174,Chicken
T003174,Bread
T003175,Frozen Paratha
T003175,Shan Biryani Masala
T003175,Lux Soap
T003175,Jam
T003175,Thal Sugar (200ml)
T003175,Olpers Milk (Pack of 6)
T003176,Thal Sugar (200ml)
T003176,Noodles
T003176,Bread
T003177,Biscuits
T003177,Surf Excel
T003178,Shan Biryani Masala
T003178,Surf Excel
T003178,Dalda Cooking Oil (500ml)
T003178,National Ketchup (1kg)
T003178,Chicken
T003179,Lux Soap
T003179,Olpers Milk (Pack of 6)
T003179,Noodles
T003179,Dalda Cooking Oil (500ml)
T003180,Nestle Water
T003180,Guard Rice (1kg)
T003180,Lux Soap
T003180,Jam
T003180,Tapal Tea (250g)
T003180,Dalda Cooking Oil (500ml)
T003181,Olpers Milk (Pack of 6)
T003181,National Ketchup (1kg)
T003181,Eggs
T003182,Butter
T003182,Bread
T003183,Biscuits
T003183,Tapal Tea (250g)
T003183,Olpers Milk (Pack of 6)
T003183,Surf Excel
T003183,Eggs
T003183,Lux Soap
T003184,Nestle Water
T003184,Guard Rice (1kg)
T003184,Shan Biryani Masala
T003184,National Ketchup (1kg)
T003184,Lays Chips
T003184,Frozen Paratha
T003185,Butter
T003185,Surf Excel
T003185,Lux Soap
T003185,Jam
T003186,Olpers Milk (Pack of 6)
T003186,Surf Excel
T003186,Dalda Cooking Oil (500ml)
T003186,Pepsi 1L
T003186,Guard Rice (1kg)
T003186,Frozen Paratha
T003187,Nestle Water
T003187,Tapal Tea (250g)
T003187,Lays Chips
T003187,Frozen Paratha
T003187,Chicken
T003187,Biscuits
T003188,Frozen Paratha
T003188,Thal Sugar (200ml)
T003189,Thal Sugar (200ml)
T003189,Butter
T003189,Shan Biryani Masala
T003189,Chicken
T003189,Dalda Cooking Oil (500ml)
T003190,Bread
T003190,Shan Biryani Masala
T003190,National Ketchup (1kg)
T003190,Lux Soap
T003190,Tapal Tea (250g)
T003191,Shan Biryani Masala
T003191,Bread
T003191,Surf Excel
T003191,Thal Sugar (200ml)
T003191,Frozen Paratha
T003191,Noodles
T003192,National Ketchup (1kg)
T003192,Surf Excel
T003192,Chicken
T003193,Surf Excel
T003193,Bread
T003193,Thal Sugar (200ml)
T003193,Butter
T003193,Chicken
T003194,Noodles
T003194,Pepsi 1L
T003194,Tapal Tea (250g)
T003194,Frozen Paratha
T003194,Lays Chips
T003194,Biscuits
T003195,Frozen Paratha
T003195,Lux Soap
T003195,Tapal Tea (250g)
T003195,Chicken
T003195,Pepsi 1L
T003195,Bread
T003196,Pepsi 1L
T003196,Surf Excel
T003196,Nestle Water
T003196,Frozen Paratha
T003196,Dalda Cooking Oil (500ml)
T003196,Thal Sugar (200ml)
T003197,Olpers Milk (Pack of 6)
T003197,Pepsi 1L
T003198,Thal Sugar (200ml)
T003198,Bread
T003198,Biscuits
T003198,Chicken
T003198,Shan Biryani Masala
T003199,Noodles
T003199,Tapal Tea (250g)
T003199,Nestle Water
T003199,Thal Sugar (200ml)
T003200,Guard Rice (1kg)
T003200,Bread
T003200,Chicken
T003200,Butter
T003200,Lux Soap
T003201,Thal Sugar (200ml)
T003201,Lays Chips
T003201,Tapal Tea (250g)
T003201,Dalda Cooking Oil (500ml)
T003201,Bread
T003201,Shan Biryani Masala
T003202,Bread
T003202,Pepsi 1L
T003202,Thal Sugar (200ml)
T003202,Biscuits
T003202,Jam
T003202,Butter
T003203,Butter
T003203,Olpers Milk (Pack of 6)
T003203,Jam
T003204,Lays Chips
T003204,Frozen Paratha
T003205,Thal Sugar (200ml)
T003205,Nestle Water
T003205,Olpers Milk (Pack of 6)
T003206,Guard Rice (1kg)
T003206,Shan Biryani Masala
T003207,Noodles
T003207,Bread
T003208,Nestle Water
T003208,Surf Excel
T003209,Biscuits
T003209,Pepsi 1L
T003209,Frozen Paratha
T003209,Shan Biryani Masala
T003210,Eggs
T003210,Olpers Milk (Pack of 6)
T003211,Eggs
T003211,Biscuits
T003211,Olpers Milk (Pack of 6)
T003211,Dalda Cooking Oil (500ml)
T003211,Lays Chips
T003212,Eggs
T003212,Pepsi 1L
T003213,Lays Chips
T003213,Frozen Paratha
T003213,Jam
T003213,Nestle Water
T003213,Olpers Milk (Pack of 6)
T003214,Chicken
T003214,Thal Sugar (200ml)
T003214,Bread
T003215,Surf Excel
T003215,Chicken
T003215,Butter
T003215,Pepsi 1L
T003215,Guard Rice (1kg)
T003215,Tapal Tea (250g)
T003216,Noodles
T003216,Shan Biryani Masala
T003217,Jam
T003217,Biscuits
T003217,Frozen Paratha
T003218,Surf Excel
T003218,Noodles
T003218,National Ketchup (1kg)
T003218,Lays Chips
T003219,Olpers Milk (Pack of 6)
T003219,Thal Sugar (200ml)
T003219,Chicken
T003219,Nestle Water
T003219,Tapal Tea (250g)
T003219,Dalda Cooking Oil (500ml)
T003220,Butter
T003220,Noodles
T003220,Thal Sugar (200ml)
T003220,Dalda Cooking Oil (500ml)
T003221,Shan Biryani Masala
T003221,Dalda Cooking Oil (500ml)
T003221,Frozen Paratha
T003221,Surf Excel
T003221,National Ketchup (1kg)
T003222,Olpers Milk (Pack of 6)
T003222,National Ketchup (1kg)
T003222,Tapal Tea (250g)
T003222,Surf Excel
T003222,Bread
T003223,Bread
T003223,Thal Sugar (200ml)
T003223,Biscuits
T003223,Nestle Water
T003224,Thal Sugar (200ml)
T003224,Olpers Milk (Pack of 6)
T003224,Chicken
T003225,Shan Biryani Masala
T003225,Noodles
T003225,Jam
T003225,National Ketchup (1kg)
T003226,Shan Biryani Masala
T003226,Chicken
T003227,Guard Rice (1kg)
T003227,National Ketchup (1kg)
T003227,Noodles
T003227,Jam
T003227,Thal Sugar (200ml)
T003227,Dalda Cooking Oil (500ml)
T003228,Noodles
T003228,Thal Sugar (200ml)
T003228,Guard Rice (1kg)
T003228,National Ketchup (1kg)
T003229,National Ketchup (1kg)
T003229,Frozen Paratha
T003229,Nestle Water
T003229,Butter
T003229,Lays Chips
T003230,Dalda Cooking Oil (500ml)
T003230,Tapal Tea (250g)
T003230,Eggs
T003230,Biscuits
T003231,Guard Rice (1kg)
T003231,Thal Sugar (200ml)
T003231,Lux Soap
T003231,Jam
T003231,Surf Excel
T003232,Guard Rice (1kg)
T003232,Thal Sugar (200ml)
T003232,Dalda Cooking Oil (500ml)
T003232,Bread
T003232,Eggs
T003232,Lays Chips
T003233,Surf Excel
T003233,Frozen Paratha
T003233,Dalda Cooking Oil (500ml)
T003233,Pepsi 1L
T003233,Nestle Water
T003233,Olpers Milk (Pack of 6)
T003234,Noodles
T003234,Shan Biryani Masala
T003234,Eggs
T003234,Frozen Paratha
T003234,Jam
T003234,Lux Soap
T003235,Guard Rice (1kg)
T003235,Olpers Milk (Pack of 6)
T003235,Lays Chips
T003236,Noodles
T003236,Olpers Milk (Pack of 6)
T003236,Shan Biryani Masala
T003236,Guard Rice (1kg)
T003236,Eggs
T003237,Nestle Water
T003237,Chicken
T003237,Eggs
T003237,Frozen Paratha
T003238,Guard Rice (1kg)
T003238,Bread
T003238,Chicken
T003238,Dalda Cooking Oil (500ml)
T003239,Pepsi 1L
T003239,Chicken
T003239,Guard Rice (1kg)
T003240,National Ketchup (1kg)
T003240,Butter
T003240,Eggs
T003240,Nestle Water
T003241,Olpers Milk (Pack of 6)
T003241,Surf Excel
T003241,Guard Rice (1kg)
T003242,Jam
T003242,Tapal Tea (250g)
T003242,Lays Chips
T003242,Surf Excel
T003242,National Ketchup (1kg)
T003243,Jam
T003243,Thal Sugar (200ml)
T003243,Lays Chips
T003243,Nestle Water
T003243,Shan Biryani Masala
T003244,Lays Chips
T003244,Shan Biryani Masala
T003245,Guard Rice (1kg)
T003245,Surf Excel
T003245,Shan Biryani Masala
T003245,Eggs
T003245,Chicken
T003246,Guard Rice (1kg)
T003246,Frozen Paratha
T003246,Noodles
T003246,Pepsi 1L
T003246,Thal Sugar (200ml)
T003247,Jam
T003247,National Ketchup (1kg)
T003248,Pepsi 1L
T003248,Frozen Paratha
T003248,Eggs
T003249,Dalda Cooking Oil (500ml)
T003249,Thal Sugar (200ml)
T003249,Biscuits
T003249,Noodles
T003250,National Ketchup (1kg)
T003250,Noodles
T003250,Jam
T003251,Tapal Tea (250g)
T003251,Eggs
T003251,Bread
T003251,Jam
T003252,Biscuits
T003252,Shan Biryani Masala
T003252,Pepsi 1L
T003252,Olpers Milk (Pack of 6)
T003252,Dalda Cooking Oil (500ml)
T003253,Olpers Milk (Pack of 6)
T003253,Shan Biryani Masala
T003253,Chicken
T003254,Nestle Water
T003254,Shan Biryani Masala
T003254,National Ketchup (1kg)
T003255,Jam
T003255,Noodles
T003255,Butter
T003256,Nestle Water
T003256,Guard Rice (1kg)
T003256,Chicken
T003257,Pepsi 1L
T003257,National Ketchup (1kg)
T003257,Shan Biryani Masala
T003257,Noodles
T003258,Lays Chips
T003258,Nestle Water
T003258,Pepsi 1L
T003259,Guard Rice (1kg)
T003259,Pepsi 1L
T003259,Lays Chips
T003259,Shan Biryani Masala
T003259,Thal Sugar (200ml)
T003259,Eggs
T003260,Biscuits
T003260,Noodles
T003260,Chicken
T003260,Bread
T003260,Jam
T003260,Lays Chips
T003261,Chicken
T003261,Eggs
T003261,Butter
T003262,Tapal Tea (250g)
T003262,Dalda Cooking Oil (500ml)
T003262,Thal Sugar (200ml)
T003262,Jam
T003262,Eggs
T003262,Surf Excel
T003263,Frozen Paratha
T003263,Biscuits
T003263,Lux Soap
T003263,Tapal Tea (250g)
T003263,Dalda Cooking Oil (500ml)
T003264,Dalda Cooking Oil (500ml)
T003264,Lux Soap
T003264,Surf Excel
T003265,Dalda Cooking Oil (500ml)
T003265,Frozen Paratha
T003265,Chicken
T003265,Lux Soap
T003265,Eggs
T003266,Noodles
T003266,Frozen Paratha
T003266,Olpers Milk (Pack of 6)
T003266,Jam
T003266,Thal Sugar (200ml)
T003267,Thal Sugar (200ml)
T003267,Lux Soap
T003267,Pepsi 1L
T003267,Surf Excel
T003267,Olpers Milk (Pack of 6)
T003268,Chicken
T003268,Guard Rice (1kg)
T003268,Lux Soap
T003268,Tapal Tea (250g)
T003268,Pepsi 1L
T003268,Frozen Paratha
T003269,National Ketchup (1kg)
T003269,Nestle Water
T003269,Frozen Paratha
T003269,Bread
T003269,Lays Chips
T003270,Surf Excel
T003270,Pepsi 1L
T003270,Shan Biryani Masala
T003271,Pepsi 1L
T003271,Noodles
T003271,Lux Soap
T003271,Eggs
T003272,Thal Sugar (200ml)
T003272,Chicken
T003272,Noodles
T003273,Eggs
T003273,Pepsi 1L
T003273,Noodles
T003273,Dalda Cooking Oil (500ml)
T003273,Nestle Water
T003273,Biscuits
T003274,Eggs
T003274,Shan Biryani Masala
T003274,Biscuits
T003274,Guard Rice (1kg)
T003275,Lays Chips
T003275,Frozen Paratha
T003275,Pepsi 1L
T003276,Pepsi 1L
T003276,Jam
T003276,Eggs
T003276,Noodles
T003276,National Ketchup (1kg)
T003276,Dalda Cooking Oil (500ml)
T003277,Pepsi 1L
T003277,Jam
T003277,Frozen Paratha
T003277,Thal Sugar (200ml)
T003277,Surf Excel
T003277,Dalda Cooking Oil (500ml)
T003278,Tapal Tea (250g)
T003278,Biscuits
T003278,Surf Excel
T003279,Thal Sugar (200ml)
T003279,Lays Chips
T003279,National Ketchup (1kg)
T003279,Noodles
T003279,Guard Rice (1kg)
T003280,Lays Chips
T003280,Surf Excel
T003280,Nestle Water
T003281,Butter
T003281,Noodles
T003281,Surf Excel
T003281,Olpers Milk (Pack of 6)
T003281,Nestle Water
T003281,Tapal Tea (250g)
T003282,Lux Soap
T003282,Shan Biryani Masala
T003282,Olpers Milk (Pack of 6)
T003283,Guard Rice (1kg)
T003283,Lays Chips
T003283,Bread
T003283,Thal Sugar (200ml)
T003283,Surf Excel
T003284,Shan Biryani Masala
T003284,Dalda Cooking Oil (500ml)
T003284,Lays Chips
T003284,Surf Excel
T003284,Tapal Tea (250g)
T003284,Thal Sugar (200ml)
T003285,Pepsi 1L
T003285,Eggs
T003285,Nestle Water
T003285,Lux Soap
T003285,Surf Excel
T003285,Lays Chips
T003286,Noodles
T003286,Dalda Cooking Oil (500ml)
T003287,Eggs
T003287,National Ketchup (1kg)
T003287,Jam
T003287,Bread
T003288,Shan Biryani Masala
T003288,Pepsi 1L
T003289,Olpers Milk (Pack of 6)
T003289,Noodles
T003290,Thal Sugar (200ml)
T003290,National Ketchup (1kg)
T003291,Lays Chips
T003291,Noodles
T003292,Frozen Paratha
T003292,Tapal Tea (250g)
T003292,Olpers Milk (Pack of 6)
T003293,Eggs
T003293,Frozen Paratha
T003293,Lays Chips
T003293,Noodles
T003293,Dalda Cooking Oil (500ml)
T003293,Nestle Water
T003294,Biscuits
T003294,Frozen Paratha
T003294,Lays Chips
T003294,Guard Rice (1kg)
T003294,Chicken
T003294,Dalda Cooking Oil (500ml)
T003295,Biscuits
T003295,Nestle Water
T003295,Guard Rice (1kg)
T003295,Tapal Tea (250g)
T003295,Surf Excel
T003296,Lays Chips
T003296,Surf Excel
T003296,Chicken
T003296,National Ketchup (1kg)
T003297,Lux Soap
T003297,Chicken
T003297,Noodles
T003297,Butter
T003298,Bread
T003298,Chicken
T003298,Olpers Milk (Pack of 6)
T003298,Shan Biryani Masala
T003298,Frozen Paratha
T003298,Thal Sugar (200ml)
T003299,Frozen Paratha
T003299,Jam
T003300,Eggs
T003300,Lays Chips
T003300,Chicken
T003300,Noodles
T003300,Bread
T003300,Nestle Water
T003301,Bread
T003301,Noodles
T003301,Thal Sugar (200ml)
T003301,Eggs
T003301,Frozen Paratha
T003302,Pepsi 1L
T003302,National Ketchup (1kg)
T003302,Shan Biryani Masala
T003302,Frozen Paratha
T003303,Tapal Tea (250g)
T003303,Eggs
T003303,Lux Soap
T003303,Dalda Cooking Oil (500ml)
T003304,Jam
T003304,Bread
T003304,Guard Rice (1kg)
T003305,Dalda Cooking Oil (500ml)
T003305,Eggs
T003306,Jam
T003306,National Ketchup (1kg)
T003306,Tapal Tea (250g)
T003306,Surf Excel
T003307,Shan Biryani Masala
T003307,Surf Excel
T003307,Biscuits
T003307,Olpers Milk (Pack of 6)
T003307,Jam
T003307,Lays Chips
T003308,Tapal Tea (250g)
T003308,Surf Excel
T003309,Noodles
T003309,Chicken
T003309,National Ketchup (1kg)
T003309,Surf Excel
T003310,Lux Soap
T003310,Nestle Water
T003310,Olpers Milk (Pack of 6)
T003310,Tapal Tea (250g)
T003310,Noodles
T003310,Surf Excel
T003311,Eggs
T003311,National Ketchup (1kg)
T003311,Biscuits
T003311,Lays Chips
T003311,Butter
T003311,Dalda Cooking Oil (500ml)
T003312,Biscuits
T003312,Nestle Water
T003312,Shan Biryani Masala
T003312,Surf Excel
T003312,Noodles
T003313,Frozen Paratha
T003313,Surf Excel
T003313,Thal Sugar (200ml)
T003313,Eggs
T003313,Olpers Milk (Pack of 6)
T003314,Butter
T003314,Chicken
T003314,Biscuits
T003314,Surf Excel
T003314,Pepsi 1L
T003315,Bread
T003315,Eggs
T003315,Nestle Water
T003316,Lux Soap
T003316,Lays Chips
T003316,Olpers Milk (Pack of 6)
T003316,Bread
T003317,Lux Soap
T003317,Shan Biryani Masala
T003317,Dalda Cooking Oil (500ml)
T003318,Chicken
T003318,Noodles
T003318,Surf Excel
T003318,Biscuits
T003318,Lays Chips
T003318,Bread
T003319,Eggs
T003319,Nestle Water
T003319,Tapal Tea (250g)
T003319,Shan Biryani Masala
T003320,Guard Rice (1kg)
T003320,Tapal Tea (250g)
T003321,Olpers Milk (Pack of 6)
T003321,Butter
T003321,Nestle Water
T003321,Tapal Tea (250g)
T003321,Surf Excel
T003321,Thal Sugar (200ml)
T003322,Lux Soap
T003322,Butter
T003323,Frozen Paratha
T003323,Jam
T003323,Bread
T003323,Lays Chips
T003323,National Ketchup (1kg)
T003324,Jam
T003324,National Ketchup (1kg)
T003325,National Ketchup (1kg)
T003325,Tapal Tea (250g)
T003325,Butter
T003325,Frozen Paratha
T003326,Surf Excel
T003326,Eggs
T003326,Lux Soap
T003326,Biscuits
T003326,Noodles
T003326,Thal Sugar (200ml)
T003327,Frozen Paratha
T003327,Pepsi 1L
T003327,Shan Biryani Masala
T003327,Biscuits
T003327,Nestle Water
T003328,Tapal Tea (250g)
T003328,Jam
T003328,Nestle Water
T003328,Lays Chips
T003329,Eggs
T003329,Noodles
T003329,Butter
T003329,National Ketchup (1kg)
T003329,Lux Soap
T003330,Tapal Tea (250g)
T003330,Surf Excel
T003330,Jam
T003330,Bread
T003330,Chicken
T003330,Lays Chips
T003331,Butter
T003331,Tapal Tea (250g)
T003332,Butter
T003332,Dalda Cooking Oil (500ml)
T003332,Bread
T003332,Chicken
T003332,Nestle Water
T003333,Tapal Tea (250g)
T003333,Frozen Paratha
T003333,Surf Excel
T003333,Shan Biryani Masala
T003333,Pepsi 1L
T003334,Tapal Tea (250g)
T003334,Thal Sugar (200ml)
T003335,Bread
T003335,Surf Excel
T003335,Pepsi 1L
T003335,Chicken
T003335,Butter
T003335,Frozen Paratha
T003336,Bread
T003336,Tapal Tea (250g)
T003336,Eggs
T003336,Guard Rice (1kg)
T003337,Noodles
T003337,Biscuits
T003337,Olpers Milk (Pack of 6)
T003338,Biscuits
T003338,Shan Biryani Masala
T003338,Thal Sugar (200ml)
T003338,Jam
T003338,Tapal Tea (250g)
T003339,Frozen Paratha
T003339,Thal Sugar (200ml)
T003339,National Ketchup (1kg)
T003340,Shan Biryani Masala
T003340,Thal Sugar (200ml)
T003340,National Ketchup (1kg)
T003340,Bread
T003340,Lays Chips
T003341,Olpers Milk (Pack of 6)
T003341,Shan Biryani Masala
T003341,Thal Sugar (200ml)
T003341,Surf Excel
T003341,Chicken
T003342,Noodles
T003342,Thal Sugar (200ml)
T003342,Pepsi 1L
T003342,Nestle Water
T003342,Olpers Milk (Pack of 6)
T003342,National Ketchup (1kg)
T003343,Frozen Paratha
T003343,Lux Soap
T003343,Olpers Milk (Pack of 6)
T003343,Noodles
T003344,Surf Excel
T003344,Thal Sugar (200ml)
T003344,Olpers Milk (Pack of 6)
T003344,Pepsi 1L
T003344,Lays Chips
T003345,National Ketchup (1kg)
T003345,Lays Chips
T003345,Guard Rice (1kg)
T003345,Dalda Cooking Oil (500ml)
T003346,Guard Rice (1kg)
T003346,Jam
T003347,Tapal Tea (250g)
T003347,Frozen Paratha
T003347,National Ketchup (1kg)
T003347,Noodles
T003347,Shan Biryani Masala
T003348,Surf Excel
T003348,Frozen Paratha
T003348,Dalda Cooking Oil (500ml)
T003348,Butter
T003349,Lays Chips
T003349,Nestle Water
T003349,Bread
T003350,Butter
T003350,National Ketchup (1kg)
T003350,Lays Chips
T003350,Noodles
T003350,Chicken
T003350,Thal Sugar (200ml)
T003351,Tapal Tea (250g)
T003351,Frozen Paratha
T003351,Chicken
T003351,Thal Sugar (200ml)
T003352,Biscuits
T003352,Noodles
T003352,Surf Excel
T003352,Frozen Paratha
T003353,Lux Soap
T003353,Pepsi 1L
T003353,Thal Sugar (200ml)
T003354,National Ketchup (1kg)
T003354,Noodles
T003354,Lays Chips
T003354,Nestle Water
T003354,Chicken
T003355,Frozen Paratha
T003355,Surf Excel
T003355,Tapal Tea (250g)
T003355,Pepsi 1L
T003355,Lays Chips
T003355,Butter
T003356,Butter
T003356,National Ketchup (1kg)
T003356,Jam
T003357,Tapal Tea (250g)
T003357,Pepsi 1L
T003358,Dalda Cooking Oil (500ml)
T003358,Biscuits
T003358,Olpers Milk (Pack of 6)
T003359,Frozen Paratha
T003359,Guard Rice (1kg)
T003360,Thal Sugar (200ml)
T003360,National Ketchup (1kg)
T003361,Chicken
T003361,Guard Rice (1kg)
T003361,Bread
T003362,Pepsi 1L
T003362,Butter
T003362,Shan Biryani Masala
T003362,Guard Rice (1kg)
T003363,Eggs
T003363,Lux Soap
T003363,Nestle Water
T003363,Chicken
T003363,Noodles
T003364,Surf Excel
T003364,Lays Chips
T003364,Bread
T003365,Lux Soap
T003365,Nestle Water
T003365,Guard Rice (1kg)
T003365,Shan Biryani Masala
T003365,Pepsi 1L
T003365,Chicken
T003366,Tapal Tea (250g)
T003366,Frozen Paratha
T003366,Bread
T003367,Dalda Cooking Oil (500ml)
T003367,Thal Sugar (200ml)
T003367,Chicken
T003367,Lays Chips
T003368,Noodles
T003368,Tapal Tea (250g)
T003368,Pepsi 1L
T003368,Lux Soap
T003368,Nestle Water
T003369,Dalda Cooking Oil (500ml)
T003369,Pepsi 1L
T003370,Thal Sugar (200ml)
T003370,Jam
T003371,Butter
T003371,Jam
T003371,Guard Rice (1kg)
T003372,Biscuits
T003372,Lays Chips
T003372,Bread
T003372,Butter
T003373,Nestle Water
T003373,Surf Excel
T003374,Pepsi 1L
T003374,Guard Rice (1kg)
T003374,Butter
T003374,Jam
T003375,Chicken
T003375,Dalda Cooking Oil (500ml)
T003375,Bread
T003375,Jam
T003375,Pepsi 1L
T003375,Guard Rice (1kg)
T003376,Dalda Cooking Oil (500ml)
T003376,Shan Biryani Masala
T003376,Butter
T003376,Lux Soap
T003376,Pepsi 1L
T003376,Lays Chips
T003377,Eggs
T003377,Jam
T003377,Lays Chips
T003377,Frozen Paratha
T003377,National Ketchup (1kg)
T003378,Nestle Water
T003378,Lux Soap
T003378,Frozen Paratha
T003378,National Ketchup (1kg)
T003379,Lays Chips
T003379,Dalda Cooking Oil (500ml)
T003380,Frozen Paratha
T003380,National Ketchup (1kg)
T003381,Noodles
T003381,Thal Sugar (200ml)
T003381,Surf Excel
T003381,Tapal Tea (250g)
T003381,Bread
T003382,National Ketchup (1kg)
T003382,Jam
T003382,Lux Soap
T003383,Noodles
T003383,Tapal Tea (250g)
T003383,National Ketchup (1kg)
T003384,Dalda Cooking Oil (500ml)
T003384,Nestle Water
T003384,Tapal Tea (250g)
T003384,Shan Biryani Masala
T003384,Lays Chips
T003385,Nestle Water
T003385,Eggs
T003385,Thal Sugar (200ml)
T003385,Noodles
T003386,Olpers Milk (Pack of 6)
T003386,Chicken
T003386,National Ketchup (1kg)
T003386,Nestle Water
T003386,Butter
T003387,Lays Chips
T003387,Tapal Tea (250g)
T003387,Olpers Milk (Pack of 6)
T003387,Thal Sugar (200ml)
T003387,Bread
T003388,Guard Rice (1kg)
T003388,Olpers Milk (Pack of 6)
T003388,Frozen Paratha
T003388,Thal Sugar (200ml)
T003389,Bread
T003389,Dalda Cooking Oil (500ml)
T003389,Tapal Tea (250g)
T003389,Thal Sugar (200ml)
T003389,Shan Biryani Masala
T003390,Pepsi 1L
T003390,Shan Biryani Masala
T003390,Bread
T003390,Lux Soap
T003391,Guard Rice (1kg)
T003391,Biscuits
T003391,Eggs
T003391,Shan Biryani Masala
T003392,Eggs
T003392,Dalda Cooking Oil (500ml)
T003392,Noodles
T003393,Guard Rice (1kg)
T003393,Dalda Cooking Oil (500ml)
T003393,Nestle Water
T003394,Lux Soap
T003394,Olpers Milk (Pack of 6)
T003394,Dalda Cooking Oil (500ml)
T003394,Thal Sugar (200ml)
T003395,Noodles
T003395,Thal Sugar (200ml)
T003395,Olpers Milk (Pack of 6)
T003395,National Ketchup (1kg)
T003396,Olpers Milk (Pack of 6)
T003396,Nestle Water
T003396,Dalda Cooking Oil (500ml)
T003396,Guard Rice (1kg)
T003397,Pepsi 1L
T003397,Dalda Cooking Oil (500ml)
T003398,Thal Sugar (200ml)
T003398,Jam
T003398,Chicken
T003399,Nestle Water
T003399,Biscuits
T003399,Jam
T003399,Shan Biryani Masala
T003399,Thal Sugar (200ml)
T003399,Dalda Cooking Oil (500ml)
T003400,Nestle Water
T003400,Frozen Paratha
T003400,Chicken
T003400,Eggs
T003400,Lays Chips
T003400,Shan Biryani Masala
T003401,Tapal Tea (250g)
T003401,Biscuits
T003401,Jam
T003402,Surf Excel
T003402,Bread
T003402,Pepsi 1L
T003403,Tapal Tea (250g)
T003403,Lux Soap
T003403,Nestle Water
T003403,Pepsi 1L
T003403,Noodles
T003403,Chicken
T003404,Nestle Water
T003404,Chicken
T003404,Noodles
T003404,National Ketchup (1kg)
T003405,Guard Rice (1kg)
T003405,Nestle Water
T003405,Tapal Tea (250g)
T003405,Pepsi 1L
T003405,Chicken
T003406,Butter
T003406,Eggs
T003406,Dalda Cooking Oil (500ml)
T003406,Bread
T003406,Guard Rice (1kg)
T003407,Chicken
T003407,Olpers Milk (Pack of 6)
T003407,Biscuits
T003407,Tapal Tea (250g)
T003407,Eggs
T003407,Thal Sugar (200ml)
T003408,Chicken
T003408,Bread
T003408,Lux Soap
T003409,Lux Soap
T003409,Guard Rice (1kg)
T003409,Thal Sugar (200ml)
T003409,Shan Biryani Masala
T003410,Frozen Paratha
T003410,Lays Chips
T003410,Tapal Tea (250g)
T003411,Biscuits
T003411,Eggs
T003411,Pepsi 1L
T003411,Tapal Tea (250g)
T003412,Shan Biryani Masala
T003412,Chicken
T003412,Jam
T003413,Jam
T003413,Pepsi 1L
T003413,Nestle Water
T003413,Chicken
T003413,Lux Soap
T003414,Bread
T003414,National Ketchup (1kg)
T003414,Dalda Cooking Oil (500ml)
T003414,Tapal Tea (250g)
T003414,Thal Sugar (200ml)
T003414,Chicken
T003415,Tapal Tea (250g)
T003415,Lays Chips
T003415,Guard Rice (1kg)
T003415,Bread
T003416,Biscuits
T003416,Thal Sugar (200ml)
T003417,Shan Biryani Masala
T003417,Chicken
T003417,Thal Sugar (200ml)
T003417,Guard Rice (1kg)
T003417,Pepsi 1L
T003417,Nestle Water
T003418,Butter
T003418,Shan Biryani Masala
T003418,Thal Sugar (200ml)
T003418,Pepsi 1L
T003418,Frozen Paratha
T003418,Noodles
T003419,Butter
T003419,Guard Rice (1kg)
T003420,Frozen Paratha
T003420,Olpers Milk (Pack of 6)
T003421,Bread
T003421,Dalda Cooking Oil (500ml)
T003422,Nestle Water
T003422,Butter
T003422,Bread
T003422,Lux Soap
T003422,Pepsi 1L
T003423,Eggs
T003423,Nestle Water
T003423,Lays Chips
T003423,Thal Sugar (200ml)
T003424,Pepsi 1L
T003424,Frozen Paratha
T003425,Guard Rice (1kg)
T003425,Jam
T003425,Shan Biryani Masala
T003426,Pepsi 1L
T003426,National Ketchup (1kg)
T003426,Lux Soap
T003427,Shan Biryani Masala
T003427,Jam
T003427,Tapal Tea (250g)
T003427,Biscuits
T003427,Lays Chips
T003428,Jam
T003428,Biscuits
T003428,Chicken
T003428,Shan Biryani Masala
T003429,Butter
T003429,Lays Chips
T003430,Eggs
T003430,Shan Biryani Masala
T003430,Thal Sugar (200ml)
T003431,Lux Soap
T003431,Guard Rice (1kg)
T003431,Dalda Cooking Oil (500ml)
T003431,Lays Chips
T003432,Pepsi 1L
T003432,Surf Excel
T003433,Eggs
T003433,National Ketchup (1kg)
T003433,Shan Biryani Masala
T003434,Lux Soap
T003434,Biscuits
T003435,Frozen Paratha
T003435,Noodles
T003435,Biscuits
T003435,Olpers Milk (Pack of 6)
T003436,Dalda Cooking Oil (500ml)
T003436,Shan Biryani Masala
T003436,Lays Chips
T003436,Frozen Paratha
T003436,Surf Excel
T003437,Tapal Tea (250g)
T003437,Shan Biryani Masala
T003438,Noodles
T003438,Shan Biryani Masala
T003438,Bread
T003438,Frozen Paratha
T003438,Lux Soap
T003438,Thal Sugar (200ml)
T003439,Lays Chips
T003439,Surf Excel
T003439,Butter
T003440,Pepsi 1L
T003440,Chicken
T003440,Thal Sugar (200ml)
T003440,Butter
T003440,Olpers Milk (Pack of 6)
T003440,Lux Soap
T003441,Guard Rice (1kg)
T003441,Pepsi 1L
T003442,Guard Rice (1kg)
T003442,National Ketchup (1kg)
T003443,Nestle Water
T003443,Guard Rice (1kg)
T003444,Frozen Paratha
T003444,Lays Chips
T003444,Olpers Milk (Pack of 6)
T003445,Thal Sugar (200ml)
T003445,Surf Excel
T003445,Biscuits
T003445,Eggs
T003445,Dalda Cooking Oil (500ml)
T003446,Tapal Tea (250g)
T003446,Chicken
T003446,Guard Rice (1kg)
T003447,Shan Biryani Masala
T003447,Surf Excel
T003447,Dalda Cooking Oil (500ml)
T003447,Jam
T003447,Thal Sugar (200ml)
T003448,Eggs
T003448,Olpers Milk (Pack of 6)
T003449,Lays Chips
T003449,Frozen Paratha
T003449,Dalda Cooking Oil (500ml)
T003449,Nestle Water
T003449,Chicken
T003450,Pepsi 1L
T003450,Guard Rice (1kg)
T003451,Lays Chips
T003451,Surf Excel
T003451,Dalda Cooking Oil (500ml)
T003451,Butter
T003452,Chicken
T003452,Bread
T003452,National Ketchup (1kg)
T003452,Guard Rice (1kg)
T003453,Pepsi 1L
T003453,Dalda Cooking Oil (500ml)
T003454,Shan Biryani Masala
T003454,Dalda Cooking Oil (500ml)
T003454,Bread
T003455,Frozen Paratha
T003455,Bread
T003455,Thal Sugar (200ml)
T003455,Noodles
T003456,Chicken
T003456,Noodles
T003456,Surf Excel
T003457,Shan Biryani Masala
T003457,National Ketchup (1kg)
T003458,Bread
T003458,Nestle Water
T003459,Eggs
T003459,Biscuits
T003459,Butter
T003459,Shan Biryani Masala
T003459,Olpers Milk (Pack of 6)
T003460,Frozen Paratha
T003460,Nestle Water
T003460,Guard Rice (1kg)
T003460,Bread
T003460,Olpers Milk (Pack of 6)
T003461,Lays Chips
T003461,Pepsi 1L
T003462,Olpers Milk (Pack of 6)
T003462,Dalda Cooking Oil (500ml)
T003462,Noodles
T003463,Chicken
T003463,Guard Rice (1kg)
T003463,Bread
T003463,Pepsi 1L
T003464,Eggs
T003464,Thal Sugar (200ml)
T003464,Biscuits
T003464,Pepsi 1L
T003465,Thal Sugar (200ml)
T003465,Biscuits
T003465,Chicken
T003465,Bread
T003466,Shan Biryani Masala
T003466,Olpers Milk (Pack of 6)
T003466,Tapal Tea (250g)
T003467,Olpers Milk (Pack of 6)
T003467,Noodles
T003468,Frozen Paratha
T003468,Lux Soap
T003469,Butter
T003469,Tapal Tea (250g)
T003469,Noodles
T003469,Dalda Cooking Oil (500ml)
T003469,Bread
T003470,Shan Biryani Masala
T003470,Jam
T003470,Thal Sugar (200ml)
T003470,Butter
T003470,Eggs
T003470,Olpers Milk (Pack of 6)
T003471,Thal Sugar (200ml)
T003471,Frozen Paratha
T003471,Shan Biryani Masala
T003471,Butter
T003471,National Ketchup (1kg)
T003471,Lux Soap
T003472,Dalda Cooking Oil (500ml)
T003472,Bread
T003472,Guard Rice (1kg)
T003472,Jam
T003472,Olpers Milk (Pack of 6)
T003472,Shan Biryani Masala
T003473,Lays Chips
T003473,Butter
T003473,Frozen Paratha
T003473,Surf Excel
T003473,Eggs
T003474,Frozen Paratha
T003474,Lux Soap
T003474,Eggs
T003474,Biscuits
T003475,Butter
T003475,National Ketchup (1kg)
T003475,Lux Soap
T003476,Olpers Milk (Pack of 6)
T003476,Pepsi 1L
T003477,Tapal Tea (250g)
T003477,Eggs
T003477,Guard Rice (1kg)
T003477,Bread
T003477,Chicken
T003477,Dalda Cooking Oil (500ml)
T003478,Surf Excel
T003478,National Ketchup (1kg)
T003478,Tapal Tea (250g)
T003478,Noodles
T003478,Thal Sugar (200ml)
T003478,Guard Rice (1kg)
T003479,Frozen Paratha
T003479,Pepsi 1L
T003479,Lux Soap
T003479,Bread
T003479,Dalda Cooking Oil (500ml)
T003480,Pepsi 1L
T003480,Tapal Tea (250g)
T003481,National Ketchup (1kg)
T003481,Bread
T003482,Noodles
T003482,National Ketchup (1kg)
T003482,Lays Chips
T003482,Tapal Tea (250g)
T003483,Eggs
T003483,Frozen Paratha
T003483,Jam
T003483,Thal Sugar (200ml)
T003483,Bread
T003484,Biscuits
T003484,Thal Sugar (200ml)
T003485,Eggs
T003485,Nestle Water
T003485,Thal Sugar (200ml)
T003485,Guard Rice (1kg)
T003485,Butter
T003486,Noodles
T003486,Bread
T003486,Olpers Milk (Pack of 6)
T003486,Guard Rice (1kg)
T003486,Biscuits
T003487,Lays Chips
T003487,Eggs
T003487,Pepsi 1L
T003487,Frozen Paratha
T003488,Surf Excel
T003488,Dalda Cooking Oil (500ml)
T003488,Frozen Paratha
T003488,Bread
T003488,Nestle Water
T003489,Eggs
T003489,Shan Biryani Masala
T003489,Pepsi 1L
T003489,Surf Excel
T003489,Lux Soap
T003490,Thal Sugar (200ml)
T003490,Dalda Cooking Oil (500ml)
T003490,Biscuits
T003490,Pepsi 1L
T003490,Lux Soap
T003491,Shan Biryani Masala
T003491,Jam
T003491,Bread
T003491,Nestle Water
T003492,Olpers Milk (Pack of 6)
T003492,National Ketchup (1kg)
T003492,Guard Rice (1kg)
T003492,Tapal Tea (250g)
T003493,Shan Biryani Masala
T003493,Dalda Cooking Oil (500ml)
T003493,Bread
T003493,Frozen Paratha
T003494,Biscuits
T003494,Tapal Tea (250g)
T003494,Thal Sugar (200ml)
T003494,Guard Rice (1kg)
T003494,Eggs
T003494,Nestle Water
T003495,Lux Soap
T003495,Pepsi 1L
T003495,Nestle Water
T003495,Shan Biryani Masala
T003495,Jam
T003495,Olpers Milk (Pack of 6)
T003496,Bread
T003496,Lays Chips
T003497,Shan Biryani Masala
T003497,Surf Excel
T003497,Tapal Tea (250g)
T003498,Noodles
T003498,Surf Excel
T003498,National Ketchup (1kg)
T003498,Pepsi 1L
T003498,Lux Soap
T003498,Nestle Water
T003499,Shan Biryani Masala
T003499,National Ketchup (1kg)
T003499,Bread
T003499,Chicken
T003500,Olpers Milk (Pack of 6)
T003500,Biscuits
T003501,Lays Chips
T003501,Lux Soap
T003502,Chicken
T003502,Frozen Paratha
T003503,Noodles
T003503,Surf Excel
T003503,Olpers Milk (Pack of 6)
T003503,National Ketchup (1kg)
T003504,Frozen Paratha
T003504,Lux Soap
T003504,Bread
T003505,Eggs
T003505,Dalda Cooking Oil (500ml)
T003505,Biscuits
T003505,Surf Excel
T003506,Frozen Paratha
T003506,Chicken
T003506,Guard Rice (1kg)
T003506,Shan Biryani Masala
T003506,Butter
T003506,Jam
T003507,Lux Soap
T003507,Guard Rice (1kg)
T003507,Noodles
T003508,Guard Rice (1kg)
T003508,Shan Biryani Masala
T003508,Tapal Tea (250g)
T003509,National Ketchup (1kg)
T003509,Shan Biryani Masala
T003509,Olpers Milk (Pack of 6)
T003509,Thal Sugar (200ml)
T003509,Dalda Cooking Oil (500ml)
T003510,Dalda Cooking Oil (500ml)
T003510,Eggs
T003510,Lux Soap
T003511,Noodles
T003511,Biscuits
T003511,Guard Rice (1kg)
T003511,Chicken
T003511,Butter
T003512,Eggs
T003512,Olpers Milk (Pack of 6)
T003513,Thal Sugar (200ml)
T003513,Olpers Milk (Pack of 6)
T003513,Chicken
T003513,Guard Rice (1kg)
T003513,Eggs
T003513,Tapal Tea (250g)
T003514,Olpers Milk (Pack of 6)
T003514,Chicken
T003514,Noodles
T003515,Lays Chips
T003515,Noodles
T003515,Biscuits
T003516,Noodles
T003516,Thal Sugar (200ml)
T003516,Chicken
T003516,Tapal Tea (250g)
T003517,Tapal Tea (250g)
T003517,Nestle Water
T003517,Biscuits
T003518,Lux Soap
T003518,Lays Chips
T003518,Noodles
T003518,Jam
T003519,Jam
T003519,Butter
T003519,Shan Biryani Masala
T003519,Frozen Paratha
T003519,Thal Sugar (200ml)
T003520,Lux Soap
T003520,Thal Sugar (200ml)
T003520,Lays Chips
T003520,Bread
T003520,Biscuits
T003520,Eggs
T003521,Guard Rice (1kg)
T003521,Dalda Cooking Oil (500ml)
T003521,Frozen Paratha
T003521,Shan Biryani Masala
T003521,Tapal Tea (250g)
T003522,Bread
T003522,Thal Sugar (200ml)
T003522,Jam
T003522,Biscuits
T003522,Chicken
T003523,Chicken
T003523,Lays Chips
T003524,Noodles
T003524,Shan Biryani Masala
T003524,Olpers Milk (Pack of 6)
T003525,Surf Excel
T003525,Olpers Milk (Pack of 6)
T003526,Noodles
T003526,Guard Rice (1kg)
T003526,Pepsi 1L
T003527,Nestle Water
T003527,Surf Excel
T003527,Jam
T003528,Lays Chips
T003528,Noodles
T003528,Butter
T003528,Chicken
T003528,Dalda Cooking Oil (500ml)
T003528,Bread
T003529,Dalda Cooking Oil (500ml)
T003529,Eggs
T003530,Lux Soap
T003530,Eggs
T003531,Pepsi 1L
T003531,Shan Biryani Masala
T003531,Jam
T003531,Frozen Paratha
T003531,Surf Excel
T003532,Dalda Cooking Oil (500ml)
T003532,Guard Rice (1kg)
T003532,Butter
T003533,Biscuits
T003533,Tapal Tea (250g)
T003533,Noodles
T003534,Tapal Tea (250g)
T003534,Nestle Water
T003534,Eggs
T003534,Butter
T003535,Olpers Milk (Pack of 6)
T003535,Biscuits
T003535,Noodles
T003535,Lays Chips
T003536,Nestle Water
T003536,National Ketchup (1kg)
T003536,Surf Excel
T003536,Lux Soap
T003537,Jam
T003537,Noodles
T003537,Shan Biryani Masala
T003537,Eggs
T003538,Dalda Cooking Oil (500ml)
T003538,Frozen Paratha
T003538,Surf Excel
T003538,Olpers Milk (Pack of 6)
T003538,Pepsi 1L
T003539,Chicken
T003539,Noodles
T003540,Lays Chips
T003540,Bread
T003540,Noodles
T003540,Olpers Milk (Pack of 6)
T003540,Jam
T003541,Dalda Cooking Oil (500ml)
T003541,Surf Excel
T003541,Thal Sugar (200ml)
T003541,Guard Rice (1kg)
T003541,Lux Soap
T003542,Biscuits
T003542,Olpers Milk (Pack of 6)
T003543,Guard Rice (1kg)
T003543,Frozen Paratha
T003544,Shan Biryani Masala
T003544,National Ketchup (1kg)
T003544,Noodles
T003544,Thal Sugar (200ml)
T003544,Guard Rice (1kg)
T003545,Thal Sugar (200ml)
T003545,Eggs
T003545,Butter
T003545,Guard Rice (1kg)
T003545,Chicken
T003545,Pepsi 1L
T003546,Butter
T003546,Chicken
T003547,Surf Excel
T003547,Shan Biryani Masala
T003547,Pepsi 1L
T003547,Nestle Water
T003547,Butter
T003548,Jam
T003548,Pepsi 1L
T003548,Biscuits
T003548,Lays Chips
T003548,Nestle Water
T003549,Lux Soap
T003549,Nestle Water
T003550,Chicken
T003550,Thal Sugar (200ml)
T003550,Dalda Cooking Oil (500ml)
T003550,Tapal Tea (250g)
T003550,National Ketchup (1kg)
T003551,Pepsi 1L
T003551,Tapal Tea (250g)
T003551,Dalda Cooking Oil (500ml)
T003552,Shan Biryani Masala
T003552,Jam
T003552,Lays Chips
T003552,Butter
T003553,Surf Excel
T003553,Pepsi 1L
T003553,Dalda Cooking Oil (500ml)
T003553,Nestle Water
T003554,Tapal Tea (250g)
T003554,Lays Chips
T003555,Nestle Water
T003555,Olpers Milk (Pack of 6)
T003555,Noodles
T003556,Guard Rice (1kg)
T003556,Noodles
T003556,Lays Chips
T003556,Lux Soap
T003556,Chicken
T003556,Frozen Paratha
T003557,Lux Soap
T003557,Dalda Cooking Oil (500ml)
T003558,Thal Sugar (200ml)
T003558,Guard Rice (1kg)
T003558,Olpers Milk (Pack of 6)
T003558,Shan Biryani Masala
T003559,Nestle Water
T003559,Dalda Cooking Oil (500ml)
T003559,Thal Sugar (200ml)
T003559,Shan Biryani Masala
T003560,Frozen Paratha
T003560,Chicken
T003560,Olpers Milk (Pack of 6)
T003560,Nestle Water
T003560,Lux Soap
T003561,Eggs
T003561,Guard Rice (1kg)
T003561,Tapal Tea (250g)
T003561,Biscuits
T003562,Noodles
T003562,Pepsi 1L
T003562,Bread
T003563,Olpers Milk (Pack of 6)
T003563,National Ketchup (1kg)
T003563,Butter
T003563,Nestle Water
T003563,Tapal Tea (250g)
T003564,National Ketchup (1kg)
T003564,Tapal Tea (250g)
T003565,Surf Excel
T003565,Tapal Tea (250g)
T003565,Lays Chips
T003565,National Ketchup (1kg)
T003565,Nestle Water
T003565,Thal Sugar (200ml)
T003566,Chicken
T003566,Nestle Water
T003566,Bread
T003566,Pepsi 1L
T003566,Lays Chips
T003567,Lays Chips
T003567,Chicken
T003568,Thal Sugar (200ml)
T003568,Olpers Milk (Pack of 6)
T003569,Dalda Cooking Oil (500ml)
T003569,Pepsi 1L
T003569,Lays Chips
T003569,Biscuits
T003569,Frozen Paratha
T003570,Thal Sugar (200ml)
T003570,Frozen Paratha
T003571,Nestle Water
T003571,Noodles
T003572,Nestle Water
T003572,Eggs
T003572,Bread
T003572,Biscuits
T003572,Frozen Paratha
T003573,Guard Rice (1kg)
T003573,Shan Biryani Masala
T003573,Biscuits
T003573,Tapal Tea (250g)
T003574,Olpers Milk (Pack of 6)
T003574,Eggs
T003574,Butter
T003574,Pepsi 1L
T003575,Lays Chips
T003575,National Ketchup (1kg)
T003575,Jam
T003575,Dalda Cooking Oil (500ml)
T003575,Tapal Tea (250g)
T003575,Eggs
T003576,Guard Rice (1kg)
T003576,Butter
T003576,Bread
T003577,Butter
T003577,Olpers Milk (Pack of 6)
T003577,Biscuits
T003577,Guard Rice (1kg)
T003577,Lays Chips
T003578,Frozen Paratha
T003578,Lux Soap
T003578,Jam
T003579,Lays Chips
T003579,Nestle Water
T003579,Pepsi 1L
T003579,Shan Biryani Masala
T003579,Frozen Paratha
T003580,National Ketchup (1kg)
T003580,Eggs
T003580,Chicken
T003580,Shan Biryani Masala
T003580,Bread
T003581,National Ketchup (1kg)
T003581,Nestle Water
T003581,Surf Excel
T003581,Guard Rice (1kg)
T003582,Chicken
T003582,Noodles
T003582,Lux Soap
T003582,Tapal Tea (250g)
T003583,Thal Sugar (200ml)
T003583,Bread
T003583,Guard Rice (1kg)
T003583,Dalda Cooking Oil (500ml)
T003584,Frozen Paratha
T003584,Surf Excel
T003584,National Ketchup (1kg)
T003585,Bread
T003585,Lux Soap
T003585,Thal Sugar (200ml)
T003585,Chicken
T003585,Jam
T003586,Butter
T003586,Guard Rice (1kg)
T003586,Dalda Cooking Oil (500ml)
T003587,Pepsi 1L
T003587,Chicken
T003587,Lays Chips
T003587,Lux Soap
T003587,Biscuits
T003588,Biscuits
T003588,National Ketchup (1kg)
T003588,Olpers Milk (Pack of 6)
T003588,Frozen Paratha
T003589,Surf Excel
T003589,Noodles
T003589,National Ketchup (1kg)
T003589,Lux Soap
T003589,Chicken
T003590,Guard Rice (1kg)
T003590,Dalda Cooking Oil (500ml)
T003590,Butter
T003590,Biscuits
T003590,Lays Chips
T003591,Shan Biryani Masala
T003591,Chicken
T003591,Butter
T003591,Dalda Cooking Oil (500ml)
T003591,Jam
T003591,Nestle Water
T003592,Bread
T003592,Tapal Tea (250g)
T003592,Shan Biryani Masala
T003592,Chicken
T003592,Eggs
T003593,Noodles
T003593,Dalda Cooking Oil (500ml)
T003593,Tapal Tea (250g)
T003594,Pepsi 1L
T003594,Biscuits
T003594,Dalda Cooking Oil (500ml)
T003594,Thal Sugar (200ml)
T003594,Surf Excel
T003594,Frozen Paratha
T003595,Bread
T003595,Dalda Cooking Oil (500ml)
T003595,Tapal Tea (250g)
T003595,Jam
T003596,Bread
T003596,Pepsi 1L
T003596,Thal Sugar (200ml)
T003596,Eggs
T003597,National Ketchup (1kg)
T003597,Lays Chips
T003597,Eggs
T003597,Guard Rice (1kg)
T003597,Nestle Water
T003597,Chicken
T003598,Thal Sugar (200ml)
T003598,Bread
T003598,Olpers Milk (Pack of 6)
T003598,Surf Excel
T003598,Jam
T003599,Bread
T003599,Surf Excel
T003599,Tapal Tea (250g)
T003599,Olpers Milk (Pack of 6)
T003599,Shan Biryani Masala
T003600,Olpers Milk (Pack of 6)
T003600,Nestle Water
T003600,Shan Biryani Masala
T003600,Surf Excel
T003601,Shan Biryani Masala
T003601,Jam
T003602,Bread
T003602,Eggs
T003603,Noodles
T003603,Surf Excel
T003603,Jam
T003603,Shan Biryani Masala
T003603,Tapal Tea (250g)
T003604,Biscuits
T003604,Shan Biryani Masala
T003604,Lux Soap
T003604,Lays Chips
T003604,Guard Rice (1kg)
T003604,Tapal Tea (250g)
T003605,Nestle Water
T003605,Shan Biryani Masala
T003606,Chicken
T003606,Eggs
T003606,Lux Soap
T003607,Lays Chips
T003607,Lux Soap
T003607,National Ketchup (1kg)
T003608,Lays Chips
T003608,Surf Excel
T003608,Pepsi 1L
T003608,Nestle Water
T003608,Shan Biryani Masala
T003609,Butter
T003609,Biscuits
T003610,Biscuits
T003610,Noodles
T003610,Tapal Tea (250g)
T003611,Frozen Paratha
T003611,Eggs
T003612,Bread
T003612,Nestle Water
T003612,Butter
T003612,Chicken
T003613,Noodles
T003613,Biscuits
T003613,Dalda Cooking Oil (500ml)
T003613,Guard Rice (1kg)
T003614,Biscuits
T003614,Olpers Milk (Pack of 6)
T003614,Butter
T003614,Lays Chips
T003614,Thal Sugar (200ml)
T003614,Tapal Tea (250g)
T003615,Eggs
T003615,Surf Excel
T003615,Nestle Water
T003616,Butter
T003616,Tapal Tea (250g)
T003616,Biscuits
T003616,Pepsi 1L
T003616,Surf Excel
T003616,Frozen Paratha
T003617,Lux Soap
T003617,Olpers Milk (Pack of 6)
T003617,Frozen Paratha
T003618,Noodles
T003618,National Ketchup (1kg)
T003618,Biscuits
T003619,Noodles
T003619,Dalda Cooking Oil (500ml)
T003619,National Ketchup (1kg)
T003619,Surf Excel
T003619,Pepsi 1L
T003620,National Ketchup (1kg)
T003620,Tapal Tea (250g)
T003620,Pepsi 1L
T003620,Chicken
T003620,Eggs
T003620,Bread
T003621,Eggs
T003621,Olpers Milk (Pack of 6)
T003622,Pepsi 1L
T003622,Eggs
T003622,Jam
T003622,Dalda Cooking Oil (500ml)
T003623,Olpers Milk (Pack of 6)
T003623,Pepsi 1L
T003623,National Ketchup (1kg)
T003623,Dalda Cooking Oil (500ml)
T003623,Shan Biryani Masala
T003624,Pepsi 1L
T003624,Lux Soap
T003624,Bread
T003624,Nestle Water
T003624,Thal Sugar (200ml)
T003624,Chicken
T003625,Tapal Tea (250g)
T003625,Lux Soap
T003625,Lays Chips
T003626,Pepsi 1L
T003626,National Ketchup (1kg)
T003626,Noodles
T003626,Dalda Cooking Oil (500ml)
T003627,Noodles
T003627,Tapal Tea (250g)
T003627,Lays Chips
T003628,Biscuits
T003628,Surf Excel
T003628,Butter
T003629,Surf Excel
T003629,Nestle Water
T003629,Guard Rice (1kg)
T003630,Biscuits
T003630,Bread
T003630,Chicken
T003630,Frozen Paratha
T003630,Shan Biryani Masala
T003631,Biscuits
T003631,Surf Excel
T003632,Dalda Cooking Oil (500ml)
T003632,Eggs
T003632,Bread
T003633,Shan Biryani Masala
T003633,Surf Excel
T003633,Butter
T003634,Biscuits
T003634,Surf Excel
T003634,National Ketchup (1kg)
T003634,Pepsi 1L
T003635,Shan Biryani Masala
T003635,Lux Soap
T003635,Butter
T003635,Nestle Water
T003636,Guard Rice (1kg)
T003636,Pepsi 1L
T003636,Butter
T003636,Shan Biryani Masala
T003636,Lays Chips
T003637,Lays Chips
T003637,Frozen Paratha
T003637,National Ketchup (1kg)
T003637,Bread
T003637,Dalda Cooking Oil (500ml)
T003637,Biscuits
T003638,Bread
T003638,Frozen Paratha
T003639,Surf Excel
T003639,Dalda Cooking Oil (500ml)
T003639,Noodles
T003639,Lays Chips
T003639,Guard Rice (1kg)
T003639,Shan Biryani Masala
T003640,Chicken
T003640,Surf Excel
T003640,Lays Chips
T003640,Dalda Cooking Oil (500ml)
T003640,Thal Sugar (200ml)
T003640,Bread
T003641,Lux Soap
T003641,Nestle Water
T003641,Guard Rice (1kg)
T003641,Lays Chips
T003642,Surf Excel
T003642,Noodles
T003642,Thal Sugar (200ml)
T003642,National Ketchup (1kg)
T003642,Lux Soap
T003643,Tapal Tea (250g)
T003643,Lays Chips
T003644,Jam
T003644,Dalda Cooking Oil (500ml)
T003644,Tapal Tea (250g)
T003644,Eggs
T003645,Dalda Cooking Oil (500ml)
T003645,National Ketchup (1kg)
T003645,Biscuits
T003645,Pepsi 1L
T003645,Chicken
T003645,Bread
T003646,Jam
T003646,Tapal Tea (250g)
T003646,Nestle Water
T003646,National Ketchup (1kg)
T003647,Nestle Water
T003647,Noodles
T003647,Bread
T003647,Eggs
T003648,Thal Sugar (200ml)
T003648,National Ketchup (1kg)
T003648,Nestle Water
T003648,Biscuits
T003649,Chicken
T003649,Guard Rice (1kg)
T003649,Nestle Water
T003649,Bread
T003650,Lays Chips
T003650,Noodles
T003651,Olpers Milk (Pack of 6)
T003651,Surf Excel
T003651,Jam
T003651,National Ketchup (1kg)
T003652,Dalda Cooking Oil (500ml)
T003652,Jam
T003652,Olpers Milk (Pack of 6)
T003652,Frozen Paratha
T003652,Biscuits
T003653,Biscuits
T003653,Tapal Tea (250g)
T003654,National Ketchup (1kg)
T003654,Pepsi 1L
T003654,Dalda Cooking Oil (500ml)
T003654,Frozen Paratha
T003654,Tapal Tea (250g)
T003654,Butter
T003655,Lux Soap
T003655,Biscuits
T003655,Olpers Milk (Pack of 6)
T003655,Pepsi 1L
T003656,Dalda Cooking Oil (500ml)
T003656,Biscuits
T003656,Lux Soap
T003656,Eggs
T003656,Jam
T003656,Butter
T003657,Bread
T003657,Tapal Tea (250g)
T003657,Chicken
T003657,Thal Sugar (200ml)
T003657,Olpers Milk (Pack of 6)
T003657,Lays Chips
T003658,Dalda Cooking Oil (500ml)
T003658,Thal Sugar (200ml)
T003658,Surf Excel
T003658,Frozen Paratha
T003658,Tapal Tea (250g)
T003658,Chicken
T003659,Lays Chips
T003659,Olpers Milk (Pack of 6)
T003659,Nestle Water
T003659,Dalda Cooking Oil (500ml)
T003659,Pepsi 1L
T003659,Chicken
T003660,Eggs
T003660,Shan Biryani Masala
T003660,Thal Sugar (200ml)
T003660,Guard Rice (1kg)
T003660,Olpers Milk (Pack of 6)
T003660,Lays Chips
T003661,Nestle Water
T003661,National Ketchup (1kg)
T003661,Tapal Tea (250g)
T003661,Pepsi 1L
T003661,Lux Soap
T003661,Eggs
T003662,Butter
T003662,Biscuits
T003663,Shan Biryani Masala
T003663,Olpers Milk (Pack of 6)
T003663,Frozen Paratha
T003663,Lux Soap
T003663,Noodles
T003664,Biscuits
T003664,Dalda Cooking Oil (500ml)
T003664,Bread
T003664,Thal Sugar (200ml)
T003664,National Ketchup (1kg)
T003664,Eggs
T003665,Guard Rice (1kg)
T003665,Bread
T003665,Pepsi 1L
T003665,Butter
T003666,Biscuits
T003666,Shan Biryani Masala
T003666,Frozen Paratha
T003666,Dalda Cooking Oil (500ml)
T003667,Chicken
T003667,Biscuits
T003667,Jam
T003667,Guard Rice (1kg)
T003668,Jam
T003668,Guard Rice (1kg)
T003668,Thal Sugar (200ml)
T003668,Nestle Water
T003669,Dalda Cooking Oil (500ml)
T003669,Shan Biryani Masala
T003669,Nestle Water
T003669,Jam
T003670,National Ketchup (1kg)
T003670,Pepsi 1L
T003670,Thal Sugar (200ml)
T003671,Pepsi 1L
T003671,Frozen Paratha
T003671,Dalda Cooking Oil (500ml)
T003671,Surf Excel
T003671,Eggs
T003671,Olpers Milk (Pack of 6)
T003672,Thal Sugar (200ml)
T003672,Biscuits
T003672,Pepsi 1L
T003672,Noodles
T003672,Jam
T003673,Lays Chips
T003673,Surf Excel
T003673,Noodles
T003674,Lux Soap
T003674,Jam
T003674,Eggs
T003675,Nestle Water
T003675,Guard Rice (1kg)
T003675,Lux Soap
T003675,Tapal Tea (250g)
T003675,Bread
T003676,Dalda Cooking Oil (500ml)
T003676,National Ketchup (1kg)
T003676,Nestle Water
T003676,Surf Excel
T003677,Shan Biryani Masala
T003677,Chicken
T003677,Tapal Tea (250g)
T003677,Lux Soap
T003677,Nestle Water
T003678,Bread
T003678,Chicken
T003678,Lays Chips
T003679,Biscuits
T003679,Lays Chips
T003680,Frozen Paratha
T003680,Tapal Tea (250g)
T003680,Pepsi 1L
T003680,Noodles
T003680,Eggs
T003681,Dalda Cooking Oil (500ml)
T003681,Shan Biryani Masala
T003681,Chicken
T003681,Noodles
T003682,Bread
T003682,Nestle Water
T003683,Tapal Tea (250g)
T003683,Chicken
T003683,National Ketchup (1kg)
T003683,Lays Chips
T003684,Guard Rice (1kg)
T003684,Tapal Tea (250g)
T003685,Biscuits
T003685,Frozen Paratha
T003685,Surf Excel
T003685,Nestle Water
T003685,Lux Soap
T003685,Dalda Cooking Oil (500ml)
T003686,Pepsi 1L
T003686,Biscuits
T003686,Surf Excel
T003686,Nestle Water
T003687,Noodles
T003687,National Ketchup (1kg)
T003687,Surf Excel
T003687,Thal Sugar (200ml)
T003687,Tapal Tea (250g)
T003687,Olpers Milk (Pack of 6)
T003688,Eggs
T003688,Tapal Tea (250g)
T003688,Olpers Milk (Pack of 6)
T003688,Dalda Cooking Oil (500ml)
T003689,Nestle Water
T003689,Eggs
T003689,Bread
T003689,Guard Rice (1kg)
T003690,Olpers Milk (Pack of 6)
T003690,Dalda Cooking Oil (500ml)
T003690,Tapal Tea (250g)
T003691,Tapal Tea (250g)
T003691,Jam
T003691,Chicken
T003691,Thal Sugar (200ml)
T003691,Bread
T003691,Olpers Milk (Pack of 6)
T003692,Bread
T003692,Eggs
T003692,Jam
T003692,Chicken
T003692,Surf Excel
T003693,Olpers Milk (Pack of 6)
T003693,Tapal Tea (250g)
T003693,Lays Chips
T003693,Butter
T003694,Guard Rice (1kg)
T003694,Thal Sugar (200ml)
T003694,Tapal Tea (250g)
T003695,Bread
T003695,Biscuits
T003695,Butter
T003695,Dalda Cooking Oil (500ml)
T003695,National Ketchup (1kg)
T003695,Frozen Paratha
T003696,Dalda Cooking Oil (500ml)
T003696,Butter
T003696,Jam
T003697,Bread
T003697,Jam
T003697,Pepsi 1L
T003698,Biscuits
T003698,Lux Soap
T003699,Bread
T003699,Noodles
T003699,Olpers Milk (Pack of 6)
T003700,Tapal Tea (250g)
T003700,Chicken
T003700,Nestle Water
T003700,Bread
T003700,Lux Soap
T003700,Surf Excel
T003701,Bread
T003701,Shan Biryani Masala
T003701,Eggs
T003701,Lux Soap
T003701,Noodles
T003702,Surf Excel
T003702,Biscuits
T003702,Lays Chips
T003703,Shan Biryani Masala
T003703,Lux Soap
T003703,Tapal Tea (250g)
T003703,Noodles
T003703,Surf Excel
T003704,Guard Rice (1kg)
T003704,Butter
T003704,Jam
T003705,Eggs
T003705,Biscuits
T003705,Noodles
T003705,Chicken
T003705,Guard Rice (1kg)
T003706,Pepsi 1L
T003706,Chicken
T003707,Lux Soap
T003707,National Ketchup (1kg)
T003707,Jam
T003707,Bread
T003707,Shan Biryani Masala
T003707,Nestle Water
T003708,Nestle Water
T003708,Tapal Tea (250g)
T003708,Thal Sugar (200ml)
T003708,Biscuits
T003708,Eggs
T003709,Biscuits
T003709,Thal Sugar (200ml)
T003709,Jam
T003709,Shan Biryani Masala
T003709,Lays Chips
T003709,Surf Excel
T003710,Tapal Tea (250g)
T003710,Nestle Water
T003710,Dalda Cooking Oil (500ml)
T003710,Thal Sugar (200ml)
T003710,Eggs
T003710,Guard Rice (1kg)
T003711,Surf Excel
T003711,National Ketchup (1kg)
T003711,Biscuits
T003712,Jam
T003712,Dalda Cooking Oil (500ml)
T003712,Butter
T003712,Lux Soap
T003712,Tapal Tea (250g)
T003713,Dalda Cooking Oil (500ml)
T003713,Butter
T003713,Jam
T003713,Shan Biryani Masala
T003714,Frozen Paratha
T003714,Thal Sugar (200ml)
T003715,Noodles
T003715,Nestle Water
T003715,Pepsi 1L
T003715,Biscuits
T003715,Guard Rice (1kg)
T003716,Biscuits
T003716,Nestle Water
T003716,Olpers Milk (Pack of 6)
T003716,Pepsi 1L
T003717,Pepsi 1L
T003717,Shan Biryani Masala
T003717,Lays Chips
T003717,Thal Sugar (200ml)
T003718,Eggs
T003718,Surf Excel
T003718,Lays Chips
T003719,Olpers Milk (Pack of 6)
T003719,Pepsi 1L
T003719,Guard Rice (1kg)
T003719,Lays Chips
T003720,Guard Rice (1kg)
T003720,Biscuits
T003720,National Ketchup (1kg)
T003720,Dalda Cooking Oil (500ml)
T003721,National Ketchup (1kg)
T003721,Eggs
T003722,Surf Excel
T003722,Tapal Tea (250g)
T003722,Jam
T003722,Butter
T003723,National Ketchup (1kg)
T003723,Pepsi 1L
T003723,Eggs
T003723,Nestle Water
T003723,Guard Rice (1kg)
T003724,Biscuits
T003724,Surf Excel
T003724,Jam
T003724,Thal Sugar (200ml)
T003724,Lays Chips
T003724,Shan Biryani Masala
T003725,Biscuits
T003725,Jam
T003725,Dalda Cooking Oil (500ml)
T003726,Thal Sugar (200ml)
T003726,Olpers Milk (Pack of 6)
T003726,Tapal Tea (250g)
T003726,Pepsi 1L
T003726,Eggs
T003727,Eggs
T003727,Lays Chips
T003727,Noodles
T003727,Olpers Milk (Pack of 6)
T003727,Shan Biryani Masala
T003727,Frozen Paratha
T003728,Jam
T003728,Pepsi 1L
T003728,Eggs
T003728,Noodles
T003729,Lays Chips
T003729,Butter
T003730,Butter
T003730,Eggs
T003730,Nestle Water
T003731,Frozen Paratha
T003731,Surf Excel
T003731,Bread
T003731,Chicken
T003731,Guard Rice (1kg)
T003732,Jam
T003732,Butter
T003732,Noodles
T003732,Bread
T003732,Eggs
T003733,Lux Soap
T003733,Chicken
T003733,Dalda Cooking Oil (500ml)
T003733,Tapal Tea (250g)
T003733,Jam
T003733,Shan Biryani Masala
T003734,Shan Biryani Masala
T003734,Noodles
T003734,Bread
T003734,Surf Excel
T003735,Lux Soap
T003735,Guard Rice (1kg)
T003736,Biscuits
T003736,Eggs
T003736,Lux Soap
T003737,Dalda Cooking Oil (500ml)
T003737,Eggs
T003737,Noodles
T003737,Olpers Milk (Pack of 6)
T003737,Pepsi 1L
T003738,Lays Chips
T003738,Jam
T003738,Pepsi 1L
T003738,Frozen Paratha
T003738,Olpers Milk (Pack of 6)
T003738,Guard Rice (1kg)
T003739,Lux Soap
T003739,Eggs
T003740,Lays Chips
T003740,Shan Biryani Masala
T003740,Olpers Milk (Pack of 6)
T003740,Thal Sugar (200ml)
T003741,Tapal Tea (250g)
T003741,Pepsi 1L
T003741,Jam
T003741,Guard Rice (1kg)
T003742,Frozen Paratha
T003742,Butter
T003743,Bread
T003743,Biscuits
T003743,Lays Chips
T003743,National Ketchup (1kg)
T003744,Dalda Cooking Oil (500ml)
T003744,Chicken
T003744,Pepsi 1L
T003745,Pepsi 1L
T003745,National Ketchup (1kg)
T003745,Biscuits
T003745,Surf Excel
T003745,Frozen Paratha
T003745,Eggs
T003746,Bread
T003746,Dalda Cooking Oil (500ml)
T003746,Nestle Water
T003746,Frozen Paratha
T003746,Butter
T003747,Shan Biryani Masala
T003747,Biscuits
T003748,Eggs
T003748,Pepsi 1L
T003748,Guard Rice (1kg)
T003748,Biscuits
T003749,Thal Sugar (200ml)
T003749,National Ketchup (1kg)
T003749,Lux Soap
T003749,Jam
T003749,Guard Rice (1kg)
T003749,Nestle Water
T003750,Noodles
T003750,Butter
T003750,Jam
T003750,Eggs
T003751,Shan Biryani Masala
T003751,Nestle Water
T003752,Tapal Tea (250g)
T003752,Butter
T003753,Lux Soap
T003753,Butter
T003753,Shan Biryani Masala
T003753,Eggs
T003754,Lays Chips
T003754,Dalda Cooking Oil (500ml)
T003754,Eggs
T003754,Surf Excel
T003755,Frozen Paratha
T003755,Nestle Water
T003755,Olpers Milk (Pack of 6)
T003755,Chicken
T003755,Pepsi 1L
T003756,Tapal Tea (250g)
T003756,Lays Chips
T003756,Eggs
T003757,Lux Soap
T003757,Chicken
T003757,Tapal Tea (250g)
T003757,Butter
T003757,Surf Excel
T003757,National Ketchup (1kg)
T003758,Butter
T003758,Lays Chips
T003758,Nestle Water
T003758,Dalda Cooking Oil (500ml)
T003758,Jam
T003758,Guard Rice (1kg)
T003759,Jam
T003759,Noodles
T003759,Chicken
T003759,Surf Excel
T003759,Olpers Milk (Pack of 6)
T003760,Guard Rice (1kg)
T003760,Olpers Milk (Pack of 6)
T003760,Surf Excel
T003761,Biscuits
T003761,Bread
T003761,Eggs
T003761,Guard Rice (1kg)
T003761,Tapal Tea (250g)
T003762,Nestle Water
T003762,Chicken
T003762,Biscuits
T003762,Bread
T003762,Pepsi 1L
T003762,Shan Biryani Masala
T003763,Frozen Paratha
T003763,Dalda Cooking Oil (500ml)
T003764,National Ketchup (1kg)
T003764,Jam
T003765,Surf Excel
T003765,Lux Soap
T003765,Guard Rice (1kg)
T003765,Butter
T003765,Tapal Tea (250g)
T003765,Bread
T003766,Bread
T003766,Noodles
T003766,National Ketchup (1kg)
T003766,Eggs
T003766,Butter
T003766,Nestle Water
T003767,Shan Biryani Masala
T003767,Dalda Cooking Oil (500ml)
T003768,Surf Excel
T003768,Dalda Cooking Oil (500ml)
T003768,Biscuits
T003768,Thal Sugar (200ml)
T003768,Chicken
T003768,National Ketchup (1kg)
T003769,Lux Soap
T003769,Frozen Paratha
T003769,Lays Chips
T003769,Bread
T003769,Noodles
T003769,Eggs
T003770,Lays Chips
T003770,Frozen Paratha
T003770,Butter
T003770,Tapal Tea (250g)
T003770,National Ketchup (1kg)
T003770,Olpers Milk (Pack of 6)
T003771,Chicken
T003771,Olpers Milk (Pack of 6)
T003771,Eggs
T003771,Thal Sugar (200ml)
T003772,Pepsi 1L
T003772,Surf Excel
T003772,Lays Chips
T003773,Noodles
T003773,Eggs
T003773,Nestle Water
T003774,Surf Excel
T003774,Nestle Water
T003774,Olpers Milk (Pack of 6)
T003775,Thal Sugar (200ml)
T003775,Butter
T003775,Pepsi 1L
T003775,Frozen Paratha
T003776,Nestle Water
T003776,Olpers Milk (Pack of 6)
T003776,Shan Biryani Masala
T003776,Noodles
T003777,Shan Biryani Masala
T003777,Dalda Cooking Oil (500ml)
T003777,Biscuits
T003777,Surf Excel
T003777,Eggs
T003778,Surf Excel
T003778,Thal Sugar (200ml)
T003778,Biscuits
T003778,Lux Soap
T003778,National Ketchup (1kg)
T003778,Lays Chips
T003779,Lays Chips
T003779,Chicken
T003779,Pepsi 1L
T003779,Biscuits
T003779,Jam
T003780,Butter
T003780,Surf Excel
T003780,Jam
T003780,Nestle Water
T003780,Bread
T003781,Thal Sugar (200ml)
T003781,Jam
T003781,Eggs
T003781,Bread
T003782,Bread
T003782,Jam
T003782,Eggs
T003783,Chicken
T003783,Thal Sugar (200ml)
T003783,Nestle Water
T003783,Frozen Paratha
T003783,Tapal Tea (250g)
T003784,Shan Biryani Masala
T003784,Tapal Tea (250g)
T003784,Biscuits
T003784,Eggs
T003785,Guard Rice (1kg)
T003785,Bread
T003785,Nestle Water
T003785,National Ketchup (1kg)
T003785,Frozen Paratha
T003786,Chicken
T003786,Nestle Water
T003786,Lays Chips
T003787,Chicken
T003787,Dalda Cooking Oil (500ml)
T003787,Nestle Water
T003788,Jam
T003788,Eggs
T003788,Olpers Milk (Pack of 6)
T003788,Lux Soap
T003788,Pepsi 1L
T003789,National Ketchup (1kg)
T003789,Thal Sugar (200ml)
T003790,National Ketchup (1kg)
T003790,Butter
T003790,Tapal Tea (250g)
T003791,Lux Soap
T003791,Noodles
T003791,Dalda Cooking Oil (500ml)
T003792,Surf Excel
T003792,Dalda Cooking Oil (500ml)
T003793,Surf Excel
T003793,Butter
T003793,Thal Sugar (200ml)
T003793,Eggs
T003793,Lays Chips
T003794,Eggs
T003794,Lays Chips
T003794,Tapal Tea (250g)
T003794,Nestle Water
T003794,Bread
T003794,Chicken
T003795,Biscuits
T003795,Dalda Cooking Oil (500ml)
T003795,Eggs
T003795,Thal Sugar (200ml)
T003795,Guard Rice (1kg)
T003796,Biscuits
T003796,Jam
T003796,Frozen Paratha
T003796,Bread
T003796,Butter
T003796,Pepsi 1L
T003797,Lux Soap
T003797,Bread
T003797,Eggs
T003797,National Ketchup (1kg)
T003797,Pepsi 1L
T003798,Guard Rice (1kg)
T003798,Lays Chips
T003798,Biscuits
T003798,Chicken
T003798,Lux Soap
T003799,Biscuits
T003799,Jam
T003799,Chicken
T003799,Surf Excel
T003799,Butter
T003800,Tapal Tea (250g)
T003800,Lux Soap
T003800,Butter
T003800,Dalda Cooking Oil (500ml)
T003800,Lays Chips
T003800,Pepsi 1L
T003801,Surf Excel
T003801,Thal Sugar (200ml)
T003801,Lux Soap
T003802,Olpers Milk (Pack of 6)
T003802,National Ketchup (1kg)
T003803,Eggs
T003803,Chicken
T003804,Thal Sugar (200ml)
T003804,Guard Rice (1kg)
T003805,Tapal Tea (250g)
T003805,Eggs
T003805,Biscuits
T003805,Thal Sugar (200ml)
T003805,Pepsi 1L
T003806,Lux Soap
T003806,Bread
T003806,Tapal Tea (250g)
T003806,Eggs
T003806,Frozen Paratha
T003807,Pepsi 1L
T003807,Surf Excel
T003807,Bread
T003807,Lux Soap
T003808,Eggs
T003808,Guard Rice (1kg)
T003808,Pepsi 1L
T003808,Tapal Tea (250g)
T003808,Lays Chips
T003808,Butter
T003809,Guard Rice (1kg)
T003809,Eggs
T003810,Biscuits
T003810,Butter
T003811,Surf Excel
T003811,Tapal Tea (250g)
T003811,Frozen Paratha
T003811,Butter
T003812,Frozen Paratha
T003812,Biscuits
T003812,Olpers Milk (Pack of 6)
T003812,Thal Sugar (200ml)
T003812,Pepsi 1L
T003813,National Ketchup (1kg)
T003813,Guard Rice (1kg)
T003814,Jam
T003814,National Ketchup (1kg)
T003814,Eggs
T003815,Pepsi 1L
T003815,Eggs
T003815,Butter
T003815,Dalda Cooking Oil (500ml)
T003815,Noodles
T003815,Jam
T003816,Tapal Tea (250g)
T003816,Olpers Milk (Pack of 6)
T003816,Eggs
T003817,National Ketchup (1kg)
T003817,Biscuits
T003817,Surf Excel
T003817,Tapal Tea (250g)
T003817,Bread
T003818,Pepsi 1L
T003818,Jam
T003819,National Ketchup (1kg)
T003819,Bread
T003820,Tapal Tea (250g)
T003820,Lays Chips
T003821,Eggs
T003821,Shan Biryani Masala
T003821,Jam
T003821,Bread
T003821,Butter
T003821,Surf Excel
T003822,Dalda Cooking Oil (500ml)
T003822,Tapal Tea (250g)
T003822,Pepsi 1L
T003822,Bread
T003822,Olpers Milk (Pack of 6)
T003823,Thal Sugar (200ml)
T003823,Noodles
T003823,Nestle Water
T003824,Olpers Milk (Pack of 6)
T003824,Tapal Tea (250g)
T003825,Surf Excel
T003825,Biscuits
T003825,Nestle Water
T003825,Olpers Milk (Pack of 6)
T003826,Surf Excel
T003826,Nestle Water
T003826,Noodles
T003826,Thal Sugar (200ml)
T003827,Dalda Cooking Oil (500ml)
T003827,National Ketchup (1kg)
T003827,Tapal Tea (250g)
T003827,Eggs
T003827,Bread
T003827,Surf Excel
T003828,Chicken
T003828,Olpers Milk (Pack of 6)
T003829,Butter
T003829,Jam
T003830,Bread
T003830,Tapal Tea (250g)
T003830,Olpers Milk (Pack of 6)
T003831,Biscuits
T003831,Olpers Milk (Pack of 6)
T003831,Eggs
T003832,National Ketchup (1kg)
T003832,Olpers Milk (Pack of 6)
T003832,Noodles
T003832,Bread
T003832,Frozen Paratha
T003832,Dalda Cooking Oil (500ml)
T003833,Surf Excel
T003833,National Ketchup (1kg)
T003833,Jam
T003833,Lays Chips
T003834,Lux Soap
T003834,Dalda Cooking Oil (500ml)
T003834,Eggs
T003835,Nestle Water
T003835,Guard Rice (1kg)
T003836,Lux Soap
T003836,Chicken
T003836,Butter
T003836,Dalda Cooking Oil (500ml)
T003836,Guard Rice (1kg)
T003837,Lux Soap
T003837,Lays Chips
T003837,Frozen Paratha
T003837,Eggs
T003837,Thal Sugar (200ml)
T003837,Dalda Cooking Oil (500ml)
T003838,Lux Soap
T003838,Eggs
T003838,Jam
T003839,Guard Rice (1kg)
T003839,Frozen Paratha
T003839,Nestle Water
T003839,Noodles
T003839,Shan Biryani Masala
T003840,Chicken
T003840,Noodles
T003840,Shan Biryani Masala
T003840,Tapal Tea (250g)
T003840,Lux Soap
T003841,Guard Rice (1kg)
T003841,Nestle Water
T003842,Tapal Tea (250g)
T003842,Noodles
T003842,Lux Soap
T003842,Lays Chips
T003842,Frozen Paratha
T003842,Olpers Milk (Pack of 6)
T003843,Lux Soap
T003843,Tapal Tea (250g)
T003843,Jam
T003844,Bread
T003844,Olpers Milk (Pack of 6)
T003845,Olpers Milk (Pack of 6)
T003845,Surf Excel
T003845,Butter
T003845,Chicken
T003845,Frozen Paratha
T003845,Dalda Cooking Oil (500ml)
T003846,Olpers Milk (Pack of 6)
T003846,Surf Excel
T003846,Nestle Water
T003847,Olpers Milk (Pack of 6)
T003847,Shan Biryani Masala
T003847,Dalda Cooking Oil (500ml)
T003848,Jam
T003848,Thal Sugar (200ml)
T003849,Guard Rice (1kg)
T003849,Chicken
T003849,Biscuits
T003850,Bread
T003850,Jam
T003850,National Ketchup (1kg)
T003850,Shan Biryani Masala
T003850,Biscuits
T003850,Olpers Milk (Pack of 6)
T003851,Surf Excel
T003851,Dalda Cooking Oil (500ml)
T003851,Jam
T003851,Eggs
T003851,Thal Sugar (200ml)
T003852,Lux Soap
T003852,Nestle Water
T003852,Jam
T003852,Olpers Milk (Pack of 6)
T003852,Butter
T003853,Dalda Cooking Oil (500ml)
T003853,Chicken
T003853,Pepsi 1L
T003853,Shan Biryani Masala
T003854,Olpers Milk (Pack of 6)
T003854,Chicken
T003854,Noodles
T003854,Butter
T003854,National Ketchup (1kg)
T003854,Dalda Cooking Oil (500ml)
T003855,Olpers Milk (Pack of 6)
T003855,Jam
T003856,Shan Biryani Masala
T003856,Pepsi 1L
T003856,Noodles
T003856,Dalda Cooking Oil (500ml)
T003856,Eggs
T003857,Shan Biryani Masala
T003857,National Ketchup (1kg)
T003858,Pepsi 1L
T003858,Olpers Milk (Pack of 6)
T003859,Bread
T003859,Shan Biryani Masala
T003859,Dalda Cooking Oil (500ml)
T003859,Jam
T003859,Frozen Paratha
T003859,Eggs
T003860,Shan Biryani Masala
T003860,Lux Soap
T003861,Dalda Cooking Oil (500ml)
T003861,National Ketchup (1kg)
T003861,Lays Chips
T003861,Lux Soap
T003861,Bread
T003862,Biscuits
T003862,Surf Excel
T003862,Chicken
T003863,Pepsi 1L
T003863,Frozen Paratha
T003863,Jam
T003863,Lux Soap
T003864,Tapal Tea (250g)
T003864,Lux Soap
T003864,Olpers Milk (Pack of 6)
T003864,Surf Excel
T003864,Biscuits
T003865,Chicken
T003865,Nestle Water
T003865,Butter
T003865,Eggs
T003866,Jam
T003866,Lux Soap
T003866,National Ketchup (1kg)
T003867,Olpers Milk (Pack of 6)
T003867,Butter
T003867,Nestle Water
T003868,Thal Sugar (200ml)
T003868,Surf Excel
T003868,Lays Chips
T003868,Lux Soap
T003868,Pepsi 1L
T003869,Lux Soap
T003869,Olpers Milk (Pack of 6)
T003870,Lays Chips
T003870,Olpers Milk (Pack of 6)
T003870,Noodles
T003870,Tapal Tea (250g)
T003870,Jam
T003871,Eggs
T003871,Surf Excel
T003871,Thal Sugar (200ml)
T003871,Butter
T003871,National Ketchup (1kg)
T003872,National Ketchup (1kg)
T003872,Chicken
T003872,Frozen Paratha
T003872,Tapal Tea (250g)
T003873,Thal Sugar (200ml)
T003873,Tapal Tea (250g)
T003873,Pepsi 1L
T003874,Frozen Paratha
T003874,Lux Soap
T003875,Shan Biryani Masala
T003875,Noodles
T003875,Lux Soap
T003875,National Ketchup (1kg)
T003875,Lays Chips
T003876,Noodles
T003876,Butter
T003876,Frozen Paratha
T003876,Bread
T003876,Surf Excel
T003877,Pepsi 1L
T003877,Jam
T003878,Noodles
T003878,Surf Excel
T003878,Tapal Tea (250g)
T003879,Guard Rice (1kg)
T003879,Thal Sugar (200ml)
T003879,Olpers Milk (Pack of 6)
T003879,Dalda Cooking Oil (500ml)
T003880,Tapal Tea (250g)
T003880,Pepsi 1L
T003881,Lux Soap
T003881,Tapal Tea (250g)
T003881,Shan Biryani Masala
T003882,Butter
T003882,Jam
T003883,Butter
T003883,Bread
T003883,Eggs
T003883,Noodles
T003883,National Ketchup (1kg)
T003883,Dalda Cooking Oil (500ml)
T003884,Thal Sugar (200ml)
T003884,Biscuits
T003885,Pepsi 1L
T003885,National Ketchup (1kg)
T003885,Jam
T003885,Biscuits
T003885,Guard Rice (1kg)
T003885,Bread
T003886,National Ketchup (1kg)
T003886,Nestle Water
T003886,Olpers Milk (Pack of 6)
T003886,Surf Excel
T003886,Tapal Tea (250g)
T003886,Guard Rice (1kg)
T003887,Eggs
T003887,Noodles
T003887,Jam
T003887,Chicken
T003887,Nestle Water
T003887,Dalda Cooking Oil (500ml)
T003888,Olpers Milk (Pack of 6)
T003888,Butter
T003888,Shan Biryani Masala
T003888,Pepsi 1L
T003889,Noodles
T003889,Pepsi 1L
T003889,Butter
T003889,Eggs
T003890,Tapal Tea (250g)
T003890,Lays Chips
T003890,Chicken
T003890,Jam
T003891,Eggs
T003891,Nestle Water
T003891,Shan Biryani Masala
T003891,Thal Sugar (200ml)
T003892,Bread
T003892,Butter
T003892,Frozen Paratha
T003892,Jam
T003893,Chicken
T003893,Pepsi 1L
T003893,Frozen Paratha
T003893,Lux Soap
T003893,Lays Chips
T003893,Olpers Milk (Pack of 6)
T003894,Pepsi 1L
T003894,Thal Sugar (200ml)
T003894,Olpers Milk (Pack of 6)
T003894,Eggs
T003894,Tapal Tea (250g)
T003895,Pepsi 1L
T003895,Noodles
T003895,Shan Biryani Masala
T003895,Biscuits
T003895,Dalda Cooking Oil (500ml)
T003896,Chicken
T003896,Pepsi 1L
T003896,Surf Excel
T003896,Lux Soap
T003897,National Ketchup (1kg)
T003897,Shan Biryani Masala
T003897,Butter
T003898,Dalda Cooking Oil (500ml)
T003898,Lux Soap
T003898,Noodles
T003898,Pepsi 1L
T003898,National Ketchup (1kg)
T003899,Frozen Paratha
T003899,Lays Chips
T003900,Guard Rice (1kg)
T003900,Biscuits
T003901,Chicken
T003901,Shan Biryani Masala
T003901,National Ketchup (1kg)
T003901,Biscuits
T003901,Thal Sugar (200ml)
T003901,Noodles
T003902,Noodles
T003902,Nestle Water
T003903,Nestle Water
T003903,Lux Soap
T003903,Shan Biryani Masala
T003903,Eggs
T003903,Tapal Tea (250g)
T003903,Biscuits
T003904,Butter
T003904,Lux Soap
T003905,Butter
T003905,Lays Chips
T003905,Jam
T003906,Bread
T003906,Eggs
T003906,Thal Sugar (200ml)
T003906,Frozen Paratha
T003907,Olpers Milk (Pack of 6)
T003907,Nestle Water
T003907,Butter
T003908,Jam
T003908,Guard Rice (1kg)
T003908,Nestle Water
T003908,Butter
T003908,Eggs
T003909,Eggs
T003909,Dalda Cooking Oil (500ml)
T003910,Chicken
T003910,Biscuits
T003911,Surf Excel
T003911,Shan Biryani Masala
T003911,Butter
T003911,Noodles
T003912,Thal Sugar (200ml)
T003912,Butter
T003912,Guard Rice (1kg)
T003912,Surf Excel
T003913,Noodles
T003913,Guard Rice (1kg)
T003914,Frozen Paratha
T003914,Pepsi 1L
T003914,Chicken
T003914,Jam
T003915,Dalda Cooking Oil (500ml)
T003915,Nestle Water
T003915,Chicken
T003915,Olpers Milk (Pack of 6)
T003915,Bread
T003915,Pepsi 1L
T003916,Dalda Cooking Oil (500ml)
T003916,Nestle Water
T003916,Frozen Paratha
T003916,Chicken
T003916,Pepsi 1L
T003917,Surf Excel
T003917,Noodles
T003918,Pepsi 1L
T003918,National Ketchup (1kg)
T003919,Pepsi 1L
T003919,Bread
T003919,Biscuits
T003919,Chicken
T003920,National Ketchup (1kg)
T003920,Bread
T003920,Frozen Paratha
T003920,Biscuits
T003920,Dalda Cooking Oil (500ml)
T003921,Jam
T003921,Bread
T003921,Lays Chips
T003921,Biscuits
T003921,Frozen Paratha
T003922,Butter
T003922,Shan Biryani Masala
T003922,National Ketchup (1kg)
T003922,Pepsi 1L
T003923,Jam
T003923,Tapal Tea (250g)
T003923,Shan Biryani Masala
T003924,Dalda Cooking Oil (500ml)
T003924,Lux Soap
T003924,Frozen Paratha
T003924,Biscuits
T003924,Bread
T003925,Pepsi 1L
T003925,Dalda Cooking Oil (500ml)
T003925,Bread
T003925,Shan Biryani Masala
T003925,Nestle Water
T003926,Bread
T003926,Butter
T003926,Guard Rice (1kg)
T003926,Noodles
T003926,Pepsi 1L
T003927,Nestle Water
T003927,Guard Rice (1kg)
T003927,Lux Soap
T003927,Jam
T003927,Noodles
T003928,Eggs
T003928,Shan Biryani Masala
T003928,Lays Chips
T003928,Butter
T003928,Olpers Milk (Pack of 6)
T003928,Pepsi 1L
T003929,Surf Excel
T003929,Tapal Tea (250g)
T003929,Lays Chips
T003929,Olpers Milk (Pack of 6)
T003929,Jam
T003930,Biscuits
T003930,Surf Excel
T003930,Pepsi 1L
T003930,Dalda Cooking Oil (500ml)
T003930,Frozen Paratha
T003930,Eggs
T003931,National Ketchup (1kg)
T003931,Lays Chips
T003931,Shan Biryani Masala
T003931,Jam
T003932,Butter
T003932,Thal Sugar (200ml)
T003932,Lays Chips
T003932,Chicken
T003932,Frozen Paratha
T003932,Guard Rice (1kg)
T003933,Biscuits
T003933,Guard Rice (1kg)
T003934,Pepsi 1L
T003934,Thal Sugar (200ml)
T003934,Lux Soap
T003934,Frozen Paratha
T003934,Chicken
T003934,Nestle Water
T003935,Lux Soap
T003935,Nestle Water
T003936,Bread
T003936,Surf Excel
T003936,Olpers Milk (Pack of 6)
T003937,Shan Biryani Masala
T003937,Lux Soap
T003937,Lays Chips
T003937,Olpers Milk (Pack of 6)
T003937,Jam
T003937,Pepsi 1L
T003938,National Ketchup (1kg)
T003938,Chicken
T003938,Butter
T003938,Lays Chips
T003938,Pepsi 1L
T003939,Chicken
T003939,Bread
T003939,Noodles
T003939,Lux Soap
T003939,Butter
T003940,Tapal Tea (250g)
T003940,Pepsi 1L
T003940,Eggs
T003941,Olpers Milk (Pack of 6)
T003941,Shan Biryani Masala
T003941,Biscuits
T003941,National Ketchup (1kg)
T003942,Pepsi 1L
T003942,Butter
T003942,Frozen Paratha
T003942,Lays Chips
T003942,Olpers Milk (Pack of 6)
T003942,Dalda Cooking Oil (500ml)
T003943,Bread
T003943,Pepsi 1L
T003943,Lux Soap
T003943,Guard Rice (1kg)
T003944,Tapal Tea (250g)
T003944,Biscuits
T003944,Thal Sugar (200ml)
T003944,National Ketchup (1kg)
T003944,Pepsi 1L
T003945,Tapal Tea (250g)
T003945,Olpers Milk (Pack of 6)
T003946,Jam
T003946,Thal Sugar (200ml)
T003946,Tapal Tea (250g)
T003947,Biscuits
T003947,Tapal Tea (250g)
T003947,Lays Chips
T003948,Jam
T003948,Pepsi 1L
T003948,Frozen Paratha
T003948,Butter
T003949,Jam
T003949,Pepsi 1L
T003949,National Ketchup (1kg)
T003950,Eggs
T003950,National Ketchup (1kg)
T003951,Eggs
T003951,Shan Biryani Masala
T003951,Jam
T003951,Thal Sugar (200ml)
T003951,Tapal Tea (250g)
T003951,Lux Soap
T003952,National Ketchup (1kg)
T003952,Frozen Paratha
T003952,Shan Biryani Masala
T003952,Guard Rice (1kg)
T003952,Noodles
T003953,Lays Chips
T003953,Olpers Milk (Pack of 6)
T003953,Jam
T003954,Jam
T003954,National Ketchup (1kg)
T003954,Thal Sugar (200ml)
T003954,Guard Rice (1kg)
T003954,Surf Excel
T003954,Eggs
T003955,Dalda Cooking Oil (500ml)
T003955,Noodles
T003955,Surf Excel
T003955,Bread
T003956,Bread
T003956,Lux Soap
T003956,Dalda Cooking Oil (500ml)
T003957,Lux Soap
T003957,Olpers Milk (Pack of 6)
T003957,Tapal Tea (250g)
T003957,Frozen Paratha
T003957,Dalda Cooking Oil (500ml)
T003957,National Ketchup (1kg)
T003958,National Ketchup (1kg)
T003958,Surf Excel
T003958,Eggs
T003958,Noodles
T003958,Tapal Tea (250g)
T003958,Bread
T003959,Pepsi 1L
T003959,Guard Rice (1kg)
T003959,Frozen Paratha
T003959,Jam
T003959,Lays Chips
T003959,Bread
T003960,Butter
T003960,Jam
T003961,Surf Excel
T003961,Lux Soap
T003961,Noodles
T003961,Shan Biryani Masala
T003961,Jam
T003962,Chicken
T003962,Olpers Milk (Pack of 6)
T003962,Eggs
T003962,Noodles
T003962,Lux Soap
T003963,Bread
T003963,Tapal Tea (250g)
T003963,Guard Rice (1kg)
T003963,Chicken
T003963,Shan Biryani Masala
T003964,National Ketchup (1kg)
T003964,Butter
T003964,Lays Chips
T003964,Thal Sugar (200ml)
T003964,Eggs
T003964,Lux Soap
T003965,Frozen Paratha
T003965,Eggs
T003965,Lux Soap
T003966,Olpers Milk (Pack of 6)
T003966,Lux Soap
T003966,Bread
T003966,Noodles
T003966,Surf Excel
T003966,Jam
T003967,Lays Chips
T003967,Frozen Paratha
T003967,Lux Soap
T003967,National Ketchup (1kg)
T003967,Chicken
T003968,Pepsi 1L
T003968,Olpers Milk (Pack of 6)
T003968,National Ketchup (1kg)
T003968,Guard Rice (1kg)
T003969,Noodles
T003969,Bread
T003969,Lux Soap
T003969,Dalda Cooking Oil (500ml)
T003969,Nestle Water
T003970,Guard Rice (1kg)
T003970,Nestle Water
T003971,Pepsi 1L
T003971,Biscuits
T003971,Tapal Tea (250g)
T003971,Guard Rice (1kg)
T003972,Lays Chips
T003972,Frozen Paratha
T003972,Biscuits
T003972,Lux Soap
T003972,Olpers Milk (Pack of 6)
T003973,National Ketchup (1kg)
T003973,Surf Excel
T003973,Thal Sugar (200ml)
T003973,Tapal Tea (250g)
T003973,Bread
T003973,Pepsi 1L
T003974,Chicken
T003974,National Ketchup (1kg)
T003974,Eggs
T003974,Jam
T003974,Tapal Tea (250g)
T003975,Lays Chips
T003975,Lux Soap
T003975,Butter
T003975,Bread
T003975,Biscuits
T003976,Jam
T003976,Thal Sugar (200ml)
T003976,Olpers Milk (Pack of 6)
T003976,Lux Soap
T003976,Pepsi 1L
T003976,Nestle Water
T003977,Lux Soap
T003977,Surf Excel
T003977,Thal Sugar (200ml)
T003977,Jam
T003977,Pepsi 1L
T003977,Biscuits
T003978,Pepsi 1L
T003978,Frozen Paratha
T003978,Tapal Tea (250g)
T003979,Bread
T003979,National Ketchup (1kg)
T003979,Biscuits
T003979,Surf Excel
T003979,Frozen Paratha
T003979,Nestle Water
T003980,Chicken
T003980,Nestle Water
T003980,Frozen Paratha
T003980,Eggs
T003980,Tapal Tea (250g)
T003980,Butter
T003981,Bread
T003981,Noodles
T003981,Butter
T003981,Dalda Cooking Oil (500ml)
T003981,Tapal Tea (250g)
T003982,Pepsi 1L
T003982,Butter
T003982,Tapal Tea (250g)
T003982,Biscuits
T003982,Lux Soap
T003982,Guard Rice (1kg)
T003983,Thal Sugar (200ml)
T003983,Eggs
T003983,Dalda Cooking Oil (500ml)
T003984,Biscuits
T003984,Pepsi 1L
T003984,Guard Rice (1kg)
T003984,Tapal Tea (250g)
T003985,Eggs
T003985,Lux Soap
T003986,Chicken
T003986,Lux Soap
T003986,Lays Chips
T003986,Eggs
T003986,Thal Sugar (200ml)
T003986,Nestle Water
T003987,Dalda Cooking Oil (500ml)
T003987,Pepsi 1L
T003987,Shan Biryani Masala
T003987,Thal Sugar (200ml)
T003988,Noodles
T003988,Frozen Paratha
T003988,Jam
T003989,Olpers Milk (Pack of 6)
T003989,Guard Rice (1kg)
T003989,Shan Biryani Masala
T003989,Surf Excel
T003989,Chicken
T003989,National Ketchup (1kg)
T003990,Bread
T003990,Chicken
T003990,Nestle Water
T003990,Pepsi 1L
T003990,Shan Biryani Masala
T003990,Tapal Tea (250g)
T003991,Tapal Tea (250g)
T003991,Butter
T003991,Lays Chips
T003992,Eggs
T003992,Olpers Milk (Pack of 6)
T003993,Tapal Tea (250g)
T003993,Pepsi 1L
T003993,Surf Excel
T003994,Noodles
T003994,Bread
T003994,Pepsi 1L
T003994,Nestle Water
T003994,Biscuits
T003995,Shan Biryani Masala
T003995,Nestle Water
T003995,Bread
T003996,Eggs
T003996,Biscuits
T003996,Thal Sugar (200ml)
T003996,Lux Soap
T003997,Eggs
T003997,Nestle Water
T003997,National Ketchup (1kg)
T003997,Thal Sugar (200ml)
T003997,Frozen Paratha
T003997,Pepsi 1L
T003998,Biscuits
T003998,Lays Chips
T003998,National Ketchup (1kg)
T003998,Eggs
T003998,Guard Rice (1kg)
T003998,Noodles
T003999,Pepsi 1L
T003999,National Ketchup (1kg)
T003999,Olpers Milk (Pack of 6)
T003999,Chicken
T004000,Thal Sugar (200ml)
T004000,Jam
T004000,Guard Rice (1kg)
T004001,Frozen Paratha
T004001,Thal Sugar (200ml)
T004001,Noodles
T004001,Biscuits
T004001,National Ketchup (1kg)
T004002,Biscuits
T004002,Tapal Tea (250g)
T004002,Lux Soap
T004002,Bread
T004002,Eggs
T004002,Butter
T004003,Bread
T004003,Chicken
T004003,Nestle Water
T004003,Biscuits
T004003,Guard Rice (1kg)
T004003,Surf Excel
T004004,Thal Sugar (200ml)
T004004,Eggs
T004004,Noodles
T004004,Jam
T004004,Pepsi 1L
T004005,Jam
T004005,Shan Biryani Masala
T004005,Biscuits
T004005,Noodles
T004005,Bread
T004006,Dalda Cooking Oil (500ml)
T004006,Olpers Milk (Pack of 6)
T004006,Pepsi 1L
T004006,Butter
T004006,Shan Biryani Masala
T004006,Chicken
T004007,Bread
T004007,Tapal Tea (250g)
T004007,National Ketchup (1kg)
T004007,Jam
T004008,Biscuits
T004008,Noodles
T004009,Lays Chips
T004009,Frozen Paratha
T004009,Butter
T004010,Thal Sugar (200ml)
T004010,Tapal Tea (250g)
T004010,Nestle Water
T004010,Lux Soap
T004010,Bread
T004010,Surf Excel
T004011,Nestle Water
T004011,Bread
T004011,Chicken
T004011,Lays Chips
T004011,Jam
T004012,Pepsi 1L
T004012,Olpers Milk (Pack of 6)
T004012,National Ketchup (1kg)
T004012,Bread
T004012,Guard Rice (1kg)
T004012,Surf Excel
T004013,Pepsi 1L
T004013,Thal Sugar (200ml)
T004013,Butter
T004014,Lux Soap
T004014,Thal Sugar (200ml)
T004014,Lays Chips
T004014,Pepsi 1L
T004014,Dalda Cooking Oil (500ml)
T004014,Shan Biryani Masala
T004015,Bread
T004015,Pepsi 1L
T004015,Noodles
T004016,Bread
T004016,Thal Sugar (200ml)
T004016,Jam
T004016,Noodles
T004017,Pepsi 1L
T004017,Chicken
T004017,Biscuits
T004017,Eggs
T004018,National Ketchup (1kg)
T004018,Surf Excel
T004018,Jam
T004018,Bread
T004019,Eggs
T004019,Biscuits
T004019,Jam
T004019,Pepsi 1L
T004020,Lays Chips
T004020,Surf Excel
T004021,Eggs
T004021,Shan Biryani Masala
T004021,Frozen Paratha
T004021,Thal Sugar (200ml)
T004021,Dalda Cooking Oil (500ml)
T004022,Noodles
T004022,Eggs
T004022,National Ketchup (1kg)
T004022,Olpers Milk (Pack of 6)
T004022,Dalda Cooking Oil (500ml)
T004023,Surf Excel
T004023,Bread
T004023,Pepsi 1L
T004023,National Ketchup (1kg)
T004023,Thal Sugar (200ml)
T004023,Dalda Cooking Oil (500ml)
T004024,Noodles
T004024,Jam
T004025,National Ketchup (1kg)
T004025,Noodles
T004025,Thal Sugar (200ml)
T004025,Pepsi 1L
T004026,Tapal Tea (250g)
T004026,Butter
T004026,Thal Sugar (200ml)
T004026,Dalda Cooking Oil (500ml)
T004026,Lux Soap
T004026,Surf Excel
T004027,Guard Rice (1kg)
T004027,Lux Soap
T004028,Olpers Milk (Pack of 6)
T004028,Lux Soap
T004028,National Ketchup (1kg)
T004029,Surf Excel
T004029,Jam
T004029,Tapal Tea (250g)
T004029,National Ketchup (1kg)
T004029,Bread
T004029,Frozen Paratha
T004030,Pepsi 1L
T004030,Jam
T004031,National Ketchup (1kg)
T004031,Dalda Cooking Oil (500ml)
T004031,Bread
T004031,Chicken
T004032,Olpers Milk (Pack of 6)
T004032,Lays Chips
T004032,Lux Soap
T004032,National Ketchup (1kg)
T004032,Jam
T004033,Thal Sugar (200ml)
T004033,Surf Excel
T004033,Nestle Water
T004033,Lays Chips
T004034,Jam
T004034,Pepsi 1L
T004034,Olpers Milk (Pack of 6)
T004034,Frozen Paratha
T004035,Lux Soap
T004035,Olpers Milk (Pack of 6)
T004035,Frozen Paratha
T004036,Surf Excel
T004036,Eggs
T004036,Dalda Cooking Oil (500ml)
T004036,Butter
T004036,Noodles
T004037,Tapal Tea (250g)
T004037,Eggs
T004037,Noodles
T004037,Dalda Cooking Oil (500ml)
T004038,Thal Sugar (200ml)
T004038,Olpers Milk (Pack of 6)
T004038,Jam
T004038,Dalda Cooking Oil (500ml)
T004039,Olpers Milk (Pack of 6)
T004039,Guard Rice (1kg)
T004040,Butter
T004040,Olpers Milk (Pack of 6)
T004040,Lays Chips
T004040,Shan Biryani Masala
T004040,Surf Excel
T004041,Eggs
T004041,National Ketchup (1kg)
T004042,Nestle Water
T004042,Tapal Tea (250g)
T004042,Bread
T004043,Shan Biryani Masala
T004043,Thal Sugar (200ml)
T004043,Tapal Tea (250g)
T004044,Biscuits
T004044,Lays Chips
T004044,Frozen Paratha
T004044,Shan Biryani Masala
T004044,Olpers Milk (Pack of 6)
T004044,Thal Sugar (200ml)
T004045,Bread
T004045,Pepsi 1L
T004046,Nestle Water
T004046,Noodles
T004046,Chicken
T004046,Lux Soap
T004046,Biscuits
T004047,Thal Sugar (200ml)
T004047,Frozen Paratha
T004047,Noodles
T004047,Guard Rice (1kg)
T004048,Butter
T004048,Eggs
T004048,Surf Excel
T004048,Thal Sugar (200ml)
T004048,Pepsi 1L
T004049,Chicken
T004049,Bread
T004049,Noodles
T004049,Surf Excel
T004050,Jam
T004050,Lux Soap
T004050,Noodles
T004050,Butter
T004050,Shan Biryani Masala
T004050,Frozen Paratha
T004051,Butter
T004051,Thal Sugar (200ml)
T004051,Chicken
T004051,National Ketchup (1kg)
T004052,Chicken
T004052,Jam
T004052,Nestle Water
T004052,Dalda Cooking Oil (500ml)
T004052,Frozen Paratha
T004052,Noodles
T004053,Eggs
T004053,Dalda Cooking Oil (500ml)
T004053,Tapal Tea (250g)
T004053,Guard Rice (1kg)
T004053,Frozen Paratha
T004054,Noodles
T004054,Surf Excel
T004054,Olpers Milk (Pack of 6)
T004054,Tapal Tea (250g)
T004054,Nestle Water
T004055,Noodles
T004055,Eggs
T004055,Nestle Water
T004055,Lays Chips
T004056,Noodles
T004056,Nestle Water
T004057,Frozen Paratha
T004057,Eggs
T004057,Thal Sugar (200ml)
T004058,Lux Soap
T004058,Noodles
T004059,National Ketchup (1kg)
T004059,Surf Excel
T004059,Chicken
T004059,Lays Chips
T004059,Lux Soap
T004059,Olpers Milk (Pack of 6)
T004060,Pepsi 1L
T004060,Dalda Cooking Oil (500ml)
T004060,National Ketchup (1kg)
T004060,Tapal Tea (250g)
T004060,Eggs
T004061,Dalda Cooking Oil (500ml)
T004061,Butter
T004061,Bread
T004062,Olpers Milk (Pack of 6)
T004062,Tapal Tea (250g)
T004062,Bread
T004062,Guard Rice (1kg)
T004063,Butter
T004063,Noodles
T004063,Frozen Paratha
T004063,Thal Sugar (200ml)
T004063,Shan Biryani Masala
T004064,Chicken
T004064,Thal Sugar (200ml)
T004065,Dalda Cooking Oil (500ml)
T004065,Eggs
T004065,Olpers Milk (Pack of 6)
T004065,Frozen Paratha
T004066,Butter
T004066,Guard Rice (1kg)
T004066,Lux Soap
T004066,Lays Chips
T004067,Jam
T004067,Nestle Water
T004067,Olpers Milk (Pack of 6)
T004067,Noodles
T004067,Butter
T004067,Bread
T004068,Dalda Cooking Oil (500ml)
T004068,Lays Chips
T004068,Shan Biryani Masala
T004068,Guard Rice (1kg)
T004069,Frozen Paratha
T004069,Jam
T004070,Frozen Paratha
T004070,Nestle Water
T004071,Butter
T004071,Bread
T004071,Nestle Water
T004072,Tapal Tea (250g)
T004072,Guard Rice (1kg)
T004072,Chicken
T004072,Shan Biryani Masala
T004072,Frozen Paratha
T004073,Noodles
T004073,Frozen Paratha
T004074,Olpers Milk (Pack of 6)
T004074,Surf Excel
T004074,Noodles
T004074,Shan Biryani Masala
T004074,Chicken
T004075,Biscuits
T004075,Noodles
T004075,Eggs
T004075,Surf Excel
T004075,Butter
T004076,Tapal Tea (250g)
T004076,Bread
T004077,Jam
T004077,Chicken
T004077,Dalda Cooking Oil (500ml)
T004078,Bread
T004078,Frozen Paratha
T004078,Surf Excel
T004078,Lays Chips
T004078,Jam
T004078,National Ketchup (1kg)
T004079,Pepsi 1L
T004079,Dalda Cooking Oil (500ml)
T004080,National Ketchup (1kg)
T004080,Frozen Paratha
T004080,Olpers Milk (Pack of 6)
T004080,Butter
T004081,Chicken
T004081,Guard Rice (1kg)
T004081,Shan Biryani Masala
T004081,Noodles
T004081,Dalda Cooking Oil (500ml)
T004082,Bread
T004082,Lux Soap
T004082,Tapal Tea (250g)
T004082,Shan Biryani Masala
T004082,Lays Chips
T004083,Bread
T004083,Butter
T004084,Dalda Cooking Oil (500ml)
T004084,Thal Sugar (200ml)
T004084,Frozen Paratha
T004084,Tapal Tea (250g)
T004084,Shan Biryani Masala
T004084,Pepsi 1L
T004085,Dalda Cooking Oil (500ml)
T004085,Shan Biryani Masala
T004085,Olpers Milk (Pack of 6)
T004085,Nestle Water
T004085,Lux Soap
T004085,Lays Chips
T004086,Surf Excel
T004086,Frozen Paratha
T004086,Butter
T004086,Dalda Cooking Oil (500ml)
T004087,Jam
T004087,Bread
T004087,Guard Rice (1kg)
T004087,Lux Soap
T004088,Shan Biryani Masala
T004088,Nestle Water
T004088,Dalda Cooking Oil (500ml)
T004088,Olpers Milk (Pack of 6)
T004089,Lays Chips
T004089,Pepsi 1L
T004089,Biscuits
T004089,Jam
T004089,Frozen Paratha
T004089,Olpers Milk (Pack of 6)
T004090,Noodles
T004090,Butter
T004091,Guard Rice (1kg)
T004091,Shan Biryani Masala
T004091,Pepsi 1L
T004091,Surf Excel
T004092,Biscuits
T004092,Noodles
T004092,Lays Chips
T004092,Guard Rice (1kg)
T004093,Chicken
T004093,National Ketchup (1kg)
T004093,Frozen Paratha
T004094,National Ketchup (1kg)
T004094,Surf Excel
T004094,Olpers Milk (Pack of 6)
T004095,Olpers Milk (Pack of 6)
T004095,Guard Rice (1kg)
T004095,Dalda Cooking Oil (500ml)
T004096,Jam
T004096,Dalda Cooking Oil (500ml)
T004096,Eggs
T004096,Lays Chips
T004096,Tapal Tea (250g)
T004097,Surf Excel
T004097,Biscuits
T004097,Frozen Paratha
T004097,Guard Rice (1kg)
T004098,Bread
T004098,Thal Sugar (200ml)
T004098,Lux Soap
T004099,Guard Rice (1kg)
T004099,Frozen Paratha
T004099,Bread
T004099,Chicken
T004100,Noodles
T004100,Chicken
T004100,Lays Chips
T004101,Noodles
T004101,Biscuits
T004101,Tapal Tea (250g)
T004101,Nestle Water
T004102,Dalda Cooking Oil (500ml)
T004102,Surf Excel
T004102,Tapal Tea (250g)
T004103,Pepsi 1L
T004103,Olpers Milk (Pack of 6)
T004104,Eggs
T004104,Frozen Paratha
T004104,Lux Soap
T004105,Biscuits
T004105,Butter
T004105,Eggs
T004105,Shan Biryani Masala
T004105,Olpers Milk (Pack of 6)
T004106,Olpers Milk (Pack of 6)
T004106,Butter
T004106,Thal Sugar (200ml)
T004106,Surf Excel
T004107,National Ketchup (1kg)
T004107,Jam
T004107,Bread
T004107,Lays Chips
T004107,Dalda Cooking Oil (500ml)
T004108,Butter
T004108,Noodles
T004108,Surf Excel
T004108,National Ketchup (1kg)
T004108,Lays Chips
T004109,Biscuits
T004109,Chicken
T004109,Thal Sugar (200ml)
T004109,Shan Biryani Masala
T004110,Guard Rice (1kg)
T004110,Jam
T004110,Biscuits
T004110,Shan Biryani Masala
T004110,Bread
T004111,Thal Sugar (200ml)
T004111,Biscuits
T004111,Bread
T004111,Eggs
T004112,National Ketchup (1kg)
T004112,Nestle Water
T004112,Surf Excel
T004112,Guard Rice (1kg)
T004113,Lays Chips
T004113,Lux Soap
T004113,Shan Biryani Masala
T004114,Jam
T004114,Lays Chips
T004114,Lux Soap
T004114,Biscuits
T004114,Frozen Paratha
T004115,Olpers Milk (Pack of 6)
T004115,Jam
T004116,Eggs
T004116,Nestle Water
T004116,Thal Sugar (200ml)
T004116,Guard Rice (1kg)
T004116,Noodles
T004116,Olpers Milk (Pack of 6)
T004117,Tapal Tea (250g)
T004117,Thal Sugar (200ml)
T004118,Nestle Water
T004118,Bread
T004118,Thal Sugar (200ml)
T004118,Jam
T004118,Frozen Paratha
T004119,Lays Chips
T004119,Noodles
T004119,Chicken
T004119,Butter
T004119,Guard Rice (1kg)
T004120,Guard Rice (1kg)
T004120,Biscuits
T004120,Olpers Milk (Pack of 6)
T004120,Lux Soap
T004120,Bread
T004121,Guard Rice (1kg)
T004121,Jam
T004121,Bread
T004122,Chicken
T004122,Frozen Paratha
T004122,Jam
T004122,Olpers Milk (Pack of 6)
T004123,Tapal Tea (250g)
T004123,Dalda Cooking Oil (500ml)
T004123,Frozen Paratha
T004123,Lays Chips
T004123,National Ketchup (1kg)
T004124,Dalda Cooking Oil (500ml)
T004124,Surf Excel
T004124,Jam
T004125,Noodles
T004125,Tapal Tea (250g)
T004125,Dalda Cooking Oil (500ml)
T004126,Dalda Cooking Oil (500ml)
T004126,Chicken
T004127,Thal Sugar (200ml)
T004127,Lays Chips
T004127,Chicken
T004128,Nestle Water
T004128,Olpers Milk (Pack of 6)
T004128,Guard Rice (1kg)
T004128,Eggs
T004128,Bread
T004129,Thal Sugar (200ml)
T004129,Dalda Cooking Oil (500ml)
T004129,Nestle Water
T004130,Guard Rice (1kg)
T004130,Pepsi 1L
T004130,Lux Soap
T004130,National Ketchup (1kg)
T004131,Chicken
T004131,Jam
T004131,Eggs
T004131,Frozen Paratha
T004131,Bread
T004131,Tapal Tea (250g)
T004132,Pepsi 1L
T004132,Bread
T004133,Lux Soap
T004133,Nestle Water
T004133,Jam
T004133,Tapal Tea (250g)
T004134,Butter
T004134,Guard Rice (1kg)
T004134,Bread
T004134,Jam
T004134,Lays Chips
T004135,Tapal Tea (250g)
T004135,Butter
T004135,Frozen Paratha
T004135,Thal Sugar (200ml)
T004135,Guard Rice (1kg)
T004135,Biscuits
T004136,Nestle Water
T004136,Lays Chips
T004136,Pepsi 1L
T004136,Jam
T004136,National Ketchup (1kg)
T004136,Tapal Tea (250g)
T004137,Lux Soap
T004137,Surf Excel
T004138,Guard Rice (1kg)
T004138,Butter
T004138,Lays Chips
T004138,National Ketchup (1kg)
T004139,National Ketchup (1kg)
T004139,Lays Chips
T004139,Dalda Cooking Oil (500ml)
T004139,Pepsi 1L
T004140,Nestle Water
T004140,Biscuits
T004140,Bread
T004140,Noodles
T004140,National Ketchup (1kg)
T004141,Butter
T004141,Dalda Cooking Oil (500ml)
T004141,Lays Chips
T004141,Jam
T004141,Tapal Tea (250g)
T004142,Dalda Cooking Oil (500ml)
T004142,Butter
T004143,Butter
T004143,Biscuits
T004143,Noodles
T004144,Pepsi 1L
T004144,Guard Rice (1kg)
T004145,Eggs
T004145,National Ketchup (1kg)
T004145,Noodles
T004145,Surf Excel
T004146,Noodles
T004146,Thal Sugar (200ml)
T004146,Butter
T004146,Chicken
T004147,National Ketchup (1kg)
T004147,Pepsi 1L
T004148,Chicken
T004148,Shan Biryani Masala
T004148,Olpers Milk (Pack of 6)
T004148,Nestle Water
T004149,Pepsi 1L
T004149,Biscuits
T004149,Dalda Cooking Oil (500ml)
T004150,Shan Biryani Masala
T004150,Thal Sugar (200ml)
T004150,Frozen Paratha
T004150,Jam
T004151,Lays Chips
T004151,Nestle Water
T004151,Lux Soap
T004151,Eggs
T004151,Thal Sugar (200ml)
T004151,Guard Rice (1kg)
T004152,Dalda Cooking Oil (500ml)
T004152,Noodles
T004152,National Ketchup (1kg)
T004152,Guard Rice (1kg)
T004152,Tapal Tea (250g)
T004152,Butter
T004153,Lux Soap
T004153,Thal Sugar (200ml)
T004153,Nestle Water
T004153,Pepsi 1L
T004153,Jam
T004154,Butter
T004154,Tapal Tea (250g)
T004154,Nestle Water
T004155,Surf Excel
T004155,Thal Sugar (200ml)
T004155,Butter
T004156,Lays Chips
T004156,Bread
T004156,Thal Sugar (200ml)
T004156,Noodles
T004156,Jam
T004156,Surf Excel
T004157,Bread
T004157,Eggs
T004158,Tapal Tea (250g)
T004158,Surf Excel
T004158,Jam
T004159,Chicken
T004159,Pepsi 1L
T004159,National Ketchup (1kg)
T004160,Thal Sugar (200ml)
T004160,Shan Biryani Masala
T004160,Noodles
T004160,National Ketchup (1kg)
T004160,Eggs
T004161,Eggs
T004161,Butter
T004161,Chicken
T004162,Nestle Water
T004162,Surf Excel
T004162,Frozen Paratha
T004162,Eggs
T004163,Dalda Cooking Oil (500ml)
T004163,Nestle Water
T004164,Tapal Tea (250g)
T004164,Pepsi 1L
T004164,Surf Excel
T004164,Dalda Cooking Oil (500ml)
T004164,Bread
T004165,Guard Rice (1kg)
T004165,Tapal Tea (250g)
T004165,Eggs
T004165,Lux Soap
T004165,Butter
T004166,Noodles
T004166,Butter
T004166,Tapal Tea (250g)
T004167,Eggs
T004167,Frozen Paratha
T004167,Shan Biryani Masala
T004167,Olpers Milk (Pack of 6)
T004167,Butter
T004168,Guard Rice (1kg)
T004168,Dalda Cooking Oil (500ml)
T004168,Nestle Water
T004168,Jam
T004168,Thal Sugar (200ml)
T004168,Butter
T004169,National Ketchup (1kg)
T004169,Thal Sugar (200ml)
T004169,Noodles
T004169,Lux Soap
T004169,Lays Chips
T004169,Olpers Milk (Pack of 6)
T004170,Bread
T004170,Dalda Cooking Oil (500ml)
T004170,Thal Sugar (200ml)
T004170,Eggs
T004171,Chicken
T004171,Lux Soap
T004171,Nestle Water
T004171,Tapal Tea (250g)
T004171,Guard Rice (1kg)
T004172,Chicken
T004172,Tapal Tea (250g)
T004172,Bread
T004172,Frozen Paratha
T004172,Shan Biryani Masala
T004173,Eggs
T004173,Nestle Water
T004173,Tapal Tea (250g)
T004173,Lays Chips
T004173,Guard Rice (1kg)
T004174,Bread
T004174,Thal Sugar (200ml)
T004174,Olpers Milk (Pack of 6)
T004174,Guard Rice (1kg)
T004174,Shan Biryani Masala
T004174,Lux Soap
T004175,Bread
T004175,Butter
T004175,Shan Biryani Masala
T004176,National Ketchup (1kg)
T004176,Butter
T004177,Lux Soap
T004177,Bread
T004177,Biscuits
T004178,Butter
T004178,Chicken
T004178,Thal Sugar (200ml)
T004179,Pepsi 1L
T004179,Butter
T004180,Jam
T004180,Lays Chips
T004180,Tapal Tea (250g)
T004181,Biscuits
T004181,Olpers Milk (Pack of 6)
T004181,Pepsi 1L
T004181,Jam
T004181,Bread
T004181,Frozen Paratha
T004182,Noodles
T004182,Chicken
T004182,Surf Excel
T004182,Eggs
T004183,Bread
T004183,Shan Biryani Masala
T004183,Noodles
T004184,Tapal Tea (250g)
T004184,Lux Soap
T004184,Guard Rice (1kg)
T004185,Lux Soap
T004185,Frozen Paratha
T004185,Surf Excel
T004185,Lays Chips
T004185,Jam
T004186,Pepsi 1L
T004186,National Ketchup (1kg)
T004187,Tapal Tea (250g)
T004187,Nestle Water
T004187,Thal Sugar (200ml)
T004187,Olpers Milk (Pack of 6)
T004187,Guard Rice (1kg)
T004187,Jam
T004188,Shan Biryani Masala
T004188,Thal Sugar (200ml)
T004188,Eggs
T004188,Dalda Cooking Oil (500ml)
T004188,Guard Rice (1kg)
T004188,Noodles
T004189,Jam
T004189,Lux Soap
T004189,Dalda Cooking Oil (500ml)
T004189,Tapal Tea (250g)
T004190,Tapal Tea (250g)
T004190,Noodles
T004190,Jam
T004191,Eggs
T004191,Chicken
T004191,Surf Excel
T004191,Butter
T004192,Biscuits
T004192,Thal Sugar (200ml)
T004192,Surf Excel
T004193,Dalda Cooking Oil (500ml)
T004193,Shan Biryani Masala
T004193,Biscuits
T004193,Frozen Paratha
T004193,Tapal Tea (250g)
T004194,Tapal Tea (250g)
T004194,Bread
T004194,Jam
T004194,National Ketchup (1kg)
T004194,Noodles
T004194,Butter
T004195,Nestle Water
T004195,Pepsi 1L
T004195,Dalda Cooking Oil (500ml)
T004196,National Ketchup (1kg)
T004196,Chicken
T004196,Eggs
T004196,Lays Chips
T004196,Tapal Tea (250g)
T004196,Noodles
T004197,Lays Chips
T004197,Pepsi 1L
T004198,Shan Biryani Masala
T004198,Jam
T004198,Lux Soap
T004198,Thal Sugar (200ml)
T004199,Guard Rice (1kg)
T004199,Tapal Tea (250g)
T004199,Jam
T004199,National Ketchup (1kg)
T004199,Dalda Cooking Oil (500ml)
T004200,Pepsi 1L
T004200,Eggs
T004201,Surf Excel
T004201,Thal Sugar (200ml)
T004201,Guard Rice (1kg)
T004202,Butter
T004202,Surf Excel
T004202,Dalda Cooking Oil (500ml)
T004202,Biscuits
T004202,Pepsi 1L
T004203,Eggs
T004203,Jam
T004204,Surf Excel
T004204,Biscuits
T004204,Chicken
T004204,National Ketchup (1kg)
T004204,Nestle Water
T004205,Lays Chips
T004205,Chicken
T004205,National Ketchup (1kg)
T004205,Butter
T004205,Pepsi 1L
T004205,Guard Rice (1kg)
T004206,Nestle Water
T004206,Lux Soap
T004206,Shan Biryani Masala
T004206,Chicken
T004206,Bread
T004206,Tapal Tea (250g)
T004207,Pepsi 1L
T004207,Noodles
T004207,National Ketchup (1kg)
T004207,Tapal Tea (250g)
T004208,Olpers Milk (Pack of 6)
T004208,Pepsi 1L
T004209,Lux Soap
T004209,Butter
T004209,Biscuits
T004209,Jam
T004209,Lays Chips
T004210,Guard Rice (1kg)
T004210,National Ketchup (1kg)
T004210,Jam
T004210,Tapal Tea (250g)
T004210,Pepsi 1L
T004210,Butter
T004211,Thal Sugar (200ml)
T004211,Biscuits
T004211,Bread
T004211,Dalda Cooking Oil (500ml)
T004211,Jam
T004212,Noodles
T004212,Biscuits
T004212,Tapal Tea (250g)
T004213,Chicken
T004213,Pepsi 1L
T004214,Lux Soap
T004214,Thal Sugar (200ml)
T004215,Surf Excel
T004215,Lux Soap
T004215,Olpers Milk (Pack of 6)
T004215,Pepsi 1L
T004216,Butter
T004216,Thal Sugar (200ml)
T004216,Guard Rice (1kg)
T004216,Bread
T004216,Lux Soap
T004217,Dalda Cooking Oil (500ml)
T004217,Chicken
T004218,Chicken
T004218,Eggs
T004218,Shan Biryani Masala
T004219,Bread
T004219,Butter
T004219,Guard Rice (1kg)
T004219,Noodles
T004219,Lux Soap
T004220,Pepsi 1L
T004220,Jam
T004220,Noodles
T004220,Guard Rice (1kg)
T004221,Olpers Milk (Pack of 6)
T004221,National Ketchup (1kg)
T004222,Shan Biryani Masala
T004222,Surf Excel
T004222,Olpers Milk (Pack of 6)
T004222,Butter
T004222,Bread
T004222,Frozen Paratha
T004223,Jam
T004223,Tapal Tea (250g)
T004224,Shan Biryani Masala
T004224,Jam
T004224,Thal Sugar (200ml)
T004224,Lays Chips
T004224,Noodles
T004224,Bread
T004225,Lays Chips
T004225,Biscuits
T004226,Pepsi 1L
T004226,Bread
T004226,Eggs
T004226,Nestle Water
T004226,Biscuits
T004227,Frozen Paratha
T004227,Nestle Water
T004227,Shan Biryani Masala
T004228,Butter
T004228,Frozen Paratha
T004228,Lux Soap
T004228,Noodles
T004228,Olpers Milk (Pack of 6)
T004228,Biscuits
T004229,Jam
T004229,Bread
T004229,Pepsi 1L
T004229,Lays Chips
T004229,Biscuits
T004229,Dalda Cooking Oil (500ml)
T004230,Surf Excel
T004230,Lux Soap
T004230,Thal Sugar (200ml)
T004231,Guard Rice (1kg)
T004231,Pepsi 1L
T004232,Thal Sugar (200ml)
T004232,Nestle Water
T004232,Biscuits
T004232,Lux Soap
T004232,Dalda Cooking Oil (500ml)
T004233,Lays Chips
T004233,Thal Sugar (200ml)
T004233,Lux Soap
T004233,Frozen Paratha
T004234,Olpers Milk (Pack of 6)
T004234,Frozen Paratha
T004234,Butter
T004234,Bread
T004235,Dalda Cooking Oil (500ml)
T004235,Biscuits
T004235,Lux Soap
T004235,Lays Chips
T004236,Lays Chips
T004236,Eggs
T004236,Surf Excel
T004236,Guard Rice (1kg)
T004236,Thal Sugar (200ml)
T004237,Eggs
T004237,Thal Sugar (200ml)
T004237,Olpers Milk (Pack of 6)
T004237,Frozen Paratha
T004238,Shan Biryani Masala
T004238,Nestle Water
T004238,Olpers Milk (Pack of 6)
T004239,Guard Rice (1kg)
T004239,Tapal Tea (250g)
T004239,National Ketchup (1kg)
T004239,Pepsi 1L
T004240,Tapal Tea (250g)
T004240,Butter
T004241,Nestle Water
T004241,Guard Rice (1kg)
T004241,Shan Biryani Masala
T004241,Thal Sugar (200ml)
T004241,Biscuits
T004241,Jam
T004242,National Ketchup (1kg)
T004242,Shan Biryani Masala
T004242,Nestle Water
T004242,Eggs
T004243,Dalda Cooking Oil (500ml)
T004243,National Ketchup (1kg)
T004244,Dalda Cooking Oil (500ml)
T004244,Butter
T004244,Frozen Paratha
T004244,Surf Excel
T004244,Chicken
T004244,Lays Chips
T004245,Thal Sugar (200ml)
T004245,Jam
T004245,Lux Soap
T004245,Olpers Milk (Pack of 6)
T004246,Jam
T004246,Bread
T004246,Lays Chips
T004247,Tapal Tea (250g)
T004247,Nestle Water
T004248,Eggs
T004248,Olpers Milk (Pack of 6)
T004248,Jam
T004248,Thal Sugar (200ml)
T004248,Pepsi 1L
T004249,Thal Sugar (200ml)
T004249,Surf Excel
T004249,Pepsi 1L
T004249,Jam
T004249,Shan Biryani Masala
T004250,Eggs
T004250,Lux Soap
T004250,Pepsi 1L
T004250,Noodles
T004250,Dalda Cooking Oil (500ml)
T004250,National Ketchup (1kg)
T004251,Thal Sugar (200ml)
T004251,Butter
T004251,Shan Biryani Masala
T004251,Tapal Tea (250g)
T004251,Biscuits
T004252,Pepsi 1L
T004252,Shan Biryani Masala
T004252,Surf Excel
T004253,Biscuits
T004253,Pepsi 1L
T004253,National Ketchup (1kg)
T004253,Eggs
T004253,Lux Soap
T004254,Thal Sugar (200ml)
T004254,Eggs
T004254,Surf Excel
T004254,Dalda Cooking Oil (500ml)
T004254,Lays Chips
T004255,Jam
T004255,Shan Biryani Masala
T004255,Frozen Paratha
T004255,Olpers Milk (Pack of 6)
T004256,Chicken
T004256,Surf Excel
T004256,Biscuits
T004256,Lays Chips
T004256,Noodles
T004256,Lux Soap
T004257,Butter
T004257,Pepsi 1L
T004257,Frozen Paratha
T004257,National Ketchup (1kg)
T004257,Dalda Cooking Oil (500ml)
T004258,Guard Rice (1kg)
T004258,Butter
T004259,Bread
T004259,Surf Excel
T004259,Lux Soap
T004259,Nestle Water
T004259,Biscuits
T004260,Nestle Water
T004260,Butter
T004260,Thal Sugar (200ml)
T004260,Biscuits
T004260,Noodles
T004260,Pepsi 1L
T004261,Guard Rice (1kg)
T004261,Noodles
T004261,Thal Sugar (200ml)
T004261,Chicken
T004261,Nestle Water
T004261,Olpers Milk (Pack of 6)
T004262,Tapal Tea (250g)
T004262,Lays Chips
T004262,Surf Excel
T004263,Jam
T004263,Bread
T004264,Jam
T004264,Dalda Cooking Oil (500ml)
T004264,Chicken
T004264,Noodles
T004265,Pepsi 1L
T004265,Lays Chips
T004265,Butter
T004265,Eggs
T004265,National Ketchup (1kg)
T004266,Eggs
T004266,Butter
T004266,Jam
T004266,Tapal Tea (250g)
T004266,Shan Biryani Masala
T004266,Biscuits
T004267,Lays Chips
T004267,Guard Rice (1kg)
T004267,Dalda Cooking Oil (500ml)
T004267,National Ketchup (1kg)
T004267,Butter
T004268,Noodles
T004268,Olpers Milk (Pack of 6)
T004268,Lays Chips
T004268,Chicken
T004269,Jam
T004269,Olpers Milk (Pack of 6)
T004269,Noodles
T004269,Eggs
T004269,Guard Rice (1kg)
T004270,Lux Soap
T004270,Shan Biryani Masala
T004270,Olpers Milk (Pack of 6)
T004270,Chicken
T004270,Thal Sugar (200ml)
T004270,Lays Chips
T004271,Jam
T004271,Guard Rice (1kg)
T004271,Chicken
T004272,Jam
T004272,National Ketchup (1kg)
T004272,Thal Sugar (200ml)
T004272,Butter
T004272,Shan Biryani Masala
T004273,Lux Soap
T004273,Bread
T004273,Nestle Water
T004273,National Ketchup (1kg)
T004274,Dalda Cooking Oil (500ml)
T004274,Lays Chips
T004274,Guard Rice (1kg)
T004275,Butter
T004275,Frozen Paratha
T004276,Olpers Milk (Pack of 6)
T004276,Biscuits
T004276,Bread
T004276,National Ketchup (1kg)
T004276,Shan Biryani Masala
T004276,Chicken
T004277,Butter
T004277,Olpers Milk (Pack of 6)
T004277,Eggs
T004277,Dalda Cooking Oil (500ml)
T004277,Bread
T004277,Jam
T004278,Nestle Water
T004278,Frozen Paratha
T004278,Butter
T004279,Frozen Paratha
T004279,Biscuits
T004279,Shan Biryani Masala
T004279,Butter
T004279,Surf Excel
T004280,Jam
T004280,Tapal Tea (250g)
T004280,Nestle Water
T004281,Chicken
T004281,Thal Sugar (200ml)
T004281,Dalda Cooking Oil (500ml)
T004281,Bread
T004282,Lays Chips
T004282,Biscuits
T004282,Noodles
T004283,Lux Soap
T004283,Pepsi 1L
T004283,Guard Rice (1kg)
T004283,Nestle Water
T004283,Butter
T004284,Surf Excel
T004284,Lux Soap
T004284,Thal Sugar (200ml)
T004284,Guard Rice (1kg)
T004284,Bread
T004285,Chicken
T004285,Noodles
T004285,Bread
T004286,Pepsi 1L
T004286,Shan Biryani Masala
T004286,Nestle Water
T004286,Thal Sugar (200ml)
T004286,Surf Excel
T004287,Lux Soap
T004287,Pepsi 1L
T004287,Bread
T004287,Shan Biryani Masala
T004287,Lays Chips
T004288,Frozen Paratha
T004288,Bread
T004288,Lays Chips
T004288,Nestle Water
T004289,Bread
T004289,National Ketchup (1kg)
T004290,Olpers Milk (Pack of 6)
T004290,Chicken
T004290,Eggs
T004290,Dalda Cooking Oil (500ml)
T004291,Tapal Tea (250g)
T004291,Surf Excel
T004292,Olpers Milk (Pack of 6)
T004292,Tapal Tea (250g)
T004292,Nestle Water
T004292,Eggs
T004292,National Ketchup (1kg)
T004293,Tapal Tea (250g)
T004293,Nestle Water
T004293,Olpers Milk (Pack of 6)
T004294,Pepsi 1L
T004294,Frozen Paratha
T004295,National Ketchup (1kg)
T004295,Eggs
T004295,Biscuits
T004295,Lux Soap
T004296,Shan Biryani Masala
T004296,Pepsi 1L
T004296,Bread
T004297,Nestle Water
T004297,Thal Sugar (200ml)
T004298,Olpers Milk (Pack of 6)
T004298,Butter
T004298,Biscuits
T004298,Eggs
T004299,Thal Sugar (200ml)
T004299,Eggs
T004299,Nestle Water
T004299,Biscuits
T004299,Lux Soap
T004299,Jam
T004300,Tapal Tea (250g)
T004300,Guard Rice (1kg)
T004301,Tapal Tea (250g)
T004301,Bread
T004301,Noodles
T004301,Olpers Milk (Pack of 6)
T004301,Chicken
T004301,Guard Rice (1kg)
T004302,Bread
T004302,Thal Sugar (200ml)
T004302,Dalda Cooking Oil (500ml)
T004302,National Ketchup (1kg)
T004302,Eggs
T004302,Surf Excel
T004303,Eggs
T004303,Biscuits
T004303,Surf Excel
T004303,Jam
T004303,Olpers Milk (Pack of 6)
T004304,Lays Chips
T004304,Nestle Water
T004305,Biscuits
T004305,Pepsi 1L
T004305,Nestle Water
T004305,Thal Sugar (200ml)
T004305,Chicken
T004306,Eggs
T004306,Butter
T004306,Nestle Water
T004306,Dalda Cooking Oil (500ml)
T004306,Olpers Milk (Pack of 6)
T004307,National Ketchup (1kg)
T004307,Shan Biryani Masala
T004307,Guard Rice (1kg)
T004308,Surf Excel
T004308,Guard Rice (1kg)
T004308,Dalda Cooking Oil (500ml)
T004308,Chicken
T004309,Jam
T004309,Dalda Cooking Oil (500ml)
T004309,Butter
T004310,National Ketchup (1kg)
T004310,Pepsi 1L
T004311,Olpers Milk (Pack of 6)
T004311,Shan Biryani Masala
T004311,Eggs
T004312,Lux Soap
T004312,Butter
T004312,Bread
T004312,Noodles
T004313,Frozen Paratha
T004313,Olpers Milk (Pack of 6)
T004313,Surf Excel
T004314,Bread
T004314,National Ketchup (1kg)
T004314,Lux Soap
T004315,Biscuits
T004315,Noodles
T004315,Guard Rice (1kg)
T004315,Tapal Tea (250g)
T004316,National Ketchup (1kg)
T004316,Butter
T004317,Surf Excel
T004317,Lays Chips
T004317,Lux Soap
T004318,Shan Biryani Masala
T004318,Pepsi 1L
T004319,Lays Chips
T004319,Tapal Tea (250g)
T004319,Surf Excel
T004320,Thal Sugar (200ml)
T004320,Nestle Water
T004321,Shan Biryani Masala
T004321,Surf Excel
T004321,Noodles
T004321,Lays Chips
T004322,Guard Rice (1kg)
T004322,Lux Soap
T004323,Shan Biryani Masala
T004323,National Ketchup (1kg)
T004323,Thal Sugar (200ml)
T004324,Dalda Cooking Oil (500ml)
T004324,Butter
T004325,Eggs
T004325,Tapal Tea (250g)
T004325,Surf Excel
T004325,Butter
T004325,Jam
T004325,Noodles
T004326,Surf Excel
T004326,Lays Chips
T004326,Eggs
T004326,Bread
T004326,Guard Rice (1kg)
T004326,Thal Sugar (200ml)
T004327,Guard Rice (1kg)
T004327,Noodles
T004327,Nestle Water
T004327,National Ketchup (1kg)
T004328,Jam
T004328,Lux Soap
T004328,Bread
T004328,Frozen Paratha
T004328,Lays Chips
T004329,Olpers Milk (Pack of 6)
T004329,Butter
T004329,Shan Biryani Masala
T004329,Noodles
T004330,Eggs
T004330,Lux Soap
T004330,Surf Excel
T004330,Chicken
T004330,Frozen Paratha
T004331,Dalda Cooking Oil (500ml)
T004331,Tapal Tea (250g)
T004331,Jam
T004331,Shan Biryani Masala
T004332,Jam
T004332,Noodles
T004332,Shan Biryani Masala
T004332,Nestle Water
T004332,Lux Soap
T004332,Surf Excel
T004333,Shan Biryani Masala
T004333,Frozen Paratha
T004334,Dalda Cooking Oil (500ml)
T004334,Pepsi 1L
T004334,National Ketchup (1kg)
T004334,Shan Biryani Masala
T004335,Dalda Cooking Oil (500ml)
T004335,Shan Biryani Masala
T004335,Chicken
T004336,Dalda Cooking Oil (500ml)
T004336,Bread
T004336,Jam
T004336,Surf Excel
T004336,Chicken
T004337,Bread
T004337,Nestle Water
T004337,Jam
T004338,Surf Excel
T004338,Eggs
T004338,National Ketchup (1kg)
T004339,Shan Biryani Masala
T004339,Butter
T004339,Guard Rice (1kg)
T004340,Lux Soap
T004340,Jam
T004340,Lays Chips
T004340,Eggs
T004341,Biscuits
T004341,Nestle Water
T004341,Butter
T004341,Lays Chips
T004341,Jam
T004342,Surf Excel
T004342,Tapal Tea (250g)
T004342,Noodles
T004342,Dalda Cooking Oil (500ml)
T004343,Shan Biryani Masala
T004343,Pepsi 1L
T004343,Eggs
T004343,Frozen Paratha
T004343,Lux Soap
T004343,Thal Sugar (200ml)
T004344,Guard Rice (1kg)
T004344,Lays Chips
T004345,Nestle Water
T004345,Surf Excel
T004345,Frozen Paratha
T004346,Surf Excel
T004346,Shan Biryani Masala
T004346,Jam
T004346,Butter
T004346,Biscuits
T004347,Bread
T004347,Frozen Paratha
T004347,Surf Excel
T004347,Thal Sugar (200ml)
T004347,Dalda Cooking Oil (500ml)
T004348,Bread
T004348,Thal Sugar (200ml)
T004349,Thal Sugar (200ml)
T004349,Eggs
T004350,Thal Sugar (200ml)
T004350,Noodles
T004350,Tapal Tea (250g)
T004350,National Ketchup (1kg)
T004350,Nestle Water
T004351,Butter
T004351,Surf Excel
T004351,Eggs
T004352,Biscuits
T004352,Dalda Cooking Oil (500ml)
T004352,Tapal Tea (250g)
T004353,Tapal Tea (250g)
T004353,Jam
T004354,Bread
T004354,Lux Soap
T004354,Guard Rice (1kg)
T004354,Tapal Tea (250g)
T004355,Lays Chips
T004355,Dalda Cooking Oil (500ml)
T004355,Bread
T004355,Noodles
T004355,Frozen Paratha
T004356,Eggs
T004356,Lays Chips
T004356,Biscuits
T004357,Thal Sugar (200ml)
T004357,Nestle Water
T004357,Guard Rice (1kg)
T004357,Noodles
T004357,Eggs
T004358,Nestle Water
T004358,Chicken
T004358,Pepsi 1L
T004358,Biscuits
T004358,Jam
T004359,Butter
T004359,Chicken
T004359,Frozen Paratha
T004360,Thal Sugar (200ml)
T004360,Lays Chips
T004361,Biscuits
T004361,Bread
T004361,Pepsi 1L
T004361,National Ketchup (1kg)
T004361,Chicken
T004361,Guard Rice (1kg)
T004362,Dalda Cooking Oil (500ml)
T004362,Bread
T004362,Jam
T004362,Pepsi 1L
T004362,National Ketchup (1kg)
T004363,Noodles
T004363,Lays Chips
T004363,Olpers Milk (Pack of 6)
T004363,Dalda Cooking Oil (500ml)
T004363,Lux Soap
T004364,Pepsi 1L
T004364,Biscuits
T004365,Bread
T004365,Dalda Cooking Oil (500ml)
T004365,Pepsi 1L
T004365,Eggs
T004365,Thal Sugar (200ml)
T004365,Lays Chips
T004366,Surf Excel
T004366,Frozen Paratha
T004367,National Ketchup (1kg)
T004367,Dalda Cooking Oil (500ml)
T004367,Nestle Water
T004368,Biscuits
T004368,Dalda Cooking Oil (500ml)
T004368,Lux Soap
T004368,Butter
T004368,Shan Biryani Masala
T004369,Dalda Cooking Oil (500ml)
T004369,Thal Sugar (200ml)
T004369,Shan Biryani Masala
T004369,Bread
T004369,Lays Chips
T004370,Lays Chips
T004370,Dalda Cooking Oil (500ml)
T004370,Jam
T004370,Olpers Milk (Pack of 6)
T004370,Butter
T004370,Thal Sugar (200ml)
T004371,Pepsi 1L
T004371,Olpers Milk (Pack of 6)
T004371,Chicken
T004371,Biscuits
T004371,Jam
T004372,Tapal Tea (250g)
T004372,Lux Soap
T004372,Olpers Milk (Pack of 6)
T004372,Jam
T004372,Pepsi 1L
T004372,Bread
T004373,Chicken
T004373,Jam
T004373,Bread
T004373,Dalda Cooking Oil (500ml)
T004373,Surf Excel
T004374,Guard Rice (1kg)
T004374,Olpers Milk (Pack of 6)
T004374,Eggs
T004374,Biscuits
T004375,Surf Excel
T004375,Pepsi 1L
T004375,Dalda Cooking Oil (500ml)
T004375,Chicken
T004375,Frozen Paratha
T004376,Lays Chips
T004376,Nestle Water
T004376,Eggs
T004377,Chicken
T004377,Butter
T004377,Jam
T004377,Shan Biryani Masala
T004378,Surf Excel
T004378,Nestle Water
T004378,Butter
T004378,Shan Biryani Masala
T004378,Frozen Paratha
T004378,Lays Chips
T004379,Tapal Tea (250g)
T004379,Shan Biryani Masala
T004379,Olpers Milk (Pack of 6)
T004380,Shan Biryani Masala
T004380,Surf Excel
T004380,Thal Sugar (200ml)
T004380,Jam
T004381,Chicken
T004381,Pepsi 1L
T004381,Eggs
T004382,Olpers Milk (Pack of 6)
T004382,Lux Soap
T004382,Guard Rice (1kg)
T004382,Dalda Cooking Oil (500ml)
T004382,Noodles
T004382,National Ketchup (1kg)
T004383,Surf Excel
T004383,Guard Rice (1kg)
T004383,Frozen Paratha
T004384,Pepsi 1L
T004384,Butter
T004384,Olpers Milk (Pack of 6)
T004384,Tapal Tea (250g)
T004384,Noodles
T004385,National Ketchup (1kg)
T004385,Pepsi 1L
T004385,Biscuits
T004385,Frozen Paratha
T004385,Olpers Milk (Pack of 6)
T004385,Surf Excel
T004386,Biscuits
T004386,Chicken
T004386,Shan Biryani Masala
T004387,Bread
T004387,Surf Excel
T004387,National Ketchup (1kg)
T004387,Nestle Water
T004388,Thal Sugar (200ml)
T004388,Tapal Tea (250g)
T004388,National Ketchup (1kg)
T004388,Lux Soap
T004389,National Ketchup (1kg)
T004389,Surf Excel
T004390,Noodles
T004390,Nestle Water
T004390,Tapal Tea (250g)
T004391,Biscuits
T004391,Olpers Milk (Pack of 6)
T004391,Noodles
T004391,Chicken
T004392,Guard Rice (1kg)
T004392,Thal Sugar (200ml)
T004392,Surf Excel
T004393,Biscuits
T004393,Dalda Cooking Oil (500ml)
T004393,National Ketchup (1kg)
T004393,Eggs
T004393,Bread
T004394,Eggs
T004394,Butter
T004394,Shan Biryani Masala
T004394,Chicken
T004394,Surf Excel
T004395,National Ketchup (1kg)
T004395,Shan Biryani Masala
T004396,Shan Biryani Masala
T004396,Jam
T004396,Biscuits
T004396,Bread
T004396,Guard Rice (1kg)
T004396,Pepsi 1L
T004397,Biscuits
T004397,Surf Excel
T004397,Olpers Milk (Pack of 6)
T004397,National Ketchup (1kg)
T004397,Dalda Cooking Oil (500ml)
T004398,Pepsi 1L
T004398,Bread
T004399,Eggs
T004399,Shan Biryani Masala
T004400,Frozen Paratha
T004400,Noodles
T004401,Pepsi 1L
T004401,Chicken
T004401,Nestle Water
T004401,Olpers Milk (Pack of 6)
T004401,Butter
T004401,Biscuits
T004402,Olpers Milk (Pack of 6)
T004402,Butter
T004402,Lays Chips
T004402,Guard Rice (1kg)
T004402,Thal Sugar (200ml)
T004402,Jam
T004403,Frozen Paratha
T004403,Thal Sugar (200ml)
T004403,Tapal Tea (250g)
T004403,Olpers Milk (Pack of 6)
T004404,Frozen Paratha
T004404,Pepsi 1L
T004404,Surf Excel
T004404,Guard Rice (1kg)
T004404,Bread
T004404,Tapal Tea (250g)
T004405,Pepsi 1L
T004405,Dalda Cooking Oil (500ml)
T004405,Jam
T004405,National Ketchup (1kg)
T004405,Olpers Milk (Pack of 6)
T004405,Butter
T004406,Surf Excel
T004406,Tapal Tea (250g)
T004406,Jam
T004406,National Ketchup (1kg)
T004407,Dalda Cooking Oil (500ml)
T004407,Butter
T004407,Eggs
T004407,Lays Chips
T004407,Lux Soap
T004407,Olpers Milk (Pack of 6)
T004408,Bread
T004408,Jam
T004408,National Ketchup (1kg)
T004408,Butter
T004409,Noodles
T004409,Jam
T004409,National Ketchup (1kg)
T004409,Bread
T004409,Olpers Milk (Pack of 6)
T004410,Butter
T004410,Chicken
T004410,Olpers Milk (Pack of 6)
T004410,Tapal Tea (250g)
T004410,Eggs
T004411,Lays Chips
T004411,Bread
T004412,Surf Excel
T004412,Thal Sugar (200ml)
T004412,Pepsi 1L
T004413,Frozen Paratha
T004413,Eggs
T004413,Olpers Milk (Pack of 6)
T004413,Biscuits
T004413,Lays Chips
T004413,National Ketchup (1kg)
T004414,National Ketchup (1kg)
T004414,Butter
T004414,Noodles
T004414,Tapal Tea (250g)
T004415,Dalda Cooking Oil (500ml)
T004415,Thal Sugar (200ml)
T004415,Nestle Water
T004415,Eggs
T004415,Lux Soap
T004415,Surf Excel
T004416,Tapal Tea (250g)
T004416,Noodles
T004416,Lays Chips
T004416,Biscuits
T004416,Pepsi 1L
T004416,Dalda Cooking Oil (500ml)
T004417,Shan Biryani Masala
T004417,Thal Sugar (200ml)
T004418,Bread
T004418,Lays Chips
T004418,Shan Biryani Masala
T004418,Olpers Milk (Pack of 6)
T004418,Lux Soap
T004418,Surf Excel
T004419,Frozen Paratha
T004419,Lays Chips
T004419,Nestle Water
T004419,Shan Biryani Masala
T004419,Guard Rice (1kg)
T004420,Lays Chips
T004420,Biscuits
T004420,Tapal Tea (250g)
T004420,Olpers Milk (Pack of 6)
T004421,Dalda Cooking Oil (500ml)
T004421,Surf Excel
T004421,National Ketchup (1kg)
T004421,Frozen Paratha
T004421,Thal Sugar (200ml)
T004422,Dalda Cooking Oil (500ml)
T004422,Guard Rice (1kg)
T004422,Thal Sugar (200ml)
T004422,Bread
T004423,Chicken
T004423,National Ketchup (1kg)
T004423,Dalda Cooking Oil (500ml)
T004423,Eggs
T004423,Nestle Water
T004423,Jam
T004424,Lays Chips
T004424,Dalda Cooking Oil (500ml)
T004424,Tapal Tea (250g)
T004424,Biscuits
T004424,Pepsi 1L
T004424,Thal Sugar (200ml)
T004425,Lays Chips
T004425,Chicken
T004425,Jam
T004425,Thal Sugar (200ml)
T004426,Lays Chips
T004426,Guard Rice (1kg)
T004426,Tapal Tea (250g)
T004426,Dalda Cooking Oil (500ml)
T004426,Shan Biryani Masala
T004426,Thal Sugar (200ml)
T004427,Guard Rice (1kg)
T004427,Lays Chips
T004427,Lux Soap
T004427,Dalda Cooking Oil (500ml)
T004427,National Ketchup (1kg)
T004428,Tapal Tea (250g)
T004428,Frozen Paratha
T004428,Guard Rice (1kg)
T004428,National Ketchup (1kg)
T004428,Butter
T004428,Jam
T004429,Lays Chips
T004429,Biscuits
T004429,Shan Biryani Masala
T004429,Pepsi 1L
T004429,Olpers Milk (Pack of 6)
T004429,National Ketchup (1kg)
T004430,Chicken
T004430,Nestle Water
T004430,Shan Biryani Masala
T004430,Frozen Paratha
T004430,Thal Sugar (200ml)
T004431,Nestle Water
T004431,Lays Chips
T004432,Nestle Water
T004432,Lays Chips
T004432,Shan Biryani Masala
T004432,Dalda Cooking Oil (500ml)
T004432,National Ketchup (1kg)
T004432,Guard Rice (1kg)
T004433,Lays Chips
T004433,Guard Rice (1kg)
T004434,Eggs
T004434,Nestle Water
T004434,Pepsi 1L
T004434,Tapal Tea (250g)
T004434,Guard Rice (1kg)
T004434,Butter
T004435,Tapal Tea (250g)
T004435,Dalda Cooking Oil (500ml)
T004436,Lays Chips
T004436,Bread
T004436,Shan Biryani Masala
T004437,Pepsi 1L
T004437,Shan Biryani Masala
T004437,Chicken
T004437,Surf Excel
T004437,National Ketchup (1kg)
T004438,Pepsi 1L
T004438,Eggs
T004438,Frozen Paratha
T004438,Lays Chips
T004438,Biscuits
T004439,Lays Chips
T004439,Chicken
T004439,Shan Biryani Masala
T004439,Butter
T004439,Lux Soap
T004439,Nestle Water
T004440,Thal Sugar (200ml)
T004440,Olpers Milk (Pack of 6)
T004441,Shan Biryani Masala
T004441,Olpers Milk (Pack of 6)
T004442,Shan Biryani Masala
T004442,Eggs
T004442,Olpers Milk (Pack of 6)
T004442,Thal Sugar (200ml)
T004442,Butter
T004443,Pepsi 1L
T004443,Thal Sugar (200ml)
T004443,Noodles
T004443,Dalda Cooking Oil (500ml)
T004443,Lays Chips
T004444,Lux Soap
T004444,Nestle Water
T004444,Guard Rice (1kg)
T004445,Shan Biryani Masala
T004445,Olpers Milk (Pack of 6)
T004445,Jam
T004445,Guard Rice (1kg)
T004445,Noodles
T004446,Nestle Water
T004446,Jam
T004446,Surf Excel
T004446,Shan Biryani Masala
T004446,Pepsi 1L
T004446,Butter
T004447,Nestle Water
T004447,Bread
T004447,Thal Sugar (200ml)
T004448,Pepsi 1L
T004448,Frozen Paratha
T004448,Guard Rice (1kg)
T004448,Lays Chips
T004449,Guard Rice (1kg)
T004449,Biscuits
T004449,Olpers Milk (Pack of 6)
T004450,Jam
T004450,Bread
T004450,Surf Excel
T004451,Surf Excel
T004451,Tapal Tea (250g)
T004451,Nestle Water
T004451,Shan Biryani Masala
T004451,National Ketchup (1kg)
T004451,Dalda Cooking Oil (500ml)
T004452,Lux Soap
T004452,Tapal Tea (250g)
T004452,Nestle Water
T004452,Olpers Milk (Pack of 6)
T004453,Jam
T004453,National Ketchup (1kg)
T004453,Lux Soap
T004453,Frozen Paratha
T004454,Biscuits
T004454,Chicken
T004455,Guard Rice (1kg)
T004455,Pepsi 1L
T004455,Olpers Milk (Pack of 6)
T004455,National Ketchup (1kg)
T004455,Lux Soap
T004456,Olpers Milk (Pack of 6)
T004456,Biscuits
T004456,Chicken
T004456,Shan Biryani Masala
T004457,Guard Rice (1kg)
T004457,Surf Excel
T004458,Noodles
T004458,Guard Rice (1kg)
T004458,Surf Excel
T004459,Jam
T004459,Butter
T004460,Shan Biryani Masala
T004460,Bread
T004460,Olpers Milk (Pack of 6)
T004461,Dalda Cooking Oil (500ml)
T004461,Eggs
T004461,Olpers Milk (Pack of 6)
T004461,Nestle Water
T004461,Bread
T004461,Guard Rice (1kg)
T004462,Jam
T004462,Pepsi 1L
T004462,Frozen Paratha
T004462,Thal Sugar (200ml)
T004462,Shan Biryani Masala
T004462,Lux Soap
T004463,Jam
T004463,Shan Biryani Masala
T004463,Pepsi 1L
T004463,Nestle Water
T004464,Lux Soap
T004464,National Ketchup (1kg)
T004464,Frozen Paratha
T004464,Olpers Milk (Pack of 6)
T004464,Surf Excel
T004464,Shan Biryani Masala
T004465,Shan Biryani Masala
T004465,Pepsi 1L
T004465,Eggs
T004465,Thal Sugar (200ml)
T004465,Lays Chips
T004466,Lux Soap
T004466,Surf Excel
T004466,Chicken
T004466,Nestle Water
T004466,Olpers Milk (Pack of 6)
T004467,Lux Soap
T004467,Chicken
T004468,Shan Biryani Masala
T004468,Surf Excel
T004468,Jam
T004469,Thal Sugar (200ml)
T004469,Pepsi 1L
T004469,Butter
T004469,Jam
T004470,Chicken
T004470,Nestle Water
T004470,Dalda Cooking Oil (500ml)
T004470,Thal Sugar (200ml)
T004470,Butter
T004471,Lux Soap
T004471,Biscuits
T004471,Pepsi 1L
T004472,Frozen Paratha
T004472,Olpers Milk (Pack of 6)
T004472,Surf Excel
T004473,Jam
T004473,Frozen Paratha
T004473,Bread
T004473,Chicken
T004473,Nestle Water
T004473,Noodles
T004474,Guard Rice (1kg)
T004474,Bread
T004474,Pepsi 1L
T004474,Olpers Milk (Pack of 6)
T004475,Chicken
T004475,Bread
T004475,Pepsi 1L
T004475,Frozen Paratha
T004475,Eggs
T004476,Pepsi 1L
T004476,Chicken
T004476,Surf Excel
T004476,Frozen Paratha
T004477,Lays Chips
T004477,Noodles
T004477,Pepsi 1L
T004477,Frozen Paratha
T004478,Eggs
T004478,National Ketchup (1kg)
T004479,Butter
T004479,Chicken
T004479,Frozen Paratha
T004479,Nestle Water
T004479,Tapal Tea (250g)
T004479,Eggs
T004480,Thal Sugar (200ml)
T004480,Lux Soap
T004480,Nestle Water
T004480,Chicken
T004480,Butter
T004480,Dalda Cooking Oil (500ml)
T004481,National Ketchup (1kg)
T004481,Dalda Cooking Oil (500ml)
T004481,Eggs
T004481,Bread
T004481,Nestle Water
T004482,Shan Biryani Masala
T004482,Eggs
T004483,Eggs
T004483,Chicken
T004483,Shan Biryani Masala
T004483,Biscuits
T004484,Nestle Water
T004484,Noodles
T004485,Jam
T004485,National Ketchup (1kg)
T004485,Surf Excel
T004485,Frozen Paratha
T004485,Chicken
T004486,Butter
T004486,Jam
T004486,Chicken
T004486,Shan Biryani Masala
T004486,Guard Rice (1kg)
T004487,Thal Sugar (200ml)
T004487,Bread
T004487,Tapal Tea (250g)
T004487,Noodles
T004487,Eggs
T004488,Chicken
T004488,Biscuits
T004488,National Ketchup (1kg)
T004488,Lux Soap
T004489,Chicken
T004489,Thal Sugar (200ml)
T004489,Shan Biryani Masala
T004489,Lux Soap
T004489,Biscuits
T004490,Frozen Paratha
T004490,Pepsi 1L
T004490,Tapal Tea (250g)
T004491,Olpers Milk (Pack of 6)
T004491,Frozen Paratha
T004491,Eggs
T004491,Nestle Water
T004491,Thal Sugar (200ml)
T004492,Lux Soap
T004492,Frozen Paratha
T004492,Eggs
T004492,Chicken
T004492,Butter
T004492,Pepsi 1L
T004493,Lays Chips
T004493,Olpers Milk (Pack of 6)
T004493,Bread
T004493,Dalda Cooking Oil (500ml)
T004494,Frozen Paratha
T004494,Lux Soap
T004494,Eggs
T004494,National Ketchup (1kg)
T004494,Shan Biryani Masala
T004495,Bread
T004495,National Ketchup (1kg)
T004495,Surf Excel
T004495,Eggs
T004495,Olpers Milk (Pack of 6)
T004496,Lux Soap
T004496,Biscuits
T004496,Bread
T004496,Shan Biryani Masala
T004496,Nestle Water
T004496,Jam
T004497,Jam
T004497,Tapal Tea (250g)
T004497,Guard Rice (1kg)
T004497,Butter
T004498,Dalda Cooking Oil (500ml)
T004498,Tapal Tea (250g)
T004499,Surf Excel
T004499,Frozen Paratha
T004499,Eggs
T004499,Guard Rice (1kg)
T004499,Tapal Tea (250g)
T004500,Jam
T004500,Olpers Milk (Pack of 6)
T004500,Lays Chips
T004500,Guard Rice (1kg)
T004500,Dalda Cooking Oil (500ml)
T004501,Eggs
T004501,Biscuits
T004501,Chicken
T004501,Dalda Cooking Oil (500ml)
T004502,Lux Soap
T004502,Chicken
T004502,Jam
T004502,Nestle Water
T004502,Guard Rice (1kg)
T004502,Noodles
T004503,Butter
T004503,Eggs
T004504,Tapal Tea (250g)
T004504,Jam
T004504,Lays Chips
T004504,Surf Excel
T004504,Thal Sugar (200ml)
T004505,Bread
T004505,Guard Rice (1kg)
T004505,Surf Excel
T004505,National Ketchup (1kg)
T004505,Dalda Cooking Oil (500ml)
T004505,Eggs
T004506,Biscuits
T004506,Guard Rice (1kg)
T004506,Chicken
T004506,Frozen Paratha
T004507,Lays Chips
T004507,Dalda Cooking Oil (500ml)
T004507,Jam
T004507,Lux Soap
T004507,Nestle Water
T004508,Lays Chips
T004508,Olpers Milk (Pack of 6)
T004508,Nestle Water
T004508,Surf Excel
T004508,Pepsi 1L
T004508,Guard Rice (1kg)
T004509,Olpers Milk (Pack of 6)
T004509,Shan Biryani Masala
T004509,Lux Soap
T004509,Pepsi 1L
T004510,Shan Biryani Masala
T004510,Nestle Water
T004511,Olpers Milk (Pack of 6)
T004511,National Ketchup (1kg)
T004511,Thal Sugar (200ml)
T004512,Bread
T004512,Butter
T004513,Dalda Cooking Oil (500ml)
T004513,Shan Biryani Masala
T004513,Jam
T004513,Noodles
T004513,Surf Excel
T004513,Nestle Water
T004514,Lux Soap
T004514,Chicken
T004514,Eggs
T004514,Butter
T004515,Tapal Tea (250g)
T004515,Lux Soap
T004516,Thal Sugar (200ml)
T004516,Olpers Milk (Pack of 6)
T004516,Nestle Water
T004516,Butter
T004516,Biscuits
T004517,Lux Soap
T004517,Surf Excel
T004518,Olpers Milk (Pack of 6)
T004518,Eggs
T004518,Bread
T004518,Jam
T004518,Nestle Water
T004519,Chicken
T004519,Dalda Cooking Oil (500ml)
T004519,Nestle Water
T004519,Lays Chips
T004520,National Ketchup (1kg)
T004520,Lays Chips
T004520,Guard Rice (1kg)
T004521,Bread
T004521,Shan Biryani Masala
T004521,Chicken
T004521,Pepsi 1L
T004521,Lays Chips
T004521,Olpers Milk (Pack of 6)
T004522,National Ketchup (1kg)
T004522,Noodles
T004523,Olpers Milk (Pack of 6)
T004523,National Ketchup (1kg)
T004523,Jam
T004523,Lux Soap
T004523,Nestle Water
T004523,Eggs
T004524,Lux Soap
T004524,Chicken
T004524,Surf Excel
T004525,Eggs
T004525,Lux Soap
T004526,Butter
T004526,Biscuits
T004526,Frozen Paratha
T004527,Thal Sugar (200ml)
T004527,Eggs
T004528,Lux Soap
T004528,Lays Chips
T004528,Nestle Water
T004528,National Ketchup (1kg)
T004528,Tapal Tea (250g)
T004529,Thal Sugar (200ml)
T004529,Olpers Milk (Pack of 6)
T004529,Guard Rice (1kg)
T004530,Frozen Paratha
T004530,Eggs
T004530,Tapal Tea (250g)
T004531,Surf Excel
T004531,Butter
T004532,Thal Sugar (200ml)
T004532,Surf Excel
T004533,Biscuits
T004533,Olpers Milk (Pack of 6)
T004533,National Ketchup (1kg)
T004533,Chicken
T004533,Lays Chips
T004534,Dalda Cooking Oil (500ml)
T004534,Chicken
T004534,Lays Chips
T004534,Nestle Water
T004534,Olpers Milk (Pack of 6)
T004534,Noodles
T004535,Eggs
T004535,Dalda Cooking Oil (500ml)
T004535,Thal Sugar (200ml)
T004536,Guard Rice (1kg)
T004536,Lux Soap
T004537,Olpers Milk (Pack of 6)
T004537,Pepsi 1L
T004537,Lays Chips
T004537,Eggs
T004537,Shan Biryani Masala
T004538,Olpers Milk (Pack of 6)
T004538,Pepsi 1L
T004538,Chicken
T004538,Lux Soap
T004538,Nestle Water
T004538,Bread
T004539,Lays Chips
T004539,Jam
T004539,National Ketchup (1kg)
T004539,Lux Soap
T004539,Surf Excel
T004539,Noodles
T004540,Tapal Tea (250g)
T004540,Frozen Paratha
T004540,Butter
T004540,Surf Excel
T004541,Surf Excel
T004541,Lays Chips
T004541,Bread
T004541,Eggs
T004542,Bread
T004542,Lays Chips
T004542,Lux Soap
T004542,Butter
T004542,Shan Biryani Masala
T004542,Pepsi 1L
T004543,Dalda Cooking Oil (500ml)
T004543,National Ketchup (1kg)
T004543,Surf Excel
T004543,Biscuits
T004543,Jam
T004544,Biscuits
T004544,Shan Biryani Masala
T004544,Olpers Milk (Pack of 6)
T004544,Guard Rice (1kg)
T004545,Noodles
T004545,Shan Biryani Masala
T004545,Thal Sugar (200ml)
T004546,Surf Excel
T004546,Jam
T004546,National Ketchup (1kg)
T004547,Lux Soap
T004547,Thal Sugar (200ml)
T004548,Dalda Cooking Oil (500ml)
T004548,Chicken
T004549,Frozen Paratha
T004549,Chicken
T004550,Thal Sugar (200ml)
T004550,National Ketchup (1kg)
T004550,Nestle Water
T004550,Jam
T004550,Lux Soap
T004550,Tapal Tea (250g)
T004551,Thal Sugar (200ml)
T004551,Pepsi 1L
T004551,Noodles
T004551,Biscuits
T004552,Lux Soap
T004552,Frozen Paratha
T004552,Butter
T004552,Olpers Milk (Pack of 6)
T004552,Tapal Tea (250g)
T004553,National Ketchup (1kg)
T004553,Noodles
T004553,Eggs
T004554,Bread
T004554,Dalda Cooking Oil (500ml)
T004554,Tapal Tea (250g)
T004554,Shan Biryani Masala
T004554,Olpers Milk (Pack of 6)
T004555,Surf Excel
T004555,Lux Soap
T004555,Frozen Paratha
T004556,National Ketchup (1kg)
T004556,Surf Excel
T004556,Thal Sugar (200ml)
T004557,National Ketchup (1kg)
T004557,Olpers Milk (Pack of 6)
T004557,Tapal Tea (250g)
T004558,Olpers Milk (Pack of 6)
T004558,Noodles
T004559,Frozen Paratha
T004559,Surf Excel
T004560,Nestle Water
T004560,Shan Biryani Masala
T004560,Surf Excel
T004561,Bread
T004561,Butter
T004561,Tapal Tea (250g)
T004561,Shan Biryani Masala
T004561,Pepsi 1L
T004561,Nestle Water
T004562,Noodles
T004562,Frozen Paratha
T004562,Lux Soap
T004562,Pepsi 1L
T004562,Lays Chips
T004562,Shan Biryani Masala
T004563,National Ketchup (1kg)
T004563,Biscuits
T004563,Thal Sugar (200ml)
T004563,Shan Biryani Masala
T004563,Noodles
T004564,Eggs
T004564,Frozen Paratha
T004564,Chicken
T004564,Jam
T004564,Butter
T004564,Thal Sugar (200ml)
T004565,Surf Excel
T004565,Dalda Cooking Oil (500ml)
T004565,Nestle Water
T004565,Lays Chips
T004565,Eggs
T004565,Biscuits
T004566,Pepsi 1L
T004566,Nestle Water
T004567,Butter
T004567,Surf Excel
T004567,Olpers Milk (Pack of 6)
T004567,Bread
T004567,Lays Chips
T004568,Lux Soap
T004568,Chicken
T004568,Biscuits
T004568,Nestle Water
T004568,Bread
T004569,Pepsi 1L
T004569,Lux Soap
T004569,Frozen Paratha
T004569,Butter
T004569,Nestle Water
T004569,Tapal Tea (250g)
T004570,Frozen Paratha
T004570,Guard Rice (1kg)
T004570,Surf Excel
T004570,Chicken
T004570,National Ketchup (1kg)
T004571,Frozen Paratha
T004571,Surf Excel
T004571,Butter
T004571,Tapal Tea (250g)
T004571,National Ketchup (1kg)
T004571,Chicken
T004572,Bread
T004572,Thal Sugar (200ml)
T004572,Nestle Water
T004573,Bread
T004573,Eggs
T004573,Olpers Milk (Pack of 6)
T004573,Thal Sugar (200ml)
T004573,Surf Excel
T004573,Jam
T004574,Butter
T004574,Nestle Water
T004574,National Ketchup (1kg)
T004574,Lays Chips
T004574,Tapal Tea (250g)
T004574,Surf Excel
T004575,Chicken
T004575,Noodles
T004575,Tapal Tea (250g)
T004575,Bread
T004575,Frozen Paratha
T004575,Butter
T004576,Lux Soap
T004576,Pepsi 1L
T004576,Guard Rice (1kg)
T004576,Lays Chips
T004576,Tapal Tea (250g)
T004576,Eggs
T004577,Biscuits
T004577,Nestle Water
T004577,Bread
T004577,Thal Sugar (200ml)
T004577,Lux Soap
T004577,Olpers Milk (Pack of 6)
T004578,Pepsi 1L
T004578,Olpers Milk (Pack of 6)
T004578,National Ketchup (1kg)
T004578,Guard Rice (1kg)
T004579,Bread
T004579,Shan Biryani Masala
T004579,Frozen Paratha
T004580,National Ketchup (1kg)
T004580,Pepsi 1L
T004581,Surf Excel
T004581,Nestle Water
T004581,Chicken
T004581,Bread
T004582,Pepsi 1L
T004582,Biscuits
T004582,Frozen Paratha
T004582,Thal Sugar (200ml)
T004582,National Ketchup (1kg)
T004583,Shan Biryani Masala
T004583,Nestle Water
T004583,National Ketchup (1kg)
T004584,Lux Soap
T004584,Guard Rice (1kg)
T004584,Nestle Water
T004585,Surf Excel
T004585,Shan Biryani Masala
T004585,Biscuits
T004585,Lux Soap
T004585,Chicken
T004585,Frozen Paratha
T004586,Olpers Milk (Pack of 6)
T004586,Chicken
T004587,Pepsi 1L
T004587,Olpers Milk (Pack of 6)
T004587,Jam
T004587,Thal Sugar (200ml)
T004587,Chicken
T004588,Pepsi 1L
T004588,Nestle Water
T004588,Eggs
T004588,Tapal Tea (250g)
T004588,Olpers Milk (Pack of 6)
T004588,Lux Soap
T004589,Dalda Cooking Oil (500ml)
T004589,Jam
T004589,Shan Biryani Masala
T004589,National Ketchup (1kg)
T004590,Frozen Paratha
T004590,Tapal Tea (250g)
T004590,Olpers Milk (Pack of 6)
T004590,Biscuits
T004590,Shan Biryani Masala
T004590,Dalda Cooking Oil (500ml)
T004591,Jam
T004591,Biscuits
T004591,Butter
T004591,Guard Rice (1kg)
T004591,Shan Biryani Masala
T004592,Jam
T004592,Noodles
T004593,Bread
T004593,Butter
T004593,Surf Excel
T004593,Lays Chips
T004593,Shan Biryani Masala
T004594,Olpers Milk (Pack of 6)
T004594,National Ketchup (1kg)
T004594,Eggs
T004595,Butter
T004595,Eggs
T004596,Guard Rice (1kg)
T004596,Frozen Paratha
T004596,Lays Chips
T004596,Bread
T004596,Olpers Milk (Pack of 6)
T004596,Surf Excel
T004597,Surf Excel
T004597,Jam
T004597,Lays Chips
T004597,Dalda Cooking Oil (500ml)
T004597,Olpers Milk (Pack of 6)
T004597,Biscuits
T004598,Pepsi 1L
T004598,Noodles
T004599,Eggs
T004599,Frozen Paratha
T004599,Pepsi 1L
T004600,Frozen Paratha
T004600,Bread
T004600,National Ketchup (1kg)
T004600,Pepsi 1L
T004600,Shan Biryani Masala
T004601,Jam
T004601,Lays Chips
T004601,Butter
T004602,Chicken
T004602,Tapal Tea (250g)
T004602,Lux Soap
T004602,Noodles
T004602,Nestle Water
T004602,Shan Biryani Masala
T004603,Pepsi 1L
T004603,Lux Soap
T004603,Eggs
T004603,Butter
T004603,National Ketchup (1kg)
T004604,Thal Sugar (200ml)
T004604,Tapal Tea (250g)
T004604,Eggs
T004604,Dalda Cooking Oil (500ml)
T004605,Butter
T004605,Jam
T004605,Chicken
T004606,Surf Excel
T004606,Noodles
T004606,National Ketchup (1kg)
T004606,Shan Biryani Masala
T004606,Butter
T004606,Tapal Tea (250g)
T004607,Olpers Milk (Pack of 6)
T004607,Bread
T004608,Tapal Tea (250g)
T004608,National Ketchup (1kg)
T004608,Lays Chips
T004608,Dalda Cooking Oil (500ml)
T004609,Guard Rice (1kg)
T004609,Dalda Cooking Oil (500ml)
T004609,National Ketchup (1kg)
T004610,Frozen Paratha
T004610,Biscuits
T004610,Shan Biryani Masala
T004610,Pepsi 1L
T004611,Dalda Cooking Oil (500ml)
T004611,Butter
T004611,Lays Chips
T004612,Nestle Water
T004612,Guard Rice (1kg)
T004612,Bread
T004613,Eggs
T004613,Chicken
T004614,Eggs
T004614,Tapal Tea (250g)
T004614,Frozen Paratha
T004615,Pepsi 1L
T004615,Noodles
T004615,Olpers Milk (Pack of 6)
T004615,Butter
T004615,Bread
T004616,Butter
T004616,Bread
T004616,Olpers Milk (Pack of 6)
T004616,Eggs
T004617,Butter
T004617,Jam
T004618,National Ketchup (1kg)
T004618,Guard Rice (1kg)
T004618,Bread
T004618,Thal Sugar (200ml)
T004618,Surf Excel
T004618,Chicken
T004619,Eggs
T004619,Tapal Tea (250g)
T004619,Dalda Cooking Oil (500ml)
T004619,Lux Soap
T004619,Guard Rice (1kg)
T004619,Olpers Milk (Pack of 6)
T004620,Butter
T004620,Surf Excel
T004620,Nestle Water
T004620,Shan Biryani Masala
T004621,Chicken
T004621,Lays Chips
T004622,Noodles
T004622,Bread
T004622,Surf Excel
T004623,Olpers Milk (Pack of 6)
T004623,Guard Rice (1kg)
T004623,Butter
T004623,Chicken
T004623,Lays Chips
T004623,Tapal Tea (250g)
T004624,Biscuits
T004624,Frozen Paratha
T004625,National Ketchup (1kg)
T004625,Pepsi 1L
T004625,Olpers Milk (Pack of 6)
T004625,Thal Sugar (200ml)
T004626,Lux Soap
T004626,Chicken
T004626,Surf Excel
T004626,Bread
T004626,Frozen Paratha
T004626,Lays Chips
T004627,Eggs
T004627,Noodles
T004627,Bread
T004627,Tapal Tea (250g)
T004627,Frozen Paratha
T004627,Guard Rice (1kg)
T004628,Lays Chips
T004628,Frozen Paratha
T004628,Chicken
T004628,Shan Biryani Masala
T004628,Nestle Water
T004629,Olpers Milk (Pack of 6)
T004629,Surf Excel
T004630,Surf Excel
T004630,Nestle Water
T004630,Butter
T004630,Frozen Paratha
T004630,Chicken
T004630,Tapal Tea (250g)
T004631,Bread
T004631,Thal Sugar (200ml)
T004631,Eggs
T004631,Dalda Cooking Oil (500ml)
T004631,Frozen Paratha
T004632,Chicken
T004632,Olpers Milk (Pack of 6)
T004632,Dalda Cooking Oil (500ml)
T004632,Lux Soap
T004632,Guard Rice (1kg)
T004632,Shan Biryani Masala
T004633,Eggs
T004633,Bread
T004633,Dalda Cooking Oil (500ml)
T004633,Lays Chips
T004633,Butter
T004633,Surf Excel
T004634,National Ketchup (1kg)
T004634,Surf Excel
T004635,Biscuits
T004635,Shan Biryani Masala
T004635,Bread
T004635,Lux Soap
T004635,Guard Rice (1kg)
T004635,Noodles
T004636,Lux Soap
T004636,Chicken
T004636,Eggs
T004636,Olpers Milk (Pack of 6)
T004636,Jam
T004636,Biscuits
T004637,Lays Chips
T004637,Dalda Cooking Oil (500ml)
T004637,Pepsi 1L
T004638,Pepsi 1L
T004638,Nestle Water
T004638,Bread
T004638,Lays Chips
T004639,Eggs
T004639,Jam
T004640,Chicken
T004640,Butter
T004640,Bread
T004640,Shan Biryani Masala
T004641,Guard Rice (1kg)
T004641,Noodles
T004641,Biscuits
T004642,Surf Excel
T004642,Frozen Paratha
T004642,Nestle Water
T004642,Tapal Tea (250g)
T004643,Nestle Water
T004643,Biscuits
T004643,Lux Soap
T004644,Guard Rice (1kg)
T004644,Lux Soap
T004644,Thal Sugar (200ml)
T004644,National Ketchup (1kg)
T004644,Surf Excel
T004645,Surf Excel
T004645,Dalda Cooking Oil (500ml)
T004646,Olpers Milk (Pack of 6)
T004646,Lux Soap
T004646,Jam
T004646,Frozen Paratha
T004646,Lays Chips
T004647,Nestle Water
T004647,National Ketchup (1kg)
T004647,Butter
T004647,Bread
T004647,Pepsi 1L
T004648,Tapal Tea (250g)
T004648,Jam
T004649,Chicken
T004649,Bread
T004650,Pepsi 1L
T004650,Lays Chips
T004650,Guard Rice (1kg)
T004650,Bread
T004651,Lux Soap
T004651,Butter
T004651,Surf Excel
T004651,Pepsi 1L
T004651,Eggs
T004651,Bread
T004652,Noodles
T004652,Olpers Milk (Pack of 6)
T004652,Tapal Tea (250g)
T004652,Frozen Paratha
T004653,Chicken
T004653,Butter
T004653,Guard Rice (1kg)
T004653,Dalda Cooking Oil (500ml)
T004654,Surf Excel
T004654,Butter
T004654,Lays Chips
T004654,Eggs
T004654,Nestle Water
T004654,National Ketchup (1kg)
T004655,Tapal Tea (250g)
T004655,Nestle Water
T004655,Frozen Paratha
T004655,Bread
T004655,Pepsi 1L
T004656,Nestle Water
T004656,Surf Excel
T004656,Chicken
T004656,National Ketchup (1kg)
T004657,Surf Excel
T004657,Biscuits
T004657,Lays Chips
T004657,Eggs
T004658,Nestle Water
T004658,Tapal Tea (250g)
T004658,Eggs
T004658,Guard Rice (1kg)
T004658,Butter
T004658,Olpers Milk (Pack of 6)
T004659,Pepsi 1L
T004659,Lux Soap
T004660,Guard Rice (1kg)
T004660,Shan Biryani Masala
T004660,Butter
T004660,Jam
T004660,Chicken
T004661,Chicken
T004661,Noodles
T004661,Guard Rice (1kg)
T004661,Nestle Water
T004662,Lux Soap
T004662,Surf Excel
T004662,Frozen Paratha
T004663,Noodles
T004663,Surf Excel
T004663,Nestle Water
T004663,Thal Sugar (200ml)
T004663,Pepsi 1L
T004664,Biscuits
T004664,Nestle Water
T004664,Bread
T004664,Olpers Milk (Pack of 6)
T004665,Frozen Paratha
T004665,Tapal Tea (250g)
T004666,Lux Soap
T004666,National Ketchup (1kg)
T004666,Noodles
T004666,Thal Sugar (200ml)
T004666,Olpers Milk (Pack of 6)
T004667,Biscuits
T004667,Guard Rice (1kg)
T004667,Frozen Paratha
T004667,Lux Soap
T004667,Pepsi 1L
T004667,Shan Biryani Masala
T004668,Jam
T004668,Noodles
T004668,Nestle Water
T004668,Thal Sugar (200ml)
T004668,Shan Biryani Masala
T004668,Bread
T004669,Jam
T004669,Dalda Cooking Oil (500ml)
T004669,Chicken
T004669,National Ketchup (1kg)
T004670,Frozen Paratha
T004670,Noodles
T004670,Nestle Water
T004670,National Ketchup (1kg)
T004670,Biscuits
T004671,Bread
T004671,Frozen Paratha
T004671,Jam
T004672,Noodles
T004672,Eggs
T004672,Lux Soap
T004673,Shan Biryani Masala
T004673,Lays Chips
T004673,Noodles
T004674,Tapal Tea (250g)
T004674,National Ketchup (1kg)
T004675,Shan Biryani Masala
T004675,Butter
T004675,Frozen Paratha
T004675,Dalda Cooking Oil (500ml)
T004675,Thal Sugar (200ml)
T004675,Bread
T004676,Surf Excel
T004676,Nestle Water
T004677,Lays Chips
T004677,Dalda Cooking Oil (500ml)
T004678,Butter
T004678,Surf Excel
T004678,Olpers Milk (Pack of 6)
T004678,Biscuits
T004678,Lays Chips
T004678,Bread
T004679,Frozen Paratha
T004679,Nestle Water
T004679,Biscuits
T004680,Surf Excel
T004680,Dalda Cooking Oil (500ml)
T004680,Tapal Tea (250g)
T004680,Pepsi 1L
T004680,Lays Chips
T004681,Nestle Water
T004681,Eggs
T004681,Frozen Paratha
T004681,Noodles
T004681,Pepsi 1L
T004682,Noodles
T004682,Lux Soap
T004682,Surf Excel
T004682,Lays Chips
T004683,Olpers Milk (Pack of 6)
T004683,Nestle Water
T004683,Thal Sugar (200ml)
T004683,Dalda Cooking Oil (500ml)
T004683,Chicken
T004683,Noodles
T004684,Butter
T004684,National Ketchup (1kg)
T004684,Biscuits
T004684,Olpers Milk (Pack of 6)
T004685,Butter
T004685,Tapal Tea (250g)
T004685,Guard Rice (1kg)
T004685,Shan Biryani Masala
T004686,Shan Biryani Masala
T004686,Biscuits
T004687,Shan Biryani Masala
T004687,Thal Sugar (200ml)
T004687,Biscuits
T004687,Frozen Paratha
T004687,Noodles
T004687,Dalda Cooking Oil (500ml)
T004688,Lux Soap
T004688,Nestle Water
T004688,Butter
T004689,Olpers Milk (Pack of 6)
T004689,Lux Soap
T004689,Frozen Paratha
T004689,Lays Chips
T004689,Noodles
T004690,Guard Rice (1kg)
T004690,Biscuits
T004690,Pepsi 1L
T004690,Nestle Water
T004690,Surf Excel
T004691,Butter
T004691,Noodles
T004691,Lux Soap
T004691,Shan Biryani Masala
T004692,Bread
T004692,Nestle Water
T004692,Dalda Cooking Oil (500ml)
T004692,National Ketchup (1kg)
T004692,Thal Sugar (200ml)
T004693,Tapal Tea (250g)
T004693,Noodles
T004693,Shan Biryani Masala
T004694,Bread
T004694,National Ketchup (1kg)
T004694,Noodles
T004694,Frozen Paratha
T004694,Chicken
T004695,Guard Rice (1kg)
T004695,Pepsi 1L
T004695,Noodles
T004696,Surf Excel
T004696,Shan Biryani Masala
T004696,Butter
T004696,Bread
T004696,Lays Chips
T004696,Olpers Milk (Pack of 6)
T004697,Thal Sugar (200ml)
T004697,Pepsi 1L
T004697,Chicken
T004697,Lux Soap
T004697,Butter
T004698,Thal Sugar (200ml)
T004698,Shan Biryani Masala
T004698,Biscuits
T004698,Lux Soap
T004699,Shan Biryani Masala
T004699,Biscuits
T004699,Surf Excel
T004699,Guard Rice (1kg)
T004700,Chicken
T004700,Noodles
T004700,Guard Rice (1kg)
T004700,Pepsi 1L
T004700,Dalda Cooking Oil (500ml)
T004700,Shan Biryani Masala
T004701,National Ketchup (1kg)
T004701,Butter
T004701,Biscuits
T004701,Chicken
T004701,Nestle Water
T004701,Jam
T004702,Pepsi 1L
T004702,Jam
T004702,Nestle Water
T004702,Thal Sugar (200ml)
T004702,Surf Excel
T004703,Butter
T004703,Nestle Water
T004703,Guard Rice (1kg)
T004703,Biscuits
T004703,National Ketchup (1kg)
T004704,Shan Biryani Masala
T004704,Butter
T004705,Tapal Tea (250g)
T004705,National Ketchup (1kg)
T004705,Butter
T004705,Nestle Water
T004705,Lux Soap
T004706,Noodles
T004706,Jam
T004706,Eggs
T004706,Pepsi 1L
T004706,Guard Rice (1kg)
T004706,Shan Biryani Masala
T004707,Dalda Cooking Oil (500ml)
T004707,Guard Rice (1kg)
T004707,Surf Excel
T004707,Shan Biryani Masala
T004707,Noodles
T004708,Nestle Water
T004708,Eggs
T004708,Thal Sugar (200ml)
T004708,Shan Biryani Masala
T004709,Thal Sugar (200ml)
T004709,Noodles
T004709,Bread
T004709,Nestle Water
T004709,Tapal Tea (250g)
T004709,Pepsi 1L
T004710,Pepsi 1L
T004710,Chicken
T004711,Surf Excel
T004711,Thal Sugar (200ml)
T004711,Butter
T004711,Bread
T004711,Lux Soap
T004712,Frozen Paratha
T004712,Bread
T004713,Frozen Paratha
T004713,Bread
T004713,Nestle Water
T004713,Butter
T004713,Jam
T004713,Lays Chips
T004714,Nestle Water
T004714,Jam
T004714,Tapal Tea (250g)
T004714,Olpers Milk (Pack of 6)
T004715,Eggs
T004715,Shan Biryani Masala
T004715,Pepsi 1L
T004715,Olpers Milk (Pack of 6)
T004716,Dalda Cooking Oil (500ml)
T004716,Noodles
T004716,Nestle Water
T004716,Tapal Tea (250g)
T004716,Pepsi 1L
T004717,Bread
T004717,Surf Excel
T004717,National Ketchup (1kg)
T004717,Butter
T004717,Lux Soap
T004717,Noodles
T004718,Frozen Paratha
T004718,Butter
T004718,Thal Sugar (200ml)
T004718,Jam
T004719,Dalda Cooking Oil (500ml)
T004719,National Ketchup (1kg)
T004719,Lux Soap
T004720,Thal Sugar (200ml)
T004720,Chicken
T004720,Lux Soap
T004720,Eggs
T004720,Bread
T004721,Olpers Milk (Pack of 6)
T004721,Lays Chips
T004721,Dalda Cooking Oil (500ml)
T004721,Lux Soap
T004721,Tapal Tea (250g)
T004722,Frozen Paratha
T004722,Chicken
T004723,Lays Chips
T004723,National Ketchup (1kg)
T004723,Chicken
T004723,Olpers Milk (Pack of 6)
T004723,Guard Rice (1kg)
T004724,Pepsi 1L
T004724,Frozen Paratha
T004724,Thal Sugar (200ml)
T004724,Nestle Water
T004724,Biscuits
T004725,Guard Rice (1kg)
T004725,Shan Biryani Masala
T004725,Surf Excel
T004725,Eggs
T004725,Frozen Paratha
T004725,Bread
T004726,Pepsi 1L
T004726,Dalda Cooking Oil (500ml)
T004726,Noodles
T004727,Frozen Paratha
T004727,Shan Biryani Masala
T004727,National Ketchup (1kg)
T004728,Nestle Water
T004728,Noodles
T004728,Thal Sugar (200ml)
T004728,Frozen Paratha
T004729,Chicken
T004729,Biscuits
T004729,Guard Rice (1kg)
T004729,Frozen Paratha
T004729,Dalda Cooking Oil (500ml)
T004730,Thal Sugar (200ml)
T004730,Butter
T004731,Tapal Tea (250g)
T004731,Pepsi 1L
T004731,Frozen Paratha
T004732,Lux Soap
T004732,Jam
T004732,Tapal Tea (250g)
T004732,Thal Sugar (200ml)
T004732,National Ketchup (1kg)
T004732,Lays Chips
T004733,Lays Chips
T004733,Lux Soap
T004733,Jam
T004734,Bread
T004734,Noodles
T004734,Biscuits
T004734,Lux Soap
T004735,Noodles
T004735,Eggs
T004735,Lux Soap
T004735,Chicken
T004736,Lux Soap
T004736,Thal Sugar (200ml)
T004736,Shan Biryani Masala
T004736,Butter
T004736,National Ketchup (1kg)
T004737,Dalda Cooking Oil (500ml)
T004737,Olpers Milk (Pack of 6)
T004737,Tapal Tea (250g)
T004737,Noodles
T004737,Lays Chips
T004738,Butter
T004738,Nestle Water
T004738,Lux Soap
T004738,Olpers Milk (Pack of 6)
T004738,Tapal Tea (250g)
T004739,Biscuits
T004739,Pepsi 1L
T004740,Lays Chips
T004740,Chicken
T004741,National Ketchup (1kg)
T004741,Tapal Tea (250g)
T004741,Butter
T004741,Noodles
T004741,Olpers Milk (Pack of 6)
T004742,Eggs
T004742,Biscuits
T004742,Surf Excel
T004743,Surf Excel
T004743,Guard Rice (1kg)
T004743,Bread
T004744,Bread
T004744,Tapal Tea (250g)
T004744,Nestle Water
T004744,Lux Soap
T004744,Chicken
T004744,Surf Excel
T004745,Shan Biryani Masala
T004745,Eggs
T004745,Biscuits
T004745,Pepsi 1L
T004745,Lays Chips
T004745,Chicken
T004746,Lays Chips
T004746,Noodles
T004746,Bread
T004747,Tapal Tea (250g)
T004747,Pepsi 1L
T004748,Shan Biryani Masala
T004748,Biscuits
T004749,Dalda Cooking Oil (500ml)
T004749,Lays Chips
T004749,Frozen Paratha
T004749,National Ketchup (1kg)
T004749,Pepsi 1L
T004750,Surf Excel
T004750,Noodles
T004750,Frozen Paratha
T004750,Olpers Milk (Pack of 6)
T004750,Butter
T004750,Guard Rice (1kg)
T004751,Lays Chips
T004751,Pepsi 1L
T004751,National Ketchup (1kg)
T004752,National Ketchup (1kg)
T004752,Lux Soap
T004752,Butter
T004753,Pepsi 1L
T004753,Bread
T004753,Surf Excel
T004753,Olpers Milk (Pack of 6)
T004754,Thal Sugar (200ml)
T004754,Biscuits
T004754,Shan Biryani Masala
T004755,Surf Excel
T004755,Lays Chips
T004755,Shan Biryani Masala
T004756,Guard Rice (1kg)
T004756,Shan Biryani Masala
T004756,Eggs
T004756,Thal Sugar (200ml)
T004756,Nestle Water
T004756,Frozen Paratha
T004757,Lays Chips
T004757,Surf Excel
T004757,Eggs
T004758,Noodles
T004758,Jam
T004758,Surf Excel
T004758,Nestle Water
T004758,Chicken
T004758,Lays Chips
T004759,Biscuits
T004759,Pepsi 1L
T004759,Lays Chips
T004759,Shan Biryani Masala
T004759,Olpers Milk (Pack of 6)
T004760,Frozen Paratha
T004760,Surf Excel
T004760,Biscuits
T004760,Noodles
T004761,Jam
T004761,Dalda Cooking Oil (500ml)
T004761,Bread
T004762,Guard Rice (1kg)
T004762,Jam
T004762,Chicken
T004762,Thal Sugar (200ml)
T004762,Eggs
T004762,Pepsi 1L
T004763,Chicken
T004763,Frozen Paratha
T004764,Tapal Tea (250g)
T004764,Dalda Cooking Oil (500ml)
T004764,Lux Soap
T004764,Thal Sugar (200ml)
T004765,Jam
T004765,Butter
T004765,Bread
T004765,Noodles
T004766,Dalda Cooking Oil (500ml)
T004766,Butter
T004766,Surf Excel
T004766,Lays Chips
T004766,Guard Rice (1kg)
T004766,Nestle Water
T004767,Thal Sugar (200ml)
T004767,Eggs
T004768,Jam
T004768,Tapal Tea (250g)
T004768,Biscuits
T004768,Shan Biryani Masala
T004769,Chicken
T004769,Dalda Cooking Oil (500ml)
T004769,Eggs
T004769,Lays Chips
T004769,Frozen Paratha
T004769,Lux Soap
T004770,Nestle Water
T004770,Guard Rice (1kg)
T004770,Surf Excel
T004771,Thal Sugar (200ml)
T004771,Guard Rice (1kg)
T004771,Butter
T004771,Eggs
T004772,Dalda Cooking Oil (500ml)
T004772,Shan Biryani Masala
T004772,Surf Excel
T004773,Noodles
T004773,Chicken
T004773,Nestle Water
T004773,Dalda Cooking Oil (500ml)
T004773,Surf Excel
T004774,Butter
T004774,Pepsi 1L
T004774,Shan Biryani Masala
T004774,Tapal Tea (250g)
T004775,Jam
T004775,Pepsi 1L
T004775,Butter
T004775,National Ketchup (1kg)
T004775,Tapal Tea (250g)
T004775,Olpers Milk (Pack of 6)
T004776,Chicken
T004776,Dalda Cooking Oil (500ml)
T004776,National Ketchup (1kg)
T004776,Shan Biryani Masala
T004776,Surf Excel
T004777,Guard Rice (1kg)
T004777,Chicken
T004777,Lays Chips
T004777,Noodles
T004778,Frozen Paratha
T004778,Lays Chips
T004778,Biscuits
T004779,Eggs
T004779,Chicken
T004780,Jam
T004780,National Ketchup (1kg)
T004780,Tapal Tea (250g)
T004781,Butter
T004781,Tapal Tea (250g)
T004781,Jam
T004781,Lays Chips
T004781,Thal Sugar (200ml)
T004782,Guard Rice (1kg)
T004782,Biscuits
T004782,Tapal Tea (250g)
T004783,Butter
T004783,Nestle Water
T004783,Tapal Tea (250g)
T004783,Lays Chips
T004783,Bread
T004783,Lux Soap
T004784,National Ketchup (1kg)
T004784,Bread
T004785,Butter
T004785,Noodles
T004785,Thal Sugar (200ml)
T004785,Dalda Cooking Oil (500ml)
T004785,National Ketchup (1kg)
T004786,Jam
T004786,Shan Biryani Masala
T004786,Frozen Paratha
T004786,Lux Soap
T004786,Eggs
T004787,Lux Soap
T004787,Chicken
T004787,Bread
T004787,Frozen Paratha
T004787,National Ketchup (1kg)
T004788,Butter
T004788,Thal Sugar (200ml)
T004788,Pepsi 1L
T004788,Jam
T004788,National Ketchup (1kg)
T004788,Tapal Tea (250g)
T004789,Bread
T004789,Chicken
T004789,Frozen Paratha
T004789,Pepsi 1L
T004789,Lays Chips
T004789,Eggs
T004790,Butter
T004790,Lays Chips
T004791,Butter
T004791,Jam
T004791,Pepsi 1L
T004791,Thal Sugar (200ml)
T004791,Frozen Paratha
T004792,Lays Chips
T004792,Thal Sugar (200ml)
T004792,Dalda Cooking Oil (500ml)
T004792,Guard Rice (1kg)
T004792,Shan Biryani Masala
T004793,Tapal Tea (250g)
T004793,Dalda Cooking Oil (500ml)
T004793,Surf Excel
T004794,Chicken
T004794,National Ketchup (1kg)
T004794,Bread
T004794,Frozen Paratha
T004794,Biscuits
T004794,Eggs
T004795,National Ketchup (1kg)
T004795,Pepsi 1L
T004795,Bread
T004795,Biscuits
T004795,Eggs
T004796,Butter
T004796,Noodles
T004796,Shan Biryani Masala
T004796,Surf Excel
T004797,Biscuits
T004797,Noodles
T004798,Surf Excel
T004798,Bread
T004799,Chicken
T004799,Dalda Cooking Oil (500ml)
T004800,Nestle Water
T004800,Biscuits
T004800,Shan Biryani Masala
T004801,Olpers Milk (Pack of 6)
T004801,Bread
T004802,Lux Soap
T004802,Biscuits
T004802,Jam
T004802,Guard Rice (1kg)
T004802,Frozen Paratha
T004803,Lux Soap
T004803,Lays Chips
T004803,Jam
T004803,Frozen Paratha
T004803,Eggs
T004803,Bread
T004804,Eggs
T004804,Thal Sugar (200ml)
T004804,Lux Soap
T004804,Pepsi 1L
T004804,Shan Biryani Masala
T004805,Thal Sugar (200ml)
T004805,Jam
T004805,Shan Biryani Masala
T004806,Butter
T004806,Shan Biryani Masala
T004806,Surf Excel
T004807,Dalda Cooking Oil (500ml)
T004807,Shan Biryani Masala
T004807,Olpers Milk (Pack of 6)
T004807,Surf Excel
T004807,Thal Sugar (200ml)
T004807,Bread
T004808,Surf Excel
T004808,Chicken
T004808,Pepsi 1L
T004808,Thal Sugar (200ml)
T004808,Tapal Tea (250g)
T004808,Olpers Milk (Pack of 6)
T004809,Shan Biryani Masala
T004809,Lays Chips
T004809,Bread
T004810,National Ketchup (1kg)
T004810,Biscuits
T004810,Butter
T004810,Chicken
T004810,Nestle Water
T004810,Tapal Tea (250g)
T004811,Lux Soap
T004811,Butter
T004811,Eggs
T004812,Lux Soap
T004812,Dalda Cooking Oil (500ml)
T004813,Lays Chips
T004813,Frozen Paratha
T004813,Dalda Cooking Oil (500ml)
T004814,Dalda Cooking Oil (500ml)
T004814,Thal Sugar (200ml)
T004814,Jam
T004815,Surf Excel
T004815,Dalda Cooking Oil (500ml)
T004815,Butter
T004816,Noodles
T004816,Pepsi 1L
T004816,Thal Sugar (200ml)
T004817,Guard Rice (1kg)
T004817,Noodles
T004817,Shan Biryani Masala
T004817,Chicken
T004818,Lux Soap
T004818,Chicken
T004818,Frozen Paratha
T004818,Biscuits
T004818,National Ketchup (1kg)
T004818,Lays Chips
T004819,Lux Soap
T004819,Nestle Water
T004819,Noodles
T004820,Pepsi 1L
T004820,Guard Rice (1kg)
T004821,National Ketchup (1kg)
T004821,Lux Soap
T004821,Thal Sugar (200ml)
T004822,Lux Soap
T004822,Biscuits
T004822,Jam
T004823,Olpers Milk (Pack of 6)
T004823,Frozen Paratha
T004823,Biscuits
T004824,National Ketchup (1kg)
T004824,Frozen Paratha
T004824,Shan Biryani Masala
T004824,Butter
T004825,Dalda Cooking Oil (500ml)
T004825,Shan Biryani Masala
T004825,Biscuits
T004825,Butter
T004825,Pepsi 1L
T004826,Nestle Water
T004826,Surf Excel
T004826,Thal Sugar (200ml)
T004826,Noodles
T004826,Olpers Milk (Pack of 6)
T004826,Lux Soap
T004827,Noodles
T004827,National Ketchup (1kg)
T004827,Pepsi 1L
T004828,Tapal Tea (250g)
T004828,Biscuits
T004828,Surf Excel
T004828,Noodles
T004828,Butter
T004829,Pepsi 1L
T004829,Tapal Tea (250g)
T004830,Surf Excel
T004830,Lays Chips
T004830,Olpers Milk (Pack of 6)
T004830,Lux Soap
T004830,Dalda Cooking Oil (500ml)
T004831,National Ketchup (1kg)
T004831,Dalda Cooking Oil (500ml)
T004831,Nestle Water
T004831,Frozen Paratha
T004831,Butter
T004832,Jam
T004832,Frozen Paratha
T004832,Guard Rice (1kg)
T004832,Lays Chips
T004832,Dalda Cooking Oil (500ml)
T004832,Lux Soap
T004833,Noodles
T004833,Lays Chips
T004833,Pepsi 1L
T004833,Eggs
T004834,Lux Soap
T004834,National Ketchup (1kg)
T004834,Jam
T004834,Shan Biryani Masala
T004834,Chicken
T004834,Bread
T004835,Guard Rice (1kg)
T004835,Jam
T004835,Butter
T004836,Pepsi 1L
T004836,Bread
T004837,Shan Biryani Masala
T004837,Jam
T004837,Dalda Cooking Oil (500ml)
T004837,Lux Soap
T004837,Nestle Water
T004838,Frozen Paratha
T004838,Shan Biryani Masala
T004838,Lays Chips
T004838,Thal Sugar (200ml)
T004839,Nestle Water
T004839,Olpers Milk (Pack of 6)
T004839,Frozen Paratha
T004840,Olpers Milk (Pack of 6)
T004840,Surf Excel
T004841,Shan Biryani Masala
T004841,National Ketchup (1kg)
T004841,Eggs
T004841,Biscuits
T004842,Thal Sugar (200ml)
T004842,Pepsi 1L
T004843,Jam
T004843,Surf Excel
T004843,National Ketchup (1kg)
T004843,Butter
T004843,Noodles
T004843,Tapal Tea (250g)
T004844,Bread
T004844,Noodles
T004844,Surf Excel
T004845,Nestle Water
T004845,Biscuits
T004845,Thal Sugar (200ml)
T004846,Jam
T004846,Tapal Tea (250g)
T004847,Butter
T004847,Bread
T004847,Noodles
T004847,Dalda Cooking Oil (500ml)
T004847,National Ketchup (1kg)
T004848,Surf Excel
T004848,Biscuits
T004848,Chicken
T004848,National Ketchup (1kg)
T004848,Butter
T004848,Lays Chips
T004849,Shan Biryani Masala
T004849,Jam
T004849,Chicken
T004849,Lays Chips
T004850,Noodles
T004850,Biscuits
T004850,National Ketchup (1kg)
T004850,Jam
T004851,Chicken
T004851,Butter
T004851,Nestle Water
T004851,Bread
T004851,Lux Soap
T004851,Eggs
T004852,Jam
T004852,Eggs
T004852,Olpers Milk (Pack of 6)
T004852,Lux Soap
T004852,National Ketchup (1kg)
T004852,Butter
T004853,Lays Chips
T004853,Nestle Water
T004853,Pepsi 1L
T004854,Chicken
T004854,Dalda Cooking Oil (500ml)
T004855,Tapal Tea (250g)
T004855,Nestle Water
T004855,Dalda Cooking Oil (500ml)
T004855,Chicken
T004856,Guard Rice (1kg)
T004856,Butter
T004856,Lays Chips
T004856,Olpers Milk (Pack of 6)
T004856,Chicken
T004857,Guard Rice (1kg)
T004857,Dalda Cooking Oil (500ml)
T004857,National Ketchup (1kg)
T004858,Shan Biryani Masala
T004858,Biscuits
T004858,Frozen Paratha
T004858,Jam
T004858,Nestle Water
T004859,Lays Chips
T004859,Tapal Tea (250g)
T004859,Pepsi 1L
T004859,Frozen Paratha
T004859,Jam
T004860,Chicken
T004860,Tapal Tea (250g)
T004860,Frozen Paratha
T004860,Eggs
T004860,Pepsi 1L
T004860,Dalda Cooking Oil (500ml)
T004861,Surf Excel
T004861,Chicken
T004861,Olpers Milk (Pack of 6)
T004861,Lays Chips
T004861,Tapal Tea (250g)
T004861,Biscuits
T004862,Olpers Milk (Pack of 6)
T004862,Frozen Paratha
T004862,Guard Rice (1kg)
T004863,Noodles
T004863,Tapal Tea (250g)
T004864,Thal Sugar (200ml)
T004864,Olpers Milk (Pack of 6)
T004864,Guard Rice (1kg)
T004865,Chicken
T004865,Biscuits
T004865,Butter
T004865,Nestle Water
T004865,Jam
T004866,Biscuits
T004866,Noodles
T004866,Shan Biryani Masala
T004866,Nestle Water
T004866,Surf Excel
T004866,Chicken
T004867,Butter
T004867,Biscuits
T004867,Jam
T004867,Olpers Milk (Pack of 6)
T004867,Thal Sugar (200ml)
T004868,National Ketchup (1kg)
T004868,Eggs
T004868,Lux Soap
T004868,Surf Excel
T004868,Dalda Cooking Oil (500ml)
T004869,Olpers Milk (Pack of 6)
T004869,National Ketchup (1kg)
T004869,Lux Soap
T004869,Eggs
T004870,Olpers Milk (Pack of 6)
T004870,Shan Biryani Masala
T004870,Chicken
T004870,Pepsi 1L
T004871,Thal Sugar (200ml)
T004871,Butter
T004871,Surf Excel
T004871,Chicken
T004871,Biscuits
T004871,Nestle Water
T004872,Thal Sugar (200ml)
T004872,Bread
T004872,Surf Excel
T004872,Frozen Paratha
T004872,Noodles
T004872,Lays Chips
T004873,Pepsi 1L
T004873,Nestle Water
T004873,Tapal Tea (250g)
T004874,Pepsi 1L
T004874,Guard Rice (1kg)
T004874,Noodles
T004874,Thal Sugar (200ml)
T004874,Butter
T004874,Jam
T004875,Lux Soap
T004875,Thal Sugar (200ml)
T004876,National Ketchup (1kg)
T004876,Frozen Paratha
T004876,Noodles
T004877,Tapal Tea (250g)
T004877,Nestle Water
T004877,Biscuits
T004877,Surf Excel
T004877,Chicken
T004877,Thal Sugar (200ml)
T004878,Bread
T004878,Guard Rice (1kg)
T004879,Pepsi 1L
T004879,Lux Soap
T004880,Jam
T004880,Bread
T004880,Olpers Milk (Pack of 6)
T004880,Surf Excel
T004880,Frozen Paratha
T004880,National Ketchup (1kg)
T004881,Eggs
T004881,Bread
T004881,Frozen Paratha
T004881,Chicken
T004882,Shan Biryani Masala
T004882,Noodles
T004882,Thal Sugar (200ml)
T004882,Biscuits
T004882,Dalda Cooking Oil (500ml)
T004883,Tapal Tea (250g)
T004883,Noodles
T004884,National Ketchup (1kg)
T004884,Pepsi 1L
T004884,Bread
T004884,Jam
T004884,Butter
T004885,Olpers Milk (Pack of 6)
T004885,Shan Biryani Masala
T004885,Thal Sugar (200ml)
T004885,Bread
T004885,Lays Chips
T004885,Surf Excel
T004886,Shan Biryani Masala
T004886,Pepsi 1L
T004886,Surf Excel
T004886,Olpers Milk (Pack of 6)
T004886,Tapal Tea (250g)
T004886,Bread
T004887,Lux Soap
T004887,Frozen Paratha
T004888,Lux Soap
T004888,Shan Biryani Masala
T004888,Guard Rice (1kg)
T004888,Eggs
T004888,Noodles
T004888,National Ketchup (1kg)
T004889,Bread
T004889,Lux Soap
T004890,Tapal Tea (250g)
T004890,Pepsi 1L
T004890,Chicken
T004890,Surf Excel
T004890,Eggs
T004890,Noodles
T004891,Jam
T004891,Noodles
T004892,Pepsi 1L
T004892,Butter
T004892,Guard Rice (1kg)
T004893,Chicken
T004893,Lays Chips
T004893,National Ketchup (1kg)
T004893,Pepsi 1L
T004893,Dalda Cooking Oil (500ml)
T004894,Frozen Paratha
T004894,Bread
T004895,Guard Rice (1kg)
T004895,Tapal Tea (250g)
T004895,Thal Sugar (200ml)
T004896,Frozen Paratha
T004896,Nestle Water
T004897,Eggs
T004897,Nestle Water
T004897,Jam
T004897,Bread
T004898,Eggs
T004898,Jam
T004898,Noodles
T004898,Tapal Tea (250g)
T004898,Guard Rice (1kg)
T004899,Frozen Paratha
T004899,Surf Excel
T004899,Biscuits
T004900,Eggs
T004900,Shan Biryani Masala
T004900,National Ketchup (1kg)
T004900,Noodles
T004900,Frozen Paratha
T004901,Tapal Tea (250g)
T004901,Jam
T004901,Thal Sugar (200ml)
T004902,Biscuits
T004902,Lays Chips
T004902,Pepsi 1L
T004902,Surf Excel
T004902,Noodles
T004902,Butter
T004903,Olpers Milk (Pack of 6)
T004903,Guard Rice (1kg)
T004903,Dalda Cooking Oil (500ml)
T004903,Bread
T004903,Nestle Water
T004903,Noodles
T004904,Lux Soap
T004904,Eggs
T004904,Biscuits
T004904,Olpers Milk (Pack of 6)
T004904,Nestle Water
T004904,Shan Biryani Masala
T004905,Noodles
T004905,Butter
T004905,Bread
T004906,Lays Chips
T004906,Frozen Paratha
T004906,Shan Biryani Masala
T004906,Dalda Cooking Oil (500ml)
T004906,Lux Soap
T004907,Pepsi 1L
T004907,Bread
T004907,Eggs
T004907,Shan Biryani Masala
T004908,Biscuits
T004908,Lays Chips
T004908,Olpers Milk (Pack of 6)
T004908,Tapal Tea (250g)
T004908,Lux Soap
T004908,Thal Sugar (200ml)
T004909,Pepsi 1L
T004909,Tapal Tea (250g)
T004909,Guard Rice (1kg)
T004909,Dalda Cooking Oil (500ml)
T004909,Butter
T004910,Nestle Water
T004910,Olpers Milk (Pack of 6)
T004911,Lays Chips
T004911,Lux Soap
T004911,Thal Sugar (200ml)
T004911,Tapal Tea (250g)
T004911,Frozen Paratha
T004912,Thal Sugar (200ml)
T004912,Tapal Tea (250g)
T004912,Dalda Cooking Oil (500ml)
T004912,National Ketchup (1kg)
T004913,Nestle Water
T004913,Dalda Cooking Oil (500ml)
T004913,Chicken
T004914,Bread
T004914,Olpers Milk (Pack of 6)
T004914,Guard Rice (1kg)
T004914,Jam
T004915,Lays Chips
T004915,Noodles
T004915,Dalda Cooking Oil (500ml)
T004915,National Ketchup (1kg)
T004916,Nestle Water
T004916,Lux Soap
T004916,Tapal Tea (250g)
T004917,Jam
T004917,Eggs
T004918,Bread
T004918,Dalda Cooking Oil (500ml)
T004918,Pepsi 1L
T004918,Surf Excel
T004919,Surf Excel
T004919,Chicken
T004919,Tapal Tea (250g)
T004919,Jam
T004919,Frozen Paratha
T004919,Lays Chips
T004920,Tapal Tea (250g)
T004920,Eggs
T004920,Dalda Cooking Oil (500ml)
T004920,Bread
T004920,Nestle Water
T004920,Noodles
T004921,Tapal Tea (250g)
T004921,Nestle Water
T004921,Butter
T004922,Thal Sugar (200ml)
T004922,Chicken
T004922,Olpers Milk (Pack of 6)
T004922,Noodles
T004922,Frozen Paratha
T004923,National Ketchup (1kg)
T004923,Frozen Paratha
T004923,Tapal Tea (250g)
T004924,Pepsi 1L
T004924,Surf Excel
T004924,Frozen Paratha
T004924,Eggs
T004925,Tapal Tea (250g)
T004925,Butter
T004925,Noodles
T004926,Pepsi 1L
T004926,Lays Chips
T004926,Noodles
T004926,Jam
T004926,Guard Rice (1kg)
T004927,Lux Soap
T004927,Biscuits
T004927,Frozen Paratha
T004927,Tapal Tea (250g)
T004928,Dalda Cooking Oil (500ml)
T004928,Nestle Water
T004928,Surf Excel
T004929,Bread
T004929,Nestle Water
T004929,Pepsi 1L
T004929,National Ketchup (1kg)
T004929,Eggs
T004930,Thal Sugar (200ml)
T004930,Jam
T004930,Chicken
T004931,Guard Rice (1kg)
T004931,Thal Sugar (200ml)
T004931,Frozen Paratha
T004931,Biscuits
T004931,Butter
T004932,National Ketchup (1kg)
T004932,Noodles
T004932,Tapal Tea (250g)
T004932,Butter
T004932,Olpers Milk (Pack of 6)
T004932,Nestle Water
T004933,Bread
T004933,Lux Soap
T004934,Shan Biryani Masala
T004934,Dalda Cooking Oil (500ml)
T004934,Lays Chips
T004934,Olpers Milk (Pack of 6)
T004934,Guard Rice (1kg)
T004935,National Ketchup (1kg)
T004935,Surf Excel
T004935,Tapal Tea (250g)
T004935,Nestle Water
T004936,Olpers Milk (Pack of 6)
T004936,Noodles
T004936,Tapal Tea (250g)
T004937,Olpers Milk (Pack of 6)
T004937,Nestle Water
T004937,Noodles
T004938,Jam
T004938,Olpers Milk (Pack of 6)
T004938,Guard Rice (1kg)
T004939,Noodles
T004939,Nestle Water
T004940,Nestle Water
T004940,Eggs
T004940,Tapal Tea (250g)
T004940,Jam
T004941,Noodles
T004941,Chicken
T004941,Olpers Milk (Pack of 6)
T004941,Guard Rice (1kg)
T004942,Dalda Cooking Oil (500ml)
T004942,Jam
T004943,Pepsi 1L
T004943,Eggs
T004943,Surf Excel
T004943,Lux Soap
T004943,Tapal Tea (250g)
T004944,Bread
T004944,Frozen Paratha
T004944,Surf Excel
T004945,Pepsi 1L
T004945,Frozen Paratha
T004945,Eggs
T004945,Chicken
T004945,Olpers Milk (Pack of 6)
T004945,Butter
T004946,Thal Sugar (200ml)
T004946,Jam
T004946,Nestle Water
T004946,Pepsi 1L
T004946,Noodles
T004946,National Ketchup (1kg)
T004947,Guard Rice (1kg)
T004947,Chicken
T004947,Jam
T004947,Lux Soap
T004947,Pepsi 1L
T004947,Thal Sugar (200ml)
T004948,Noodles
T004948,National Ketchup (1kg)
T004948,Dalda Cooking Oil (500ml)
T004948,Jam
T004948,Biscuits
T004948,Lays Chips
T004949,Surf Excel
T004949,Olpers Milk (Pack of 6)
T004949,Nestle Water
T004949,Eggs
T004950,Dalda Cooking Oil (500ml)
T004950,Surf Excel
T004951,Guard Rice (1kg)
T004951,Thal Sugar (200ml)
T004951,Pepsi 1L
T004951,Olpers Milk (Pack of 6)
T004951,National Ketchup (1kg)
T004951,Biscuits
T004952,Olpers Milk (Pack of 6)
T004952,Thal Sugar (200ml)
T004952,Tapal Tea (250g)
T004952,Jam
T004952,Shan Biryani Masala
T004953,Guard Rice (1kg)
T004953,Noodles
T004954,Shan Biryani Masala
T004954,Lays Chips
T004954,Tapal Tea (250g)
T004954,Biscuits
T004955,Bread
T004955,Shan Biryani Masala
T004955,Surf Excel
T004955,Olpers Milk (Pack of 6)
T004956,Pepsi 1L
T004956,Eggs
T004956,Thal Sugar (200ml)
T004956,Bread
T004957,Thal Sugar (200ml)
T004957,Surf Excel
T004957,Guard Rice (1kg)
T004958,Surf Excel
T004958,Shan Biryani Masala
T004958,Pepsi 1L
T004958,National Ketchup (1kg)
T004959,Eggs
T004959,Biscuits
T004959,Lux Soap
T004959,Tapal Tea (250g)
T004959,Chicken
T004960,Olpers Milk (Pack of 6)
T004960,Biscuits
T004961,Eggs
T004961,Butter
T004961,Olpers Milk (Pack of 6)
T004961,Noodles
T004961,Nestle Water
T004961,National Ketchup (1kg)
T004962,Dalda Cooking Oil (500ml)
T004962,Lays Chips
T004963,Biscuits
T004963,Butter
T004963,Thal Sugar (200ml)
T004963,Frozen Paratha
T004963,Dalda Cooking Oil (500ml)
T004963,Tapal Tea (250g)
T004964,Jam
T004964,Chicken
T004964,Guard Rice (1kg)
T004964,Olpers Milk (Pack of 6)
T004964,National Ketchup (1kg)
T004964,Thal Sugar (200ml)
T004965,Butter
T004965,Biscuits
T004965,Tapal Tea (250g)
T004965,Eggs
T004965,Pepsi 1L
T004966,Chicken
T004966,Butter
T004966,Lux Soap
T004966,Lays Chips
T004966,Noodles
T004966,Shan Biryani Masala
T004967,Lux Soap
T004967,Olpers Milk (Pack of 6)
T004967,Pepsi 1L
T004968,Bread
T004968,Lays Chips
T004968,National Ketchup (1kg)
T004968,Guard Rice (1kg)
T004968,Biscuits
T004969,National Ketchup (1kg)
T004969,Shan Biryani Masala
T004969,Noodles
T004970,Jam
T004970,Thal Sugar (200ml)
T004971,Tapal Tea (250g)
T004971,Noodles
T004971,Jam
T004971,Guard Rice (1kg)
T004971,Butter
T004972,Thal Sugar (200ml)
T004972,Lux Soap
T004972,Biscuits
T004972,Guard Rice (1kg)
T004973,Frozen Paratha
T004973,National Ketchup (1kg)
T004973,Olpers Milk (Pack of 6)
T004973,Shan Biryani Masala
T004973,Chicken
T004974,Biscuits
T004974,Lux Soap
T004974,National Ketchup (1kg)
T004974,Thal Sugar (200ml)
T004974,Surf Excel
T004975,Shan Biryani Masala
T004975,Thal Sugar (200ml)
T004976,Noodles
T004976,Olpers Milk (Pack of 6)
T004976,Frozen Paratha
T004977,Olpers Milk (Pack of 6)
T004977,Pepsi 1L
T004978,Jam
T004978,Biscuits
T004978,Dalda Cooking Oil (500ml)
T004978,Lux Soap
T004978,Butter
T004979,Olpers Milk (Pack of 6)
T004979,Eggs
T004980,National Ketchup (1kg)
T004980,Noodles
T004980,Eggs
T004981,Butter
T004981,Olpers Milk (Pack of 6)
T004982,Thal Sugar (200ml)
T004982,Chicken
T004983,Nestle Water
T004983,Noodles
T004983,Chicken
T004983,Eggs
T004983,Frozen Paratha
T004983,Lux Soap
T004984,Eggs
T004984,Lux Soap
T004984,Jam
T004984,Olpers Milk (Pack of 6)
T004984,Biscuits
T004985,Lux Soap
T004985,Noodles
T004985,Eggs
T004985,National Ketchup (1kg)
T004985,Olpers Milk (Pack of 6)
T004986,Olpers Milk (Pack of 6)
T004986,Jam
T004986,Frozen Paratha
T004986,Dalda Cooking Oil (500ml)
T004986,Eggs
T004986,Guard Rice (1kg)
T004987,Guard Rice (1kg)
T004987,Surf Excel
T004988,Lux Soap
T004988,Tapal Tea (250g)
T004988,Shan Biryani Masala
T004989,Noodles
T004989,Biscuits
T004989,Chicken
T004989,Dalda Cooking Oil (500ml)
T004990,Lux Soap
T004990,Shan Biryani Masala
T004991,Pepsi 1L
T004991,Surf Excel
T004992,Lays Chips
T004992,Noodles
T004992,National Ketchup (1kg)
T004992,Biscuits
T004992,Lux Soap
T004992,Tapal Tea (250g)
T004993,Nestle Water
T004993,Olpers Milk (Pack of 6)
T004993,Frozen Paratha
T004993,Surf Excel
T004993,Lays Chips
T004993,Bread
T004994,Jam
T004994,Pepsi 1L
T004994,Olpers Milk (Pack of 6)
T004994,Noodles
T004994,Frozen Paratha
T004994,Bread
T004995,Chicken
T004995,Lays Chips
T004995,Shan Biryani Masala
T004995,National Ketchup (1kg)
T004996,Tapal Tea (250g)
T004996,Surf Excel
T004997,Pepsi 1L
T004997,Tapal Tea (250g)
T004997,Nestle Water
T004998,Butter
T004998,Olpers Milk (Pack of 6)
T004998,Noodles
T004998,Tapal Tea (250g)
T004999,Bread
T004999,Thal Sugar (200ml)
T004999,Surf Excel
T004999,Lux Soap
T004999,Chicken
T004999,Butter
T005000,Biscuits
T005000,National Ketchup (1kg)
T005000,Frozen Paratha
T005000,Jam
T005000,Lays Chips
T005000,Lux Soap
