transaction_id,product_name
T000001,Guard Rice (1kg)
T000002,National Ketchup (1kg)
T000003,Dalda Cooking Oil (500ml)
T000004,Thal Sugar (200ml)
T000005,Olpers Milk (Pack of 6)
T000006,Bake Parlour Cakes (250g)
T000007,Colgate Toothpaste (200ml)
T000008,Pantene Shampoo (Family Pack)
T000009,Shezan Juices (1kg)
T000010,Local Farm Vegetables (250g)
T000011,Pampers Diapers (500g)
T000012,Nurpur Butter (500ml)
T000013,Shezan Juices (1L)
T000014,Lipton Tea (250g)
T000015,Dalda Cooking Oil (Family Pack)
T000016,Bake Parlour Bread (500g)
T000017,National Spices (Family Pack)
T000018,Bake Parlour Bread (1L)
T000019,Nestle Yogurt (Pack of 6)
T000020,Adams Cheese (Family Pack)
T000021,Local Farm Fruits (500g)
T000022,Pantene Shampoo (Pack of 6)
T000023,Pampers Diapers (200ml)
T000024,Menu Frozen Nuggets (500g)
T000025,Sunridge Flour (Atta) (1L)
T000026,Pantene Shampoo (Family Pack)
T000027,Bake Parlour Cakes (500ml)
T000028,Colgate Toothpaste (200ml)
T000029,Lipton Tea (1L)
T000030,National Spices (Family Pack)
T000031,Vim Dishwash (500ml)
T000032,Nestle Juices (500ml)
T000033,Vim Dishwash (500ml)
T000034,Menu Frozen Nuggets (1L)
T000035,Bake Parlour Bread (Pack of 6)
T000036,Nestle Juices (1kg)
T000037,LU Biscuits (1kg)
T000038,Olpers Milk (Pack of 6)
T000039,LU Biscuits (Pack of 6)
T000040,Thal Sugar (200ml)
T000041,National Spices (500ml)
T000042,Menu Frozen Nuggets (Pack of 6)
T000043,Dalda Cooking Oil (500g)
T000044,Lipton Tea (500ml)
T000045,Colgate Toothpaste (200ml)
T000046,Sinar Notebooks (500ml)
T000047,Nurpur Butter (Family Pack)
T000048,Sinar Notebooks (Family Pack)
T000049,Shezan Juices (1kg)
T000050,Cadbury Chocolate (250g)
T000051,Thal Sugar (Family Pack)
T000052,Lays Chips (250g)
T000053,Vim Dishwash (Family Pack)
T000054,Walls Ice Cream (500ml)
T000055,Local Farm Vegetables (1kg)
T000056,Lipton Tea (1L)
T000057,Thal Sugar (200ml)
T000058,Menu Frozen Nuggets (500ml)
T000059,Sunridge Flour (Atta) (500ml)
T000060,Guard Rice (1L)
T000061,Pepsi Soft Drinks (1kg)
T000062,Bake Parlour Bread (Pack of 6)
T000063,Cadbury Chocolate (250g)
T000064,LU Biscuits (1kg)
T000065,Lipton Tea (500ml)
T000066,Guard Rice (1L)
T000067,Bake Parlour Bread (500g)
T000068,National Spices (500ml)
T000069,Sinar Notebooks (500ml)
T000070,Nurpur Butter (500g)
T000071,LU Biscuits (1kg)
T000072,Sinar Notebooks (1kg)
T000073,Nestle Yogurt (Pack of 6)
T000074,Local Farm Fruits (500ml)
T000075,Dalda Cooking Oil (Family Pack)
T000076,Nestle Yogurt (Pack of 6)
T000077,Sunridge Flour (Atta) (1L)
T000078,Sunridge Flour (Atta) (1L)
T000079,National Ketchup (Pack of 6)
T000080,Adams Cheese (1L)
T000081,Walls Ice Cream (1kg)
T000082,Surf Excel Detergent (500ml)
T000083,Lays Chips (500ml)
T000084,Menu Frozen Nuggets (500ml)
T000085,Pantene Shampoo (1L)
T000086,Coca-Cola Soft Drinks (Family Pack)
T000087,Nestle Yogurt (250g)
T000088,National Spices (250g)
T000089,Walls Ice Cream (200ml)
T000090,Adams Cheese (Pack of 6)
T000091,Bake Parlour Cakes (500ml)
T000092,LU Biscuits (1kg)
T000093,Local Farm Fruits (200ml)
T000094,Surf Excel Detergent (500ml)
T000095,LU Biscuits (Pack of 6)
T000096,Pantene Shampoo (200ml)
T000097,Cadbury Chocolate (Pack of 6)
T000098,Nestle Yogurt (Pack of 6)
T000099,Bake Parlour Bread (Pack of 6)
T000100,Nestle Yogurt (Pack of 6)
T000101,Bake Parlour Cakes (500ml)
T000102,Aquafina Water (1kg)
T000103,Local Farm Fruits (200ml)
T000104,LU Biscuits (Pack of 6)
T000105,Aquafina Water (Pack of 6)
T000106,Nestle Yogurt (250g)
T000107,Nestle Juices (250g)
T000108,Vim Dishwash (Family Pack)
T000109,Walls Ice Cream (Pack of 6)
T000110,Pepsi Soft Drinks (1kg)
T000111,Local Farm Fruits (500g)
T000112,Vim Dishwash (Family Pack)
T000113,Menu Frozen Nuggets (200ml)
T000114,Lays Chips (500ml)
T000115,LU Biscuits (Pack of 6)
T000116,Bake Parlour Bread (1kg)
T000117,Colgate Toothpaste (Pack of 6)
T000118,Sinar Notebooks (500ml)
T000119,Thal Sugar (Family Pack)
T000120,Cadbury Chocolate (250g)
T000121,Menu Frozen Nuggets (Pack of 6)
T000122,Lipton Tea (500ml)
T000123,Aquafina Water (500ml)
T000124,Lays Chips (500ml)
T000125,Bake Parlour Cakes (1L)
T000126,Lux Soap (1L)
T000127,Aquafina Water (500ml)
T000128,Lipton Tea (1kg)
T000129,Shezan Juices (1L)
T000130,Coca-Cola Soft Drinks (500g)
T000131,Lux Soap (500g)
T000132,Lays Chips (500ml)
T000133,Shezan Juices (1kg)
T000134,Aquafina Water (1kg)
T000135,Pampers Diapers (500g)
T000136,National Spices (500ml)
T000137,Lipton Tea (1L)
T000138,Aquafina Water (500ml)
T000139,Nurpur Butter (500ml)
T000140,Bake Parlour Bread (500g)
T000141,Lux Soap (500ml)
T000142,Vim Dishwash (1L)
T000143,Lays Chips (500ml)
T000144,National Ketchup (Pack of 6)
T000145,Cadbury Chocolate (Pack of 6)
T000146,Olpers Milk (Pack of 6)
T000147,Surf Excel Detergent (1L)
T000148,Dalda Cooking Oil (500ml)
T000149,Sunridge Flour (Atta) (250g)
T000150,LU Biscuits (1kg)
T000151,Thal Sugar (200ml)
T000152,LU Biscuits (500ml)
T000153,Walls Ice Cream (Pack of 6)
T000154,Bake Parlour Bread (1L)
T000155,Aquafina Water (500g)
T000156,Coca-Cola Soft Drinks (500g)
T000157,Walls Ice Cream (1kg)
T000158,Coca-Cola Soft Drinks (Family Pack)
T000159,Local Farm Fruits (Pack of 6)
T000160,Thal Sugar (Family Pack)
T000161,Thal Sugar (Family Pack)
T000162,Nestle Yogurt (1kg)
T000163,Lipton Tea (250g)
T000164,Sunridge Flour (Atta) (Family Pack)
T000165,Shezan Juices (Family Pack)
T000166,Bake Parlour Bread (Pack of 6)
T000167,Lux Soap (500g)
T000168,Pantene Shampoo (1L)
T000169,Bake Parlour Bread (Pack of 6)
T000170,Nestle Juices (1kg)
T000171,Colgate Toothpaste (250g)
T000172,Adams Cheese (1kg)
T000173,Menu Frozen Nuggets (1L)
T000174,Olpers Milk (Pack of 6)
T000175,Bake Parlour Cakes (1L)
T000176,Local Farm Fruits (Pack of 6)
T000177,Thal Sugar (Family Pack)
T000178,Walls Ice Cream (250g)
T000179,Surf Excel Detergent (Pack of 6)
T000180,Pantene Shampoo (1kg)
T000181,Bake Parlour Bread (Pack of 6)
T000182,LU Biscuits (Pack of 6)
T000183,Surf Excel Detergent (Pack of 6)
T000184,Lipton Tea (1L)
T000185,Cadbury Chocolate (500ml)
T000186,Bake Parlour Bread (500g)
T000187,Sunridge Flour (Atta) (250g)
T000188,Nestle Juices (250g)
T000189,National Ketchup (250g)
T000190,Olpers Milk (Pack of 6)
T000191,Olpers Milk (200ml)
T000192,Coca-Cola Soft Drinks (500g)
T000193,LU Biscuits (Pack of 6)
T000194,Aquafina Water (500ml)
T000195,Menu Frozen Nuggets (500g)
T000196,Surf Excel Detergent (1L)
T000197,Guard Rice (1kg)
T000198,Adams Cheese (Family Pack)
T000199,Local Farm Fruits (500g)
T000200,Menu Frozen Nuggets (500g)
T000201,Guard Rice (500ml)
T000202,Pampers Diapers (200ml)
T000203,Colgate Toothpaste (200ml)
T000204,Thal Sugar (200ml)
T000205,Adams Cheese (250g)
T000206,LU Biscuits (1kg)
T000207,Adams Cheese (Family Pack)
T000208,Surf Excel Detergent (500ml)
T000209,Nestle Juices (250g)
T000210,Adams Cheese (1L)
T000211,Shezan Juices (1L)
T000212,Sunridge Flour (Atta) (500ml)
T000213,Sunridge Flour (Atta) (1L)
T000214,Bake Parlour Cakes (1L)
T000215,Bake Parlour Cakes (500ml)
T000216,Thal Sugar (200ml)
T000217,Nestle Juices (1kg)
T000218,Dalda Cooking Oil (500g)
T000219,Sunridge Flour (Atta) (250g)
T000220,National Spices (250g)
T000221,LU Biscuits (500ml)
T000222,Adams Cheese (Family Pack)
T000223,Colgate Toothpaste (200ml)
T000224,Pampers Diapers (200ml)
T000225,Nestle Juices (250g)
T000226,Nestle Juices (500ml)
T000227,Dalda Cooking Oil (500ml)
T000228,Sunridge Flour (Atta) (1L)
T000229,Sunridge Flour (Atta) (1L)
T000230,Lays Chips (250g)
T000231,Nestle Yogurt (Pack of 6)
T000232,National Spices (200ml)
T000233,Menu Frozen Nuggets (1L)
T000234,Adams Cheese (Pack of 6)
T000235,Adams Cheese (250g)
T000236,Walls Ice Cream (500ml)
T000237,National Spices (250g)
T000238,National Ketchup (Pack of 6)
T000239,Bake Parlour Bread (500g)
T000240,Cadbury Chocolate (250g)
T000241,Sunridge Flour (Atta) (250g)
T000242,National Ketchup (250g)
T000243,Sunridge Flour (Atta) (1L)
T000244,Cadbury Chocolate (Pack of 6)
T000245,Bake Parlour Cakes (1L)
T000246,Lipton Tea (500ml)
T000247,Nestle Juices (1kg)
T000248,Bake Parlour Bread (Pack of 6)
T000249,Lays Chips (250g)
T000250,Cadbury Chocolate (Pack of 6)
T000251,Menu Frozen Nuggets (1L)
T000252,Dalda Cooking Oil (Family Pack)
T000253,Pepsi Soft Drinks (Pack of 6)
T000254,Local Farm Vegetables (250g)
T000255,Walls Ice Cream (200ml)
T000256,Coca-Cola Soft Drinks (200ml)
T000257,Guard Rice (1kg)
T000258,Cadbury Chocolate (250g)
T000259,LU Biscuits (1kg)
T000260,Bake Parlour Bread (500g)
T000261,Pampers Diapers (500g)
T000262,Colgate Toothpaste (200ml)
T000263,Guard Rice (500g)
T000264,Surf Excel Detergent (Pack of 6)
T000265,Nestle Juices (1kg)
T000266,Bake Parlour Bread (Pack of 6)
T000267,Local Farm Fruits (500ml)
T000268,National Spices (Family Pack)
T000269,National Ketchup (1kg)
T000270,Aquafina Water (1kg)
T000271,Nurpur Butter (Family Pack)
T000272,Pepsi Soft Drinks (250g)
T000273,Bake Parlour Bread (1L)
T000274,LU Biscuits (500ml)
T000275,Menu Frozen Nuggets (200ml)
T000276,Pampers Diapers (500g)
T000277,Sunridge Flour (Atta) (250g)
T000278,Adams Cheese (1L)
T000279,Dalda Cooking Oil (500g)
T000280,Vim Dishwash (500ml)
T000281,National Spices (500ml)
T000282,Pepsi Soft Drinks (250g)
T000283,Pantene Shampoo (200ml)
T000284,Vim Dishwash (Pack of 6)
T000285,Nurpur Butter (Pack of 6)
T000286,Pampers Diapers (250g)
T000287,Bake Parlour Cakes (1L)
T000288,Local Farm Vegetables (1kg)
T000289,Aquafina Water (1kg)
T000290,Pampers Diapers (250g)
T000291,Bake Parlour Bread (1kg)
T000292,Local Farm Fruits (200ml)
T000293,Pantene Shampoo (200ml)
T000294,Pepsi Soft Drinks (Pack of 6)
T000295,Lipton Tea (1kg)
T000296,Vim Dishwash (1L)
T000297,Lipton Tea (1L)
T000298,Vim Dishwash (Pack of 6)
T000299,Olpers Milk (200ml)
T000300,Coca-Cola Soft Drinks (200ml)
T000301,Local Farm Fruits (500g)
T000302,Lipton Tea (1L)
T000303,Surf Excel Detergent (500ml)
T000304,Adams Cheese (1L)
T000305,Pantene Shampoo (Pack of 6)
T000306,National Spices (250g)
T000307,Vim Dishwash (500ml)
T000308,Sunridge Flour (Atta) (1L)
T000309,Shezan Juices (1L)
T000310,Shezan Juices (Family Pack)
T000311,Pantene Shampoo (Pack of 6)
T000312,Walls Ice Cream (250g)
T000313,Local Farm Vegetables (250g)
T000314,Nestle Yogurt (Pack of 6)
T000315,Nestle Juices (1kg)
T000316,Nurpur Butter (Family Pack)
T000317,Walls Ice Cream (1kg)
T000318,Cadbury Chocolate (Pack of 6)
T000319,Thal Sugar (Family Pack)
T000320,Guard Rice (1kg)
T000321,Pampers Diapers (200ml)
T000322,Sunridge Flour (Atta) (1L)
T000323,National Spices (500ml)
T000324,Shezan Juices (1kg)
T000325,Dalda Cooking Oil (500ml)
T000326,National Spices (200ml)
T000327,Sunridge Flour (Atta) (1L)
T000328,Local Farm Fruits (200ml)
T000329,Pampers Diapers (500g)
T000330,Bake Parlour Bread (Pack of 6)
T000331,Bake Parlour Bread (1kg)
T000332,Sinar Notebooks (1kg)
T000333,Coca-Cola Soft Drinks (200ml)
T000334,Local Farm Fruits (500ml)
T000335,Pantene Shampoo (1L)
T000336,Guard Rice (500g)
T000337,Pantene Shampoo (Pack of 6)
T000338,Bake Parlour Bread (Family Pack)
T000339,Vim Dishwash (Family Pack)
T000340,Sunridge Flour (Atta) (1L)
T000341,Thal Sugar (Family Pack)
T000342,Bake Parlour Cakes (500ml)
T000343,Cadbury Chocolate (250g)
T000344,Olpers Milk (Pack of 6)
T000345,Sunridge Flour (Atta) (1L)
T000346,Nestle Yogurt (Pack of 6)
T000347,Lays Chips (Family Pack)
T000348,Colgate Toothpaste (200ml)
T000349,Lux Soap (500g)
T000350,Pepsi Soft Drinks (250g)
T000351,Walls Ice Cream (500ml)
T000352,Coca-Cola Soft Drinks (500g)
T000353,National Ketchup (250g)
T000354,Guard Rice (1kg)
T000355,Sunridge Flour (Atta) (250g)
T000356,Pampers Diapers (250g)
T000357,Pampers Diapers (500g)
T000358,LU Biscuits (Pack of 6)
T000359,LU Biscuits (1kg)
T000360,Surf Excel Detergent (1L)
T000361,Bake Parlour Bread (500g)
T000362,LU Biscuits (Pack of 6)
T000363,Pantene Shampoo (Family Pack)
T000364,National Spices (250g)
T000365,Local Farm Vegetables (250g)
T000366,Nestle Juices (500ml)
T000367,Guard Rice (500ml)
T000368,Nestle Yogurt (1kg)
T000369,Pantene Shampoo (1kg)
T000370,Nestle Juices (250g)
T000371,Lipton Tea (1kg)
T000372,Menu Frozen Nuggets (1L)
T000373,Nurpur Butter (Family Pack)
T000374,Surf Excel Detergent (1L)
T000375,Sunridge Flour (Atta) (Family Pack)
T000376,Sinar Notebooks (500ml)
T000377,National Spices (250g)
T000378,Adams Cheese (Family Pack)
T000379,Aquafina Water (500g)
T000380,Thal Sugar (200ml)
T000381,Guard Rice (500ml)
T000382,National Ketchup (1kg)
T000383,National Ketchup (250g)
T000384,Cadbury Chocolate (500ml)
T000385,Pepsi Soft Drinks (1kg)
T000386,Lays Chips (500ml)
T000387,Pantene Shampoo (Pack of 6)
T000388,Aquafina Water (Pack of 6)
T000389,National Ketchup (500g)
T000390,Bake Parlour Bread (500g)
T000391,Guard Rice (1L)
T000392,Bake Parlour Cakes (1L)
T000393,Bake Parlour Cakes (250g)
T000394,Lipton Tea (1kg)
T000395,National Ketchup (1kg)
T000396,Walls Ice Cream (1kg)
T000397,Shezan Juices (Family Pack)
T000398,Coca-Cola Soft Drinks (500g)
T000399,Thal Sugar (200ml)
T000400,Bake Parlour Cakes (500ml)
T000401,Adams Cheese (Family Pack)
T000402,Sunridge Flour (Atta) (1L)
T000403,National Ketchup (500ml)
T000404,Surf Excel Detergent (500ml)
T000405,Cadbury Chocolate (200ml)
T000406,Lipton Tea (1L)
T000407,Vim Dishwash (Family Pack)
T000408,LU Biscuits (Pack of 6)
T000409,Nestle Yogurt (Pack of 6)
T000410,Shezan Juices (Family Pack)
T000411,Walls Ice Cream (250g)
T000412,Nestle Juices (250g)
T000413,Surf Excel Detergent (500ml)
T000414,Adams Cheese (Family Pack)
T000415,Menu Frozen Nuggets (1L)
T000416,National Ketchup (250g)
T000417,Nurpur Butter (500ml)
T000418,LU Biscuits (500ml)
T000419,Surf Excel Detergent (1L)
T000420,LU Biscuits (Pack of 6)
T000421,Surf Excel Detergent (500ml)
T000422,Nestle Juices (250g)
T000423,Lipton Tea (1L)
T000424,Menu Frozen Nuggets (Pack of 6)
T000425,Adams Cheese (1kg)
T000426,Colgate Toothpaste (200ml)
T000427,Lux Soap (500ml)
T000428,Bake Parlour Cakes (250g)
T000429,Local Farm Fruits (500g)
T000430,Shezan Juices (Family Pack)
T000431,Olpers Milk (500g)
T000432,Adams Cheese (Pack of 6)
T000433,Nestle Yogurt (1kg)
T000434,Pepsi Soft Drinks (250g)
T000435,Olpers Milk (Pack of 6)
T000436,Menu Frozen Nuggets (500ml)
T000437,National Ketchup (500g)
T000438,Shezan Juices (1L)
T000439,Walls Ice Cream (500ml)
T000440,Shezan Juices (1L)
T000441,Walls Ice Cream (250g)
T000442,Lipton Tea (250g)
T000443,Pantene Shampoo (Family Pack)
T000444,Shezan Juices (1kg)
T000445,Olpers Milk (Pack of 6)
T000446,Pantene Shampoo (Family Pack)
T000447,Sinar Notebooks (Pack of 6)
T000448,Colgate Toothpaste (Pack of 6)
T000449,Nestle Yogurt (Pack of 6)
T000450,Menu Frozen Nuggets (500ml)
T000451,Menu Frozen Nuggets (500ml)
T000452,Olpers Milk (Pack of 6)
T000453,Pantene Shampoo (Family Pack)
T000454,Walls Ice Cream (250g)
T000455,Pantene Shampoo (Family Pack)
T000456,National Ketchup (250g)
T000457,Colgate Toothpaste (250g)
T000458,Bake Parlour Bread (Family Pack)
T000459,Pepsi Soft Drinks (Pack of 6)
T000460,Surf Excel Detergent (500ml)
T000461,Pepsi Soft Drinks (1kg)
T000462,Walls Ice Cream (1kg)
T000463,Nestle Yogurt (1kg)
T000464,Bake Parlour Bread (1kg)
T000465,Cadbury Chocolate (250g)
T000466,Sunridge Flour (Atta) (1L)
T000467,Lux Soap (500g)
T000468,Surf Excel Detergent (1L)
T000469,Bake Parlour Cakes (1L)
T000470,Walls Ice Cream (Pack of 6)
T000471,Lays Chips (500ml)
T000472,Bake Parlour Bread (Family Pack)
T000473,National Ketchup (1kg)
T000474,Adams Cheese (Family Pack)
T000475,Sinar Notebooks (Family Pack)
T000476,Local Farm Fruits (Pack of 6)
T000477,Cadbury Chocolate (Pack of 6)
T000478,Local Farm Vegetables (500g)
T000479,Vim Dishwash (Family Pack)
T000480,Bake Parlour Bread (Family Pack)
T000481,Bake Parlour Bread (500g)
T000482,Adams Cheese (Family Pack)
T000483,Shezan Juices (Family Pack)
T000484,Dalda Cooking Oil (500g)
T000485,Nestle Juices (1kg)
T000486,Nurpur Butter (Pack of 6)
T000487,Surf Excel Detergent (1L)
T000488,Walls Ice Cream (1kg)
T000489,Vim Dishwash (1L)
T000490,Guard Rice (500g)
T000491,Pampers Diapers (250g)
T000492,Walls Ice Cream (1kg)
T000493,Local Farm Vegetables (500g)
T000494,Local Farm Vegetables (250g)
T000495,Bake Parlour Bread (1L)
T000496,Pantene Shampoo (1L)
T000497,Dalda Cooking Oil (250g)
T000498,Thal Sugar (200ml)
T000499,Lux Soap (1L)
T000500,Lipton Tea (1L)
T000501,Menu Frozen Nuggets (500ml)
T000502,LU Biscuits (1kg)
T000503,Thal Sugar (Family Pack)
T000504,Lux Soap (250g)
T000505,Lipton Tea (1L)
T000506,Lays Chips (500ml)
T000507,Lays Chips (Family Pack)
T000508,National Ketchup (250g)
T000509,Sunridge Flour (Atta) (1L)
T000510,Nestle Juices (1kg)
T000511,Local Farm Vegetables (1kg)
T000512,Walls Ice Cream (250g)
T000513,LU Biscuits (Pack of 6)
T000514,Sinar Notebooks (Family Pack)
T000515,National Spices (250g)
T000516,Walls Ice Cream (Family Pack)
T000517,Nestle Juices (250g)
T000518,LU Biscuits (1kg)
T000519,Nurpur Butter (Family Pack)
T000520,Bake Parlour Bread (500g)
T000521,Sunridge Flour (Atta) (1L)
T000522,National Ketchup (250g)
T000523,Nurpur Butter (500ml)
T000524,National Spices (250g)
T000525,Local Farm Fruits (Pack of 6)
T000526,Lays Chips (500ml)
T000527,LU Biscuits (Pack of 6)
T000528,Local Farm Vegetables (250g)
T000529,Pepsi Soft Drinks (1kg)
T000530,Shezan Juices (Family Pack)
T000531,Bake Parlour Cakes (500ml)
T000532,Menu Frozen Nuggets (500ml)
T000533,Olpers Milk (Pack of 6)
T000534,Lays Chips (Family Pack)
T000535,National Spices (200ml)
T000536,Pepsi Soft Drinks (Pack of 6)
T000537,Sinar Notebooks (Family Pack)
T000538,Bake Parlour Cakes (1L)
T000539,Surf Excel Detergent (500ml)
T000540,Pampers Diapers (500g)
T000541,Local Farm Vegetables (500ml)
T000542,Guard Rice (1kg)
T000543,Lux Soap (1L)
T000544,Nestle Yogurt (Pack of 6)
T000545,Walls Ice Cream (1kg)
T000546,Walls Ice Cream (1kg)
T000547,Nurpur Butter (500g)
T000548,Cadbury Chocolate (250g)
T000549,Walls Ice Cream (500ml)
T000550,Nestle Juices (250g)
T000551,Menu Frozen Nuggets (500ml)
T000552,Bake Parlour Bread (Family Pack)
T000553,Shezan Juices (1L)
T000554,Olpers Milk (200ml)
T000555,Cadbury Chocolate (Pack of 6)
T000556,Nurpur Butter (Family Pack)
T000557,Bake Parlour Bread (Family Pack)
T000558,Olpers Milk (Pack of 6)
T000559,Nurpur Butter (Pack of 6)
T000560,Adams Cheese (Family Pack)
T000561,Lux Soap (500ml)
T000562,Menu Frozen Nuggets (1L)
T000563,Nestle Yogurt (Pack of 6)
T000564,Sunridge Flour (Atta) (1L)
T000565,Dalda Cooking Oil (Family Pack)
T000566,Coca-Cola Soft Drinks (200ml)
T000567,Shezan Juices (Family Pack)
T000568,Nurpur Butter (500g)
T000569,Lays Chips (Family Pack)
T000570,Menu Frozen Nuggets (500g)
T000571,Cadbury Chocolate (250g)
T000572,Colgate Toothpaste (200ml)
T000573,Pampers Diapers (250g)
T000574,Aquafina Water (Pack of 6)
T000575,Cadbury Chocolate (200ml)
T000576,Sunridge Flour (Atta) (1L)
T000577,Cadbury Chocolate (Pack of 6)
T000578,Pantene Shampoo (1L)
T000579,Local Farm Vegetables (500ml)
T000580,Cadbury Chocolate (200ml)
T000581,Sunridge Flour (Atta) (1L)
T000582,Olpers Milk (500g)
T000583,Lux Soap (500g)
T000584,Pampers Diapers (250g)
T000585,LU Biscuits (500ml)
T000586,Nestle Yogurt (250g)
T000587,Local Farm Vegetables (250g)
T000588,Lux Soap (500g)
T000589,Nestle Juices (1kg)
T000590,Colgate Toothpaste (Pack of 6)
T000591,Bake Parlour Bread (500g)
T000592,National Ketchup (Pack of 6)
T000593,Sinar Notebooks (500ml)
T000594,Dalda Cooking Oil (250g)
T000595,Menu Frozen Nuggets (1L)
T000596,Bake Parlour Cakes (500ml)
T000597,LU Biscuits (Pack of 6)
T000598,LU Biscuits (500ml)
T000599,Bake Parlour Bread (500g)
T000600,Surf Excel Detergent (500ml)
T000601,Menu Frozen Nuggets (200ml)
T000602,Pantene Shampoo (Family Pack)
T000603,Nestle Juices (250g)
T000604,Local Farm Vegetables (250g)
T000605,Walls Ice Cream (Family Pack)
T000606,Coca-Cola Soft Drinks (500g)
T000607,Pampers Diapers (200ml)
T000608,Lux Soap (1L)
T000609,Menu Frozen Nuggets (500ml)
T000610,Pantene Shampoo (Pack of 6)
T000611,Nestle Juices (1kg)
T000612,National Ketchup (Pack of 6)
T000613,Coca-Cola Soft Drinks (Family Pack)
T000614,Local Farm Vegetables (1kg)
T000615,National Spices (250g)
T000616,Dalda Cooking Oil (250g)
T000617,LU Biscuits (1kg)
T000618,Bake Parlour Bread (Family Pack)
T000619,Thal Sugar (Family Pack)
T000620,LU Biscuits (Pack of 6)
T000621,Nurpur Butter (Family Pack)
T000622,Pantene Shampoo (1kg)
T000623,Adams Cheese (1kg)
T000624,Coca-Cola Soft Drinks (200ml)
T000625,Olpers Milk (200ml)
T000626,Cadbury Chocolate (Pack of 6)
T000627,Coca-Cola Soft Drinks (200ml)
T000628,Dalda Cooking Oil (500g)
T000629,Thal Sugar (Family Pack)
T000630,National Ketchup (500ml)
T000631,Pampers Diapers (200ml)
T000632,Sunridge Flour (Atta) (Family Pack)
T000633,Local Farm Vegetables (500g)
T000634,Lux Soap (250g)
T000635,Local Farm Vegetables (500g)
T000636,Sinar Notebooks (500ml)
T000637,Bake Parlour Bread (500g)
T000638,Surf Excel Detergent (Pack of 6)
T000639,Thal Sugar (200ml)
T000640,Menu Frozen Nuggets (200ml)
T000641,Olpers Milk (200ml)
T000642,Vim Dishwash (Pack of 6)
T000643,Nestle Yogurt (250g)
T000644,Pepsi Soft Drinks (250g)
T000645,Sinar Notebooks (Family Pack)
T000646,Sinar Notebooks (Family Pack)
T000647,Vim Dishwash (Pack of 6)
T000648,Bake Parlour Bread (1kg)
T000649,Bake Parlour Cakes (1L)
T000650,Walls Ice Cream (500ml)
T000651,Local Farm Fruits (500g)
T000652,Thal Sugar (Family Pack)
T000653,Pantene Shampoo (Family Pack)
T000654,Adams Cheese (1kg)
T000655,Olpers Milk (Pack of 6)
T000656,Nestle Yogurt (Pack of 6)
T000657,Pampers Diapers (500g)
T000658,Local Farm Fruits (200ml)
T000659,Bake Parlour Cakes (500ml)
T000660,Olpers Milk (Pack of 6)
T000661,LU Biscuits (Pack of 6)
T000662,Menu Frozen Nuggets (200ml)
T000663,LU Biscuits (Pack of 6)
T000664,Menu Frozen Nuggets (1L)
T000665,Nurpur Butter (Family Pack)
T000666,Colgate Toothpaste (200ml)
T000667,Bake Parlour Bread (500g)
T000668,Olpers Milk (200ml)
T000669,Bake Parlour Bread (Pack of 6)
T000670,Pantene Shampoo (1L)
T000671,Lays Chips (Family Pack)
T000672,Surf Excel Detergent (1L)
T000673,National Spices (250g)
T000674,Bake Parlour Cakes (1L)
T000675,Nestle Juices (250g)
T000676,Local Farm Fruits (Pack of 6)
T000677,Bake Parlour Bread (Pack of 6)
T000678,Bake Parlour Bread (1kg)
T000679,Surf Excel Detergent (500ml)
T000680,Coca-Cola Soft Drinks (200ml)
T000681,Lipton Tea (1kg)
T000682,National Ketchup (500ml)
T000683,LU Biscuits (Pack of 6)
T000684,Lipton Tea (500ml)
T000685,Shezan Juices (500ml)
T000686,Cadbury Chocolate (Pack of 6)
T000687,Bake Parlour Bread (Family Pack)
T000688,Walls Ice Cream (1kg)
T000689,Nurpur Butter (Family Pack)
T000690,Nestle Juices (250g)
T000691,Pantene Shampoo (Pack of 6)
T000692,Colgate Toothpaste (200ml)
T000693,Lipton Tea (500ml)
T000694,Shezan Juices (1L)
T000695,National Spices (200ml)
T000696,Sunridge Flour (Atta) (1L)
T000697,Vim Dishwash (Pack of 6)
T000698,Sinar Notebooks (500ml)
T000699,Dalda Cooking Oil (500ml)
T000700,Aquafina Water (500ml)
T000701,Aquafina Water (Pack of 6)
T000702,Lipton Tea (1kg)
T000703,Walls Ice Cream (200ml)
T000704,Adams Cheese (1kg)
T000705,Dalda Cooking Oil (500g)
T000706,Adams Cheese (1L)
T000707,Colgate Toothpaste (200ml)
T000708,Adams Cheese (Family Pack)
T000709,National Spices (250g)
T000710,Sunridge Flour (Atta) (1L)
T000711,Bake Parlour Cakes (500ml)
T000712,Menu Frozen Nuggets (500g)
T000713,Pampers Diapers (500g)
T000714,Local Farm Vegetables (500g)
T000715,Bake Parlour Cakes (500ml)
T000716,National Ketchup (1kg)
T000717,Sinar Notebooks (Pack of 6)
T000718,Nestle Yogurt (Pack of 6)
T000719,Sunridge Flour (Atta) (1L)
T000720,Pantene Shampoo (1kg)
T000721,Cadbury Chocolate (Pack of 6)
T000722,Nurpur Butter (500ml)
T000723,Lux Soap (500g)
T000724,Nestle Juices (500ml)
T000725,Shezan Juices (1kg)
T000726,Cadbury Chocolate (Pack of 6)
T000727,Pepsi Soft Drinks (1kg)
T000728,Thal Sugar (Family Pack)
T000729,Colgate Toothpaste (Pack of 6)
T000730,Nestle Juices (1kg)
T000731,Bake Parlour Bread (Family Pack)
T000732,Cadbury Chocolate (500ml)
T000733,Nurpur Butter (Pack of 6)
T000734,Lipton Tea (1L)
T000735,Adams Cheese (Family Pack)
T000736,Guard Rice (1kg)
T000737,Sunridge Flour (Atta) (1L)
T000738,Nurpur Butter (Family Pack)
T000739,Bake Parlour Cakes (1L)
T000740,Menu Frozen Nuggets (500ml)
T000741,Guard Rice (500ml)
T000742,National Spices (Family Pack)
T000743,Surf Excel Detergent (Pack of 6)
T000744,Bake Parlour Bread (500g)
T000745,Lux Soap (500g)
T000746,Colgate Toothpaste (250g)
T000747,Surf Excel Detergent (1L)
T000748,Aquafina Water (1kg)
T000749,Guard Rice (1kg)
T000750,National Spices (250g)
T000751,National Spices (250g)
T000752,Thal Sugar (Family Pack)
T000753,Walls Ice Cream (Family Pack)
T000754,Olpers Milk (Pack of 6)
T000755,Pepsi Soft Drinks (250g)
T000756,Aquafina Water (Pack of 6)
T000757,Nurpur Butter (500ml)
T000758,LU Biscuits (Pack of 6)
T000759,Nurpur Butter (500ml)
T000760,Thal Sugar (Family Pack)
T000761,Adams Cheese (250g)
T000762,National Spices (250g)
T000763,Adams Cheese (Family Pack)
T000764,Pepsi Soft Drinks (250g)
T000765,Walls Ice Cream (250g)
T000766,Pantene Shampoo (Family Pack)
T000767,Colgate Toothpaste (250g)
T000768,Nestle Yogurt (250g)
T000769,Surf Excel Detergent (500ml)
T000770,National Ketchup (1L)
T000771,Nestle Juices (250g)
T000772,National Ketchup (500g)
T000773,Dalda Cooking Oil (500g)
T000774,Thal Sugar (200ml)
T000775,Menu Frozen Nuggets (200ml)
T000776,Thal Sugar (200ml)
T000777,National Spices (Family Pack)
T000778,Walls Ice Cream (Family Pack)
T000779,Walls Ice Cream (250g)
T000780,Coca-Cola Soft Drinks (Family Pack)
T000781,Pampers Diapers (200ml)
T000782,Bake Parlour Bread (Family Pack)
T000783,Thal Sugar (Family Pack)
T000784,Local Farm Vegetables (250g)
T000785,Surf Excel Detergent (Pack of 6)
T000786,Vim Dishwash (Family Pack)
T000787,Pantene Shampoo (Pack of 6)
T000788,Sunridge Flour (Atta) (250g)
T000789,Vim Dishwash (Family Pack)
T000790,Sinar Notebooks (Pack of 6)
T000791,Bake Parlour Cakes (1L)
T000792,Pampers Diapers (500g)
T000793,Olpers Milk (Pack of 6)
T000794,Guard Rice (1kg)
T000795,Dalda Cooking Oil (500g)
T000796,Thal Sugar (Family Pack)
T000797,Guard Rice (1kg)
T000798,Dalda Cooking Oil (Family Pack)
T000799,Sunridge Flour (Atta) (250g)
T000800,Pepsi Soft Drinks (1kg)
T000801,Nestle Yogurt (Pack of 6)
T000802,Adams Cheese (1L)
T000803,Lux Soap (500g)
T000804,Lays Chips (Family Pack)
T000805,Surf Excel Detergent (500ml)
T000806,Pampers Diapers (250g)
T000807,National Spices (500ml)
T000808,Adams Cheese (Pack of 6)
T000809,Pampers Diapers (250g)
T000810,National Spices (Family Pack)
T000811,Bake Parlour Cakes (250g)
T000812,Lays Chips (Family Pack)
T000813,Dalda Cooking Oil (250g)
T000814,National Ketchup (1kg)
T000815,Sinar Notebooks (500ml)
T000816,Guard Rice (1kg)
T000817,Coca-Cola Soft Drinks (200ml)
T000818,Thal Sugar (Family Pack)
T000819,Pantene Shampoo (1kg)
T000820,Cadbury Chocolate (500ml)
T000821,Thal Sugar (1L)
T000822,Menu Frozen Nuggets (1L)
T000823,LU Biscuits (1kg)
T000824,Local Farm Vegetables (500ml)
T000825,Lays Chips (Family Pack)
T000826,Vim Dishwash (500ml)
T000827,Guard Rice (1L)
T000828,Thal Sugar (Family Pack)
T000829,Bake Parlour Cakes (500ml)
T000830,Surf Excel Detergent (1L)
T000831,Surf Excel Detergent (1L)
T000832,Local Farm Fruits (500ml)
T000833,Cadbury Chocolate (500ml)
T000834,Pantene Shampoo (200ml)
T000835,Sunridge Flour (Atta) (Family Pack)
T000836,Guard Rice (500g)
T000837,Lux Soap (500ml)
T000838,LU Biscuits (Pack of 6)
T000839,Thal Sugar (200ml)
T000840,Bake Parlour Bread (Pack of 6)
T000841,Local Farm Fruits (500ml)
T000842,Vim Dishwash (1L)
T000843,Pampers Diapers (500g)
T000844,Bake Parlour Cakes (1L)
T000845,Local Farm Vegetables (1kg)
T000846,Nestle Yogurt (250g)
T000847,Nestle Juices (1kg)
T000848,Nestle Yogurt (Pack of 6)
T000849,Menu Frozen Nuggets (500ml)
T000850,Colgate Toothpaste (Pack of 6)
T000851,Coca-Cola Soft Drinks (200ml)
T000852,Local Farm Fruits (Pack of 6)
T000853,Surf Excel Detergent (500ml)
T000854,Lux Soap (500g)
T000855,National Ketchup (Pack of 6)
T000856,Cadbury Chocolate (Pack of 6)
T000857,Sunridge Flour (Atta) (1L)
T000858,Olpers Milk (Pack of 6)
T000859,LU Biscuits (1kg)
T000860,Colgate Toothpaste (200ml)
T000861,National Spices (250g)
T000862,Vim Dishwash (500ml)
T000863,Lux Soap (500g)
T000864,Nurpur Butter (500ml)
T000865,Olpers Milk (Pack of 6)
T000866,Lays Chips (250g)
T000867,Nurpur Butter (Family Pack)
T000868,Sunridge Flour (Atta) (1L)
T000869,Nestle Juices (1kg)
T000870,Lux Soap (500ml)
T000871,Lays Chips (500ml)
T000872,Pantene Shampoo (200ml)
T000873,Coca-Cola Soft Drinks (200ml)
T000874,Lipton Tea (1L)
T000875,Shezan Juices (Family Pack)
T000876,Adams Cheese (1kg)
T000877,Adams Cheese (Family Pack)
T000878,Shezan Juices (500ml)
T000879,Olpers Milk (200ml)
T000880,Surf Excel Detergent (500ml)
T000881,Lays Chips (250g)
T000882,Walls Ice Cream (1kg)
T000883,Colgate Toothpaste (250g)
T000884,Aquafina Water (1kg)
T000885,LU Biscuits (500ml)
T000886,Lux Soap (500g)
T000887,Aquafina Water (Pack of 6)
T000888,Bake Parlour Bread (500g)
T000889,Olpers Milk (Pack of 6)
T000890,Shezan Juices (500ml)
T000891,National Spices (250g)
T000892,Vim Dishwash (Family Pack)
T000893,Guard Rice (1kg)
T000894,Pantene Shampoo (Pack of 6)
T000895,Menu Frozen Nuggets (500ml)
T000896,Adams Cheese (1kg)
T000897,Cadbury Chocolate (500ml)
T000898,Surf Excel Detergent (Pack of 6)
T000899,Walls Ice Cream (500ml)
T000900,Bake Parlour Cakes (500ml)
T000901,Guard Rice (1kg)
T000902,Bake Parlour Bread (1L)
T000903,Cadbury Chocolate (Pack of 6)
T000904,Adams Cheese (Family Pack)
T000905,Pantene Shampoo (Family Pack)
T000906,Menu Frozen Nuggets (200ml)
T000907,Bake Parlour Cakes (1L)
T000908,Guard Rice (1kg)
T000909,Nestle Juices (250g)
T000910,Shezan Juices (Family Pack)
T000911,Dalda Cooking Oil (500ml)
T000912,Nurpur Butter (Pack of 6)
T000913,Lays Chips (250g)
T000914,Nestle Juices (250g)
T000915,National Spices (500ml)
T000916,Walls Ice Cream (Pack of 6)
T000917,Thal Sugar (1L)
T000918,Guard Rice (1kg)
T000919,Menu Frozen Nuggets (1L)
T000920,Pampers Diapers (500g)
T000921,Pantene Shampoo (200ml)
T000922,Adams Cheese (250g)
T000923,Shezan Juices (Family Pack)
T000924,Dalda Cooking Oil (500g)
T000925,Coca-Cola Soft Drinks (Family Pack)
T000926,Nurpur Butter (Family Pack)
T000927,National Spices (250g)
T000928,Cadbury Chocolate (Pack of 6)
T000929,Nestle Juices (1kg)
T000930,Sunridge Flour (Atta) (1L)
T000931,Pepsi Soft Drinks (250g)
T000932,Coca-Cola Soft Drinks (200ml)
T000933,Sinar Notebooks (Family Pack)
T000934,National Spices (500ml)
T000935,Olpers Milk (500g)
T000936,Vim Dishwash (Pack of 6)
T000937,Walls Ice Cream (200ml)
T000938,LU Biscuits (500ml)
T000939,Adams Cheese (1L)
T000940,Menu Frozen Nuggets (Pack of 6)
T000941,Bake Parlour Bread (1L)
T000942,Adams Cheese (1L)
T000943,Nestle Juices (250g)
T000944,National Ketchup (Pack of 6)
T000945,Surf Excel Detergent (500ml)
T000946,National Ketchup (250g)
T000947,Pantene Shampoo (1L)
T000948,Pantene Shampoo (1L)
T000949,Walls Ice Cream (Pack of 6)
T000950,Guard Rice (500ml)
T000951,Shezan Juices (500ml)
T000952,National Spices (200ml)
T000953,Nurpur Butter (500ml)
T000954,Shezan Juices (500ml)
T000955,Cadbury Chocolate (200ml)
T000956,National Spices (250g)
T000957,National Spices (200ml)
T000958,LU Biscuits (Pack of 6)
T000959,Surf Excel Detergent (1L)
T000960,Bake Parlour Bread (500g)
T000961,Thal Sugar (1L)
T000962,Lipton Tea (1L)
T000963,Lays Chips (Family Pack)
T000964,Pantene Shampoo (Family Pack)
T000965,Coca-Cola Soft Drinks (Family Pack)
T000966,National Ketchup (1kg)
T000967,National Ketchup (500g)
T000968,Bake Parlour Cakes (1L)
T000969,National Spices (250g)
T000970,LU Biscuits (Pack of 6)
T000971,Bake Parlour Bread (500g)
T000972,Bake Parlour Cakes (500ml)
T000973,National Spices (Family Pack)
T000974,Nurpur Butter (Family Pack)
T000975,Sinar Notebooks (Pack of 6)
T000976,Bake Parlour Cakes (250g)
T000977,Menu Frozen Nuggets (1L)
T000978,Nestle Yogurt (250g)
T000979,Nestle Yogurt (Pack of 6)
T000980,Pantene Shampoo (Family Pack)
T000981,Coca-Cola Soft Drinks (500g)
T000982,Local Farm Fruits (Pack of 6)
T000983,Lipton Tea (1L)
T000984,Local Farm Vegetables (500g)
T000985,Lays Chips (Family Pack)
T000986,National Spices (250g)
T000987,Sinar Notebooks (1kg)
T000988,Aquafina Water (1kg)
T000989,Pantene Shampoo (Pack of 6)
T000990,Lux Soap (250g)
T000991,Sinar Notebooks (1kg)
T000992,Lays Chips (500ml)
T000993,Local Farm Fruits (200ml)
T000994,Menu Frozen Nuggets (500ml)
T000995,Coca-Cola Soft Drinks (500g)
T000996,Menu Frozen Nuggets (500g)
T000997,Thal Sugar (200ml)
T000998,Pepsi Soft Drinks (250g)
T000999,Local Farm Fruits (Pack of 6)
T001000,Local Farm Vegetables (1kg)
T001001,Bake Parlour Bread (Pack of 6)
T001002,Vim Dishwash (500ml)
T001003,Bake Parlour Bread (500g)
T001004,Vim Dishwash (Pack of 6)
T001005,Lays Chips (Family Pack)
T001006,Walls Ice Cream (200ml)
T001007,Local Farm Fruits (500g)
T001008,Bake Parlour Bread (500g)
T001009,National Ketchup (Pack of 6)
T001010,Nestle Yogurt (Pack of 6)
T001011,Thal Sugar (200ml)
T001012,Local Farm Vegetables (1kg)
T001013,Walls Ice Cream (Pack of 6)
T001014,Shezan Juices (Family Pack)
T001015,Cadbury Chocolate (500ml)
T001016,Local Farm Vegetables (500ml)
T001017,Pepsi Soft Drinks (Pack of 6)
T001018,Bake Parlour Cakes (500ml)
T001019,Nestle Juices (250g)
T001020,Menu Frozen Nuggets (1L)
T001021,Lipton Tea (500ml)
T001022,Lipton Tea (1L)
T001023,Pampers Diapers (250g)
T001024,Local Farm Vegetables (250g)
T001025,Surf Excel Detergent (Pack of 6)
T001026,Bake Parlour Cakes (500ml)
T001027,Shezan Juices (Family Pack)
T001028,Cadbury Chocolate (200ml)
T001029,Cadbury Chocolate (250g)
T001030,Guard Rice (500ml)
T001031,Pepsi Soft Drinks (250g)
T001032,Walls Ice Cream (1kg)
T001033,National Spices (250g)
T001034,Vim Dishwash (1L)
T001035,LU Biscuits (500ml)
T001036,Thal Sugar (Family Pack)
T001037,National Ketchup (500ml)
T001038,Colgate Toothpaste (Pack of 6)
T001039,Vim Dishwash (Family Pack)
T001040,Pantene Shampoo (Family Pack)
T001041,Nestle Juices (1kg)
T001042,Nestle Juices (500ml)
T001043,Lux Soap (1L)
T001044,Bake Parlour Bread (1L)
T001045,Menu Frozen Nuggets (1L)
T001046,Shezan Juices (1kg)
T001047,Nestle Yogurt (1kg)
T001048,Lux Soap (1L)
T001049,Bake Parlour Bread (Pack of 6)
T001050,Guard Rice (500g)
T001051,Sunridge Flour (Atta) (Family Pack)
T001052,Colgate Toothpaste (200ml)
T001053,Lipton Tea (1kg)
T001054,Colgate Toothpaste (Pack of 6)
T001055,Cadbury Chocolate (Pack of 6)
T001056,Bake Parlour Bread (Pack of 6)
T001057,Adams Cheese (250g)
T001058,National Spices (250g)
T001059,Shezan Juices (500ml)
T001060,Bake Parlour Bread (Pack of 6)
T001061,National Spices (250g)
T001062,Surf Excel Detergent (1L)
T001063,Lux Soap (500g)
T001064,National Ketchup (Pack of 6)
T001065,Lux Soap (1L)
T001066,Guard Rice (1kg)
T001067,National Spices (250g)
T001068,Cadbury Chocolate (Pack of 6)
T001069,Surf Excel Detergent (500ml)
T001070,Aquafina Water (1kg)
T001071,Guard Rice (1kg)
T001072,Sinar Notebooks (Family Pack)
T001073,National Spices (250g)
T001074,Pampers Diapers (200ml)
T001075,Sunridge Flour (Atta) (250g)
T001076,Shezan Juices (Family Pack)
T001077,Shezan Juices (500ml)
T001078,Lays Chips (Family Pack)
T001079,Walls Ice Cream (Pack of 6)
T001080,Pantene Shampoo (1kg)
T001081,Coca-Cola Soft Drinks (Family Pack)
T001082,Colgate Toothpaste (250g)
T001083,Dalda Cooking Oil (500ml)
T001084,Pantene Shampoo (Family Pack)
T001085,Local Farm Fruits (500g)
T001086,Surf Excel Detergent (1L)
T001087,Olpers Milk (200ml)
T001088,LU Biscuits (500ml)
T001089,Bake Parlour Cakes (1L)
T001090,LU Biscuits (Pack of 6)
T001091,Bake Parlour Bread (Family Pack)
T001092,Cadbury Chocolate (Pack of 6)
T001093,Bake Parlour Cakes (500ml)
T001094,Guard Rice (1L)
T001095,Walls Ice Cream (Pack of 6)
T001096,Colgate Toothpaste (Pack of 6)
T001097,Walls Ice Cream (200ml)
T001098,LU Biscuits (1kg)
T001099,Lux Soap (500ml)
T001100,Bake Parlour Cakes (1L)
T001101,Menu Frozen Nuggets (500ml)
T001102,LU Biscuits (500ml)
T001103,Shezan Juices (Family Pack)
T001104,Local Farm Fruits (Pack of 6)
T001105,Nurpur Butter (Family Pack)
T001106,Guard Rice (500ml)
T001107,Local Farm Fruits (500g)
T001108,Dalda Cooking Oil (Family Pack)
T001109,Bake Parlour Bread (500g)
T001110,Lays Chips (500ml)
T001111,Thal Sugar (Family Pack)
T001112,Lipton Tea (500ml)
T001113,Menu Frozen Nuggets (500ml)
T001114,Cadbury Chocolate (Pack of 6)
T001115,Adams Cheese (250g)
T001116,Shezan Juices (Family Pack)
T001117,Lipton Tea (1kg)
T001118,Guard Rice (500ml)
T001119,Bake Parlour Bread (Family Pack)
T001120,Bake Parlour Cakes (500ml)
T001121,Thal Sugar (Family Pack)
T001122,Lipton Tea (1L)
T001123,Bake Parlour Bread (500g)
T001124,Pantene Shampoo (Family Pack)
T001125,Adams Cheese (1L)
T001126,National Spices (500ml)
T001127,Bake Parlour Bread (500g)
T001128,Shezan Juices (Family Pack)
T001129,LU Biscuits (Pack of 6)
T001130,Bake Parlour Cakes (250g)
T001131,Guard Rice (1L)
T001132,LU Biscuits (Pack of 6)
T001133,Nestle Yogurt (250g)
T001134,Walls Ice Cream (500ml)
T001135,Bake Parlour Cakes (1L)
T001136,Bake Parlour Cakes (1L)
T001137,Pantene Shampoo (Family Pack)
T001138,Lays Chips (Family Pack)
T001139,Adams Cheese (1L)
T001140,Pepsi Soft Drinks (250g)
T001141,Thal Sugar (Family Pack)
T001142,Coca-Cola Soft Drinks (Family Pack)
T001143,Pantene Shampoo (Pack of 6)
T001144,Colgate Toothpaste (200ml)
T001145,Shezan Juices (1kg)
T001146,National Ketchup (500g)
T001147,Walls Ice Cream (1kg)
T001148,Nestle Yogurt (1kg)
T001149,Local Farm Vegetables (1kg)
T001150,Nestle Juices (250g)
T001151,Nestle Juices (500ml)
T001152,Cadbury Chocolate (Pack of 6)
T001153,Bake Parlour Cakes (250g)
T001154,Bake Parlour Bread (500g)
T001155,Pantene Shampoo (Pack of 6)
T001156,Walls Ice Cream (Family Pack)
T001157,Adams Cheese (Family Pack)
T001158,LU Biscuits (1kg)
T001159,Lays Chips (250g)
T001160,Adams Cheese (Family Pack)
T001161,Sunridge Flour (Atta) (Family Pack)
T001162,Nestle Juices (250g)
T001163,Local Farm Fruits (500ml)
T001164,Nestle Yogurt (250g)
T001165,Lipton Tea (1L)
T001166,Thal Sugar (1L)
T001167,Nurpur Butter (Family Pack)
T001168,Walls Ice Cream (250g)
T001169,Nurpur Butter (Family Pack)
T001170,Shezan Juices (500ml)
T001171,Walls Ice Cream (Pack of 6)
T001172,Pampers Diapers (200ml)
T001173,Bake Parlour Bread (1L)
T001174,Dalda Cooking Oil (500g)
T001175,Pampers Diapers (250g)
T001176,Local Farm Fruits (500g)
T001177,Nestle Juices (250g)
T001178,Adams Cheese (1kg)
T001179,Menu Frozen Nuggets (500g)
T001180,Adams Cheese (1kg)
T001181,National Ketchup (Pack of 6)
T001182,Pantene Shampoo (Pack of 6)
T001183,Olpers Milk (500g)
T001184,Surf Excel Detergent (500ml)
T001185,Olpers Milk (500g)
T001186,Menu Frozen Nuggets (500ml)
T001187,Nurpur Butter (Pack of 6)
T001188,Local Farm Fruits (Pack of 6)
T001189,Nestle Yogurt (250g)
T001190,Olpers Milk (Pack of 6)
T001191,National Ketchup (250g)
T001192,Aquafina Water (1kg)
T001193,Shezan Juices (1L)
T001194,Aquafina Water (Pack of 6)
T001195,Bake Parlour Cakes (250g)
T001196,Shezan Juices (1kg)
T001197,Pampers Diapers (200ml)
T001198,Surf Excel Detergent (1L)
T001199,Shezan Juices (1kg)
T001200,Shezan Juices (1kg)
T001201,Nurpur Butter (500g)
T001202,Nestle Yogurt (1kg)
T001203,Menu Frozen Nuggets (1L)
T001204,Cadbury Chocolate (Pack of 6)
T001205,Adams Cheese (250g)
T001206,Guard Rice (1L)
T001207,Pantene Shampoo (Family Pack)
T001208,Sunridge Flour (Atta) (1L)
T001209,Cadbury Chocolate (Pack of 6)
T001210,Colgate Toothpaste (200ml)
T001211,Colgate Toothpaste (200ml)
T001212,Bake Parlour Bread (500g)
T001213,Vim Dishwash (Family Pack)
T001214,Guard Rice (1kg)
T001215,Aquafina Water (1kg)
T001216,Local Farm Vegetables (500ml)
T001217,Pampers Diapers (200ml)
T001218,Guard Rice (500g)
T001219,Coca-Cola Soft Drinks (500g)
T001220,Vim Dishwash (500ml)
T001221,Thal Sugar (Family Pack)
T001222,Aquafina Water (1kg)
T001223,Walls Ice Cream (250g)
T001224,Menu Frozen Nuggets (500ml)
T001225,Nurpur Butter (500ml)
T001226,Lipton Tea (1kg)
T001227,Adams Cheese (Pack of 6)
T001228,Sunridge Flour (Atta) (1L)
T001229,Surf Excel Detergent (1L)
T001230,Guard Rice (500g)
T001231,Pantene Shampoo (1kg)
T001232,Dalda Cooking Oil (Family Pack)
T001233,Aquafina Water (500g)
T001234,Guard Rice (1kg)
T001235,Nurpur Butter (Family Pack)
T001236,Nestle Juices (250g)
T001237,Surf Excel Detergent (1L)
T001238,Olpers Milk (200ml)
T001239,Lux Soap (500ml)
T001240,Guard Rice (500ml)
T001241,Nestle Juices (250g)
T001242,Walls Ice Cream (250g)
T001243,Aquafina Water (1kg)
T001244,Local Farm Vegetables (250g)
T001245,LU Biscuits (Pack of 6)
T001246,Lays Chips (Family Pack)
T001247,Colgate Toothpaste (200ml)
T001248,Vim Dishwash (Family Pack)
T001249,Nurpur Butter (500ml)
T001250,Nestle Yogurt (250g)
T001251,Local Farm Fruits (Pack of 6)
T001252,Local Farm Vegetables (500g)
T001253,Adams Cheese (1kg)
T001254,Cadbury Chocolate (250g)
T001255,Local Farm Vegetables (500g)
T001256,Walls Ice Cream (200ml)
T001257,Bake Parlour Bread (Family Pack)
T001258,Cadbury Chocolate (Pack of 6)
T001259,Local Farm Vegetables (1kg)
T001260,Lipton Tea (500ml)
T001261,Vim Dishwash (Family Pack)
T001262,Bake Parlour Cakes (500ml)
T001263,Bake Parlour Bread (Pack of 6)
T001264,Coca-Cola Soft Drinks (200ml)
T001265,National Spices (250g)
T001266,LU Biscuits (Pack of 6)
T001267,Bake Parlour Bread (Pack of 6)
T001268,Colgate Toothpaste (200ml)
T001269,Olpers Milk (Pack of 6)
T001270,Olpers Milk (Pack of 6)
T001271,Olpers Milk (Pack of 6)
T001272,Nurpur Butter (Family Pack)
T001273,Lipton Tea (1L)
T001274,Coca-Cola Soft Drinks (500g)
T001275,Vim Dishwash (1L)
T001276,Walls Ice Cream (Family Pack)
T001277,Olpers Milk (Pack of 6)
T001278,Lipton Tea (250g)
T001279,National Ketchup (250g)
T001280,Pantene Shampoo (1kg)
T001281,Lux Soap (500g)
T001282,Nestle Juices (250g)
T001283,Menu Frozen Nuggets (500ml)
T001284,LU Biscuits (Pack of 6)
T001285,Olpers Milk (200ml)
T001286,Bake Parlour Bread (Pack of 6)
T001287,Nurpur Butter (Family Pack)
T001288,Local Farm Vegetables (500g)
T001289,National Ketchup (1L)
T001290,Local Farm Vegetables (250g)
T001291,Menu Frozen Nuggets (200ml)
T001292,LU Biscuits (Pack of 6)
T001293,Vim Dishwash (500ml)
T001294,Aquafina Water (1kg)
T001295,Aquafina Water (500g)
T001296,Pampers Diapers (500g)
T001297,Aquafina Water (500g)
T001298,Nurpur Butter (Family Pack)
T001299,Adams Cheese (1L)
T001300,Thal Sugar (Family Pack)
T001301,Bake Parlour Bread (500g)
T001302,Aquafina Water (1kg)
T001303,Local Farm Vegetables (500ml)
T001304,Adams Cheese (1L)
T001305,Colgate Toothpaste (200ml)
T001306,Sinar Notebooks (500ml)
T001307,Nurpur Butter (Family Pack)
T001308,Bake Parlour Bread (Family Pack)
T001309,Dalda Cooking Oil (Family Pack)
T001310,Bake Parlour Cakes (1L)
T001311,Sunridge Flour (Atta) (1L)
T001312,Walls Ice Cream (Family Pack)
T001313,Shezan Juices (500ml)
T001314,Nestle Juices (1kg)
T001315,Walls Ice Cream (Family Pack)
T001316,Nurpur Butter (Pack of 6)
T001317,Nurpur Butter (500ml)
T001318,Nestle Yogurt (Pack of 6)
T001319,Aquafina Water (Pack of 6)
T001320,Bake Parlour Bread (1L)
T001321,Sunridge Flour (Atta) (Family Pack)
T001322,Pampers Diapers (500g)
T001323,Nestle Juices (1kg)
T001324,LU Biscuits (1kg)
T001325,Nestle Juices (1kg)
T001326,Lipton Tea (1kg)
T001327,Bake Parlour Cakes (1L)
T001328,Dalda Cooking Oil (250g)
T001329,Cadbury Chocolate (200ml)
T001330,Coca-Cola Soft Drinks (200ml)
T001331,National Ketchup (Pack of 6)
T001332,Guard Rice (500ml)
T001333,Colgate Toothpaste (200ml)
T001334,Colgate Toothpaste (200ml)
T001335,Walls Ice Cream (Pack of 6)
T001336,Sunridge Flour (Atta) (Family Pack)
T001337,Sinar Notebooks (Family Pack)
T001338,Thal Sugar (200ml)
T001339,Olpers Milk (Pack of 6)
T001340,Cadbury Chocolate (Pack of 6)
T001341,Cadbury Chocolate (Pack of 6)
T001342,Lays Chips (500ml)
T001343,Walls Ice Cream (250g)
T001344,Vim Dishwash (1L)
T001345,Cadbury Chocolate (500ml)
T001346,Surf Excel Detergent (500ml)
T001347,Thal Sugar (1L)
T001348,Surf Excel Detergent (1L)
T001349,Nestle Yogurt (Pack of 6)
T001350,Menu Frozen Nuggets (500ml)
T001351,Bake Parlour Bread (Pack of 6)
T001352,Adams Cheese (Pack of 6)
T001353,Aquafina Water (1kg)
T001354,Bake Parlour Bread (1kg)
T001355,Guard Rice (1L)
T001356,Lux Soap (1L)
T001357,Guard Rice (1kg)
T001358,Shezan Juices (500ml)
T001359,Walls Ice Cream (1kg)
T001360,National Spices (500ml)
T001361,Vim Dishwash (1L)
T001362,Adams Cheese (1L)
T001363,Shezan Juices (500ml)
T001364,Bake Parlour Bread (500g)
T001365,Pampers Diapers (500g)
T001366,National Ketchup (1L)
T001367,Local Farm Fruits (Pack of 6)
T001368,Adams Cheese (1kg)
T001369,National Spices (250g)
T001370,Thal Sugar (Family Pack)
T001371,Local Farm Fruits (500ml)
T001372,Pantene Shampoo (1L)
T001373,Lipton Tea (1L)
T001374,Bake Parlour Bread (Pack of 6)
T001375,Lipton Tea (1kg)
T001376,Sinar Notebooks (Family Pack)
T001377,Local Farm Vegetables (1kg)
T001378,Nurpur Butter (Family Pack)
T001379,Bake Parlour Bread (Family Pack)
T001380,Sunridge Flour (Atta) (1L)
T001381,Pampers Diapers (250g)
T001382,Pampers Diapers (500g)
T001383,Vim Dishwash (500ml)
T001384,Pepsi Soft Drinks (Pack of 6)
T001385,Bake Parlour Bread (Pack of 6)
T001386,Lays Chips (500ml)
T001387,Walls Ice Cream (250g)
T001388,Sinar Notebooks (500ml)
T001389,Coca-Cola Soft Drinks (500g)
T001390,Surf Excel Detergent (1L)
T001391,Pepsi Soft Drinks (250g)
T001392,National Ketchup (1L)
T001393,Bake Parlour Cakes (500ml)
T001394,Sunridge Flour (Atta) (Family Pack)
T001395,National Spices (200ml)
T001396,Nestle Juices (1kg)
T001397,Sinar Notebooks (Family Pack)
T001398,Bake Parlour Bread (Pack of 6)
T001399,Menu Frozen Nuggets (500ml)
T001400,Walls Ice Cream (200ml)
T001401,Pampers Diapers (250g)
T001402,Nurpur Butter (Pack of 6)
T001403,Nurpur Butter (500g)
T001404,Dalda Cooking Oil (250g)
T001405,Bake Parlour Bread (1L)
T001406,Bake Parlour Bread (Pack of 6)
T001407,Bake Parlour Cakes (500ml)
T001408,Vim Dishwash (500ml)
T001409,Guard Rice (1kg)
T001410,Lipton Tea (500ml)
T001411,Sinar Notebooks (Pack of 6)
T001412,National Spices (500ml)
T001413,Cadbury Chocolate (250g)
T001414,Local Farm Vegetables (500g)
T001415,Nestle Juices (500ml)
T001416,Bake Parlour Bread (Pack of 6)
T001417,National Spices (250g)
T001418,National Spices (Family Pack)
T001419,Local Farm Vegetables (250g)
T001420,Surf Excel Detergent (1L)
T001421,Lux Soap (500g)
T001422,Walls Ice Cream (Pack of 6)
T001423,Nestle Juices (1kg)
T001424,Aquafina Water (500g)
T001425,Pampers Diapers (250g)
T001426,Bake Parlour Bread (Family Pack)
T001427,Pampers Diapers (500g)
T001428,Sunridge Flour (Atta) (250g)
T001429,Surf Excel Detergent (1L)
T001430,Bake Parlour Bread (Family Pack)
T001431,Walls Ice Cream (Family Pack)
T001432,Sunridge Flour (Atta) (1L)
T001433,National Ketchup (250g)
T001434,Nurpur Butter (500ml)
T001435,National Spices (250g)
T001436,Olpers Milk (500g)
T001437,Menu Frozen Nuggets (1L)
T001438,Nestle Yogurt (250g)
T001439,Cadbury Chocolate (500ml)
T001440,Sunridge Flour (Atta) (1L)
T001441,Shezan Juices (1L)
T001442,Menu Frozen Nuggets (500g)
T001443,Lipton Tea (1kg)
T001444,Guard Rice (500ml)
T001445,Pantene Shampoo (Family Pack)
T001446,Cadbury Chocolate (Pack of 6)
T001447,Menu Frozen Nuggets (1L)
T001448,Nestle Juices (500ml)
T001449,Shezan Juices (Family Pack)
T001450,Colgate Toothpaste (200ml)
T001451,Vim Dishwash (Family Pack)
T001452,Sunridge Flour (Atta) (500ml)
T001453,Sunridge Flour (Atta) (1L)
T001454,Pantene Shampoo (Family Pack)
T001455,Pepsi Soft Drinks (250g)
T001456,Pantene Shampoo (1L)
T001457,Menu Frozen Nuggets (200ml)
T001458,Surf Excel Detergent (500ml)
T001459,Lipton Tea (1L)
T001460,LU Biscuits (500ml)
T001461,Pepsi Soft Drinks (250g)
T001462,Colgate Toothpaste (200ml)
T001463,Nurpur Butter (500g)
T001464,National Spices (Family Pack)
T001465,Guard Rice (1kg)
T001466,Bake Parlour Bread (Pack of 6)
T001467,Walls Ice Cream (250g)
T001468,Local Farm Fruits (200ml)
T001469,Thal Sugar (Family Pack)
T001470,Surf Excel Detergent (500ml)
T001471,Menu Frozen Nuggets (200ml)
T001472,Sunridge Flour (Atta) (1L)
T001473,Thal Sugar (1L)
T001474,Lipton Tea (1kg)
T001475,Lays Chips (250g)
T001476,Thal Sugar (200ml)
T001477,Pepsi Soft Drinks (Pack of 6)
T001478,Walls Ice Cream (1kg)
T001479,Cadbury Chocolate (Pack of 6)
T001480,Menu Frozen Nuggets (1L)
T001481,Pepsi Soft Drinks (250g)
T001482,Pampers Diapers (200ml)
T001483,Bake Parlour Bread (500g)
T001484,Coca-Cola Soft Drinks (200ml)
T001485,Cadbury Chocolate (500ml)
T001486,Aquafina Water (500g)
T001487,Sunridge Flour (Atta) (Family Pack)
T001488,Local Farm Fruits (500g)
T001489,Nurpur Butter (500g)
T001490,Coca-Cola Soft Drinks (200ml)
T001491,Walls Ice Cream (250g)
T001492,Aquafina Water (500ml)
T001493,Lux Soap (1L)
T001494,Bake Parlour Bread (Pack of 6)
T001495,Local Farm Vegetables (250g)
T001496,Pepsi Soft Drinks (1kg)
T001497,Menu Frozen Nuggets (1L)
T001498,National Spices (250g)
T001499,Nurpur Butter (500g)
T001500,Guard Rice (500ml)
T001501,Surf Excel Detergent (Pack of 6)
T001502,Lays Chips (500ml)
T001503,LU Biscuits (Pack of 6)
T001504,Nurpur Butter (Family Pack)
T001505,Olpers Milk (200ml)
T001506,Pantene Shampoo (Pack of 6)
T001507,Surf Excel Detergent (Pack of 6)
T001508,Pepsi Soft Drinks (Pack of 6)
T001509,Lipton Tea (1L)
T001510,Adams Cheese (Family Pack)
T001511,Shezan Juices (1kg)
T001512,Coca-Cola Soft Drinks (200ml)
T001513,Adams Cheese (Pack of 6)
T001514,Pepsi Soft Drinks (1kg)
T001515,Local Farm Fruits (500g)
T001516,Pampers Diapers (500g)
T001517,Bake Parlour Cakes (500ml)
T001518,Surf Excel Detergent (1L)
T001519,Nestle Juices (1kg)
T001520,Pepsi Soft Drinks (Pack of 6)
T001521,Pantene Shampoo (Family Pack)
T001522,Sinar Notebooks (Family Pack)
T001523,Walls Ice Cream (Pack of 6)
T001524,Menu Frozen Nuggets (200ml)
T001525,Bake Parlour Cakes (250g)
T001526,Pantene Shampoo (Family Pack)
T001527,Pantene Shampoo (Family Pack)
T001528,Olpers Milk (500g)
T001529,Pampers Diapers (250g)
T001530,Colgate Toothpaste (200ml)
T001531,LU Biscuits (500ml)
T001532,Sinar Notebooks (500ml)
T001533,Local Farm Vegetables (250g)
T001534,Shezan Juices (1kg)
T001535,National Spices (500ml)
T001536,Colgate Toothpaste (250g)
T001537,Menu Frozen Nuggets (500g)
T001538,Coca-Cola Soft Drinks (500g)
T001539,Lipton Tea (1L)
T001540,National Spices (Family Pack)
T001541,Thal Sugar (Family Pack)
T001542,Pantene Shampoo (Family Pack)
T001543,Adams Cheese (1kg)
T001544,Adams Cheese (1kg)
T001545,Lux Soap (250g)
T001546,Adams Cheese (Pack of 6)
T001547,Pampers Diapers (500g)
T001548,Lays Chips (500ml)
T001549,Lux Soap (500ml)
T001550,Nestle Juices (1kg)
T001551,LU Biscuits (Pack of 6)
T001552,Nestle Juices (500ml)
T001553,Adams Cheese (1kg)
T001554,Lays Chips (500ml)
T001555,Bake Parlour Cakes (500ml)
T001556,Walls Ice Cream (500ml)
T001557,Local Farm Vegetables (250g)
T001558,Walls Ice Cream (500ml)
T001559,Sunridge Flour (Atta) (500ml)
T001560,Coca-Cola Soft Drinks (500g)
T001561,Aquafina Water (1kg)
T001562,Local Farm Fruits (200ml)
T001563,Shezan Juices (1kg)
T001564,Nestle Yogurt (250g)
T001565,Shezan Juices (1kg)
T001566,Adams Cheese (1L)
T001567,Local Farm Fruits (200ml)
T001568,Bake Parlour Cakes (500ml)
T001569,Local Farm Vegetables (500ml)
T001570,Lipton Tea (1L)
T001571,Pantene Shampoo (1kg)
T001572,National Spices (500ml)
T001573,Bake Parlour Bread (1kg)
T001574,Nurpur Butter (Family Pack)
T001575,Nurpur Butter (500ml)
T001576,National Ketchup (1kg)
T001577,Thal Sugar (Family Pack)
T001578,Adams Cheese (Family Pack)
T001579,Adams Cheese (Pack of 6)
T001580,Local Farm Fruits (Pack of 6)
T001581,Local Farm Fruits (Pack of 6)
T001582,Bake Parlour Bread (500g)
T001583,Nurpur Butter (500ml)
T001584,Pepsi Soft Drinks (Pack of 6)
T001585,Bake Parlour Cakes (1L)
T001586,Cadbury Chocolate (Pack of 6)
T001587,LU Biscuits (1kg)
T001588,Pepsi Soft Drinks (250g)
T001589,Cadbury Chocolate (Pack of 6)
T001590,Pampers Diapers (250g)
T001591,Pepsi Soft Drinks (Pack of 6)
T001592,Thal Sugar (Family Pack)
T001593,Shezan Juices (1kg)
T001594,LU Biscuits (Pack of 6)
T001595,Menu Frozen Nuggets (500ml)
T001596,Pampers Diapers (500g)
T001597,Lux Soap (250g)
T001598,Lux Soap (500g)
T001599,Shezan Juices (1kg)
T001600,Cadbury Chocolate (Pack of 6)
T001601,Lays Chips (250g)
T001602,Menu Frozen Nuggets (500ml)
T001603,Olpers Milk (200ml)
T001604,Vim Dishwash (1L)
T001605,Local Farm Vegetables (250g)
T001606,Sinar Notebooks (Pack of 6)
T001607,Nestle Juices (250g)
T001608,Menu Frozen Nuggets (500ml)
T001609,Lux Soap (500g)
T001610,Local Farm Vegetables (250g)
T001611,LU Biscuits (1kg)
T001612,Olpers Milk (Pack of 6)
T001613,Nestle Yogurt (Pack of 6)
T001614,Nestle Juices (250g)
T001615,Vim Dishwash (Family Pack)
T001616,Shezan Juices (1L)
T001617,Thal Sugar (Family Pack)
T001618,Thal Sugar (Family Pack)
T001619,Lux Soap (500g)
T001620,Bake Parlour Bread (500g)
T001621,Surf Excel Detergent (1L)
T001622,Nestle Juices (250g)
T001623,Surf Excel Detergent (Pack of 6)
T001624,National Ketchup (1kg)
T001625,Local Farm Vegetables (500ml)
T001626,Olpers Milk (Pack of 6)
T001627,Nestle Yogurt (Pack of 6)
T001628,Dalda Cooking Oil (Family Pack)
T001629,Bake Parlour Bread (500g)
T001630,Nurpur Butter (500ml)
T001631,Vim Dishwash (Pack of 6)
T001632,Local Farm Fruits (Pack of 6)
T001633,Vim Dishwash (500ml)
T001634,Bake Parlour Bread (Pack of 6)
T001635,Local Farm Vegetables (1kg)
T001636,Bake Parlour Bread (Pack of 6)
T001637,Pantene Shampoo (1kg)
T001638,National Ketchup (1kg)
T001639,Thal Sugar (Family Pack)
T001640,Lays Chips (Family Pack)
T001641,Nurpur Butter (500g)
T001642,Nestle Juices (500ml)
T001643,Nestle Juices (1kg)
T001644,National Spices (250g)
T001645,Olpers Milk (500g)
T001646,Lux Soap (500g)
T001647,Thal Sugar (Family Pack)
T001648,Dalda Cooking Oil (Family Pack)
T001649,Sunridge Flour (Atta) (1L)
T001650,Nestle Yogurt (Pack of 6)
T001651,Shezan Juices (Family Pack)
T001652,Cadbury Chocolate (Pack of 6)
T001653,Lipton Tea (500ml)
T001654,Shezan Juices (500ml)
T001655,Colgate Toothpaste (250g)
T001656,Bake Parlour Bread (500g)
T001657,Sunridge Flour (Atta) (250g)
T001658,Nestle Juices (1kg)
T001659,National Ketchup (1L)
T001660,Lux Soap (500g)
T001661,Guard Rice (500ml)
T001662,LU Biscuits (Pack of 6)
T001663,Olpers Milk (500g)
T001664,Lipton Tea (1L)
T001665,Thal Sugar (Family Pack)
T001666,Olpers Milk (200ml)
T001667,Colgate Toothpaste (200ml)
T001668,Pantene Shampoo (Family Pack)
T001669,Sinar Notebooks (Pack of 6)
T001670,Local Farm Vegetables (500g)
T001671,National Spices (200ml)
T001672,LU Biscuits (Pack of 6)
T001673,Lipton Tea (1kg)
T001674,Nestle Juices (1kg)
T001675,Pantene Shampoo (Family Pack)
T001676,Lux Soap (500g)
T001677,Pampers Diapers (250g)
T001678,Guard Rice (1kg)
T001679,Guard Rice (1kg)
T001680,Guard Rice (500ml)
T001681,Bake Parlour Cakes (1L)
T001682,Cadbury Chocolate (250g)
T001683,Bake Parlour Cakes (500ml)
T001684,LU Biscuits (Pack of 6)
T001685,Lays Chips (500ml)
T001686,Pantene Shampoo (200ml)
T001687,Nurpur Butter (Family Pack)
T001688,Walls Ice Cream (1kg)
T001689,LU Biscuits (1kg)
T001690,LU Biscuits (1kg)
T001691,Menu Frozen Nuggets (200ml)
T001692,Lays Chips (250g)
T001693,Dalda Cooking Oil (250g)
T001694,LU Biscuits (Pack of 6)
T001695,Menu Frozen Nuggets (500g)
T001696,Nurpur Butter (Family Pack)
T001697,National Ketchup (500ml)
T001698,Colgate Toothpaste (200ml)
T001699,Thal Sugar (Family Pack)
T001700,Guard Rice (1L)
T001701,Lays Chips (250g)
T001702,Bake Parlour Cakes (250g)
T001703,Vim Dishwash (Pack of 6)
T001704,Lays Chips (500ml)
T001705,Pampers Diapers (200ml)
T001706,Pantene Shampoo (1kg)
T001707,Lays Chips (250g)
T001708,Thal Sugar (Family Pack)
T001709,LU Biscuits (Pack of 6)
T001710,Pampers Diapers (250g)
T001711,Cadbury Chocolate (Pack of 6)
T001712,Bake Parlour Bread (Pack of 6)
T001713,Local Farm Vegetables (1kg)
T001714,Sinar Notebooks (1kg)
T001715,Sunridge Flour (Atta) (Family Pack)
T001716,Nurpur Butter (Pack of 6)
T001717,Menu Frozen Nuggets (200ml)
T001718,Menu Frozen Nuggets (500ml)
T001719,National Spices (250g)
T001720,Olpers Milk (200ml)
T001721,Local Farm Vegetables (1kg)
T001722,Dalda Cooking Oil (250g)
T001723,Lays Chips (250g)
T001724,Thal Sugar (Family Pack)
T001725,Adams Cheese (1L)
T001726,Surf Excel Detergent (500ml)
T001727,Lays Chips (500ml)
T001728,Sinar Notebooks (500ml)
T001729,Sinar Notebooks (Family Pack)
T001730,Lipton Tea (500ml)
T001731,Pampers Diapers (200ml)
T001732,LU Biscuits (1kg)
T001733,Olpers Milk (Pack of 6)
T001734,Coca-Cola Soft Drinks (200ml)
T001735,Nurpur Butter (500ml)
T001736,Nestle Juices (1kg)
T001737,Surf Excel Detergent (Pack of 6)
T001738,Olpers Milk (Pack of 6)
T001739,National Ketchup (1kg)
T001740,Nestle Yogurt (1kg)
T001741,Bake Parlour Bread (1kg)
T001742,Vim Dishwash (Family Pack)
T001743,Lays Chips (250g)
T001744,Local Farm Vegetables (250g)
T001745,Menu Frozen Nuggets (1L)
T001746,Sunridge Flour (Atta) (1L)
T001747,Vim Dishwash (Family Pack)
T001748,Local Farm Fruits (500g)
T001749,Cadbury Chocolate (200ml)
T001750,Colgate Toothpaste (200ml)
T001751,Olpers Milk (200ml)
T001752,Olpers Milk (Pack of 6)
T001753,Walls Ice Cream (200ml)
T001754,Olpers Milk (Pack of 6)
T001755,Pampers Diapers (250g)
T001756,Walls Ice Cream (Family Pack)
T001757,Coca-Cola Soft Drinks (200ml)
T001758,Walls Ice Cream (Family Pack)
T001759,Local Farm Vegetables (1kg)
T001760,Surf Excel Detergent (1L)
T001761,Pepsi Soft Drinks (250g)
T001762,Nurpur Butter (500g)
T001763,Bake Parlour Bread (Pack of 6)
T001764,Cadbury Chocolate (500ml)
T001765,Cadbury Chocolate (Pack of 6)
T001766,National Spices (Family Pack)
T001767,Sunridge Flour (Atta) (1L)
T001768,Vim Dishwash (500ml)
T001769,Sunridge Flour (Atta) (1L)
T001770,Local Farm Vegetables (1kg)
T001771,Bake Parlour Cakes (500ml)
T001772,Nurpur Butter (Family Pack)
T001773,Olpers Milk (200ml)
T001774,Vim Dishwash (1L)
T001775,Walls Ice Cream (200ml)
T001776,Sinar Notebooks (Family Pack)
T001777,Walls Ice Cream (250g)
T001778,Thal Sugar (Family Pack)
T001779,National Ketchup (250g)
T001780,Menu Frozen Nuggets (500g)
T001781,Guard Rice (500ml)
T001782,Nestle Yogurt (250g)
T001783,Lux Soap (1L)
T001784,Lays Chips (500ml)
T001785,Olpers Milk (500g)
T001786,Shezan Juices (1kg)
T001787,LU Biscuits (Pack of 6)
T001788,LU Biscuits (500ml)
T001789,Pepsi Soft Drinks (Pack of 6)
T001790,Vim Dishwash (500ml)
T001791,National Spices (Family Pack)
T001792,Colgate Toothpaste (Pack of 6)
T001793,Sunridge Flour (Atta) (1L)
T001794,Pepsi Soft Drinks (Pack of 6)
T001795,Pantene Shampoo (Family Pack)
T001796,Local Farm Fruits (200ml)
T001797,Coca-Cola Soft Drinks (Family Pack)
T001798,Guard Rice (1kg)
T001799,Olpers Milk (Pack of 6)
T001800,Pampers Diapers (500g)
T001801,Surf Excel Detergent (1L)
T001802,Adams Cheese (250g)
T001803,Sunridge Flour (Atta) (500ml)
T001804,Lux Soap (500g)
T001805,Lays Chips (Family Pack)
T001806,Pampers Diapers (250g)
T001807,Local Farm Vegetables (250g)
T001808,Walls Ice Cream (Pack of 6)
T001809,Nestle Juices (250g)
T001810,Local Farm Vegetables (500g)
T001811,Nurpur Butter (500ml)
T001812,Nestle Yogurt (Pack of 6)
T001813,Sinar Notebooks (500ml)
T001814,Vim Dishwash (1L)
T001815,Lays Chips (250g)
T001816,Aquafina Water (1kg)
T001817,LU Biscuits (Pack of 6)
T001818,Lays Chips (500ml)
T001819,Menu Frozen Nuggets (500ml)
T001820,Lux Soap (250g)
T001821,Pampers Diapers (500g)
T001822,Local Farm Vegetables (1kg)
T001823,LU Biscuits (1kg)
T001824,Bake Parlour Cakes (1L)
T001825,National Ketchup (250g)
T001826,Nestle Yogurt (250g)
T001827,Cadbury Chocolate (500ml)
T001828,National Spices (250g)
T001829,Vim Dishwash (Pack of 6)
T001830,Bake Parlour Bread (Pack of 6)
T001831,Pantene Shampoo (1L)
T001832,Shezan Juices (1L)
T001833,Sinar Notebooks (1kg)
T001834,Guard Rice (1L)
T001835,Pampers Diapers (500g)
T001836,Adams Cheese (Family Pack)
T001837,Menu Frozen Nuggets (1L)
T001838,Lux Soap (500g)
T001839,Nurpur Butter (Family Pack)
T001840,Thal Sugar (Family Pack)
T001841,Bake Parlour Bread (1L)
T001842,Cadbury Chocolate (Pack of 6)
T001843,National Ketchup (250g)
T001844,Guard Rice (500g)
T001845,Aquafina Water (Pack of 6)
T001846,Colgate Toothpaste (Pack of 6)
T001847,Sinar Notebooks (Pack of 6)
T001848,LU Biscuits (Pack of 6)
T001849,Thal Sugar (200ml)
T001850,Shezan Juices (500ml)
T001851,Sinar Notebooks (1kg)
T001852,Local Farm Vegetables (250g)
T001853,Cadbury Chocolate (500ml)
T001854,Bake Parlour Bread (Pack of 6)
T001855,Vim Dishwash (500ml)
T001856,Nurpur Butter (500ml)
T001857,Surf Excel Detergent (500ml)
T001858,Cadbury Chocolate (Pack of 6)
T001859,Cadbury Chocolate (200ml)
T001860,Local Farm Vegetables (250g)
T001861,Cadbury Chocolate (500ml)
T001862,Pantene Shampoo (200ml)
T001863,Vim Dishwash (1L)
T001864,Aquafina Water (Pack of 6)
T001865,Vim Dishwash (1L)
T001866,Coca-Cola Soft Drinks (Family Pack)
T001867,Aquafina Water (1kg)
T001868,Pantene Shampoo (Family Pack)
T001869,National Spices (250g)
T001870,Nurpur Butter (Family Pack)
T001871,Bake Parlour Bread (500g)
T001872,Pepsi Soft Drinks (250g)
T001873,Sunridge Flour (Atta) (500ml)
T001874,LU Biscuits (1kg)
T001875,Nestle Juices (500ml)
T001876,Lipton Tea (500ml)
T001877,National Ketchup (500g)
T001878,Nurpur Butter (500g)
T001879,Lays Chips (Family Pack)
T001880,Bake Parlour Cakes (500ml)
T001881,National Ketchup (Pack of 6)
T001882,Nestle Juices (250g)
T001883,Aquafina Water (Pack of 6)
T001884,Olpers Milk (500g)
T001885,Adams Cheese (Family Pack)
T001886,Local Farm Fruits (500g)
T001887,LU Biscuits (Pack of 6)
T001888,Vim Dishwash (Pack of 6)
T001889,Colgate Toothpaste (200ml)
T001890,Pampers Diapers (250g)
T001891,LU Biscuits (Pack of 6)
T001892,Surf Excel Detergent (1L)
T001893,Local Farm Fruits (500g)
T001894,Walls Ice Cream (Family Pack)
T001895,Local Farm Vegetables (1kg)
T001896,Thal Sugar (Family Pack)
T001897,Dalda Cooking Oil (Family Pack)
T001898,Thal Sugar (1L)
T001899,Pantene Shampoo (200ml)
T001900,Nestle Juices (1kg)
T001901,Pantene Shampoo (Family Pack)
T001902,Nestle Yogurt (Pack of 6)
T001903,National Ketchup (1kg)
T001904,Sinar Notebooks (Pack of 6)
T001905,Guard Rice (500g)
T001906,Thal Sugar (Family Pack)
T001907,National Ketchup (Pack of 6)
T001908,LU Biscuits (1kg)
T001909,Lipton Tea (1L)
T001910,Sinar Notebooks (1kg)
T001911,Shezan Juices (1kg)
T001912,Sinar Notebooks (1kg)
T001913,Local Farm Fruits (200ml)
T001914,Nestle Juices (1kg)
T001915,Walls Ice Cream (Family Pack)
T001916,Vim Dishwash (Family Pack)
T001917,Nurpur Butter (500ml)
T001918,Coca-Cola Soft Drinks (200ml)
T001919,Dalda Cooking Oil (500ml)
T001920,Bake Parlour Bread (1kg)
T001921,Bake Parlour Bread (Pack of 6)
T001922,Thal Sugar (Family Pack)
T001923,Local Farm Fruits (500ml)
T001924,Nestle Juices (250g)
T001925,Lays Chips (250g)
T001926,Sunridge Flour (Atta) (Family Pack)
T001927,LU Biscuits (Pack of 6)
T001928,National Ketchup (1L)
T001929,Dalda Cooking Oil (Family Pack)
T001930,National Ketchup (250g)
T001931,Nestle Yogurt (1kg)
T001932,Colgate Toothpaste (200ml)
T001933,Sinar Notebooks (Family Pack)
T001934,Nurpur Butter (Family Pack)
T001935,Nurpur Butter (Family Pack)
T001936,Surf Excel Detergent (500ml)
T001937,Guard Rice (1kg)
T001938,Walls Ice Cream (250g)
T001939,Olpers Milk (Pack of 6)
T001940,Lays Chips (Family Pack)
T001941,LU Biscuits (1kg)
T001942,Lipton Tea (1kg)
T001943,Bake Parlour Cakes (500ml)
T001944,Nestle Juices (1kg)
T001945,Lux Soap (250g)
T001946,Walls Ice Cream (500ml)
T001947,Nestle Juices (250g)
T001948,Vim Dishwash (Pack of 6)
T001949,Menu Frozen Nuggets (500ml)
T001950,Pampers Diapers (200ml)
T001951,Local Farm Fruits (200ml)
T001952,Cadbury Chocolate (250g)
T001953,Aquafina Water (500g)
T001954,Vim Dishwash (500ml)
T001955,Sinar Notebooks (500ml)
T001956,Menu Frozen Nuggets (500g)
T001957,Lux Soap (500ml)
T001958,Lux Soap (500g)
T001959,National Ketchup (500g)
T001960,Aquafina Water (Pack of 6)
T001961,Cadbury Chocolate (Pack of 6)
T001962,Surf Excel Detergent (1L)
T001963,Pantene Shampoo (1L)
T001964,Lays Chips (500ml)
T001965,Pantene Shampoo (Family Pack)
T001966,Bake Parlour Bread (Pack of 6)
T001967,National Spices (200ml)
T001968,Pepsi Soft Drinks (250g)
T001969,Guard Rice (500ml)
T001970,Menu Frozen Nuggets (1L)
T001971,Aquafina Water (Pack of 6)
T001972,Bake Parlour Cakes (1L)
T001973,Colgate Toothpaste (250g)
T001974,Menu Frozen Nuggets (500g)
T001975,Adams Cheese (Pack of 6)
T001976,Lux Soap (500ml)
T001977,Local Farm Fruits (500ml)
T001978,LU Biscuits (1kg)
T001979,Shezan Juices (Family Pack)
T001980,Nestle Juices (1kg)
T001981,National Ketchup (1L)
T001982,Thal Sugar (Family Pack)
T001983,Local Farm Vegetables (500ml)
T001984,Lays Chips (500ml)
T001985,Nestle Yogurt (Pack of 6)
T001986,Guard Rice (1L)
T001987,Bake Parlour Cakes (1L)
T001988,Shezan Juices (Family Pack)
T001989,Walls Ice Cream (250g)
T001990,Local Farm Fruits (200ml)
T001991,Pampers Diapers (500g)
T001992,Aquafina Water (Pack of 6)
T001993,Pampers Diapers (250g)
T001994,Thal Sugar (Family Pack)
T001995,Lays Chips (Family Pack)
T001996,Guard Rice (500g)
T001997,Local Farm Vegetables (1kg)
T001998,Lipton Tea (1L)
T001999,Cadbury Chocolate (Pack of 6)
T002000,Pepsi Soft Drinks (1kg)
T002001,Vim Dishwash (500ml)
T002002,Guard Rice (1L)
T002003,Dalda Cooking Oil (500ml)
T002004,Sinar Notebooks (Pack of 6)
T002005,Pampers Diapers (500g)
T002006,Sinar Notebooks (Family Pack)
T002007,Sinar Notebooks (Family Pack)
T002008,Adams Cheese (1L)
T002009,Lux Soap (500g)
T002010,LU Biscuits (Pack of 6)
T002011,Vim Dishwash (Family Pack)
T002012,Olpers Milk (500g)
T002013,Sinar Notebooks (Family Pack)
T002014,Shezan Juices (500ml)
T002015,Lipton Tea (1L)
T002016,Thal Sugar (Family Pack)
T002017,Local Farm Fruits (500ml)
T002018,Vim Dishwash (Family Pack)
T002019,National Spices (250g)
T002020,Walls Ice Cream (Pack of 6)
T002021,Thal Sugar (200ml)
T002022,Coca-Cola Soft Drinks (200ml)
T002023,Local Farm Vegetables (250g)
T002024,National Ketchup (1kg)
T002025,Local Farm Fruits (500ml)
T002026,Cadbury Chocolate (200ml)
T002027,Pantene Shampoo (200ml)
T002028,National Spices (250g)
T002029,Lipton Tea (500ml)
T002030,National Spices (250g)
T002031,LU Biscuits (Pack of 6)
T002032,Menu Frozen Nuggets (500ml)
T002033,Lays Chips (Family Pack)
T002034,Walls Ice Cream (1kg)
T002035,National Ketchup (250g)
T002036,Menu Frozen Nuggets (500ml)
T002037,Colgate Toothpaste (200ml)
T002038,Menu Frozen Nuggets (200ml)
T002039,National Ketchup (250g)
T002040,Bake Parlour Bread (1L)
T002041,Nurpur Butter (500ml)
T002042,Dalda Cooking Oil (Family Pack)
T002043,Guard Rice (1kg)
T002044,Olpers Milk (200ml)
T002045,Cadbury Chocolate (250g)
T002046,Aquafina Water (1kg)
T002047,Coca-Cola Soft Drinks (200ml)
T002048,Shezan Juices (1kg)
T002049,Lays Chips (Family Pack)
T002050,Adams Cheese (Pack of 6)
T002051,Bake Parlour Bread (500g)
T002052,Bake Parlour Cakes (1L)
T002053,Bake Parlour Cakes (1L)
T002054,Bake Parlour Bread (1L)
T002055,Local Farm Fruits (200ml)
T002056,Bake Parlour Bread (Pack of 6)
T002057,Thal Sugar (200ml)
T002058,Sinar Notebooks (Family Pack)
T002059,National Ketchup (250g)
T002060,Nestle Yogurt (Pack of 6)
T002061,National Spices (200ml)
T002062,Sinar Notebooks (Family Pack)
T002063,Cadbury Chocolate (250g)
T002064,Coca-Cola Soft Drinks (500g)
T002065,Guard Rice (500g)
T002066,Nurpur Butter (Family Pack)
T002067,Local Farm Fruits (500ml)
T002068,Nestle Juices (250g)
T002069,Menu Frozen Nuggets (200ml)
T002070,LU Biscuits (1kg)
T002071,Bake Parlour Cakes (1L)
T002072,Aquafina Water (500g)
T002073,Pantene Shampoo (200ml)
T002074,Pantene Shampoo (1kg)
T002075,LU Biscuits (Pack of 6)
T002076,Sunridge Flour (Atta) (1L)
T002077,Coca-Cola Soft Drinks (500g)
T002078,LU Biscuits (1kg)
T002079,Aquafina Water (500ml)
T002080,LU Biscuits (1kg)
T002081,Adams Cheese (1L)
T002082,Surf Excel Detergent (1L)
T002083,Bake Parlour Bread (500g)
T002084,Surf Excel Detergent (1L)
T002085,Pampers Diapers (250g)
T002086,Guard Rice (500ml)
T002087,Nestle Yogurt (Pack of 6)
T002088,Lux Soap (500g)
T002089,Lux Soap (250g)
T002090,Dalda Cooking Oil (250g)
T002091,Walls Ice Cream (250g)
T002092,Thal Sugar (Family Pack)
T002093,Walls Ice Cream (1kg)
T002094,Cadbury Chocolate (250g)
T002095,Vim Dishwash (Family Pack)
T002096,Cadbury Chocolate (Pack of 6)
T002097,National Spices (Family Pack)
T002098,Surf Excel Detergent (Pack of 6)
T002099,Pampers Diapers (500g)
T002100,Adams Cheese (Pack of 6)
T002101,Walls Ice Cream (1kg)
T002102,Dalda Cooking Oil (500g)
T002103,Bake Parlour Bread (500g)
T002104,Guard Rice (500g)
T002105,Colgate Toothpaste (Pack of 6)
T002106,Colgate Toothpaste (Pack of 6)
T002107,Olpers Milk (200ml)
T002108,National Spices (500ml)
T002109,Aquafina Water (500g)
T002110,Shezan Juices (1kg)
T002111,Menu Frozen Nuggets (500ml)
T002112,Bake Parlour Bread (Pack of 6)
T002113,Nestle Yogurt (250g)
T002114,Bake Parlour Bread (500g)
T002115,Menu Frozen Nuggets (Pack of 6)
T002116,Pantene Shampoo (Pack of 6)
T002117,Nurpur Butter (500g)
T002118,Adams Cheese (1L)
T002119,Lipton Tea (500ml)
T002120,LU Biscuits (1kg)
T002121,Guard Rice (1kg)
T002122,Pampers Diapers (500g)
T002123,Local Farm Fruits (500g)
T002124,Aquafina Water (Pack of 6)
T002125,Pepsi Soft Drinks (1kg)
T002126,Walls Ice Cream (500ml)
T002127,Olpers Milk (200ml)
T002128,Walls Ice Cream (1kg)
T002129,Cadbury Chocolate (250g)
T002130,Shezan Juices (1L)
T002131,Pampers Diapers (250g)
T002132,Surf Excel Detergent (1L)
T002133,Adams Cheese (250g)
T002134,Pampers Diapers (250g)
T002135,National Ketchup (500ml)
T002136,Pampers Diapers (250g)
T002137,Guard Rice (1kg)
T002138,Bake Parlour Bread (Family Pack)
T002139,Aquafina Water (500ml)
T002140,Nurpur Butter (Family Pack)
T002141,National Ketchup (1L)
T002142,Aquafina Water (1kg)
T002143,National Spices (Family Pack)
T002144,Nestle Yogurt (Pack of 6)
T002145,Thal Sugar (Family Pack)
T002146,Dalda Cooking Oil (500g)
T002147,Local Farm Vegetables (250g)
T002148,Bake Parlour Bread (Family Pack)
T002149,Bake Parlour Bread (1kg)
T002150,Menu Frozen Nuggets (1L)
T002151,Aquafina Water (500g)
T002152,LU Biscuits (Pack of 6)
T002153,Nurpur Butter (500g)
T002154,Nestle Juices (1kg)
T002155,Nestle Yogurt (250g)
T002156,Sunridge Flour (Atta) (1L)
T002157,Nurpur Butter (500ml)
T002158,Nestle Juices (250g)
T002159,Aquafina Water (500g)
T002160,Thal Sugar (Family Pack)
T002161,Pampers Diapers (500g)
T002162,Cadbury Chocolate (500ml)
T002163,Thal Sugar (200ml)
T002164,National Ketchup (250g)
T002165,Pampers Diapers (200ml)
T002166,Guard Rice (1kg)
T002167,Nestle Juices (1kg)
T002168,National Ketchup (Pack of 6)
T002169,Adams Cheese (Family Pack)
T002170,Guard Rice (1kg)
T002171,Pampers Diapers (500g)
T002172,Coca-Cola Soft Drinks (Family Pack)
T002173,National Ketchup (250g)
T002174,Dalda Cooking Oil (Family Pack)
T002175,Sinar Notebooks (Pack of 6)
T002176,Menu Frozen Nuggets (500ml)
T002177,Local Farm Vegetables (1kg)
T002178,Lux Soap (500ml)
T002179,Bake Parlour Bread (500g)
T002180,Aquafina Water (Pack of 6)
T002181,Nestle Juices (500ml)
T002182,Nestle Juices (1kg)
T002183,Bake Parlour Bread (Pack of 6)
T002184,Nestle Yogurt (250g)
T002185,Adams Cheese (Pack of 6)
T002186,Lays Chips (500ml)
T002187,Vim Dishwash (1L)
T002188,Thal Sugar (Family Pack)
T002189,Thal Sugar (Family Pack)
T002190,Menu Frozen Nuggets (500ml)
T002191,Dalda Cooking Oil (Family Pack)
T002192,Local Farm Vegetables (1kg)
T002193,Lays Chips (Family Pack)
T002194,LU Biscuits (1kg)
T002195,Surf Excel Detergent (500ml)
T002196,LU Biscuits (Pack of 6)
T002197,Walls Ice Cream (200ml)
T002198,Adams Cheese (Family Pack)
T002199,Menu Frozen Nuggets (500g)
T002200,Pantene Shampoo (Family Pack)
T002201,Menu Frozen Nuggets (1L)
T002202,Adams Cheese (1L)
T002203,Bake Parlour Cakes (500ml)
T002204,Olpers Milk (200ml)
T002205,Bake Parlour Cakes (250g)
T002206,Shezan Juices (500ml)
T002207,Sunridge Flour (Atta) (1L)
T002208,Nestle Juices (1kg)
T002209,Olpers Milk (Pack of 6)
T002210,Lays Chips (Family Pack)
T002211,Bake Parlour Bread (1L)
T002212,Cadbury Chocolate (500ml)
T002213,Cadbury Chocolate (Pack of 6)
T002214,Cadbury Chocolate (200ml)
T002215,Coca-Cola Soft Drinks (200ml)
T002216,Adams Cheese (1kg)
T002217,Cadbury Chocolate (500ml)
T002218,Lipton Tea (1L)
T002219,Sunridge Flour (Atta) (1L)
T002220,Colgate Toothpaste (Pack of 6)
T002221,Bake Parlour Cakes (1L)
T002222,Pantene Shampoo (1L)
T002223,Cadbury Chocolate (Pack of 6)
T002224,Bake Parlour Bread (500g)
T002225,Coca-Cola Soft Drinks (200ml)
T002226,Local Farm Vegetables (250g)
T002227,Pantene Shampoo (Pack of 6)
T002228,Lays Chips (500ml)
T002229,Lipton Tea (1L)
T002230,Walls Ice Cream (1kg)
T002231,Nestle Yogurt (250g)
T002232,Lipton Tea (1kg)
T002233,Pepsi Soft Drinks (1kg)
T002234,Bake Parlour Bread (Pack of 6)
T002235,Lipton Tea (1kg)
T002236,Nurpur Butter (Family Pack)
T002237,Lipton Tea (1L)
T002238,Pepsi Soft Drinks (250g)
T002239,Thal Sugar (Family Pack)
T002240,National Spices (250g)
T002241,Bake Parlour Bread (1L)
T002242,Bake Parlour Bread (1L)
T002243,Thal Sugar (200ml)
T002244,Lays Chips (Family Pack)
T002245,National Spices (250g)
T002246,Surf Excel Detergent (1L)
T002247,Nurpur Butter (Pack of 6)
T002248,Olpers Milk (200ml)
T002249,Dalda Cooking Oil (250g)
T002250,Pampers Diapers (250g)
T002251,Aquafina Water (Pack of 6)
T002252,Olpers Milk (Pack of 6)
T002253,Thal Sugar (Family Pack)
T002254,Bake Parlour Bread (1kg)
T002255,LU Biscuits (1kg)
T002256,Pampers Diapers (250g)
T002257,Aquafina Water (Pack of 6)
T002258,Olpers Milk (200ml)
T002259,Adams Cheese (250g)
T002260,Sunridge Flour (Atta) (1L)
T002261,Aquafina Water (500g)
T002262,Pampers Diapers (500g)
T002263,Nurpur Butter (Family Pack)
T002264,Olpers Milk (Pack of 6)
T002265,Vim Dishwash (1L)
T002266,Nestle Juices (500ml)
T002267,Shezan Juices (1kg)
T002268,Cadbury Chocolate (500ml)
T002269,Olpers Milk (500g)
T002270,Bake Parlour Cakes (250g)
T002271,Thal Sugar (Family Pack)
T002272,Bake Parlour Bread (500g)
T002273,Cadbury Chocolate (500ml)
T002274,Walls Ice Cream (250g)
T002275,National Spices (250g)
T002276,Pantene Shampoo (Family Pack)
T002277,Olpers Milk (Pack of 6)
T002278,Pampers Diapers (500g)
T002279,Adams Cheese (Family Pack)
T002280,Adams Cheese (1kg)
T002281,Dalda Cooking Oil (Family Pack)
T002282,Adams Cheese (Pack of 6)
T002283,Bake Parlour Bread (Pack of 6)
T002284,National Ketchup (500ml)
T002285,Surf Excel Detergent (1L)
T002286,Pantene Shampoo (Family Pack)
T002287,Aquafina Water (Pack of 6)
T002288,Lux Soap (500g)
T002289,Nestle Juices (250g)
T002290,Walls Ice Cream (1kg)
T002291,Dalda Cooking Oil (250g)
T002292,Surf Excel Detergent (1L)
T002293,National Ketchup (1L)
T002294,Olpers Milk (Pack of 6)
T002295,Menu Frozen Nuggets (500g)
T002296,Lux Soap (1L)
T002297,Aquafina Water (500ml)
T002298,Aquafina Water (500ml)
T002299,LU Biscuits (Pack of 6)
T002300,Cadbury Chocolate (Pack of 6)
T002301,Bake Parlour Cakes (500ml)
T002302,Lux Soap (1L)
T002303,Nestle Juices (1kg)
T002304,Lipton Tea (250g)
T002305,Cadbury Chocolate (Pack of 6)
T002306,Aquafina Water (500ml)
T002307,Nurpur Butter (Family Pack)
T002308,Dalda Cooking Oil (Family Pack)
T002309,Pantene Shampoo (Family Pack)
T002310,National Spices (200ml)
T002311,Olpers Milk (Pack of 6)
T002312,Pepsi Soft Drinks (1kg)
T002313,Nurpur Butter (500ml)
T002314,Bake Parlour Bread (1kg)
T002315,Vim Dishwash (Family Pack)
T002316,Pepsi Soft Drinks (Pack of 6)
T002317,Local Farm Fruits (500g)
T002318,Lux Soap (500g)
T002319,Walls Ice Cream (200ml)
T002320,Aquafina Water (1kg)
T002321,Bake Parlour Cakes (1L)
T002322,Vim Dishwash (Family Pack)
T002323,Lipton Tea (500ml)
T002324,Lays Chips (500ml)
T002325,Sinar Notebooks (500ml)
T002326,Pantene Shampoo (1L)
T002327,Surf Excel Detergent (500ml)
T002328,Adams Cheese (Pack of 6)
T002329,Shezan Juices (1L)
T002330,Sinar Notebooks (Family Pack)
T002331,Pantene Shampoo (1kg)
T002332,Surf Excel Detergent (1L)
T002333,Aquafina Water (Pack of 6)
T002334,Sunridge Flour (Atta) (1L)
T002335,Pantene Shampoo (Family Pack)
T002336,Guard Rice (500g)
T002337,Walls Ice Cream (250g)
T002338,Surf Excel Detergent (1L)
T002339,Vim Dishwash (1L)
T002340,Cadbury Chocolate (200ml)
T002341,Thal Sugar (1L)
T002342,Pepsi Soft Drinks (1kg)
T002343,Local Farm Fruits (500g)
T002344,Aquafina Water (1kg)
T002345,Thal Sugar (200ml)
T002346,LU Biscuits (1kg)
T002347,Dalda Cooking Oil (Family Pack)
T002348,Vim Dishwash (Family Pack)
T002349,Bake Parlour Bread (Family Pack)
T002350,LU Biscuits (1kg)
T002351,Walls Ice Cream (200ml)
T002352,Cadbury Chocolate (Pack of 6)
T002353,Local Farm Vegetables (500g)
T002354,Bake Parlour Bread (1kg)
T002355,Walls Ice Cream (250g)
T002356,Shezan Juices (500ml)
T002357,Menu Frozen Nuggets (1L)
T002358,Walls Ice Cream (500ml)
T002359,Guard Rice (1kg)
T002360,Pantene Shampoo (Family Pack)
T002361,Nurpur Butter (Family Pack)
T002362,Colgate Toothpaste (200ml)
T002363,Walls Ice Cream (200ml)
T002364,Thal Sugar (Family Pack)
T002365,Guard Rice (500g)
T002366,Olpers Milk (Pack of 6)
T002367,LU Biscuits (Pack of 6)
T002368,Pantene Shampoo (200ml)
T002369,Local Farm Fruits (500ml)
T002370,Thal Sugar (Family Pack)
T002371,Bake Parlour Cakes (1L)
T002372,Dalda Cooking Oil (500ml)
T002373,Surf Excel Detergent (1L)
T002374,Bake Parlour Bread (Pack of 6)
T002375,Cadbury Chocolate (200ml)
T002376,Dalda Cooking Oil (Family Pack)
T002377,Menu Frozen Nuggets (1L)
T002378,Lays Chips (250g)
T002379,Bake Parlour Bread (1L)
T002380,Pepsi Soft Drinks (250g)
T002381,Nurpur Butter (Pack of 6)
T002382,Lipton Tea (500ml)
T002383,Sunridge Flour (Atta) (500ml)
T002384,Local Farm Vegetables (250g)
T002385,Olpers Milk (500g)
T002386,Pampers Diapers (250g)
T002387,Olpers Milk (Pack of 6)
T002388,Dalda Cooking Oil (Family Pack)
T002389,Sunridge Flour (Atta) (1L)
T002390,Walls Ice Cream (200ml)
T002391,Cadbury Chocolate (Pack of 6)
T002392,Bake Parlour Cakes (500ml)
T002393,Menu Frozen Nuggets (Pack of 6)
T002394,Coca-Cola Soft Drinks (200ml)
T002395,Pantene Shampoo (Family Pack)
T002396,Menu Frozen Nuggets (1L)
T002397,Olpers Milk (500g)
T002398,Colgate Toothpaste (Pack of 6)
T002399,Vim Dishwash (Family Pack)
T002400,Bake Parlour Bread (Pack of 6)
T002401,Lipton Tea (500ml)
T002402,Surf Excel Detergent (1L)
T002403,Adams Cheese (Family Pack)
T002404,LU Biscuits (Pack of 6)
T002405,Local Farm Fruits (Pack of 6)
T002406,Pampers Diapers (250g)
T002407,Menu Frozen Nuggets (1L)
T002408,Bake Parlour Bread (Pack of 6)
T002409,Pampers Diapers (500g)
T002410,Aquafina Water (Pack of 6)
T002411,Lipton Tea (1kg)
T002412,Guard Rice (1kg)
T002413,Pantene Shampoo (200ml)
T002414,Pampers Diapers (200ml)
T002415,Bake Parlour Bread (1kg)
T002416,Guard Rice (500g)
T002417,Adams Cheese (1L)
T002418,Thal Sugar (1L)
T002419,Olpers Milk (200ml)
T002420,National Ketchup (250g)
T002421,LU Biscuits (Pack of 6)
T002422,Lipton Tea (250g)
T002423,Walls Ice Cream (Pack of 6)
T002424,Pampers Diapers (200ml)
T002425,Nurpur Butter (Family Pack)
T002426,Pantene Shampoo (Pack of 6)
T002427,National Spices (250g)
T002428,Olpers Milk (Pack of 6)
T002429,Nurpur Butter (500ml)
T002430,Local Farm Vegetables (1kg)
T002431,Dalda Cooking Oil (Family Pack)
T002432,Aquafina Water (1kg)
T002433,Lays Chips (250g)
T002434,Walls Ice Cream (200ml)
T002435,Lipton Tea (1L)
T002436,National Spices (500ml)
T002437,Sinar Notebooks (1kg)
T002438,Surf Excel Detergent (1L)
T002439,Nurpur Butter (Family Pack)
T002440,Sinar Notebooks (Family Pack)
T002441,Cadbury Chocolate (200ml)
T002442,Pampers Diapers (250g)
T002443,National Ketchup (500g)
T002444,Aquafina Water (1kg)
T002445,Olpers Milk (Pack of 6)
T002446,Shezan Juices (1kg)
T002447,Olpers Milk (Pack of 6)
T002448,Sinar Notebooks (Family Pack)
T002449,Cadbury Chocolate (200ml)
T002450,Lux Soap (250g)
T002451,Cadbury Chocolate (200ml)
T002452,Olpers Milk (200ml)
T002453,Olpers Milk (200ml)
T002454,Menu Frozen Nuggets (500ml)
T002455,Nestle Yogurt (250g)
T002456,Colgate Toothpaste (200ml)
T002457,National Ketchup (500ml)
T002458,Lipton Tea (1kg)
T002459,Lipton Tea (1L)
T002460,National Ketchup (1kg)
T002461,Dalda Cooking Oil (500ml)
T002462,Surf Excel Detergent (1L)
T002463,Pantene Shampoo (200ml)
T002464,Guard Rice (1L)
T002465,Lays Chips (Family Pack)
T002466,Bake Parlour Bread (Family Pack)
T002467,Nurpur Butter (500g)
T002468,Walls Ice Cream (1kg)
T002469,Dalda Cooking Oil (500g)
T002470,Pampers Diapers (250g)
T002471,Walls Ice Cream (500ml)
T002472,Nestle Juices (250g)
T002473,Sinar Notebooks (Pack of 6)
T002474,Cadbury Chocolate (200ml)
T002475,Local Farm Vegetables (500g)
T002476,National Spices (250g)
T002477,National Ketchup (1kg)
T002478,Surf Excel Detergent (Pack of 6)
T002479,Pepsi Soft Drinks (Pack of 6)
T002480,Aquafina Water (500ml)
T002481,Vim Dishwash (Family Pack)
T002482,Surf Excel Detergent (1L)
T002483,Lux Soap (500ml)
T002484,Cadbury Chocolate (Pack of 6)
T002485,Guard Rice (1kg)
T002486,Pantene Shampoo (Family Pack)
T002487,Coca-Cola Soft Drinks (Family Pack)
T002488,Surf Excel Detergent (Pack of 6)
T002489,National Ketchup (1L)
T002490,Pantene Shampoo (1L)
T002491,Sunridge Flour (Atta) (1L)
T002492,Pampers Diapers (200ml)
T002493,Guard Rice (1kg)
T002494,Surf Excel Detergent (500ml)
T002495,Lays Chips (500ml)
T002496,Local Farm Fruits (200ml)
T002497,Local Farm Vegetables (250g)
T002498,Nestle Juices (250g)
T002499,Adams Cheese (1kg)
T002500,Pantene Shampoo (Family Pack)
T002501,Surf Excel Detergent (500ml)
T002502,Lux Soap (1L)
T002503,Menu Frozen Nuggets (Pack of 6)
T002504,Guard Rice (500ml)
T002505,Guard Rice (1L)
T002506,Sunridge Flour (Atta) (500ml)
T002507,Vim Dishwash (Pack of 6)
T002508,Olpers Milk (Pack of 6)
T002509,Dalda Cooking Oil (250g)
T002510,Aquafina Water (Pack of 6)
T002511,National Spices (250g)
T002512,Lipton Tea (1kg)
T002513,Colgate Toothpaste (200ml)
T002514,Sunridge Flour (Atta) (Family Pack)
T002515,Thal Sugar (Family Pack)
T002516,National Spices (250g)
T002517,Vim Dishwash (Pack of 6)
T002518,Surf Excel Detergent (500ml)
T002519,Walls Ice Cream (Pack of 6)
T002520,Nurpur Butter (Family Pack)
T002521,Pantene Shampoo (Family Pack)
T002522,Pantene Shampoo (Family Pack)
T002523,Nurpur Butter (500ml)
T002524,Adams Cheese (250g)
T002525,Thal Sugar (Family Pack)
T002526,National Spices (500ml)
T002527,LU Biscuits (1kg)
T002528,Lipton Tea (250g)
T002529,Lays Chips (500ml)
T002530,Walls Ice Cream (500ml)
T002531,Olpers Milk (200ml)
T002532,National Spices (250g)
T002533,Pampers Diapers (500g)
T002534,Sinar Notebooks (Family Pack)
T002535,LU Biscuits (Pack of 6)
T002536,Thal Sugar (Family Pack)
T002537,Menu Frozen Nuggets (200ml)
T002538,National Ketchup (500g)
T002539,Surf Excel Detergent (1L)
T002540,Lays Chips (500ml)
T002541,Guard Rice (1kg)
T002542,Nestle Juices (1kg)
T002543,Aquafina Water (1kg)
T002544,LU Biscuits (1kg)
T002545,Nurpur Butter (500g)
T002546,Bake Parlour Cakes (500ml)
T002547,National Ketchup (1kg)
T002548,Nurpur Butter (Family Pack)
T002549,Surf Excel Detergent (1L)
T002550,Lipton Tea (1L)
T002551,Aquafina Water (500ml)
T002552,Menu Frozen Nuggets (200ml)
T002553,Walls Ice Cream (500ml)
T002554,Shezan Juices (1kg)
T002555,Dalda Cooking Oil (500g)
T002556,LU Biscuits (Pack of 6)
T002557,Bake Parlour Bread (1kg)
T002558,Walls Ice Cream (Family Pack)
T002559,Guard Rice (500g)
T002560,Nurpur Butter (500g)
T002561,Coca-Cola Soft Drinks (500g)
T002562,Bake Parlour Cakes (500ml)
T002563,Bake Parlour Bread (Pack of 6)
T002564,Sinar Notebooks (Pack of 6)
T002565,Pantene Shampoo (1kg)
T002566,Thal Sugar (Family Pack)
T002567,Bake Parlour Cakes (1L)
T002568,Bake Parlour Cakes (250g)
T002569,Adams Cheese (Family Pack)
T002570,Pantene Shampoo (Pack of 6)
T002571,Lays Chips (250g)
T002572,Pantene Shampoo (Family Pack)
T002573,LU Biscuits (1kg)
T002574,Pantene Shampoo (Family Pack)
T002575,National Spices (250g)
T002576,Olpers Milk (Pack of 6)
T002577,Adams Cheese (1kg)
T002578,Colgate Toothpaste (250g)
T002579,National Spices (500ml)
T002580,Lipton Tea (250g)
T002581,Vim Dishwash (Family Pack)
T002582,Lipton Tea (1L)
T002583,Coca-Cola Soft Drinks (200ml)
T002584,Coca-Cola Soft Drinks (200ml)
T002585,LU Biscuits (Pack of 6)
T002586,Nurpur Butter (500g)
T002587,Surf Excel Detergent (1L)
T002588,Lipton Tea (1kg)
T002589,Pepsi Soft Drinks (250g)
T002590,Cadbury Chocolate (200ml)
T002591,Aquafina Water (500g)
T002592,Aquafina Water (500g)
T002593,Sunridge Flour (Atta) (Family Pack)
T002594,LU Biscuits (1kg)
T002595,Nestle Yogurt (250g)
T002596,Lux Soap (500g)
T002597,Sunridge Flour (Atta) (1L)
T002598,Lux Soap (500g)
T002599,Pepsi Soft Drinks (250g)
T002600,National Ketchup (500ml)
T002601,Nestle Juices (1kg)
T002602,Shezan Juices (Family Pack)
T002603,Pantene Shampoo (Pack of 6)
T002604,National Ketchup (1kg)
T002605,Olpers Milk (500g)
T002606,Bake Parlour Cakes (500ml)
T002607,Coca-Cola Soft Drinks (200ml)
T002608,Nestle Juices (500ml)
T002609,Shezan Juices (Family Pack)
T002610,Walls Ice Cream (1kg)
T002611,Pampers Diapers (200ml)
T002612,National Spices (200ml)
T002613,Bake Parlour Bread (Family Pack)
T002614,Olpers Milk (200ml)
T002615,Pampers Diapers (500g)
T002616,Walls Ice Cream (500ml)
T002617,Nestle Yogurt (Pack of 6)
T002618,Lux Soap (1L)
T002619,Bake Parlour Cakes (500ml)
T002620,Lux Soap (500ml)
T002621,Nestle Yogurt (Pack of 6)
T002622,Surf Excel Detergent (500ml)
T002623,Walls Ice Cream (200ml)
T002624,Bake Parlour Bread (1L)
T002625,Menu Frozen Nuggets (500g)
T002626,Shezan Juices (1kg)
T002627,Lipton Tea (250g)
T002628,Bake Parlour Bread (500g)
T002629,Adams Cheese (Family Pack)
T002630,Surf Excel Detergent (500ml)
T002631,Vim Dishwash (Family Pack)
T002632,Bake Parlour Bread (1L)
T002633,Adams Cheese (Family Pack)
T002634,Surf Excel Detergent (Pack of 6)
T002635,Lux Soap (500ml)
T002636,Lays Chips (500ml)
T002637,Guard Rice (500g)
T002638,Nestle Juices (500ml)
T002639,LU Biscuits (Pack of 6)
T002640,Nurpur Butter (500ml)
T002641,Lux Soap (500ml)
T002642,Local Farm Vegetables (250g)
T002643,Thal Sugar (200ml)
T002644,Vim Dishwash (1L)
T002645,Olpers Milk (Pack of 6)
T002646,LU Biscuits (Pack of 6)
T002647,Lays Chips (Family Pack)
T002648,Cadbury Chocolate (500ml)
T002649,Walls Ice Cream (500ml)
T002650,Colgate Toothpaste (250g)
T002651,Dalda Cooking Oil (250g)
T002652,Sunridge Flour (Atta) (1L)
T002653,Adams Cheese (1kg)
T002654,Pantene Shampoo (Family Pack)
T002655,Guard Rice (1L)
T002656,Sinar Notebooks (Pack of 6)
T002657,Sinar Notebooks (Pack of 6)
T002658,Menu Frozen Nuggets (1L)
T002659,Local Farm Vegetables (500g)
T002660,Nestle Juices (250g)
T002661,Pepsi Soft Drinks (250g)
T002662,Lux Soap (1L)
T002663,Nurpur Butter (500ml)
T002664,Menu Frozen Nuggets (500ml)
T002665,Surf Excel Detergent (500ml)
T002666,Nestle Juices (500ml)
T002667,Sinar Notebooks (500ml)
T002668,Pampers Diapers (500g)
T002669,National Spices (500ml)
T002670,Sinar Notebooks (Family Pack)
T002671,Guard Rice (1kg)
T002672,Walls Ice Cream (Family Pack)
T002673,Surf Excel Detergent (500ml)
T002674,Adams Cheese (Family Pack)
T002675,LU Biscuits (1kg)
T002676,Pepsi Soft Drinks (250g)
T002677,Dalda Cooking Oil (500g)
T002678,Pampers Diapers (200ml)
T002679,Bake Parlour Bread (Family Pack)
T002680,Nurpur Butter (Pack of 6)
T002681,Vim Dishwash (1L)
T002682,National Spices (250g)
T002683,Menu Frozen Nuggets (1L)
T002684,Bake Parlour Bread (500g)
T002685,Adams Cheese (Pack of 6)
T002686,Lipton Tea (1L)
T002687,Thal Sugar (200ml)
T002688,Sinar Notebooks (Pack of 6)
T002689,Menu Frozen Nuggets (1L)
T002690,Adams Cheese (Family Pack)
T002691,Adams Cheese (250g)
T002692,Pepsi Soft Drinks (Pack of 6)
T002693,Cadbury Chocolate (Pack of 6)
T002694,Shezan Juices (Family Pack)
T002695,Pampers Diapers (250g)
T002696,Surf Excel Detergent (500ml)
T002697,Lux Soap (1L)
T002698,Aquafina Water (500g)
T002699,Pantene Shampoo (1kg)
T002700,Menu Frozen Nuggets (1L)
T002701,National Ketchup (500g)
T002702,Local Farm Vegetables (1kg)
T002703,LU Biscuits (Pack of 6)
T002704,Nestle Yogurt (1kg)
T002705,Cadbury Chocolate (250g)
T002706,Bake Parlour Cakes (500ml)
T002707,Pampers Diapers (200ml)
T002708,Guard Rice (500g)
T002709,Colgate Toothpaste (Pack of 6)
T002710,Sinar Notebooks (500ml)
T002711,Lays Chips (Family Pack)
T002712,National Spices (Family Pack)
T002713,Lays Chips (500ml)
T002714,LU Biscuits (Pack of 6)
T002715,Shezan Juices (Family Pack)
T002716,Adams Cheese (Pack of 6)
T002717,Colgate Toothpaste (200ml)
T002718,Bake Parlour Cakes (250g)
T002719,Guard Rice (1kg)
T002720,Colgate Toothpaste (200ml)
T002721,Menu Frozen Nuggets (500g)
T002722,Bake Parlour Cakes (500ml)
T002723,Pantene Shampoo (1L)
T002724,Colgate Toothpaste (Pack of 6)
T002725,Shezan Juices (500ml)
T002726,LU Biscuits (500ml)
T002727,Sinar Notebooks (500ml)
T002728,Surf Excel Detergent (1L)
T002729,Walls Ice Cream (500ml)
T002730,Pantene Shampoo (Family Pack)
T002731,Shezan Juices (Family Pack)
T002732,Adams Cheese (Pack of 6)
T002733,Pampers Diapers (200ml)
T002734,National Ketchup (250g)
T002735,Walls Ice Cream (1kg)
T002736,National Ketchup (500ml)
T002737,Lays Chips (Family Pack)
T002738,Sinar Notebooks (Family Pack)
T002739,National Spices (500ml)
T002740,Guard Rice (1kg)
T002741,Surf Excel Detergent (1L)
T002742,Bake Parlour Cakes (250g)
T002743,Bake Parlour Cakes (250g)
T002744,Walls Ice Cream (Family Pack)
T002745,Colgate Toothpaste (Pack of 6)
T002746,Lux Soap (1L)
T002747,Nurpur Butter (Pack of 6)
T002748,Bake Parlour Bread (Pack of 6)
T002749,Coca-Cola Soft Drinks (500g)
T002750,LU Biscuits (Pack of 6)
T002751,Walls Ice Cream (Pack of 6)
T002752,Nestle Yogurt (Pack of 6)
T002753,Local Farm Vegetables (250g)
T002754,Adams Cheese (1L)
T002755,Cadbury Chocolate (500ml)
T002756,Walls Ice Cream (1kg)
T002757,Thal Sugar (200ml)
T002758,Surf Excel Detergent (500ml)
T002759,National Spices (250g)
T002760,Adams Cheese (1L)
T002761,Bake Parlour Cakes (500ml)
T002762,Thal Sugar (Family Pack)
T002763,Aquafina Water (Pack of 6)
T002764,Adams Cheese (1L)
T002765,Vim Dishwash (Family Pack)
T002766,Thal Sugar (1L)
T002767,Aquafina Water (500g)
T002768,Cadbury Chocolate (500ml)
T002769,Lipton Tea (500ml)
T002770,Nurpur Butter (Family Pack)
T002771,Pampers Diapers (250g)
T002772,Menu Frozen Nuggets (1L)
T002773,Lays Chips (250g)
T002774,LU Biscuits (1kg)
T002775,Lipton Tea (250g)
T002776,National Spices (Family Pack)
T002777,Aquafina Water (500ml)
T002778,Local Farm Fruits (Pack of 6)
T002779,Cadbury Chocolate (Pack of 6)
T002780,Adams Cheese (1L)
T002781,Pampers Diapers (250g)
T002782,Guard Rice (500ml)
T002783,National Spices (250g)
T002784,Bake Parlour Bread (Pack of 6)
T002785,Adams Cheese (Family Pack)
T002786,Nestle Juices (250g)
T002787,Lays Chips (Family Pack)
T002788,Bake Parlour Bread (500g)
T002789,Colgate Toothpaste (200ml)
T002790,National Spices (200ml)
T002791,National Ketchup (500g)
T002792,Pampers Diapers (500g)
T002793,Thal Sugar (200ml)
T002794,Nestle Yogurt (1kg)
T002795,Sinar Notebooks (1kg)
T002796,Adams Cheese (Family Pack)
T002797,Sinar Notebooks (1kg)
T002798,Guard Rice (500ml)
T002799,Lipton Tea (1L)
T002800,National Spices (500ml)
T002801,Pepsi Soft Drinks (Pack of 6)
T002802,Walls Ice Cream (1kg)
T002803,Pepsi Soft Drinks (Pack of 6)
T002804,Local Farm Fruits (Pack of 6)
T002805,Pepsi Soft Drinks (250g)
T002806,Surf Excel Detergent (1L)
T002807,LU Biscuits (1kg)
T002808,Vim Dishwash (Family Pack)
T002809,Walls Ice Cream (250g)
T002810,National Ketchup (1L)
T002811,Pepsi Soft Drinks (250g)
T002812,Pantene Shampoo (200ml)
T002813,Olpers Milk (Pack of 6)
T002814,National Ketchup (250g)
T002815,Walls Ice Cream (Family Pack)
T002816,LU Biscuits (1kg)
T002817,Pepsi Soft Drinks (250g)
T002818,Bake Parlour Bread (Pack of 6)
T002819,Menu Frozen Nuggets (Pack of 6)
T002820,Lux Soap (500ml)
T002821,National Ketchup (1kg)
T002822,Surf Excel Detergent (1L)
T002823,Sinar Notebooks (1kg)
T002824,National Ketchup (1kg)
T002825,Pampers Diapers (500g)
T002826,LU Biscuits (1kg)
T002827,Menu Frozen Nuggets (500g)
T002828,Nurpur Butter (Family Pack)
T002829,Sunridge Flour (Atta) (1L)
T002830,Pepsi Soft Drinks (1kg)
T002831,National Spices (500ml)
T002832,Surf Excel Detergent (500ml)
T002833,LU Biscuits (Pack of 6)
T002834,Cadbury Chocolate (Pack of 6)
T002835,National Spices (200ml)
T002836,National Spices (250g)
T002837,Dalda Cooking Oil (500ml)
T002838,Pantene Shampoo (Family Pack)
T002839,Vim Dishwash (Family Pack)
T002840,Walls Ice Cream (Family Pack)
T002841,Nestle Yogurt (Pack of 6)
T002842,Vim Dishwash (1L)
T002843,Cadbury Chocolate (250g)
T002844,Vim Dishwash (1L)
T002845,Adams Cheese (Family Pack)
T002846,Pepsi Soft Drinks (1kg)
T002847,Nestle Yogurt (250g)
T002848,National Spices (Family Pack)
T002849,Menu Frozen Nuggets (1L)
T002850,Menu Frozen Nuggets (500ml)
T002851,National Spices (250g)
T002852,Local Farm Vegetables (500ml)
T002853,Colgate Toothpaste (200ml)
T002854,Shezan Juices (1kg)
T002855,National Ketchup (1kg)
T002856,LU Biscuits (1kg)
T002857,Nestle Yogurt (Pack of 6)
T002858,Nestle Juices (250g)
T002859,Sunridge Flour (Atta) (1L)
T002860,Sunridge Flour (Atta) (Family Pack)
T002861,Local Farm Vegetables (250g)
T002862,Sunridge Flour (Atta) (1L)
T002863,Bake Parlour Bread (1L)
T002864,Guard Rice (500ml)
T002865,National Spices (500ml)
T002866,Lipton Tea (500ml)
T002867,Guard Rice (1L)
T002868,Lipton Tea (1kg)
T002869,Pantene Shampoo (200ml)
T002870,Surf Excel Detergent (1L)
T002871,Bake Parlour Cakes (1L)
T002872,Colgate Toothpaste (200ml)
T002873,Thal Sugar (Family Pack)
T002874,Sunridge Flour (Atta) (1L)
T002875,Cadbury Chocolate (500ml)
T002876,Local Farm Fruits (Pack of 6)
T002877,Nestle Juices (1kg)
T002878,Sinar Notebooks (Pack of 6)
T002879,National Ketchup (250g)
T002880,Bake Parlour Cakes (500ml)
T002881,Bake Parlour Cakes (250g)
T002882,Pampers Diapers (250g)
T002883,Pampers Diapers (200ml)
T002884,Lays Chips (500ml)
T002885,Aquafina Water (500g)
T002886,Nurpur Butter (500ml)
T002887,Pantene Shampoo (Family Pack)
T002888,Nestle Juices (1kg)
T002889,Shezan Juices (1L)
T002890,Pampers Diapers (200ml)
T002891,Nestle Juices (250g)
T002892,Surf Excel Detergent (500ml)
T002893,Adams Cheese (Pack of 6)
T002894,Nestle Yogurt (250g)
T002895,Bake Parlour Cakes (250g)
T002896,LU Biscuits (Pack of 6)
T002897,Bake Parlour Bread (Pack of 6)
T002898,Lipton Tea (250g)
T002899,Bake Parlour Bread (Pack of 6)
T002900,Aquafina Water (500ml)
T002901,Nurpur Butter (500ml)
T002902,Surf Excel Detergent (1L)
T002903,LU Biscuits (Pack of 6)
T002904,Pampers Diapers (200ml)
T002905,Nestle Juices (1kg)
T002906,Walls Ice Cream (Family Pack)
T002907,Nurpur Butter (Pack of 6)
T002908,LU Biscuits (1kg)
T002909,Bake Parlour Bread (1kg)
T002910,Walls Ice Cream (250g)
T002911,Sunridge Flour (Atta) (Family Pack)
T002912,Local Farm Vegetables (250g)
T002913,Thal Sugar (Family Pack)
T002914,Local Farm Vegetables (250g)
T002915,Walls Ice Cream (Family Pack)
T002916,Pantene Shampoo (Family Pack)
T002917,Thal Sugar (1L)
T002918,Pampers Diapers (250g)
T002919,Olpers Milk (500g)
T002920,Surf Excel Detergent (500ml)
T002921,Pantene Shampoo (Pack of 6)
T002922,Menu Frozen Nuggets (500ml)
T002923,Colgate Toothpaste (Pack of 6)
T002924,Thal Sugar (Family Pack)
T002925,National Spices (250g)
T002926,Adams Cheese (1kg)
T002927,Nestle Juices (1kg)
T002928,National Ketchup (500ml)
T002929,Local Farm Vegetables (1kg)
T002930,Walls Ice Cream (250g)
T002931,Sinar Notebooks (Pack of 6)
T002932,Walls Ice Cream (Family Pack)
T002933,Dalda Cooking Oil (500g)
T002934,Cadbury Chocolate (250g)
T002935,LU Biscuits (Pack of 6)
T002936,Shezan Juices (1L)
T002937,Cadbury Chocolate (250g)
T002938,Bake Parlour Bread (500g)
T002939,Sinar Notebooks (Pack of 6)
T002940,Lipton Tea (250g)
T002941,Bake Parlour Cakes (500ml)
T002942,Menu Frozen Nuggets (500ml)
T002943,LU Biscuits (Pack of 6)
T002944,LU Biscuits (Pack of 6)
T002945,Dalda Cooking Oil (250g)
T002946,Lipton Tea (1kg)
T002947,Coca-Cola Soft Drinks (200ml)
T002948,Nestle Yogurt (250g)
T002949,Coca-Cola Soft Drinks (Family Pack)
T002950,Pampers Diapers (500g)
T002951,Coca-Cola Soft Drinks (500g)
T002952,Adams Cheese (Pack of 6)
T002953,Cadbury Chocolate (200ml)
T002954,Cadbury Chocolate (Pack of 6)
T002955,Cadbury Chocolate (200ml)
T002956,Adams Cheese (Family Pack)
T002957,Olpers Milk (Pack of 6)
T002958,Dalda Cooking Oil (500ml)
T002959,Pampers Diapers (500g)
T002960,Vim Dishwash (1L)
T002961,Coca-Cola Soft Drinks (500g)
T002962,Bake Parlour Cakes (500ml)
T002963,Menu Frozen Nuggets (1L)
T002964,LU Biscuits (500ml)
T002965,Bake Parlour Bread (Pack of 6)
T002966,Bake Parlour Cakes (500ml)
T002967,LU Biscuits (1kg)
T002968,Bake Parlour Cakes (500ml)
T002969,Nurpur Butter (Pack of 6)
T002970,Nestle Yogurt (250g)
T002971,Local Farm Fruits (200ml)
T002972,Nurpur Butter (500ml)
T002973,Olpers Milk (500g)
T002974,Cadbury Chocolate (Pack of 6)
T002975,Surf Excel Detergent (500ml)
T002976,LU Biscuits (Pack of 6)
T002977,LU Biscuits (Pack of 6)
T002978,Bake Parlour Bread (1kg)
T002979,Olpers Milk (Pack of 6)
T002980,Nestle Juices (1kg)
T002981,Local Farm Fruits (Pack of 6)
T002982,Lipton Tea (1L)
T002983,Guard Rice (500g)
T002984,Colgate Toothpaste (Pack of 6)
T002985,Adams Cheese (Family Pack)
T002986,Dalda Cooking Oil (500ml)
T002987,Local Farm Vegetables (500ml)
T002988,Sunridge Flour (Atta) (1L)
T002989,Olpers Milk (Pack of 6)
T002990,Lux Soap (500g)
T002991,LU Biscuits (Pack of 6)
T002992,Menu Frozen Nuggets (500g)
T002993,National Spices (200ml)
T002994,Dalda Cooking Oil (500g)
T002995,Surf Excel Detergent (Pack of 6)
T002996,Aquafina Water (500ml)
T002997,Adams Cheese (Pack of 6)
T002998,Sunridge Flour (Atta) (1L)
T002999,Dalda Cooking Oil (500ml)
T003000,Local Farm Fruits (500g)
T003001,Adams Cheese (Pack of 6)
T003002,Local Farm Fruits (500ml)
T003003,Lux Soap (500g)
T003004,LU Biscuits (Pack of 6)
T003005,Nurpur Butter (Family Pack)
T003006,Aquafina Water (Pack of 6)
T003007,Nestle Juices (1kg)
T003008,Walls Ice Cream (1kg)
T003009,Lipton Tea (250g)
T003010,Olpers Milk (Pack of 6)
T003011,Sunridge Flour (Atta) (250g)
T003012,LU Biscuits (Pack of 6)
T003013,Olpers Milk (Pack of 6)
T003014,Nurpur Butter (500g)
T003015,Local Farm Fruits (500g)
T003016,National Spices (250g)
T003017,Lipton Tea (1L)
T003018,Colgate Toothpaste (250g)
T003019,Colgate Toothpaste (200ml)
T003020,Adams Cheese (250g)
T003021,Bake Parlour Bread (1L)
T003022,Pepsi Soft Drinks (Pack of 6)
T003023,Sunridge Flour (Atta) (500ml)
T003024,Nestle Juices (1kg)
T003025,National Spices (250g)
T003026,Surf Excel Detergent (1L)
T003027,National Ketchup (1kg)
T003028,Lux Soap (500g)
T003029,Cadbury Chocolate (250g)
T003030,Nurpur Butter (Family Pack)
T003031,Nestle Yogurt (250g)
T003032,Dalda Cooking Oil (Family Pack)
T003033,Aquafina Water (1kg)
T003034,Nurpur Butter (Pack of 6)
T003035,Surf Excel Detergent (1L)
T003036,Bake Parlour Cakes (500ml)
T003037,Adams Cheese (250g)
T003038,Guard Rice (1L)
T003039,Sunridge Flour (Atta) (250g)
T003040,Surf Excel Detergent (1L)
T003041,Lays Chips (500ml)
T003042,Cadbury Chocolate (250g)
T003043,Bake Parlour Bread (Family Pack)
T003044,Coca-Cola Soft Drinks (200ml)
T003045,Menu Frozen Nuggets (500ml)
T003046,National Spices (Family Pack)
T003047,LU Biscuits (Pack of 6)
T003048,Bake Parlour Cakes (250g)
T003049,Sinar Notebooks (Family Pack)
T003050,Vim Dishwash (Family Pack)
T003051,Nestle Juices (250g)
T003052,Adams Cheese (1kg)
T003053,Nurpur Butter (500ml)
T003054,Pantene Shampoo (Family Pack)
T003055,Pantene Shampoo (Family Pack)
T003056,National Ketchup (500ml)
T003057,Bake Parlour Bread (Pack of 6)
T003058,Coca-Cola Soft Drinks (Family Pack)
T003059,Surf Excel Detergent (Pack of 6)
T003060,National Spices (500ml)
T003061,National Spices (Family Pack)
T003062,Cadbury Chocolate (Pack of 6)
T003063,Bake Parlour Bread (500g)
T003064,Nestle Juices (250g)
T003065,Thal Sugar (200ml)
T003066,Surf Excel Detergent (500ml)
T003067,Walls Ice Cream (200ml)
T003068,Pantene Shampoo (1kg)
T003069,Adams Cheese (1L)
T003070,National Spices (200ml)
T003071,Surf Excel Detergent (500ml)
T003072,National Ketchup (500g)
T003073,Olpers Milk (Pack of 6)
T003074,Pampers Diapers (200ml)
T003075,Shezan Juices (1L)
T003076,Pantene Shampoo (1kg)
T003077,National Ketchup (1kg)
T003078,Aquafina Water (500g)
T003079,Sinar Notebooks (1kg)
T003080,Lays Chips (500ml)
T003081,Lux Soap (500ml)
T003082,Coca-Cola Soft Drinks (500g)
T003083,National Spices (Family Pack)
T003084,Bake Parlour Bread (Pack of 6)
T003085,Coca-Cola Soft Drinks (200ml)
T003086,National Spices (Family Pack)
T003087,Local Farm Fruits (500ml)
T003088,Nurpur Butter (Pack of 6)
T003089,Menu Frozen Nuggets (200ml)
T003090,Pepsi Soft Drinks (Pack of 6)
T003091,Nestle Yogurt (250g)
T003092,Lays Chips (250g)
T003093,Aquafina Water (1kg)
T003094,Olpers Milk (Pack of 6)
T003095,Lux Soap (1L)
T003096,Walls Ice Cream (Pack of 6)
T003097,National Spices (250g)
T003098,Pepsi Soft Drinks (1kg)
T003099,Nestle Yogurt (Pack of 6)
T003100,Nurpur Butter (Family Pack)
T003101,Dalda Cooking Oil (250g)
T003102,Pantene Shampoo (Pack of 6)
T003103,Bake Parlour Bread (Pack of 6)
T003104,Menu Frozen Nuggets (1L)
T003105,Local Farm Vegetables (500ml)
T003106,Pantene Shampoo (1L)
T003107,Bake Parlour Bread (Pack of 6)
T003108,Sinar Notebooks (Family Pack)
T003109,Pepsi Soft Drinks (1kg)
T003110,Colgate Toothpaste (200ml)
T003111,Bake Parlour Cakes (500ml)
T003112,National Ketchup (500g)
T003113,Menu Frozen Nuggets (1L)
T003114,Dalda Cooking Oil (250g)
T003115,Lipton Tea (1L)
T003116,National Ketchup (250g)
T003117,Sinar Notebooks (Family Pack)
T003118,Surf Excel Detergent (1L)
T003119,Nestle Juices (1kg)
T003120,Vim Dishwash (Family Pack)
T003121,Surf Excel Detergent (1L)
T003122,Surf Excel Detergent (1L)
T003123,Walls Ice Cream (Pack of 6)
T003124,Vim Dishwash (500ml)
T003125,Nestle Juices (500ml)
T003126,Lipton Tea (1L)
T003127,Pantene Shampoo (1L)
T003128,Pepsi Soft Drinks (1kg)
T003129,Local Farm Fruits (Pack of 6)
T003130,Bake Parlour Cakes (500ml)
T003131,National Ketchup (1kg)
T003132,National Spices (250g)
T003133,Surf Excel Detergent (Pack of 6)
T003134,Lipton Tea (1kg)
T003135,Dalda Cooking Oil (Family Pack)
T003136,LU Biscuits (Pack of 6)
T003137,Walls Ice Cream (250g)
T003138,Lux Soap (500g)
T003139,National Spices (500ml)
T003140,LU Biscuits (1kg)
T003141,Pampers Diapers (500g)
T003142,Local Farm Vegetables (500ml)
T003143,Lipton Tea (500ml)
T003144,Olpers Milk (Pack of 6)
T003145,Adams Cheese (1kg)
T003146,Cadbury Chocolate (Pack of 6)
T003147,Bake Parlour Cakes (1L)
T003148,Shezan Juices (1kg)
T003149,Adams Cheese (Pack of 6)
T003150,Lipton Tea (1L)
T003151,Adams Cheese (Family Pack)
T003152,Pepsi Soft Drinks (250g)
T003153,Lipton Tea (1L)
T003154,LU Biscuits (500ml)
T003155,Coca-Cola Soft Drinks (200ml)
T003156,Pantene Shampoo (200ml)
T003157,Sunridge Flour (Atta) (250g)
T003158,Nestle Yogurt (Pack of 6)
T003159,Bake Parlour Bread (500g)
T003160,Nurpur Butter (Pack of 6)
T003161,Lipton Tea (250g)
T003162,Surf Excel Detergent (500ml)
T003163,Nurpur Butter (Family Pack)
T003164,Adams Cheese (1L)
T003165,Dalda Cooking Oil (500g)
T003166,LU Biscuits (1kg)
T003167,Local Farm Vegetables (250g)
T003168,Guard Rice (1kg)
T003169,Nestle Yogurt (Pack of 6)
T003170,Cadbury Chocolate (500ml)
T003171,Olpers Milk (Pack of 6)
T003172,Cadbury Chocolate (500ml)
T003173,Pampers Diapers (250g)
T003174,Aquafina Water (500ml)
T003175,National Spices (200ml)
T003176,Cadbury Chocolate (200ml)
T003177,Menu Frozen Nuggets (200ml)
T003178,LU Biscuits (500ml)
T003179,Aquafina Water (500ml)
T003180,Local Farm Vegetables (250g)
T003181,Shezan Juices (1L)
T003182,Pepsi Soft Drinks (1kg)
T003183,Guard Rice (1kg)
T003184,Walls Ice Cream (250g)
T003185,Cadbury Chocolate (250g)
T003186,National Spices (250g)
T003187,Nestle Juices (250g)
T003188,LU Biscuits (1kg)
T003189,Local Farm Vegetables (1kg)
T003190,Adams Cheese (250g)
T003191,LU Biscuits (1kg)
T003192,Pepsi Soft Drinks (250g)
T003193,National Ketchup (500g)
T003194,Lux Soap (500g)
T003195,Cadbury Chocolate (Pack of 6)
T003196,Nurpur Butter (500g)
T003197,Olpers Milk (200ml)
T003198,Nurpur Butter (500ml)
T003199,LU Biscuits (Pack of 6)
T003200,Nurpur Butter (500ml)
T003201,Pantene Shampoo (1kg)
T003202,Menu Frozen Nuggets (500g)
T003203,Lipton Tea (1L)
T003204,Olpers Milk (Pack of 6)
T003205,Lipton Tea (1L)
T003206,Shezan Juices (500ml)
T003207,Nurpur Butter (500ml)
T003208,Local Farm Vegetables (250g)
T003209,Dalda Cooking Oil (250g)
T003210,Bake Parlour Bread (Pack of 6)
T003211,Bake Parlour Cakes (500ml)
T003212,Local Farm Fruits (200ml)
T003213,Nestle Juices (250g)
T003214,Shezan Juices (1L)
T003215,Menu Frozen Nuggets (1L)
T003216,Pampers Diapers (250g)
T003217,Lipton Tea (500ml)
T003218,Adams Cheese (250g)
T003219,Shezan Juices (1kg)
T003220,Vim Dishwash (1L)
T003221,National Ketchup (500g)
T003222,Cadbury Chocolate (Pack of 6)
T003223,Coca-Cola Soft Drinks (Family Pack)
T003224,Sunridge Flour (Atta) (1L)
T003225,Pantene Shampoo (Pack of 6)
T003226,Bake Parlour Bread (500g)
T003227,Vim Dishwash (500ml)
T003228,Sunridge Flour (Atta) (1L)
T003229,National Spices (Family Pack)
T003230,Aquafina Water (Pack of 6)
T003231,Vim Dishwash (500ml)
T003232,Thal Sugar (Family Pack)
T003233,Bake Parlour Bread (500g)
T003234,Bake Parlour Bread (1L)
T003235,Vim Dishwash (Family Pack)
T003236,Menu Frozen Nuggets (500ml)
T003237,Adams Cheese (Family Pack)
T003238,Thal Sugar (Family Pack)
T003239,Thal Sugar (200ml)
T003240,Nestle Yogurt (250g)
T003241,Guard Rice (1L)
T003242,Vim Dishwash (Family Pack)
T003243,Coca-Cola Soft Drinks (500g)
T003244,Vim Dishwash (Family Pack)
T003245,Surf Excel Detergent (1L)
T003246,Lays Chips (Family Pack)
T003247,Guard Rice (500ml)
T003248,Vim Dishwash (Family Pack)
T003249,Local Farm Vegetables (500g)
T003250,Nestle Yogurt (1kg)
T003251,Surf Excel Detergent (500ml)
T003252,Adams Cheese (1L)
T003253,Local Farm Fruits (500g)
T003254,Local Farm Fruits (Pack of 6)
T003255,Aquafina Water (500g)
T003256,Bake Parlour Bread (500g)
T003257,Cadbury Chocolate (250g)
T003258,Olpers Milk (Pack of 6)
T003259,Walls Ice Cream (1kg)
T003260,Lux Soap (1L)
T003261,Cadbury Chocolate (200ml)
T003262,Bake Parlour Bread (Pack of 6)
T003263,LU Biscuits (Pack of 6)
T003264,Pantene Shampoo (Pack of 6)
T003265,Pepsi Soft Drinks (250g)
T003266,Lipton Tea (1L)
T003267,Local Farm Vegetables (1kg)
T003268,Walls Ice Cream (250g)
T003269,Walls Ice Cream (500ml)
T003270,Bake Parlour Cakes (1L)
T003271,Adams Cheese (Family Pack)
T003272,Sinar Notebooks (Family Pack)
T003273,Vim Dishwash (1L)
T003274,Bake Parlour Bread (1L)
T003275,Lays Chips (500ml)
T003276,Walls Ice Cream (200ml)
T003277,Bake Parlour Bread (Pack of 6)
T003278,Local Farm Fruits (500g)
T003279,Guard Rice (1kg)
T003280,Adams Cheese (Pack of 6)
T003281,Shezan Juices (1L)
T003282,Thal Sugar (Family Pack)
T003283,National Ketchup (500ml)
T003284,Shezan Juices (Family Pack)
T003285,Thal Sugar (200ml)
T003286,Pampers Diapers (250g)
T003287,Sinar Notebooks (Pack of 6)
T003288,Cadbury Chocolate (200ml)
T003289,Guard Rice (1kg)
T003290,Bake Parlour Cakes (500ml)
T003291,Local Farm Fruits (500g)
T003292,Lipton Tea (500ml)
T003293,Dalda Cooking Oil (Family Pack)
T003294,Nurpur Butter (Family Pack)
T003295,Bake Parlour Cakes (250g)
T003296,Colgate Toothpaste (200ml)
T003297,Surf Excel Detergent (1L)
T003298,Surf Excel Detergent (500ml)
T003299,Nestle Juices (1kg)
T003300,Nurpur Butter (500ml)
T003301,LU Biscuits (Pack of 6)
T003302,National Ketchup (Pack of 6)
T003303,National Ketchup (1L)
T003304,Sunridge Flour (Atta) (1L)
T003305,LU Biscuits (Pack of 6)
T003306,National Spices (250g)
T003307,Sinar Notebooks (Family Pack)
T003308,Walls Ice Cream (Pack of 6)
T003309,Bake Parlour Cakes (500ml)
T003310,Pantene Shampoo (1L)
T003311,Vim Dishwash (Family Pack)
T003312,Cadbury Chocolate (500ml)
T003313,Nestle Juices (1kg)
T003314,Lipton Tea (500ml)
T003315,Sunridge Flour (Atta) (1L)
T003316,Guard Rice (1kg)
T003317,Lipton Tea (1L)
T003318,Aquafina Water (Pack of 6)
T003319,Bake Parlour Bread (1kg)
T003320,Aquafina Water (500ml)
T003321,Pampers Diapers (500g)
T003322,Pepsi Soft Drinks (250g)
T003323,Adams Cheese (1kg)
T003324,LU Biscuits (Pack of 6)
T003325,Olpers Milk (500g)
T003326,Lays Chips (Family Pack)
T003327,Thal Sugar (200ml)
T003328,Pepsi Soft Drinks (Pack of 6)
T003329,LU Biscuits (Pack of 6)
T003330,Nestle Yogurt (250g)
T003331,Cadbury Chocolate (500ml)
T003332,Menu Frozen Nuggets (1L)
T003333,National Ketchup (Pack of 6)
T003334,National Ketchup (1kg)
T003335,Cadbury Chocolate (Pack of 6)
T003336,Nurpur Butter (500ml)
T003337,Dalda Cooking Oil (Family Pack)
T003338,Local Farm Vegetables (500g)
T003339,Dalda Cooking Oil (250g)
T003340,Pantene Shampoo (Family Pack)
T003341,Bake Parlour Bread (1L)
T003342,Lux Soap (500ml)
T003343,Thal Sugar (Family Pack)
T003344,Bake Parlour Cakes (1L)
T003345,Lipton Tea (1L)
T003346,Vim Dishwash (Pack of 6)
T003347,National Spices (250g)
T003348,Lays Chips (Family Pack)
T003349,Pantene Shampoo (Family Pack)
T003350,Aquafina Water (Pack of 6)
T003351,Cadbury Chocolate (Pack of 6)
T003352,Dalda Cooking Oil (500g)
T003353,Olpers Milk (500g)
T003354,Nurpur Butter (500ml)
T003355,Olpers Milk (200ml)
T003356,Cadbury Chocolate (Pack of 6)
T003357,Coca-Cola Soft Drinks (200ml)
T003358,Nestle Yogurt (Pack of 6)
T003359,Coca-Cola Soft Drinks (200ml)
T003360,Adams Cheese (Family Pack)
T003361,Pepsi Soft Drinks (Pack of 6)
T003362,Menu Frozen Nuggets (Pack of 6)
T003363,National Ketchup (Pack of 6)
T003364,Cadbury Chocolate (Pack of 6)
T003365,Menu Frozen Nuggets (200ml)
T003366,Pantene Shampoo (1L)
T003367,Sunridge Flour (Atta) (1L)
T003368,Nestle Juices (1kg)
T003369,National Spices (250g)
T003370,Bake Parlour Cakes (1L)
T003371,Menu Frozen Nuggets (500ml)
T003372,Thal Sugar (Family Pack)
T003373,National Spices (250g)
T003374,Shezan Juices (1L)
T003375,Shezan Juices (Family Pack)
T003376,Lays Chips (250g)
T003377,Adams Cheese (1L)
T003378,Guard Rice (1kg)
T003379,LU Biscuits (1kg)
T003380,Adams Cheese (Pack of 6)
T003381,Olpers Milk (Pack of 6)
T003382,Nurpur Butter (500ml)
T003383,Guard Rice (1kg)
T003384,Pantene Shampoo (1L)
T003385,National Spices (Family Pack)
T003386,Lipton Tea (250g)
T003387,Shezan Juices (1kg)
T003388,Menu Frozen Nuggets (200ml)
T003389,Pepsi Soft Drinks (250g)
T003390,Lays Chips (250g)
T003391,Cadbury Chocolate (Pack of 6)
T003392,Dalda Cooking Oil (Family Pack)
T003393,Nestle Juices (250g)
T003394,Olpers Milk (200ml)
T003395,Dalda Cooking Oil (500ml)
T003396,Bake Parlour Bread (1L)
T003397,LU Biscuits (Pack of 6)
T003398,Menu Frozen Nuggets (200ml)
T003399,Bake Parlour Bread (Family Pack)
T003400,Dalda Cooking Oil (Family Pack)
T003401,Local Farm Vegetables (1kg)
T003402,Lays Chips (Family Pack)
T003403,Local Farm Vegetables (500ml)
T003404,Nurpur Butter (Family Pack)
T003405,Local Farm Fruits (200ml)
T003406,Adams Cheese (Family Pack)
T003407,Lux Soap (250g)
T003408,Lipton Tea (1kg)
T003409,Aquafina Water (1kg)
T003410,Pepsi Soft Drinks (250g)
T003411,Cadbury Chocolate (Pack of 6)
T003412,Menu Frozen Nuggets (1L)
T003413,Dalda Cooking Oil (250g)
T003414,Lux Soap (1L)
T003415,Nestle Yogurt (250g)
T003416,Pantene Shampoo (1L)
T003417,Lux Soap (500g)
T003418,Thal Sugar (200ml)
T003419,Lux Soap (250g)
T003420,National Spices (250g)
T003421,Thal Sugar (1L)
T003422,Adams Cheese (1L)
T003423,Adams Cheese (Family Pack)
T003424,Shezan Juices (1kg)
T003425,National Spices (500ml)
T003426,Colgate Toothpaste (250g)
T003427,Vim Dishwash (Family Pack)
T003428,Guard Rice (500g)
T003429,Cadbury Chocolate (200ml)
T003430,Dalda Cooking Oil (Family Pack)
T003431,Surf Excel Detergent (1L)
T003432,Adams Cheese (1L)
T003433,National Spices (200ml)
T003434,Nurpur Butter (500g)
T003435,Nurpur Butter (Family Pack)
T003436,Adams Cheese (250g)
T003437,Pantene Shampoo (200ml)
T003438,Olpers Milk (Pack of 6)
T003439,LU Biscuits (Pack of 6)
T003440,Cadbury Chocolate (500ml)
T003441,LU Biscuits (Pack of 6)
T003442,National Ketchup (500g)
T003443,Lipton Tea (1kg)
T003444,Olpers Milk (Pack of 6)
T003445,Lipton Tea (1L)
T003446,Lipton Tea (500ml)
T003447,Vim Dishwash (Pack of 6)
T003448,Olpers Milk (Pack of 6)
T003449,Lays Chips (500ml)
T003450,Cadbury Chocolate (500ml)
T003451,Nestle Yogurt (Pack of 6)
T003452,Coca-Cola Soft Drinks (200ml)
T003453,Bake Parlour Bread (500g)
T003454,Pepsi Soft Drinks (250g)
T003455,Nurpur Butter (500g)
T003456,Adams Cheese (Family Pack)
T003457,Dalda Cooking Oil (500ml)
T003458,Adams Cheese (1L)
T003459,National Spices (250g)
T003460,Nestle Juices (250g)
T003461,Guard Rice (500ml)
T003462,Nestle Yogurt (Pack of 6)
T003463,Thal Sugar (200ml)
T003464,Sinar Notebooks (Pack of 6)
T003465,Menu Frozen Nuggets (500g)
T003466,Local Farm Vegetables (500g)
T003467,Adams Cheese (1L)
T003468,Menu Frozen Nuggets (500ml)
T003469,Shezan Juices (500ml)
T003470,Olpers Milk (Pack of 6)
T003471,Pepsi Soft Drinks (250g)
T003472,Bake Parlour Cakes (1L)
T003473,Aquafina Water (1kg)
T003474,Surf Excel Detergent (1L)
T003475,Sunridge Flour (Atta) (1L)
T003476,Pepsi Soft Drinks (Pack of 6)
T003477,Nestle Yogurt (Pack of 6)
T003478,Olpers Milk (500g)
T003479,Nurpur Butter (Pack of 6)
T003480,Pantene Shampoo (1kg)
T003481,Lipton Tea (1L)
T003482,National Ketchup (500ml)
T003483,Bake Parlour Bread (500g)
T003484,Bake Parlour Cakes (250g)
T003485,Bake Parlour Bread (500g)
T003486,LU Biscuits (Pack of 6)
T003487,Colgate Toothpaste (Pack of 6)
T003488,Pepsi Soft Drinks (250g)
T003489,Sunridge Flour (Atta) (1L)
T003490,Adams Cheese (Family Pack)
T003491,Sunridge Flour (Atta) (1L)
T003492,National Ketchup (1kg)
T003493,Bake Parlour Cakes (1L)
T003494,Cadbury Chocolate (Pack of 6)
T003495,Guard Rice (500g)
T003496,Pantene Shampoo (Family Pack)
T003497,National Spices (Family Pack)
T003498,Thal Sugar (200ml)
T003499,Lays Chips (500ml)
T003500,Coca-Cola Soft Drinks (200ml)
T003501,Nestle Yogurt (250g)
T003502,Lux Soap (500ml)
T003503,Menu Frozen Nuggets (500ml)
T003504,Pepsi Soft Drinks (1kg)
T003505,Olpers Milk (Pack of 6)
T003506,Olpers Milk (Pack of 6)
T003507,Bake Parlour Bread (1kg)
T003508,Pampers Diapers (250g)
T003509,Menu Frozen Nuggets (Pack of 6)
T003510,Lays Chips (Family Pack)
T003511,Coca-Cola Soft Drinks (200ml)
T003512,Adams Cheese (Family Pack)
T003513,Bake Parlour Bread (500g)
T003514,Dalda Cooking Oil (Family Pack)
T003515,Cadbury Chocolate (Pack of 6)
T003516,Menu Frozen Nuggets (500g)
T003517,LU Biscuits (Pack of 6)
T003518,Menu Frozen Nuggets (500ml)
T003519,Vim Dishwash (Family Pack)
T003520,National Ketchup (500ml)
T003521,Lipton Tea (500ml)
T003522,Cadbury Chocolate (200ml)
T003523,Lux Soap (500g)
T003524,Sinar Notebooks (500ml)
T003525,Pantene Shampoo (1L)
T003526,Sunridge Flour (Atta) (Family Pack)
T003527,Nestle Juices (250g)
T003528,Lipton Tea (1kg)
T003529,Olpers Milk (500g)
T003530,Sinar Notebooks (Family Pack)
T003531,Coca-Cola Soft Drinks (200ml)
T003532,Nurpur Butter (Family Pack)
T003533,Vim Dishwash (1L)
T003534,Nestle Yogurt (250g)
T003535,Nurpur Butter (Family Pack)
T003536,Pampers Diapers (250g)
T003537,Adams Cheese (250g)
T003538,Coca-Cola Soft Drinks (200ml)
T003539,Shezan Juices (500ml)
T003540,Nestle Juices (250g)
T003541,Coca-Cola Soft Drinks (200ml)
T003542,Sinar Notebooks (1kg)
T003543,Cadbury Chocolate (200ml)
T003544,Pampers Diapers (250g)
T003545,Lux Soap (1L)
T003546,Cadbury Chocolate (250g)
T003547,Thal Sugar (200ml)
T003548,LU Biscuits (1kg)
T003549,Thal Sugar (Family Pack)
T003550,Thal Sugar (Family Pack)
T003551,Shezan Juices (Family Pack)
T003552,Olpers Milk (Pack of 6)
T003553,Pampers Diapers (200ml)
T003554,Aquafina Water (Pack of 6)
T003555,Pepsi Soft Drinks (1kg)
T003556,Olpers Milk (Pack of 6)
T003557,Lays Chips (250g)
T003558,Thal Sugar (Family Pack)
T003559,Local Farm Vegetables (250g)
T003560,Thal Sugar (Family Pack)
T003561,Guard Rice (1kg)
T003562,Cadbury Chocolate (Pack of 6)
T003563,Vim Dishwash (Family Pack)
T003564,Colgate Toothpaste (Pack of 6)
T003565,Vim Dishwash (Pack of 6)
T003566,Cadbury Chocolate (200ml)
T003567,Adams Cheese (1kg)
T003568,Adams Cheese (Pack of 6)
T003569,Adams Cheese (1L)
T003570,LU Biscuits (Pack of 6)
T003571,Pepsi Soft Drinks (Pack of 6)
T003572,Aquafina Water (500ml)
T003573,Nestle Juices (1kg)
T003574,Colgate Toothpaste (250g)
T003575,Sinar Notebooks (Pack of 6)
T003576,Walls Ice Cream (Family Pack)
T003577,Guard Rice (1L)
T003578,LU Biscuits (Pack of 6)
T003579,Walls Ice Cream (Pack of 6)
T003580,LU Biscuits (Pack of 6)
T003581,Local Farm Vegetables (500ml)
T003582,Nurpur Butter (500ml)
T003583,Shezan Juices (500ml)
T003584,Nestle Juices (1kg)
T003585,Local Farm Fruits (500ml)
T003586,National Ketchup (500ml)
T003587,Pantene Shampoo (1L)
T003588,LU Biscuits (500ml)
T003589,Lipton Tea (500ml)
T003590,Shezan Juices (1kg)
T003591,Local Farm Fruits (Pack of 6)
T003592,Vim Dishwash (500ml)
T003593,Pampers Diapers (500g)
T003594,Pampers Diapers (250g)
T003595,LU Biscuits (Pack of 6)
T003596,Colgate Toothpaste (250g)
T003597,Lipton Tea (1kg)
T003598,Aquafina Water (1kg)
T003599,Vim Dishwash (1L)
T003600,Nestle Yogurt (1kg)
T003601,LU Biscuits (Pack of 6)
T003602,LU Biscuits (Pack of 6)
T003603,Surf Excel Detergent (500ml)
T003604,National Ketchup (500ml)
T003605,Vim Dishwash (1L)
T003606,Guard Rice (1kg)
T003607,Lipton Tea (500ml)
T003608,Pantene Shampoo (Family Pack)
T003609,Pepsi Soft Drinks (Pack of 6)
T003610,Pampers Diapers (500g)
T003611,Olpers Milk (Pack of 6)
T003612,Pantene Shampoo (1L)
T003613,Olpers Milk (Pack of 6)
T003614,Aquafina Water (1kg)
T003615,Colgate Toothpaste (250g)
T003616,Vim Dishwash (1L)
T003617,Nestle Yogurt (Pack of 6)
T003618,Surf Excel Detergent (1L)
T003619,Cadbury Chocolate (Pack of 6)
T003620,Olpers Milk (Pack of 6)
T003621,Local Farm Vegetables (250g)
T003622,Guard Rice (1kg)
T003623,Pantene Shampoo (1L)
T003624,Sunridge Flour (Atta) (1L)
T003625,Adams Cheese (Family Pack)
T003626,Pantene Shampoo (Pack of 6)
T003627,LU Biscuits (Pack of 6)
T003628,Lux Soap (1L)
T003629,Thal Sugar (Family Pack)
T003630,Bake Parlour Cakes (250g)
T003631,National Spices (250g)
T003632,Guard Rice (1kg)
T003633,Surf Excel Detergent (1L)
T003634,Sinar Notebooks (Family Pack)
T003635,LU Biscuits (1kg)
T003636,Nestle Juices (1kg)
T003637,Adams Cheese (Pack of 6)
T003638,National Spices (200ml)
T003639,Lux Soap (500g)
T003640,Pantene Shampoo (1kg)
T003641,National Spices (250g)
T003642,Bake Parlour Cakes (1L)
T003643,Menu Frozen Nuggets (1L)
T003644,Lays Chips (250g)
T003645,Thal Sugar (Family Pack)
T003646,Lipton Tea (500ml)
T003647,Cadbury Chocolate (250g)
T003648,Olpers Milk (Pack of 6)
T003649,Colgate Toothpaste (250g)
T003650,Menu Frozen Nuggets (1L)
T003651,Surf Excel Detergent (500ml)
T003652,Olpers Milk (200ml)
T003653,Nestle Yogurt (Pack of 6)
T003654,Pantene Shampoo (Family Pack)
T003655,Dalda Cooking Oil (250g)
T003656,Nurpur Butter (Family Pack)
T003657,Nurpur Butter (500ml)
T003658,Surf Excel Detergent (500ml)
T003659,LU Biscuits (500ml)
T003660,LU Biscuits (Pack of 6)
T003661,Guard Rice (1kg)
T003662,Sunridge Flour (Atta) (500ml)
T003663,Vim Dishwash (Pack of 6)
T003664,LU Biscuits (Pack of 6)
T003665,Pampers Diapers (500g)
T003666,Nestle Yogurt (Pack of 6)
T003667,National Ketchup (Pack of 6)
T003668,Shezan Juices (1L)
T003669,Thal Sugar (1L)
T003670,Shezan Juices (Family Pack)
T003671,Lux Soap (500g)
T003672,Bake Parlour Cakes (500ml)
T003673,Walls Ice Cream (500ml)
T003674,Aquafina Water (500g)
T003675,Sinar Notebooks (1kg)
T003676,National Spices (250g)
T003677,Menu Frozen Nuggets (200ml)
T003678,Coca-Cola Soft Drinks (200ml)
T003679,LU Biscuits (500ml)
T003680,Aquafina Water (500g)
T003681,National Ketchup (250g)
T003682,Lays Chips (500ml)
T003683,Walls Ice Cream (200ml)
T003684,Nestle Yogurt (Pack of 6)
T003685,Bake Parlour Bread (Pack of 6)
T003686,Pantene Shampoo (Pack of 6)
T003687,Sinar Notebooks (500ml)
T003688,Menu Frozen Nuggets (Pack of 6)
T003689,Cadbury Chocolate (Pack of 6)
T003690,Nurpur Butter (500g)
T003691,Adams Cheese (1L)
T003692,Adams Cheese (Pack of 6)
T003693,Lux Soap (500ml)
T003694,Sinar Notebooks (Family Pack)
T003695,Bake Parlour Cakes (250g)
T003696,Nestle Juices (250g)
T003697,Pampers Diapers (200ml)
T003698,Bake Parlour Bread (Pack of 6)
T003699,Lux Soap (500ml)
T003700,Local Farm Vegetables (500g)
T003701,Bake Parlour Bread (Pack of 6)
T003702,Sinar Notebooks (500ml)
T003703,Cadbury Chocolate (Pack of 6)
T003704,Nurpur Butter (500g)
T003705,Bake Parlour Bread (1kg)
T003706,Surf Excel Detergent (500ml)
T003707,Olpers Milk (Pack of 6)
T003708,Pampers Diapers (500g)
T003709,National Ketchup (1L)
T003710,Nestle Juices (500ml)
T003711,Shezan Juices (1L)
T003712,Walls Ice Cream (200ml)
T003713,Walls Ice Cream (1kg)
T003714,Nurpur Butter (500g)
T003715,Vim Dishwash (Family Pack)
T003716,Surf Excel Detergent (1L)
T003717,Shezan Juices (1kg)
T003718,Lipton Tea (1kg)
T003719,Menu Frozen Nuggets (200ml)
T003720,National Spices (500ml)
T003721,Guard Rice (1kg)
T003722,Aquafina Water (500ml)
T003723,Bake Parlour Bread (500g)
T003724,National Spices (250g)
T003725,LU Biscuits (Pack of 6)
T003726,Cadbury Chocolate (Pack of 6)
T003727,Thal Sugar (Family Pack)
T003728,Pampers Diapers (250g)
T003729,Sinar Notebooks (1kg)
T003730,Pantene Shampoo (200ml)
T003731,Olpers Milk (Pack of 6)
T003732,Sunridge Flour (Atta) (Family Pack)
T003733,Walls Ice Cream (Family Pack)
T003734,LU Biscuits (Pack of 6)
T003735,Nestle Juices (250g)
T003736,Menu Frozen Nuggets (500ml)
T003737,Pantene Shampoo (Family Pack)
T003738,National Ketchup (Pack of 6)
T003739,Bake Parlour Bread (500g)
T003740,Pantene Shampoo (Family Pack)
T003741,Nestle Juices (1kg)
T003742,Local Farm Vegetables (500ml)
T003743,Pantene Shampoo (1L)
T003744,Sunridge Flour (Atta) (500ml)
T003745,Adams Cheese (250g)
T003746,Guard Rice (500ml)
T003747,Pantene Shampoo (Pack of 6)
T003748,Sinar Notebooks (Family Pack)
T003749,Menu Frozen Nuggets (500g)
T003750,Dalda Cooking Oil (250g)
T003751,Lipton Tea (1L)
T003752,Nurpur Butter (Pack of 6)
T003753,Nestle Yogurt (Pack of 6)
T003754,Vim Dishwash (500ml)
T003755,Nurpur Butter (Family Pack)
T003756,National Spices (250g)
T003757,Sunridge Flour (Atta) (250g)
T003758,Walls Ice Cream (250g)
T003759,Surf Excel Detergent (Pack of 6)
T003760,Vim Dishwash (Pack of 6)
T003761,National Ketchup (500ml)
T003762,Cadbury Chocolate (250g)
T003763,Lays Chips (Family Pack)
T003764,Olpers Milk (200ml)
T003765,Surf Excel Detergent (500ml)
T003766,Sunridge Flour (Atta) (1L)
T003767,Sunridge Flour (Atta) (1L)
T003768,Dalda Cooking Oil (500g)
T003769,Cadbury Chocolate (Pack of 6)
T003770,Bake Parlour Bread (Family Pack)
T003771,LU Biscuits (1kg)
T003772,Menu Frozen Nuggets (500ml)
T003773,Menu Frozen Nuggets (Pack of 6)
T003774,Menu Frozen Nuggets (1L)
T003775,LU Biscuits (Pack of 6)
T003776,Lays Chips (250g)
T003777,Sinar Notebooks (Family Pack)
T003778,Lays Chips (500ml)
T003779,Sinar Notebooks (Family Pack)
T003780,Local Farm Fruits (Pack of 6)
T003781,National Spices (250g)
T003782,Nestle Juices (1kg)
T003783,National Ketchup (250g)
T003784,Dalda Cooking Oil (500ml)
T003785,Guard Rice (500ml)
T003786,Dalda Cooking Oil (250g)
T003787,Guard Rice (1L)
T003788,National Ketchup (500g)
T003789,Dalda Cooking Oil (250g)
T003790,Lays Chips (500ml)
T003791,Lipton Tea (250g)
T003792,Menu Frozen Nuggets (500ml)
T003793,Nurpur Butter (Pack of 6)
T003794,Local Farm Fruits (500ml)
T003795,Bake Parlour Cakes (500ml)
T003796,Sunridge Flour (Atta) (500ml)
T003797,Vim Dishwash (500ml)
T003798,Menu Frozen Nuggets (500ml)
T003799,LU Biscuits (Pack of 6)
T003800,Lipton Tea (1kg)
T003801,Nestle Yogurt (250g)
T003802,Sinar Notebooks (1kg)
T003803,Dalda Cooking Oil (500g)
T003804,National Ketchup (1kg)
T003805,Olpers Milk (200ml)
T003806,Pantene Shampoo (Family Pack)
T003807,Thal Sugar (Family Pack)
T003808,National Ketchup (Pack of 6)
T003809,Walls Ice Cream (Pack of 6)
T003810,Colgate Toothpaste (200ml)
T003811,Sunridge Flour (Atta) (1L)
T003812,Local Farm Vegetables (250g)
T003813,Pantene Shampoo (Family Pack)
T003814,Nestle Juices (250g)
T003815,Sunridge Flour (Atta) (1L)
T003816,National Ketchup (1kg)
T003817,Local Farm Fruits (500g)
T003818,Nestle Yogurt (250g)
T003819,Sunridge Flour (Atta) (1L)
T003820,Lays Chips (500ml)
T003821,Menu Frozen Nuggets (500ml)
T003822,Vim Dishwash (500ml)
T003823,Coca-Cola Soft Drinks (200ml)
T003824,Thal Sugar (Family Pack)
T003825,Guard Rice (1L)
T003826,Sunridge Flour (Atta) (1L)
T003827,Coca-Cola Soft Drinks (200ml)
T003828,Coca-Cola Soft Drinks (200ml)
T003829,Pepsi Soft Drinks (1kg)
T003830,LU Biscuits (500ml)
T003831,Lipton Tea (1kg)
T003832,Nurpur Butter (Family Pack)
T003833,Dalda Cooking Oil (500g)
T003834,Guard Rice (1kg)
T003835,Pepsi Soft Drinks (250g)
T003836,Pepsi Soft Drinks (250g)
T003837,Olpers Milk (200ml)
T003838,Coca-Cola Soft Drinks (500g)
T003839,LU Biscuits (500ml)
T003840,Guard Rice (1kg)
T003841,Sunridge Flour (Atta) (500ml)
T003842,National Spices (Family Pack)
T003843,Lays Chips (250g)
T003844,Lays Chips (500ml)
T003845,Sinar Notebooks (Family Pack)
T003846,Nestle Juices (250g)
T003847,Sinar Notebooks (1kg)
T003848,Surf Excel Detergent (1L)
T003849,Lays Chips (500ml)
T003850,Bake Parlour Bread (Pack of 6)
T003851,National Ketchup (Pack of 6)
T003852,Coca-Cola Soft Drinks (200ml)
T003853,Vim Dishwash (Family Pack)
T003854,Sinar Notebooks (1kg)
T003855,Cadbury Chocolate (500ml)
T003856,Nestle Yogurt (Pack of 6)
T003857,LU Biscuits (500ml)
T003858,Olpers Milk (Pack of 6)
T003859,Pepsi Soft Drinks (250g)
T003860,Surf Excel Detergent (Pack of 6)
T003861,Sunridge Flour (Atta) (Family Pack)
T003862,Sinar Notebooks (500ml)
T003863,Bake Parlour Bread (500g)
T003864,Sunridge Flour (Atta) (Family Pack)
T003865,National Ketchup (500g)
T003866,Sunridge Flour (Atta) (1L)
T003867,Sinar Notebooks (1kg)
T003868,Local Farm Vegetables (500g)
T003869,National Spices (500ml)
T003870,Adams Cheese (1kg)
T003871,Bake Parlour Bread (Pack of 6)
T003872,Lux Soap (500g)
T003873,Adams Cheese (1L)
T003874,Shezan Juices (1L)
T003875,Pantene Shampoo (200ml)
T003876,Shezan Juices (1L)
T003877,Aquafina Water (500g)
T003878,National Ketchup (1kg)
T003879,Pantene Shampoo (Family Pack)
T003880,Surf Excel Detergent (1L)
T003881,Dalda Cooking Oil (250g)
T003882,Pantene Shampoo (1L)
T003883,Sinar Notebooks (1kg)
T003884,Vim Dishwash (Family Pack)
T003885,Sunridge Flour (Atta) (1L)
T003886,Pampers Diapers (500g)
T003887,National Spices (250g)
T003888,Dalda Cooking Oil (500ml)
T003889,Lipton Tea (500ml)
T003890,LU Biscuits (500ml)
T003891,Vim Dishwash (1L)
T003892,Aquafina Water (1kg)
T003893,Dalda Cooking Oil (250g)
T003894,Cadbury Chocolate (Pack of 6)
T003895,Lux Soap (500g)
T003896,Nestle Juices (250g)
T003897,Nestle Yogurt (Pack of 6)
T003898,Pepsi Soft Drinks (1kg)
T003899,Coca-Cola Soft Drinks (500g)
T003900,Bake Parlour Bread (Pack of 6)
T003901,Pepsi Soft Drinks (250g)
T003902,Colgate Toothpaste (200ml)
T003903,National Spices (500ml)
T003904,Vim Dishwash (1L)
T003905,Lipton Tea (1L)
T003906,Nestle Juices (500ml)
T003907,Colgate Toothpaste (Pack of 6)
T003908,Surf Excel Detergent (1L)
T003909,Guard Rice (1L)
T003910,Pampers Diapers (500g)
T003911,Thal Sugar (1L)
T003912,Dalda Cooking Oil (500g)
T003913,Coca-Cola Soft Drinks (Family Pack)
T003914,Nestle Juices (1kg)
T003915,National Spices (500ml)
T003916,Olpers Milk (500g)
T003917,Walls Ice Cream (1kg)
T003918,Pampers Diapers (500g)
T003919,Sunridge Flour (Atta) (500ml)
T003920,Bake Parlour Cakes (500ml)
T003921,Lux Soap (1L)
T003922,Menu Frozen Nuggets (1L)
T003923,Olpers Milk (Pack of 6)
T003924,Coca-Cola Soft Drinks (500g)
T003925,Walls Ice Cream (200ml)
T003926,Bake Parlour Cakes (500ml)
T003927,Cadbury Chocolate (Pack of 6)
T003928,Sunridge Flour (Atta) (1L)
T003929,Vim Dishwash (500ml)
T003930,Nestle Juices (250g)
T003931,Pepsi Soft Drinks (Pack of 6)
T003932,Menu Frozen Nuggets (Pack of 6)
T003933,National Spices (Family Pack)
T003934,Adams Cheese (1kg)
T003935,Walls Ice Cream (200ml)
T003936,Lux Soap (500g)
T003937,Sunridge Flour (Atta) (500ml)
T003938,Sinar Notebooks (1kg)
T003939,Pampers Diapers (250g)
T003940,National Ketchup (1L)
T003941,Dalda Cooking Oil (Family Pack)
T003942,Guard Rice (1kg)
T003943,National Spices (250g)
T003944,LU Biscuits (1kg)
T003945,Walls Ice Cream (500ml)
T003946,LU Biscuits (Pack of 6)
T003947,National Ketchup (Pack of 6)
T003948,Bake Parlour Bread (Family Pack)
T003949,Colgate Toothpaste (250g)
T003950,Shezan Juices (1L)
T003951,Bake Parlour Bread (500g)
T003952,Vim Dishwash (500ml)
T003953,Local Farm Fruits (Pack of 6)
T003954,National Spices (250g)
T003955,Bake Parlour Cakes (250g)
T003956,Vim Dishwash (1L)
T003957,Surf Excel Detergent (500ml)
T003958,Olpers Milk (200ml)
T003959,Thal Sugar (Family Pack)
T003960,Lipton Tea (250g)
T003961,Walls Ice Cream (Family Pack)
T003962,Dalda Cooking Oil (Family Pack)
T003963,Cadbury Chocolate (Pack of 6)
T003964,Lipton Tea (1L)
T003965,Lux Soap (1L)
T003966,Nurpur Butter (500ml)
T003967,LU Biscuits (1kg)
T003968,Pepsi Soft Drinks (250g)
T003969,Bake Parlour Cakes (500ml)
T003970,Nestle Juices (250g)
T003971,Surf Excel Detergent (Pack of 6)
T003972,Walls Ice Cream (Pack of 6)
T003973,Dalda Cooking Oil (Family Pack)
T003974,Pampers Diapers (250g)
T003975,Local Farm Fruits (500g)
T003976,Menu Frozen Nuggets (Pack of 6)
T003977,Surf Excel Detergent (Pack of 6)
T003978,LU Biscuits (Pack of 6)
T003979,Coca-Cola Soft Drinks (Family Pack)
T003980,Bake Parlour Bread (Family Pack)
T003981,Lays Chips (500ml)
T003982,Lux Soap (1L)
T003983,Nurpur Butter (500ml)
T003984,Colgate Toothpaste (250g)
T003985,Nestle Juices (1kg)
T003986,Cadbury Chocolate (Pack of 6)
T003987,Adams Cheese (Family Pack)
T003988,Walls Ice Cream (Family Pack)
T003989,Pepsi Soft Drinks (Pack of 6)
T003990,Nestle Juices (250g)
T003991,Thal Sugar (Family Pack)
T003992,Adams Cheese (Family Pack)
T003993,Bake Parlour Cakes (250g)
T003994,Nestle Juices (500ml)
T003995,Olpers Milk (Pack of 6)
T003996,Adams Cheese (Pack of 6)
T003997,Thal Sugar (Family Pack)
T003998,Bake Parlour Bread (1kg)
T003999,Sinar Notebooks (Family Pack)
T004000,Bake Parlour Bread (500g)
T004001,Sinar Notebooks (Family Pack)
T004002,Lipton Tea (250g)
T004003,Nestle Juices (250g)
T004004,Cadbury Chocolate (200ml)
T004005,Pepsi Soft Drinks (1kg)
T004006,Sinar Notebooks (Pack of 6)
T004007,Sinar Notebooks (Family Pack)
T004008,Bake Parlour Cakes (1L)
T004009,Menu Frozen Nuggets (500g)
T004010,Shezan Juices (1kg)
T004011,Menu Frozen Nuggets (1L)
T004012,Nurpur Butter (500ml)
T004013,Walls Ice Cream (Pack of 6)
T004014,Lays Chips (Family Pack)
T004015,Bake Parlour Bread (500g)
T004016,Walls Ice Cream (1kg)
T004017,Pampers Diapers (250g)
T004018,LU Biscuits (Pack of 6)
T004019,LU Biscuits (Pack of 6)
T004020,Shezan Juices (Family Pack)
T004021,Walls Ice Cream (250g)
T004022,Bake Parlour Bread (Pack of 6)
T004023,Bake Parlour Cakes (1L)
T004024,National Spices (500ml)
T004025,Aquafina Water (500ml)
T004026,Cadbury Chocolate (250g)
T004027,Surf Excel Detergent (1L)
T004028,Bake Parlour Bread (1L)
T004029,Nurpur Butter (Family Pack)
T004030,National Ketchup (250g)
T004031,Adams Cheese (Pack of 6)
T004032,Lux Soap (500ml)
T004033,Walls Ice Cream (200ml)
T004034,Walls Ice Cream (200ml)
T004035,Aquafina Water (500ml)
T004036,Bake Parlour Cakes (250g)
T004037,Nestle Juices (1kg)
T004038,National Ketchup (500ml)
T004039,Guard Rice (1kg)
T004040,Thal Sugar (Family Pack)
T004041,Bake Parlour Bread (Pack of 6)
T004042,Menu Frozen Nuggets (1L)
T004043,Coca-Cola Soft Drinks (200ml)
T004044,Surf Excel Detergent (1L)
T004045,Lipton Tea (1L)
T004046,Lipton Tea (500ml)
T004047,Bake Parlour Cakes (500ml)
T004048,Local Farm Vegetables (1kg)
T004049,Nestle Juices (250g)
T004050,Thal Sugar (Family Pack)
T004051,Adams Cheese (250g)
T004052,Bake Parlour Bread (1kg)
T004053,Coca-Cola Soft Drinks (200ml)
T004054,Bake Parlour Cakes (250g)
T004055,Dalda Cooking Oil (500ml)
T004056,Olpers Milk (Pack of 6)
T004057,Guard Rice (1kg)
T004058,Bake Parlour Cakes (500ml)
T004059,Pantene Shampoo (1kg)
T004060,Surf Excel Detergent (500ml)
T004061,Bake Parlour Bread (500g)
T004062,Pepsi Soft Drinks (250g)
T004063,LU Biscuits (Pack of 6)
T004064,Vim Dishwash (1L)
T004065,Coca-Cola Soft Drinks (200ml)
T004066,Thal Sugar (1L)
T004067,Lipton Tea (1kg)
T004068,LU Biscuits (500ml)
T004069,Sinar Notebooks (Family Pack)
T004070,Bake Parlour Bread (Pack of 6)
T004071,Bake Parlour Bread (500g)
T004072,Cadbury Chocolate (Pack of 6)
T004073,Local Farm Vegetables (250g)
T004074,Lipton Tea (1L)
T004075,Sinar Notebooks (Family Pack)
T004076,Dalda Cooking Oil (Family Pack)
T004077,Bake Parlour Cakes (1L)
T004078,Local Farm Fruits (200ml)
T004079,Dalda Cooking Oil (250g)
T004080,Bake Parlour Cakes (1L)
T004081,Bake Parlour Bread (Pack of 6)
T004082,LU Biscuits (1kg)
T004083,Vim Dishwash (Pack of 6)
T004084,LU Biscuits (Pack of 6)
T004085,Dalda Cooking Oil (Family Pack)
T004086,Lux Soap (1L)
T004087,Local Farm Fruits (500g)
T004088,Bake Parlour Cakes (500ml)
T004089,LU Biscuits (Pack of 6)
T004090,Local Farm Vegetables (500ml)
T004091,Guard Rice (500g)
T004092,Thal Sugar (1L)
T004093,Surf Excel Detergent (500ml)
T004094,Nestle Yogurt (Pack of 6)
T004095,Walls Ice Cream (Pack of 6)
T004096,Surf Excel Detergent (500ml)
T004097,Pantene Shampoo (1kg)
T004098,Coca-Cola Soft Drinks (200ml)
T004099,Bake Parlour Bread (1L)
T004100,Shezan Juices (1L)
T004101,Menu Frozen Nuggets (Pack of 6)
T004102,Menu Frozen Nuggets (500ml)
T004103,Vim Dishwash (Pack of 6)
T004104,Dalda Cooking Oil (500g)
T004105,Shezan Juices (500ml)
T004106,Dalda Cooking Oil (250g)
T004107,Local Farm Fruits (200ml)
T004108,Nestle Yogurt (250g)
T004109,Menu Frozen Nuggets (Pack of 6)
T004110,LU Biscuits (Pack of 6)
T004111,National Ketchup (500ml)
T004112,LU Biscuits (Pack of 6)
T004113,Thal Sugar (Family Pack)
T004114,Thal Sugar (Family Pack)
T004115,Nurpur Butter (Pack of 6)
T004116,Lux Soap (250g)
T004117,Colgate Toothpaste (200ml)
T004118,Bake Parlour Cakes (1L)
T004119,Aquafina Water (500ml)
T004120,Menu Frozen Nuggets (500g)
T004121,Nurpur Butter (500g)
T004122,Thal Sugar (200ml)
T004123,Olpers Milk (Pack of 6)
T004124,LU Biscuits (Pack of 6)
T004125,Local Farm Vegetables (250g)
T004126,Menu Frozen Nuggets (500ml)
T004127,National Ketchup (Pack of 6)
T004128,National Spices (250g)
T004129,Walls Ice Cream (200ml)
T004130,Bake Parlour Bread (Family Pack)
T004131,Adams Cheese (Family Pack)
T004132,Bake Parlour Cakes (500ml)
T004133,Guard Rice (500ml)
T004134,Dalda Cooking Oil (500ml)
T004135,Bake Parlour Bread (1L)
T004136,Colgate Toothpaste (Pack of 6)
T004137,Guard Rice (1kg)
T004138,Pampers Diapers (250g)
T004139,Cadbury Chocolate (Pack of 6)
T004140,Cadbury Chocolate (Pack of 6)
T004141,Sunridge Flour (Atta) (1L)
T004142,Sinar Notebooks (Family Pack)
T004143,Pampers Diapers (500g)
T004144,National Ketchup (1kg)
T004145,Pepsi Soft Drinks (Pack of 6)
T004146,Vim Dishwash (1L)
T004147,Lux Soap (250g)
T004148,National Spices (500ml)
T004149,Walls Ice Cream (200ml)
T004150,Dalda Cooking Oil (500g)
T004151,Lays Chips (500ml)
T004152,Shezan Juices (500ml)
T004153,Bake Parlour Cakes (1L)
T004154,Olpers Milk (500g)
T004155,Menu Frozen Nuggets (Pack of 6)
T004156,Bake Parlour Cakes (500ml)
T004157,Coca-Cola Soft Drinks (200ml)
T004158,Surf Excel Detergent (Pack of 6)
T004159,Lux Soap (250g)
T004160,Pampers Diapers (500g)
T004161,Menu Frozen Nuggets (200ml)
T004162,National Spices (250g)
T004163,Sinar Notebooks (Pack of 6)
T004164,Lipton Tea (1L)
T004165,Guard Rice (1kg)
T004166,Menu Frozen Nuggets (200ml)
T004167,Shezan Juices (Family Pack)
T004168,Pantene Shampoo (Pack of 6)
T004169,Coca-Cola Soft Drinks (200ml)
T004170,Shezan Juices (Family Pack)
T004171,Sinar Notebooks (500ml)
T004172,Thal Sugar (Family Pack)
T004173,Nestle Yogurt (Pack of 6)
T004174,Vim Dishwash (1L)
T004175,Pantene Shampoo (1kg)
T004176,Shezan Juices (Family Pack)
T004177,Colgate Toothpaste (Pack of 6)
T004178,Colgate Toothpaste (250g)
T004179,Adams Cheese (Family Pack)
T004180,Aquafina Water (1kg)
T004181,Bake Parlour Bread (Family Pack)
T004182,National Ketchup (Pack of 6)
T004183,Menu Frozen Nuggets (500g)
T004184,Dalda Cooking Oil (250g)
T004185,Aquafina Water (500ml)
T004186,Menu Frozen Nuggets (1L)
T004187,LU Biscuits (Pack of 6)
T004188,National Spices (Family Pack)
T004189,Cadbury Chocolate (250g)
T004190,Bake Parlour Bread (1kg)
T004191,Cadbury Chocolate (Pack of 6)
T004192,Lux Soap (1L)
T004193,Thal Sugar (200ml)
T004194,Lays Chips (Family Pack)
T004195,Vim Dishwash (1L)
T004196,Lipton Tea (1L)
T004197,Bake Parlour Bread (1kg)
T004198,Menu Frozen Nuggets (1L)
T004199,Coca-Cola Soft Drinks (500g)
T004200,Walls Ice Cream (250g)
T004201,Pantene Shampoo (1L)
T004202,Vim Dishwash (500ml)
T004203,Guard Rice (1kg)
T004204,Nestle Juices (250g)
T004205,Cadbury Chocolate (200ml)
T004206,Local Farm Fruits (200ml)
T004207,Sinar Notebooks (Family Pack)
T004208,Nurpur Butter (Pack of 6)
T004209,Shezan Juices (1kg)
T004210,National Spices (200ml)
T004211,National Spices (200ml)
T004212,Aquafina Water (1kg)
T004213,Coca-Cola Soft Drinks (200ml)
T004214,Menu Frozen Nuggets (1L)
T004215,Sinar Notebooks (1kg)
T004216,Sinar Notebooks (Family Pack)
T004217,Vim Dishwash (Pack of 6)
T004218,Shezan Juices (1L)
T004219,Vim Dishwash (1L)
T004220,Shezan Juices (1kg)
T004221,Vim Dishwash (Pack of 6)
T004222,Pantene Shampoo (Pack of 6)
T004223,Menu Frozen Nuggets (1L)
T004224,Cadbury Chocolate (Pack of 6)
T004225,Nurpur Butter (500ml)
T004226,Local Farm Vegetables (250g)
T004227,Sinar Notebooks (Family Pack)
T004228,Vim Dishwash (Family Pack)
T004229,Colgate Toothpaste (250g)
T004230,Coca-Cola Soft Drinks (200ml)
T004231,Adams Cheese (1kg)
T004232,Pepsi Soft Drinks (250g)
T004233,Vim Dishwash (Pack of 6)
T004234,LU Biscuits (Pack of 6)
T004235,Adams Cheese (Family Pack)
T004236,Surf Excel Detergent (Pack of 6)
T004237,Bake Parlour Bread (1L)
T004238,Pantene Shampoo (1L)
T004239,Lux Soap (500ml)
T004240,Coca-Cola Soft Drinks (200ml)
T004241,Menu Frozen Nuggets (500g)
T004242,Pampers Diapers (500g)
T004243,Walls Ice Cream (200ml)
T004244,Vim Dishwash (Family Pack)
T004245,Cadbury Chocolate (Pack of 6)
T004246,Bake Parlour Bread (500g)
T004247,National Ketchup (Pack of 6)
T004248,Vim Dishwash (Family Pack)
T004249,Sunridge Flour (Atta) (500ml)
T004250,Shezan Juices (1kg)
T004251,Sinar Notebooks (Family Pack)
T004252,Adams Cheese (1kg)
T004253,Local Farm Fruits (200ml)
T004254,Bake Parlour Bread (1L)
T004255,LU Biscuits (Pack of 6)
T004256,Sunridge Flour (Atta) (Family Pack)
T004257,Lipton Tea (1L)
T004258,Olpers Milk (500g)
T004259,Menu Frozen Nuggets (1L)
T004260,Cadbury Chocolate (Pack of 6)
T004261,Guard Rice (1L)
T004262,Local Farm Vegetables (500ml)
T004263,Pantene Shampoo (Pack of 6)
T004264,Lays Chips (250g)
T004265,Olpers Milk (Pack of 6)
T004266,Aquafina Water (1kg)
T004267,Coca-Cola Soft Drinks (200ml)
T004268,Guard Rice (1kg)
T004269,National Spices (250g)
T004270,Sinar Notebooks (Family Pack)
T004271,Cadbury Chocolate (500ml)
T004272,Local Farm Fruits (Pack of 6)
T004273,Shezan Juices (500ml)
T004274,Pantene Shampoo (200ml)
T004275,Local Farm Vegetables (250g)
T004276,Lux Soap (500g)
T004277,Colgate Toothpaste (200ml)
T004278,LU Biscuits (1kg)
T004279,Bake Parlour Cakes (500ml)
T004280,Local Farm Vegetables (500g)
T004281,Nestle Yogurt (250g)
T004282,Nestle Yogurt (1kg)
T004283,Lipton Tea (1L)
T004284,Pampers Diapers (500g)
T004285,Lipton Tea (250g)
T004286,Coca-Cola Soft Drinks (Family Pack)
T004287,Walls Ice Cream (1kg)
T004288,Thal Sugar (200ml)
T004289,Nestle Yogurt (Pack of 6)
T004290,Walls Ice Cream (1kg)
T004291,Nestle Yogurt (Pack of 6)
T004292,Vim Dishwash (Pack of 6)
T004293,Nurpur Butter (Family Pack)
T004294,Nestle Yogurt (1kg)
T004295,Surf Excel Detergent (Pack of 6)
T004296,Colgate Toothpaste (200ml)
T004297,Pantene Shampoo (1L)
T004298,Bake Parlour Cakes (1L)
T004299,Bake Parlour Bread (1L)
T004300,Shezan Juices (Family Pack)
T004301,Lays Chips (Family Pack)
T004302,Nurpur Butter (500g)
T004303,Bake Parlour Cakes (250g)
T004304,Dalda Cooking Oil (250g)
T004305,Pampers Diapers (200ml)
T004306,Menu Frozen Nuggets (500g)
T004307,Menu Frozen Nuggets (200ml)
T004308,Olpers Milk (Pack of 6)
T004309,National Ketchup (1L)
T004310,Lipton Tea (500ml)
T004311,Adams Cheese (1L)
T004312,Lipton Tea (1kg)
T004313,Sinar Notebooks (Pack of 6)
T004314,Adams Cheese (1L)
T004315,Sinar Notebooks (Family Pack)
T004316,Shezan Juices (500ml)
T004317,Nestle Juices (1kg)
T004318,Menu Frozen Nuggets (500ml)
T004319,Nurpur Butter (Pack of 6)
T004320,Lipton Tea (1L)
T004321,Cadbury Chocolate (Pack of 6)
T004322,Nurpur Butter (500g)
T004323,Adams Cheese (1L)
T004324,Local Farm Vegetables (1kg)
T004325,Cadbury Chocolate (200ml)
T004326,Guard Rice (500g)
T004327,Vim Dishwash (Family Pack)
T004328,Lipton Tea (1kg)
T004329,National Spices (Family Pack)
T004330,Dalda Cooking Oil (250g)
T004331,Dalda Cooking Oil (Family Pack)
T004332,Pepsi Soft Drinks (250g)
T004333,Vim Dishwash (500ml)
T004334,Dalda Cooking Oil (250g)
T004335,Nurpur Butter (500ml)
T004336,Surf Excel Detergent (Pack of 6)
T004337,Coca-Cola Soft Drinks (500g)
T004338,Walls Ice Cream (500ml)
T004339,Sinar Notebooks (500ml)
T004340,Menu Frozen Nuggets (500ml)
T004341,National Ketchup (Pack of 6)
T004342,Coca-Cola Soft Drinks (500g)
T004343,Bake Parlour Bread (Pack of 6)
T004344,Lipton Tea (1L)
T004345,Surf Excel Detergent (500ml)
T004346,Nurpur Butter (500ml)
T004347,Sunridge Flour (Atta) (1L)
T004348,Walls Ice Cream (250g)
T004349,Cadbury Chocolate (Pack of 6)
T004350,Bake Parlour Bread (1L)
T004351,Colgate Toothpaste (250g)
T004352,Olpers Milk (500g)
T004353,Olpers Milk (200ml)
T004354,Adams Cheese (Family Pack)
T004355,National Ketchup (Pack of 6)
T004356,Pantene Shampoo (Family Pack)
T004357,Lays Chips (250g)
T004358,Pampers Diapers (500g)
T004359,Vim Dishwash (500ml)
T004360,Bake Parlour Cakes (500ml)
T004361,Lays Chips (500ml)
T004362,Menu Frozen Nuggets (500g)
T004363,Bake Parlour Cakes (1L)
T004364,Pepsi Soft Drinks (250g)
T004365,LU Biscuits (1kg)
T004366,Nestle Yogurt (1kg)
T004367,Local Farm Fruits (500g)
T004368,LU Biscuits (500ml)
T004369,Aquafina Water (500ml)
T004370,National Ketchup (500ml)
T004371,Walls Ice Cream (Family Pack)
T004372,Pantene Shampoo (1L)
T004373,Bake Parlour Cakes (250g)
T004374,Nestle Juices (1kg)
T004375,Lays Chips (250g)
T004376,Shezan Juices (1L)
T004377,Pepsi Soft Drinks (Pack of 6)
T004378,Local Farm Fruits (Pack of 6)
T004379,Lipton Tea (500ml)
T004380,Local Farm Vegetables (250g)
T004381,Nurpur Butter (500ml)
T004382,Walls Ice Cream (250g)
T004383,Sunridge Flour (Atta) (500ml)
T004384,Surf Excel Detergent (1L)
T004385,National Ketchup (500g)
T004386,Pantene Shampoo (Family Pack)
T004387,Menu Frozen Nuggets (1L)
T004388,Adams Cheese (1L)
T004389,Sunridge Flour (Atta) (500ml)
T004390,Nestle Yogurt (1kg)
T004391,Lays Chips (500ml)
T004392,Pampers Diapers (500g)
T004393,National Spices (200ml)
T004394,Sunridge Flour (Atta) (Family Pack)
T004395,Local Farm Fruits (Pack of 6)
T004396,Pampers Diapers (500g)
T004397,Surf Excel Detergent (500ml)
T004398,Local Farm Vegetables (500ml)
T004399,Menu Frozen Nuggets (500ml)
T004400,Pampers Diapers (250g)
T004401,Surf Excel Detergent (Pack of 6)
T004402,Shezan Juices (Family Pack)
T004403,Nestle Juices (500ml)
T004404,Bake Parlour Bread (1L)
T004405,Menu Frozen Nuggets (500g)
T004406,Pampers Diapers (250g)
T004407,Coca-Cola Soft Drinks (Family Pack)
T004408,Aquafina Water (500ml)
T004409,Cadbury Chocolate (Pack of 6)
T004410,Menu Frozen Nuggets (1L)
T004411,Thal Sugar (200ml)
T004412,Vim Dishwash (500ml)
T004413,Thal Sugar (Family Pack)
T004414,Nurpur Butter (Family Pack)
T004415,Nestle Yogurt (Pack of 6)
T004416,National Ketchup (1L)
T004417,Dalda Cooking Oil (Family Pack)
T004418,Menu Frozen Nuggets (500ml)
T004419,Olpers Milk (Pack of 6)
T004420,LU Biscuits (Pack of 6)
T004421,Cadbury Chocolate (200ml)
T004422,Shezan Juices (1kg)
T004423,Lays Chips (Family Pack)
T004424,Vim Dishwash (1L)
T004425,Thal Sugar (Family Pack)
T004426,Cadbury Chocolate (200ml)
T004427,Lux Soap (500g)
T004428,Cadbury Chocolate (500ml)
T004429,Aquafina Water (500g)
T004430,Cadbury Chocolate (Pack of 6)
T004431,Bake Parlour Cakes (500ml)
T004432,Nurpur Butter (500ml)
T004433,Cadbury Chocolate (Pack of 6)
T004434,National Ketchup (1kg)
T004435,Lux Soap (500ml)
T004436,Vim Dishwash (Pack of 6)
T004437,Vim Dishwash (Family Pack)
T004438,National Ketchup (Pack of 6)
T004439,Walls Ice Cream (Family Pack)
T004440,LU Biscuits (Pack of 6)
T004441,Lux Soap (500g)
T004442,LU Biscuits (Pack of 6)
T004443,Sinar Notebooks (Family Pack)
T004444,Pantene Shampoo (200ml)
T004445,Sunridge Flour (Atta) (250g)
T004446,Aquafina Water (1kg)
T004447,Cadbury Chocolate (Pack of 6)
T004448,Colgate Toothpaste (Pack of 6)
T004449,Nestle Juices (1kg)
T004450,Nestle Yogurt (250g)
T004451,National Ketchup (1kg)
T004452,Sunridge Flour (Atta) (500ml)
T004453,Nestle Yogurt (Pack of 6)
T004454,Sinar Notebooks (Family Pack)
T004455,Cadbury Chocolate (250g)
T004456,National Ketchup (1L)
T004457,Lipton Tea (1L)
T004458,Guard Rice (500ml)
T004459,Menu Frozen Nuggets (500ml)
T004460,Lays Chips (500ml)
T004461,Lays Chips (500ml)
T004462,Coca-Cola Soft Drinks (200ml)
T004463,National Ketchup (1L)
T004464,Cadbury Chocolate (Pack of 6)
T004465,Local Farm Vegetables (250g)
T004466,National Spices (250g)
T004467,LU Biscuits (Pack of 6)
T004468,Lays Chips (Family Pack)
T004469,Dalda Cooking Oil (250g)
T004470,Local Farm Vegetables (500g)
T004471,Local Farm Vegetables (500g)
T004472,Walls Ice Cream (200ml)
T004473,Pantene Shampoo (1L)
T004474,Local Farm Fruits (500ml)
T004475,Guard Rice (1kg)
T004476,Dalda Cooking Oil (Family Pack)
T004477,Vim Dishwash (500ml)
T004478,Thal Sugar (Family Pack)
T004479,Guard Rice (1kg)
T004480,Bake Parlour Bread (Family Pack)
T004481,Sinar Notebooks (Pack of 6)
T004482,Nurpur Butter (500ml)
T004483,Lipton Tea (250g)
T004484,Pantene Shampoo (Family Pack)
T004485,Menu Frozen Nuggets (1L)
T004486,Menu Frozen Nuggets (500ml)
T004487,Surf Excel Detergent (Pack of 6)
T004488,Local Farm Vegetables (250g)
T004489,Coca-Cola Soft Drinks (Family Pack)
T004490,Dalda Cooking Oil (250g)
T004491,Nurpur Butter (Pack of 6)
T004492,Cadbury Chocolate (Pack of 6)
T004493,Walls Ice Cream (500ml)
T004494,Sunridge Flour (Atta) (Family Pack)
T004495,Thal Sugar (200ml)
T004496,Guard Rice (1L)
T004497,Pepsi Soft Drinks (Pack of 6)
T004498,Local Farm Fruits (500g)
T004499,Menu Frozen Nuggets (500ml)
T004500,Cadbury Chocolate (250g)
T004501,National Ketchup (Pack of 6)
T004502,Nestle Juices (250g)
T004503,Coca-Cola Soft Drinks (Family Pack)
T004504,Aquafina Water (1kg)
T004505,Lux Soap (500g)
T004506,Nestle Yogurt (1kg)
T004507,Vim Dishwash (Pack of 6)
T004508,LU Biscuits (Pack of 6)
T004509,Pampers Diapers (500g)
T004510,Adams Cheese (Family Pack)
T004511,LU Biscuits (Pack of 6)
T004512,Aquafina Water (500ml)
T004513,Walls Ice Cream (250g)
T004514,Cadbury Chocolate (250g)
T004515,Nestle Juices (250g)
T004516,Lipton Tea (1kg)
T004517,Nurpur Butter (Pack of 6)
T004518,Guard Rice (1L)
T004519,Aquafina Water (500g)
T004520,Cadbury Chocolate (Pack of 6)
T004521,Menu Frozen Nuggets (500ml)
T004522,Shezan Juices (Family Pack)
T004523,Local Farm Fruits (200ml)
T004524,Nurpur Butter (Family Pack)
T004525,Nestle Yogurt (Pack of 6)
T004526,Coca-Cola Soft Drinks (500g)
T004527,Vim Dishwash (Family Pack)
T004528,Colgate Toothpaste (250g)
T004529,Cadbury Chocolate (Pack of 6)
T004530,Sunridge Flour (Atta) (250g)
T004531,Sinar Notebooks (500ml)
T004532,Nestle Juices (250g)
T004533,Cadbury Chocolate (Pack of 6)
T004534,Lux Soap (250g)
T004535,Lays Chips (500ml)
T004536,Lux Soap (500g)
T004537,Lipton Tea (250g)
T004538,Pepsi Soft Drinks (250g)
T004539,Thal Sugar (1L)
T004540,Sinar Notebooks (500ml)
T004541,Thal Sugar (200ml)
T004542,Cadbury Chocolate (Pack of 6)
T004543,Lays Chips (250g)
T004544,Cadbury Chocolate (Pack of 6)
T004545,Menu Frozen Nuggets (Pack of 6)
T004546,Nestle Juices (500ml)
T004547,Dalda Cooking Oil (250g)
T004548,Dalda Cooking Oil (500ml)
T004549,Colgate Toothpaste (200ml)
T004550,Bake Parlour Cakes (1L)
T004551,National Ketchup (1L)
T004552,Shezan Juices (1kg)
T004553,Shezan Juices (1L)
T004554,Lays Chips (500ml)
T004555,LU Biscuits (500ml)
T004556,Menu Frozen Nuggets (500g)
T004557,Adams Cheese (Family Pack)
T004558,National Spices (250g)
T004559,Adams Cheese (250g)
T004560,Walls Ice Cream (250g)
T004561,Thal Sugar (1L)
T004562,Dalda Cooking Oil (250g)
T004563,Aquafina Water (500g)
T004564,Nurpur Butter (500ml)
T004565,Sinar Notebooks (Family Pack)
T004566,Nestle Juices (250g)
T004567,Menu Frozen Nuggets (Pack of 6)
T004568,Thal Sugar (Family Pack)
T004569,Thal Sugar (Family Pack)
T004570,Local Farm Vegetables (250g)
T004571,National Ketchup (500g)
T004572,Bake Parlour Bread (1L)
T004573,Lux Soap (250g)
T004574,Lays Chips (250g)
T004575,Thal Sugar (Family Pack)
T004576,Bake Parlour Bread (500g)
T004577,Cadbury Chocolate (Pack of 6)
T004578,Vim Dishwash (Family Pack)
T004579,Vim Dishwash (Family Pack)
T004580,Bake Parlour Bread (1kg)
T004581,Menu Frozen Nuggets (1L)
T004582,Pantene Shampoo (Family Pack)
T004583,Walls Ice Cream (1kg)
T004584,Pantene Shampoo (1L)
T004585,Sunridge Flour (Atta) (250g)
T004586,Nestle Yogurt (250g)
T004587,Sinar Notebooks (1kg)
T004588,Sunridge Flour (Atta) (Family Pack)
T004589,LU Biscuits (Pack of 6)
T004590,Menu Frozen Nuggets (200ml)
T004591,Walls Ice Cream (250g)
T004592,Walls Ice Cream (1kg)
T004593,Adams Cheese (Family Pack)
T004594,Sinar Notebooks (500ml)
T004595,Olpers Milk (500g)
T004596,Surf Excel Detergent (500ml)
T004597,Adams Cheese (Pack of 6)
T004598,Nurpur Butter (500ml)
T004599,National Spices (Family Pack)
T004600,Sunridge Flour (Atta) (Family Pack)
T004601,Aquafina Water (Pack of 6)
T004602,Pepsi Soft Drinks (250g)
T004603,Pantene Shampoo (1L)
T004604,Colgate Toothpaste (200ml)
T004605,Lays Chips (500ml)
T004606,Cadbury Chocolate (200ml)
T004607,Menu Frozen Nuggets (500g)
T004608,Cadbury Chocolate (250g)
T004609,National Ketchup (500g)
T004610,Local Farm Vegetables (1kg)
T004611,Lux Soap (500ml)
T004612,Nestle Juices (250g)
T004613,Coca-Cola Soft Drinks (Family Pack)
T004614,Pepsi Soft Drinks (1kg)
T004615,Guard Rice (1L)
T004616,Menu Frozen Nuggets (1L)
T004617,Bake Parlour Bread (1kg)
T004618,Pampers Diapers (250g)
T004619,Guard Rice (1L)
T004620,Bake Parlour Bread (Family Pack)
T004621,Pepsi Soft Drinks (1kg)
T004622,Pampers Diapers (500g)
T004623,Pantene Shampoo (1kg)
T004624,Lays Chips (Family Pack)
T004625,Dalda Cooking Oil (250g)
T004626,Sinar Notebooks (Family Pack)
T004627,Lays Chips (Family Pack)
T004628,National Ketchup (250g)
T004629,Menu Frozen Nuggets (200ml)
T004630,Cadbury Chocolate (Pack of 6)
T004631,Nurpur Butter (500g)
T004632,Sunridge Flour (Atta) (250g)
T004633,Lipton Tea (1L)
T004634,Sunridge Flour (Atta) (500ml)
T004635,Surf Excel Detergent (Pack of 6)
T004636,Nestle Juices (1kg)
T004637,LU Biscuits (1kg)
T004638,National Spices (200ml)
T004639,Pantene Shampoo (Pack of 6)
T004640,Cadbury Chocolate (500ml)
T004641,Pampers Diapers (200ml)
T004642,Bake Parlour Bread (500g)
T004643,LU Biscuits (Pack of 6)
T004644,National Spices (250g)
T004645,Shezan Juices (500ml)
T004646,Bake Parlour Cakes (500ml)
T004647,Pantene Shampoo (Family Pack)
T004648,Dalda Cooking Oil (250g)
T004649,Nurpur Butter (Family Pack)
T004650,Lipton Tea (1L)
T004651,Nestle Yogurt (Pack of 6)
T004652,Lipton Tea (250g)
T004653,Guard Rice (500g)
T004654,National Ketchup (250g)
T004655,Bake Parlour Bread (500g)
T004656,Sinar Notebooks (500ml)
T004657,Nestle Yogurt (250g)
T004658,Olpers Milk (Pack of 6)
T004659,Olpers Milk (500g)
T004660,Nestle Yogurt (Pack of 6)
T004661,Menu Frozen Nuggets (500ml)
T004662,Lipton Tea (1L)
T004663,Menu Frozen Nuggets (200ml)
T004664,Surf Excel Detergent (500ml)
T004665,Olpers Milk (Pack of 6)
T004666,Lux Soap (500g)
T004667,National Ketchup (Pack of 6)
T004668,Cadbury Chocolate (200ml)
T004669,Bake Parlour Bread (500g)
T004670,Pepsi Soft Drinks (Pack of 6)
T004671,Olpers Milk (500g)
T004672,Cadbury Chocolate (Pack of 6)
T004673,National Spices (200ml)
T004674,Vim Dishwash (Family Pack)
T004675,Surf Excel Detergent (Pack of 6)
T004676,Nestle Juices (500ml)
T004677,Nestle Yogurt (Pack of 6)
T004678,Local Farm Fruits (Pack of 6)
T004679,Olpers Milk (Pack of 6)
T004680,Sinar Notebooks (500ml)
T004681,Local Farm Vegetables (250g)
T004682,National Spices (Family Pack)
T004683,Cadbury Chocolate (Pack of 6)
T004684,Nestle Yogurt (250g)
T004685,Nurpur Butter (Family Pack)
T004686,Nurpur Butter (Pack of 6)
T004687,Pantene Shampoo (Family Pack)
T004688,Sinar Notebooks (Family Pack)
T004689,Sunridge Flour (Atta) (1L)
T004690,Local Farm Vegetables (500ml)
T004691,Nestle Yogurt (Pack of 6)
T004692,Nurpur Butter (500g)
T004693,Pepsi Soft Drinks (1kg)
T004694,Pepsi Soft Drinks (250g)
T004695,National Ketchup (Pack of 6)
T004696,Lipton Tea (1kg)
T004697,Surf Excel Detergent (1L)
T004698,Adams Cheese (Family Pack)
T004699,Guard Rice (1kg)
T004700,Pantene Shampoo (Family Pack)
T004701,Cadbury Chocolate (Pack of 6)
T004702,Pepsi Soft Drinks (250g)
T004703,Sunridge Flour (Atta) (Family Pack)
T004704,National Spices (250g)
T004705,Aquafina Water (500g)
T004706,Nurpur Butter (Family Pack)
T004707,LU Biscuits (1kg)
T004708,Guard Rice (1kg)
T004709,Lays Chips (500ml)
T004710,Olpers Milk (Pack of 6)
T004711,Thal Sugar (200ml)
T004712,Sinar Notebooks (Pack of 6)
T004713,LU Biscuits (1kg)
T004714,Nurpur Butter (Pack of 6)
T004715,Guard Rice (1L)
T004716,Sinar Notebooks (Family Pack)
T004717,Lux Soap (500g)
T004718,National Ketchup (1L)
T004719,Surf Excel Detergent (500ml)
T004720,LU Biscuits (Pack of 6)
T004721,Local Farm Fruits (Pack of 6)
T004722,Lux Soap (250g)
T004723,LU Biscuits (Pack of 6)
T004724,Pantene Shampoo (Family Pack)
T004725,Local Farm Vegetables (250g)
T004726,National Ketchup (250g)
T004727,Nurpur Butter (500ml)
T004728,Pantene Shampoo (1kg)
T004729,Menu Frozen Nuggets (200ml)
T004730,Sunridge Flour (Atta) (1L)
T004731,Vim Dishwash (1L)
T004732,Nestle Juices (1kg)
T004733,Vim Dishwash (Family Pack)
T004734,Colgate Toothpaste (200ml)
T004735,Lux Soap (500g)
T004736,National Spices (250g)
T004737,Lays Chips (Family Pack)
T004738,Coca-Cola Soft Drinks (200ml)
T004739,Lays Chips (500ml)
T004740,Local Farm Vegetables (500ml)
T004741,Guard Rice (500g)
T004742,Surf Excel Detergent (500ml)
T004743,Bake Parlour Cakes (500ml)
T004744,Sinar Notebooks (1kg)
T004745,Nestle Juices (1kg)
T004746,Bake Parlour Cakes (500ml)
T004747,Thal Sugar (1L)
T004748,Nurpur Butter (Pack of 6)
T004749,Pantene Shampoo (200ml)
T004750,Shezan Juices (500ml)
T004751,Shezan Juices (Family Pack)
T004752,Guard Rice (1kg)
T004753,Cadbury Chocolate (250g)
T004754,Lipton Tea (1L)
T004755,Menu Frozen Nuggets (1L)
T004756,Colgate Toothpaste (Pack of 6)
T004757,Bake Parlour Bread (Pack of 6)
T004758,Local Farm Fruits (500g)
T004759,Local Farm Vegetables (250g)
T004760,Lipton Tea (500ml)
T004761,Aquafina Water (500ml)
T004762,LU Biscuits (1kg)
T004763,Bake Parlour Cakes (1L)
T004764,Thal Sugar (Family Pack)
T004765,Adams Cheese (1L)
T004766,Cadbury Chocolate (Pack of 6)
T004767,LU Biscuits (Pack of 6)
T004768,Bake Parlour Bread (500g)
T004769,Coca-Cola Soft Drinks (500g)
T004770,Surf Excel Detergent (Pack of 6)
T004771,Lays Chips (500ml)
T004772,Pantene Shampoo (1L)
T004773,Menu Frozen Nuggets (1L)
T004774,Pampers Diapers (250g)
T004775,Adams Cheese (1kg)
T004776,Vim Dishwash (Pack of 6)
T004777,Sinar Notebooks (1kg)
T004778,Pepsi Soft Drinks (1kg)
T004779,LU Biscuits (1kg)
T004780,Vim Dishwash (Pack of 6)
T004781,Lays Chips (500ml)
T004782,Surf Excel Detergent (1L)
T004783,Cadbury Chocolate (500ml)
T004784,Aquafina Water (500ml)
T004785,Surf Excel Detergent (1L)
T004786,Dalda Cooking Oil (500g)
T004787,Bake Parlour Bread (1kg)
T004788,Local Farm Fruits (500ml)
T004789,Nurpur Butter (500ml)
T004790,Pampers Diapers (500g)
T004791,LU Biscuits (1kg)
T004792,Lays Chips (250g)
T004793,Lays Chips (250g)
T004794,Lux Soap (500g)
T004795,Coca-Cola Soft Drinks (200ml)
T004796,Local Farm Fruits (500g)
T004797,Vim Dishwash (500ml)
T004798,Sinar Notebooks (Family Pack)
T004799,Dalda Cooking Oil (Family Pack)
T004800,Bake Parlour Cakes (1L)
T004801,Sunridge Flour (Atta) (1L)
T004802,Vim Dishwash (Pack of 6)
T004803,Dalda Cooking Oil (250g)
T004804,Nestle Juices (250g)
T004805,Sunridge Flour (Atta) (1L)
T004806,Nestle Juices (250g)
T004807,Thal Sugar (Family Pack)
T004808,Olpers Milk (Pack of 6)
T004809,Lipton Tea (250g)
T004810,Bake Parlour Bread (Pack of 6)
T004811,Bake Parlour Bread (500g)
T004812,Sinar Notebooks (Family Pack)
T004813,Bake Parlour Bread (1kg)
T004814,National Spices (250g)
T004815,Thal Sugar (200ml)
T004816,Cadbury Chocolate (Pack of 6)
T004817,Sunridge Flour (Atta) (250g)
T004818,Aquafina Water (500ml)
T004819,Pampers Diapers (500g)
T004820,National Spices (250g)
T004821,Bake Parlour Cakes (1L)
T004822,Olpers Milk (Pack of 6)
T004823,Menu Frozen Nuggets (500ml)
T004824,Cadbury Chocolate (Pack of 6)
T004825,Shezan Juices (1kg)
T004826,Adams Cheese (Pack of 6)
T004827,Shezan Juices (Family Pack)
T004828,Bake Parlour Bread (500g)
T004829,Sunridge Flour (Atta) (1L)
T004830,Sunridge Flour (Atta) (1L)
T004831,Menu Frozen Nuggets (200ml)
T004832,Local Farm Fruits (Pack of 6)
T004833,Walls Ice Cream (1kg)
T004834,Sinar Notebooks (1kg)
T004835,Bake Parlour Bread (Pack of 6)
T004836,Lux Soap (500ml)
T004837,Sunridge Flour (Atta) (250g)
T004838,Adams Cheese (1kg)
T004839,Coca-Cola Soft Drinks (Family Pack)
T004840,Guard Rice (1kg)
T004841,Menu Frozen Nuggets (1L)
T004842,Nurpur Butter (Family Pack)
T004843,Nurpur Butter (500ml)
T004844,Nestle Juices (1kg)
T004845,Local Farm Vegetables (250g)
T004846,Thal Sugar (Family Pack)
T004847,National Ketchup (1kg)
T004848,Thal Sugar (200ml)
T004849,Adams Cheese (1kg)
T004850,Sunridge Flour (Atta) (1L)
T004851,Pantene Shampoo (1kg)
T004852,LU Biscuits (1kg)
T004853,Cadbury Chocolate (Pack of 6)
T004854,Nestle Juices (1kg)
T004855,Local Farm Fruits (200ml)
T004856,Nurpur Butter (Family Pack)
T004857,Bake Parlour Bread (Pack of 6)
T004858,Vim Dishwash (1L)
T004859,Colgate Toothpaste (250g)
T004860,National Spices (200ml)
T004861,Vim Dishwash (500ml)
T004862,Sinar Notebooks (Family Pack)
T004863,Shezan Juices (1L)
T004864,Pantene Shampoo (Family Pack)
T004865,Sinar Notebooks (Family Pack)
T004866,Shezan Juices (500ml)
T004867,Local Farm Vegetables (1kg)
T004868,Surf Excel Detergent (1L)
T004869,Dalda Cooking Oil (500g)
T004870,Coca-Cola Soft Drinks (Family Pack)
T004871,Bake Parlour Bread (Pack of 6)
T004872,Olpers Milk (Pack of 6)
T004873,Sunridge Flour (Atta) (1L)
T004874,National Ketchup (250g)
T004875,Nurpur Butter (Family Pack)
T004876,Coca-Cola Soft Drinks (200ml)
T004877,Cadbury Chocolate (Pack of 6)
T004878,Local Farm Vegetables (1kg)
T004879,Pampers Diapers (500g)
T004880,Lux Soap (500ml)
T004881,Pampers Diapers (500g)
T004882,Walls Ice Cream (Pack of 6)
T004883,Lipton Tea (1L)
T004884,National Ketchup (1L)
T004885,Thal Sugar (200ml)
T004886,Dalda Cooking Oil (500g)
T004887,Nurpur Butter (500ml)
T004888,Adams Cheese (Pack of 6)
T004889,Guard Rice (1kg)
T004890,National Spices (250g)
T004891,Pampers Diapers (250g)
T004892,Colgate Toothpaste (250g)
T004893,Sinar Notebooks (1kg)
T004894,LU Biscuits (500ml)
T004895,Pantene Shampoo (Family Pack)
T004896,Menu Frozen Nuggets (500ml)
T004897,Aquafina Water (500ml)
T004898,Nestle Juices (250g)
T004899,Dalda Cooking Oil (500g)
T004900,National Spices (500ml)
T004901,Bake Parlour Cakes (1L)
T004902,Bake Parlour Bread (500g)
T004903,Pepsi Soft Drinks (1kg)
T004904,Menu Frozen Nuggets (500g)
T004905,Pepsi Soft Drinks (Pack of 6)
T004906,Vim Dishwash (Pack of 6)
T004907,Nurpur Butter (Family Pack)
T004908,Cadbury Chocolate (Pack of 6)
T004909,Olpers Milk (Pack of 6)
T004910,Shezan Juices (1L)
T004911,Thal Sugar (200ml)
T004912,Vim Dishwash (Family Pack)
T004913,National Spices (Family Pack)
T004914,Bake Parlour Bread (500g)
T004915,Walls Ice Cream (Pack of 6)
T004916,Nurpur Butter (500g)
T004917,Cadbury Chocolate (Pack of 6)
T004918,Olpers Milk (Pack of 6)
T004919,Bake Parlour Cakes (1L)
T004920,Lux Soap (500g)
T004921,Olpers Milk (200ml)
T004922,National Spices (250g)
T004923,Walls Ice Cream (Family Pack)
T004924,Dalda Cooking Oil (250g)
T004925,National Spices (200ml)
T004926,Olpers Milk (Pack of 6)
T004927,Sinar Notebooks (500ml)
T004928,LU Biscuits (Pack of 6)
T004929,Local Farm Fruits (200ml)
T004930,Menu Frozen Nuggets (500ml)
T004931,Dalda Cooking Oil (500ml)
T004932,Cadbury Chocolate (Pack of 6)
T004933,Local Farm Fruits (500ml)
T004934,Pantene Shampoo (Family Pack)
T004935,Nestle Juices (1kg)
T004936,Surf Excel Detergent (500ml)
T004937,Pepsi Soft Drinks (250g)
T004938,Bake Parlour Bread (Family Pack)
T004939,Local Farm Fruits (500ml)
T004940,Cadbury Chocolate (500ml)
T004941,Walls Ice Cream (500ml)
T004942,National Spices (500ml)
T004943,Local Farm Fruits (500ml)
T004944,Thal Sugar (200ml)
T004945,LU Biscuits (1kg)
T004946,Bake Parlour Bread (1L)
T004947,Nestle Yogurt (Pack of 6)
T004948,National Spices (250g)
T004949,Sinar Notebooks (Family Pack)
T004950,Adams Cheese (250g)
T004951,Olpers Milk (Pack of 6)
T004952,Lux Soap (500ml)
T004953,Cadbury Chocolate (500ml)
T004954,Olpers Milk (200ml)
T004955,Menu Frozen Nuggets (200ml)
T004956,Lays Chips (500ml)
T004957,Lays Chips (500ml)
T004958,Walls Ice Cream (1kg)
T004959,Adams Cheese (1kg)
T004960,Adams Cheese (1kg)
T004961,Pampers Diapers (250g)
T004962,Colgate Toothpaste (250g)
T004963,Dalda Cooking Oil (250g)
T004964,Lipton Tea (250g)
T004965,Surf Excel Detergent (500ml)
T004966,LU Biscuits (Pack of 6)
T004967,Sinar Notebooks (500ml)
T004968,Lipton Tea (1kg)
T004969,Nestle Yogurt (Pack of 6)
T004970,Sunridge Flour (Atta) (500ml)
T004971,LU Biscuits (1kg)
T004972,Surf Excel Detergent (1L)
T004973,Walls Ice Cream (500ml)
T004974,Sunridge Flour (Atta) (1L)
T004975,Coca-Cola Soft Drinks (200ml)
T004976,Colgate Toothpaste (250g)
T004977,Vim Dishwash (1L)
T004978,Menu Frozen Nuggets (500ml)
T004979,Lays Chips (500ml)
T004980,Walls Ice Cream (500ml)
T004981,Menu Frozen Nuggets (1L)
T004982,Lux Soap (500g)
T004983,Sinar Notebooks (Pack of 6)
T004984,Menu Frozen Nuggets (500ml)
T004985,Guard Rice (1kg)
T004986,Sunridge Flour (Atta) (1L)
T004987,Walls Ice Cream (200ml)
T004988,National Spices (Family Pack)
T004989,Bake Parlour Cakes (500ml)
T004990,National Ketchup (250g)
T004991,Nestle Yogurt (Pack of 6)
T004992,Nestle Juices (1kg)
T004993,Nestle Yogurt (250g)
T004994,Olpers Milk (500g)
T004995,Menu Frozen Nuggets (1L)
T004996,Nurpur Butter (Family Pack)
T004997,LU Biscuits (Pack of 6)
T004998,National Spices (200ml)
T004999,National Ketchup (500g)
T005000,Pepsi Soft Drinks (250g)
T005001,Lays Chips (500ml)
T005002,Menu Frozen Nuggets (200ml)
T005003,Nestle Yogurt (Pack of 6)
T005004,Surf Excel Detergent (1L)
T005005,Sinar Notebooks (Family Pack)
T005006,Walls Ice Cream (1kg)
T005007,Colgate Toothpaste (Pack of 6)
T005008,Vim Dishwash (Pack of 6)
T005009,Colgate Toothpaste (250g)
T005010,Walls Ice Cream (Family Pack)
T005011,Sinar Notebooks (Family Pack)
T005012,National Spices (Family Pack)
T005013,Surf Excel Detergent (500ml)
T005014,Aquafina Water (500ml)
T005015,Lipton Tea (1kg)
T005016,Sinar Notebooks (1kg)
T005017,Adams Cheese (250g)
T005018,Sinar Notebooks (Family Pack)
T005019,Menu Frozen Nuggets (200ml)
T005020,Vim Dishwash (500ml)
T005021,Cadbury Chocolate (250g)
T005022,Pepsi Soft Drinks (250g)
T005023,Guard Rice (500ml)
T005024,Lays Chips (500ml)
T005025,National Spices (250g)
T005026,Guard Rice (1L)
T005027,Bake Parlour Cakes (500ml)
T005028,National Ketchup (1kg)
T005029,Olpers Milk (Pack of 6)
T005030,Sinar Notebooks (Family Pack)
T005031,Vim Dishwash (Pack of 6)
T005032,Surf Excel Detergent (1L)
T005033,Vim Dishwash (Pack of 6)
T005034,Pantene Shampoo (200ml)
T005035,Adams Cheese (1L)
T005036,Nestle Yogurt (250g)
T005037,Colgate Toothpaste (250g)
T005038,Vim Dishwash (Pack of 6)
T005039,Lux Soap (500g)
T005040,Cadbury Chocolate (250g)
T005041,Dalda Cooking Oil (250g)
T005042,Pampers Diapers (500g)
T005043,Olpers Milk (Pack of 6)
T005044,Nurpur Butter (500g)
T005045,LU Biscuits (Pack of 6)
T005046,Sinar Notebooks (1kg)
T005047,Local Farm Vegetables (250g)
T005048,Walls Ice Cream (200ml)
T005049,Bake Parlour Cakes (1L)
T005050,Nurpur Butter (Pack of 6)
T005051,Local Farm Vegetables (500ml)
T005052,Menu Frozen Nuggets (Pack of 6)
T005053,Adams Cheese (Family Pack)
T005054,National Ketchup (500ml)
T005055,Thal Sugar (Family Pack)
T005056,LU Biscuits (1kg)
T005057,Guard Rice (1kg)
T005058,Adams Cheese (1L)
T005059,Sunridge Flour (Atta) (1L)
T005060,National Spices (200ml)
T005061,Pantene Shampoo (1L)
T005062,National Spices (500ml)
T005063,National Ketchup (1kg)
T005064,Nestle Juices (250g)
T005065,Nurpur Butter (500g)
T005066,Bake Parlour Bread (Family Pack)
T005067,Sinar Notebooks (Family Pack)
T005068,LU Biscuits (Pack of 6)
T005069,Pampers Diapers (500g)
T005070,Nurpur Butter (500ml)
T005071,Shezan Juices (1kg)
T005072,Pepsi Soft Drinks (1kg)
T005073,National Spices (Family Pack)
T005074,Sinar Notebooks (1kg)
T005075,Nurpur Butter (500ml)
T005076,LU Biscuits (Pack of 6)
T005077,Local Farm Fruits (500g)
T005078,Lux Soap (1L)
T005079,Pantene Shampoo (200ml)
T005080,LU Biscuits (Pack of 6)
T005081,Bake Parlour Cakes (500ml)
T005082,National Ketchup (1kg)
T005083,Walls Ice Cream (500ml)
T005084,Nestle Yogurt (250g)
T005085,Menu Frozen Nuggets (500ml)
T005086,Bake Parlour Cakes (500ml)
T005087,Guard Rice (1kg)
T005088,Aquafina Water (1kg)
T005089,Lux Soap (1L)
T005090,Lipton Tea (250g)
T005091,Lux Soap (1L)
T005092,Adams Cheese (1L)
T005093,LU Biscuits (1kg)
T005094,Coca-Cola Soft Drinks (200ml)
T005095,Pepsi Soft Drinks (250g)
T005096,Surf Excel Detergent (Pack of 6)
T005097,Bake Parlour Bread (1kg)
T005098,Lipton Tea (500ml)
T005099,National Ketchup (500g)
T005100,Sunridge Flour (Atta) (1L)
T005101,Guard Rice (1L)
T005102,Vim Dishwash (Family Pack)
T005103,Nurpur Butter (Family Pack)
T005104,Coca-Cola Soft Drinks (200ml)
T005105,National Ketchup (250g)
T005106,National Ketchup (Pack of 6)
T005107,Vim Dishwash (1L)
T005108,Walls Ice Cream (Family Pack)
T005109,Adams Cheese (Family Pack)
T005110,Walls Ice Cream (250g)
T005111,Vim Dishwash (Pack of 6)
T005112,Sunridge Flour (Atta) (250g)
T005113,Coca-Cola Soft Drinks (200ml)
T005114,Local Farm Vegetables (1kg)
T005115,National Ketchup (Pack of 6)
T005116,Dalda Cooking Oil (Family Pack)
T005117,Colgate Toothpaste (Pack of 6)
T005118,Colgate Toothpaste (200ml)
T005119,Pepsi Soft Drinks (250g)
T005120,Nurpur Butter (Family Pack)
T005121,Lux Soap (250g)
T005122,Nestle Yogurt (Pack of 6)
T005123,Bake Parlour Cakes (500ml)
T005124,Cadbury Chocolate (Pack of 6)
T005125,Lux Soap (1L)
T005126,Guard Rice (1kg)
T005127,Walls Ice Cream (250g)
T005128,National Ketchup (250g)
T005129,Lux Soap (500g)
T005130,Pantene Shampoo (Family Pack)
T005131,Olpers Milk (Pack of 6)
T005132,Coca-Cola Soft Drinks (200ml)
T005133,Bake Parlour Cakes (1L)
T005134,Pampers Diapers (500g)
T005135,Pantene Shampoo (Pack of 6)
T005136,Menu Frozen Nuggets (1L)
T005137,Pepsi Soft Drinks (1kg)
T005138,Local Farm Vegetables (500g)
T005139,Guard Rice (500ml)
T005140,Lays Chips (Family Pack)
T005141,Bake Parlour Cakes (250g)
T005142,Pepsi Soft Drinks (250g)
T005143,Olpers Milk (Pack of 6)
T005144,Sunridge Flour (Atta) (Family Pack)
T005145,Thal Sugar (Family Pack)
T005146,Nurpur Butter (Pack of 6)
T005147,Guard Rice (500ml)
T005148,Lux Soap (500ml)
T005149,Olpers Milk (Pack of 6)
T005150,Aquafina Water (500g)
T005151,Sinar Notebooks (1kg)
T005152,Lays Chips (Family Pack)
T005153,Lays Chips (500ml)
T005154,Local Farm Fruits (Pack of 6)
T005155,Lux Soap (1L)
T005156,Olpers Milk (Pack of 6)
T005157,Nestle Juices (250g)
T005158,Lays Chips (500ml)
T005159,Bake Parlour Cakes (500ml)
T005160,Lux Soap (1L)
T005161,National Spices (250g)
T005162,Nestle Yogurt (Pack of 6)
T005163,Walls Ice Cream (Pack of 6)
T005164,Olpers Milk (Pack of 6)
T005165,Pantene Shampoo (Family Pack)
T005166,Nestle Juices (1kg)
T005167,Adams Cheese (Family Pack)
T005168,Local Farm Vegetables (250g)
T005169,National Ketchup (250g)
T005170,Bake Parlour Bread (500g)
T005171,Pampers Diapers (200ml)
T005172,Nestle Juices (250g)
T005173,LU Biscuits (Pack of 6)
T005174,Lux Soap (500g)
T005175,Pantene Shampoo (1L)
T005176,Lays Chips (Family Pack)
T005177,Nestle Juices (250g)
T005178,Bake Parlour Cakes (1L)
T005179,Pepsi Soft Drinks (250g)
T005180,Menu Frozen Nuggets (1L)
T005181,Aquafina Water (500ml)
T005182,Lipton Tea (250g)
T005183,LU Biscuits (1kg)
T005184,Nestle Juices (1kg)
T005185,LU Biscuits (Pack of 6)
T005186,LU Biscuits (Pack of 6)
T005187,LU Biscuits (Pack of 6)
T005188,National Ketchup (500ml)
T005189,Lipton Tea (1L)
T005190,Walls Ice Cream (500ml)
T005191,Nestle Yogurt (250g)
T005192,Local Farm Fruits (500g)
T005193,Coca-Cola Soft Drinks (200ml)
T005194,Local Farm Fruits (500ml)
T005195,Sunridge Flour (Atta) (Family Pack)
T005196,Vim Dishwash (Pack of 6)
T005197,Pampers Diapers (500g)
T005198,Lux Soap (500g)
T005199,Lays Chips (Family Pack)
T005200,Vim Dishwash (500ml)
T005201,Guard Rice (1L)
T005202,Bake Parlour Bread (Pack of 6)
T005203,Sunridge Flour (Atta) (1L)
T005204,Local Farm Vegetables (500ml)
T005205,National Ketchup (250g)
T005206,Olpers Milk (Pack of 6)
T005207,Colgate Toothpaste (200ml)
T005208,Nestle Yogurt (1kg)
T005209,Pepsi Soft Drinks (1kg)
T005210,Pampers Diapers (250g)
T005211,Sunridge Flour (Atta) (Family Pack)
T005212,Lux Soap (1L)
T005213,LU Biscuits (1kg)
T005214,Olpers Milk (Pack of 6)
T005215,Dalda Cooking Oil (Family Pack)
T005216,Local Farm Vegetables (500ml)
T005217,Pantene Shampoo (1L)
T005218,Nestle Juices (1kg)
T005219,Local Farm Vegetables (1kg)
T005220,Lux Soap (500ml)
T005221,Surf Excel Detergent (Pack of 6)
T005222,Olpers Milk (Pack of 6)
T005223,Coca-Cola Soft Drinks (200ml)
T005224,Shezan Juices (1L)
T005225,Lays Chips (Family Pack)
T005226,LU Biscuits (500ml)
T005227,Nurpur Butter (Family Pack)
T005228,National Spices (200ml)
T005229,Nestle Juices (1kg)
T005230,Thal Sugar (200ml)
T005231,Nestle Juices (1kg)
T005232,Bake Parlour Bread (1L)
T005233,Aquafina Water (1kg)
T005234,Menu Frozen Nuggets (1L)
T005235,Walls Ice Cream (500ml)
T005236,Guard Rice (1kg)
T005237,Aquafina Water (1kg)
T005238,Aquafina Water (500ml)
T005239,Bake Parlour Bread (1kg)
T005240,Lays Chips (500ml)
T005241,National Spices (250g)
T005242,Guard Rice (1L)
T005243,Pepsi Soft Drinks (250g)
T005244,Walls Ice Cream (Family Pack)
T005245,National Spices (500ml)
T005246,Sunridge Flour (Atta) (1L)
T005247,Lipton Tea (1L)
T005248,Coca-Cola Soft Drinks (200ml)
T005249,Aquafina Water (Pack of 6)
T005250,Cadbury Chocolate (Pack of 6)
T005251,Lux Soap (500g)
T005252,National Ketchup (Pack of 6)
T005253,Pampers Diapers (250g)
T005254,Sunridge Flour (Atta) (1L)
T005255,Adams Cheese (Pack of 6)
T005256,Pepsi Soft Drinks (1kg)
T005257,Sinar Notebooks (500ml)
T005258,Nurpur Butter (Family Pack)
T005259,Nurpur Butter (Pack of 6)
T005260,Lipton Tea (1L)
T005261,Coca-Cola Soft Drinks (Family Pack)
T005262,Bake Parlour Bread (Pack of 6)
T005263,Dalda Cooking Oil (500ml)
T005264,Bake Parlour Bread (500g)
T005265,Bake Parlour Bread (Pack of 6)
T005266,Walls Ice Cream (500ml)
T005267,Local Farm Fruits (500ml)
T005268,Lux Soap (500g)
T005269,National Spices (250g)
T005270,Adams Cheese (Pack of 6)
T005271,Guard Rice (500g)
T005272,Aquafina Water (500ml)
T005273,Local Farm Vegetables (500g)
T005274,Bake Parlour Cakes (1L)
T005275,Menu Frozen Nuggets (500ml)
T005276,Nurpur Butter (Family Pack)
T005277,Bake Parlour Cakes (500ml)
T005278,National Spices (250g)
T005279,National Spices (200ml)
T005280,Local Farm Vegetables (500g)
T005281,Walls Ice Cream (Pack of 6)
T005282,Lux Soap (500g)
T005283,Pantene Shampoo (Family Pack)
T005284,Pantene Shampoo (Pack of 6)
T005285,Cadbury Chocolate (Pack of 6)
T005286,Lays Chips (Family Pack)
T005287,Walls Ice Cream (250g)
T005288,Shezan Juices (1kg)
T005289,Menu Frozen Nuggets (1L)
T005290,Adams Cheese (Family Pack)
T005291,Lipton Tea (1L)
T005292,Nurpur Butter (500g)
T005293,National Ketchup (500ml)
T005294,Local Farm Fruits (500ml)
T005295,Lays Chips (250g)
T005296,Cadbury Chocolate (200ml)
T005297,Lux Soap (500g)
T005298,Nestle Yogurt (Pack of 6)
T005299,National Spices (Family Pack)
T005300,Vim Dishwash (500ml)
T005301,LU Biscuits (1kg)
T005302,Lux Soap (1L)
T005303,Nestle Juices (250g)
T005304,Walls Ice Cream (250g)
T005305,Pantene Shampoo (1kg)
T005306,Pampers Diapers (250g)
T005307,Vim Dishwash (Family Pack)
T005308,Lux Soap (500ml)
T005309,Surf Excel Detergent (1L)
T005310,Lipton Tea (500ml)
T005311,Cadbury Chocolate (250g)
T005312,Menu Frozen Nuggets (Pack of 6)
T005313,Bake Parlour Bread (Pack of 6)
T005314,Aquafina Water (Pack of 6)
T005315,Nurpur Butter (500ml)
T005316,Sunridge Flour (Atta) (1L)
T005317,Coca-Cola Soft Drinks (200ml)
T005318,Pampers Diapers (200ml)
T005319,Pampers Diapers (200ml)
T005320,Lux Soap (1L)
T005321,Vim Dishwash (Pack of 6)
T005322,Coca-Cola Soft Drinks (Family Pack)
T005323,Bake Parlour Bread (500g)
T005324,Vim Dishwash (Family Pack)
T005325,Guard Rice (500g)
T005326,Lays Chips (Family Pack)
T005327,Lipton Tea (1L)
T005328,Bake Parlour Cakes (250g)
T005329,Local Farm Vegetables (500ml)
T005330,LU Biscuits (Pack of 6)
T005331,Local Farm Fruits (200ml)
T005332,Pepsi Soft Drinks (1kg)
T005333,Lays Chips (250g)
T005334,Adams Cheese (Pack of 6)
T005335,Bake Parlour Bread (Pack of 6)
T005336,Guard Rice (1kg)
T005337,Nestle Yogurt (250g)
T005338,National Spices (500ml)
T005339,Nurpur Butter (Family Pack)
T005340,Menu Frozen Nuggets (500g)
T005341,Sinar Notebooks (Family Pack)
T005342,Nestle Yogurt (1kg)
T005343,Lipton Tea (1L)
T005344,Shezan Juices (500ml)
T005345,Nurpur Butter (Pack of 6)
T005346,Menu Frozen Nuggets (Pack of 6)
T005347,Bake Parlour Bread (Pack of 6)
T005348,Aquafina Water (500ml)
T005349,Walls Ice Cream (Pack of 6)
T005350,LU Biscuits (1kg)
T005351,Nestle Yogurt (1kg)
T005352,Adams Cheese (1L)
T005353,Cadbury Chocolate (Pack of 6)
T005354,Pepsi Soft Drinks (1kg)
T005355,Guard Rice (500ml)
T005356,Nestle Yogurt (1kg)
T005357,Bake Parlour Bread (1L)
T005358,National Ketchup (250g)
T005359,Nestle Yogurt (250g)
T005360,Lipton Tea (500ml)
T005361,Thal Sugar (Family Pack)
T005362,Nurpur Butter (500g)
T005363,Bake Parlour Bread (500g)
T005364,Aquafina Water (Pack of 6)
T005365,Menu Frozen Nuggets (500ml)
T005366,Lux Soap (500g)
T005367,Thal Sugar (Family Pack)
T005368,Nurpur Butter (Family Pack)
T005369,Coca-Cola Soft Drinks (500g)
T005370,Nestle Juices (250g)
T005371,Walls Ice Cream (500ml)
T005372,Vim Dishwash (Family Pack)
T005373,Local Farm Fruits (200ml)
T005374,LU Biscuits (1kg)
T005375,Walls Ice Cream (200ml)
T005376,Sunridge Flour (Atta) (1L)
T005377,National Spices (500ml)
T005378,Thal Sugar (Family Pack)
T005379,Menu Frozen Nuggets (500ml)
T005380,Sinar Notebooks (1kg)
T005381,Nurpur Butter (500ml)
T005382,Cadbury Chocolate (Pack of 6)
T005383,National Spices (200ml)
T005384,LU Biscuits (1kg)
T005385,Nurpur Butter (500g)
T005386,LU Biscuits (1kg)
T005387,Coca-Cola Soft Drinks (500g)
T005388,Sunridge Flour (Atta) (500ml)
T005389,Sunridge Flour (Atta) (1L)
T005390,Local Farm Fruits (500ml)
T005391,National Spices (500ml)
T005392,Lux Soap (1L)
T005393,Olpers Milk (500g)
T005394,Cadbury Chocolate (Pack of 6)
T005395,Bake Parlour Cakes (250g)
T005396,Nurpur Butter (500g)
T005397,Surf Excel Detergent (500ml)
T005398,Lux Soap (500g)
T005399,National Ketchup (1kg)
T005400,Colgate Toothpaste (250g)
T005401,Pepsi Soft Drinks (Pack of 6)
T005402,Adams Cheese (250g)
T005403,Cadbury Chocolate (250g)
T005404,Pampers Diapers (250g)
T005405,Aquafina Water (1kg)
T005406,Walls Ice Cream (200ml)
T005407,Colgate Toothpaste (200ml)
T005408,Adams Cheese (1kg)
T005409,Local Farm Vegetables (250g)
T005410,Bake Parlour Bread (Family Pack)
T005411,Local Farm Vegetables (500ml)
T005412,Nestle Juices (1kg)
T005413,Lux Soap (500g)
T005414,Adams Cheese (Family Pack)
T005415,National Ketchup (500g)
T005416,Aquafina Water (500g)
T005417,Sunridge Flour (Atta) (500ml)
T005418,LU Biscuits (Pack of 6)
T005419,Nurpur Butter (Pack of 6)
T005420,Dalda Cooking Oil (250g)
T005421,Lipton Tea (250g)
T005422,Walls Ice Cream (1kg)
T005423,National Ketchup (1L)
T005424,Bake Parlour Cakes (500ml)
T005425,LU Biscuits (Pack of 6)
T005426,Local Farm Vegetables (1kg)
T005427,Walls Ice Cream (200ml)
T005428,Olpers Milk (Pack of 6)
T005429,Lux Soap (1L)
T005430,Olpers Milk (Pack of 6)
T005431,Adams Cheese (250g)
T005432,Bake Parlour Bread (Pack of 6)
T005433,Thal Sugar (1L)
T005434,Nestle Juices (1kg)
T005435,National Ketchup (500ml)
T005436,Lipton Tea (1kg)
T005437,Dalda Cooking Oil (Family Pack)
T005438,Lipton Tea (500ml)
T005439,Local Farm Vegetables (250g)
T005440,National Ketchup (Pack of 6)
T005441,Local Farm Fruits (500g)
T005442,Guard Rice (1kg)
T005443,Lux Soap (250g)
T005444,Dalda Cooking Oil (500g)
T005445,LU Biscuits (1kg)
T005446,Coca-Cola Soft Drinks (500g)
T005447,Sinar Notebooks (1kg)
T005448,Pantene Shampoo (200ml)
T005449,Thal Sugar (Family Pack)
T005450,National Ketchup (500ml)
T005451,Bake Parlour Bread (500g)
T005452,Lays Chips (500ml)
T005453,Colgate Toothpaste (Pack of 6)
T005454,Walls Ice Cream (200ml)
T005455,Adams Cheese (Family Pack)
T005456,Sinar Notebooks (Pack of 6)
T005457,Walls Ice Cream (1kg)
T005458,Sinar Notebooks (Family Pack)
T005459,Nestle Yogurt (250g)
T005460,Aquafina Water (1kg)
T005461,Olpers Milk (Pack of 6)
T005462,Sinar Notebooks (Family Pack)
T005463,National Ketchup (500g)
T005464,Vim Dishwash (1L)
T005465,Local Farm Fruits (200ml)
T005466,Pampers Diapers (500g)
T005467,Pantene Shampoo (Family Pack)
T005468,Vim Dishwash (500ml)
T005469,Walls Ice Cream (1kg)
T005470,Coca-Cola Soft Drinks (500g)
T005471,Pampers Diapers (500g)
T005472,Guard Rice (1L)
T005473,Local Farm Fruits (500g)
T005474,Lays Chips (250g)
T005475,Surf Excel Detergent (1L)
T005476,Nurpur Butter (500g)
T005477,Aquafina Water (500ml)
T005478,Bake Parlour Cakes (1L)
T005479,Adams Cheese (Pack of 6)
T005480,Nestle Yogurt (1kg)
T005481,Pantene Shampoo (Family Pack)
T005482,Thal Sugar (Family Pack)
T005483,Pepsi Soft Drinks (250g)
T005484,Sunridge Flour (Atta) (1L)
T005485,Bake Parlour Cakes (250g)
T005486,Vim Dishwash (1L)
T005487,Pampers Diapers (200ml)
T005488,Vim Dishwash (Family Pack)
T005489,Lux Soap (500g)
T005490,Guard Rice (500g)
T005491,Menu Frozen Nuggets (500ml)
T005492,Menu Frozen Nuggets (500ml)
T005493,Lays Chips (Family Pack)
T005494,Nestle Juices (500ml)
T005495,Adams Cheese (Pack of 6)
T005496,Bake Parlour Cakes (250g)
T005497,Bake Parlour Cakes (500ml)
T005498,Lays Chips (Family Pack)
T005499,Aquafina Water (500ml)
T005500,Sinar Notebooks (Family Pack)
T005501,Sunridge Flour (Atta) (Family Pack)
T005502,National Spices (200ml)
T005503,Vim Dishwash (500ml)
T005504,National Spices (500ml)
T005505,Lux Soap (250g)
T005506,Menu Frozen Nuggets (1L)
T005507,National Spices (250g)
T005508,Nestle Juices (250g)
T005509,Local Farm Fruits (500ml)
T005510,National Ketchup (250g)
T005511,Vim Dishwash (500ml)
T005512,Lays Chips (Family Pack)
T005513,Lux Soap (500g)
T005514,National Spices (Family Pack)
T005515,Vim Dishwash (Pack of 6)
T005516,Pampers Diapers (500g)
T005517,Shezan Juices (500ml)
T005518,Coca-Cola Soft Drinks (200ml)
T005519,Nestle Juices (250g)
T005520,Adams Cheese (1L)
T005521,Lays Chips (Family Pack)
T005522,Local Farm Vegetables (500ml)
T005523,Nestle Juices (250g)
T005524,Menu Frozen Nuggets (Pack of 6)
T005525,Colgate Toothpaste (250g)
T005526,Lipton Tea (1L)
T005527,Vim Dishwash (Pack of 6)
T005528,Adams Cheese (Family Pack)
T005529,Nurpur Butter (500ml)
T005530,Menu Frozen Nuggets (500ml)
T005531,Bake Parlour Cakes (1L)
T005532,Sunridge Flour (Atta) (1L)
T005533,Pepsi Soft Drinks (250g)
T005534,Olpers Milk (500g)
T005535,Nestle Yogurt (1kg)
T005536,Nurpur Butter (Pack of 6)
T005537,LU Biscuits (500ml)
T005538,Surf Excel Detergent (1L)
T005539,National Ketchup (250g)
T005540,Vim Dishwash (Family Pack)
T005541,Pepsi Soft Drinks (Pack of 6)
T005542,Colgate Toothpaste (200ml)
T005543,Lux Soap (500g)
T005544,Pantene Shampoo (200ml)
T005545,Lux Soap (500ml)
T005546,Pampers Diapers (500g)
T005547,Bake Parlour Bread (1kg)
T005548,Dalda Cooking Oil (500g)
T005549,Nestle Juices (1kg)
T005550,Coca-Cola Soft Drinks (200ml)
T005551,Pampers Diapers (500g)
T005552,National Spices (250g)
T005553,Pantene Shampoo (1L)
T005554,Shezan Juices (1kg)
T005555,Bake Parlour Bread (500g)
T005556,Sinar Notebooks (1kg)
T005557,Surf Excel Detergent (1L)
T005558,Pepsi Soft Drinks (250g)
T005559,Pampers Diapers (250g)
T005560,Nurpur Butter (500ml)
T005561,Guard Rice (500g)
T005562,LU Biscuits (1kg)
T005563,Bake Parlour Bread (Pack of 6)
T005564,Lux Soap (500g)
T005565,Bake Parlour Bread (1kg)
T005566,Bake Parlour Bread (500g)
T005567,Walls Ice Cream (Pack of 6)
T005568,National Spices (250g)
T005569,Adams Cheese (1L)
T005570,Adams Cheese (1kg)
T005571,Lux Soap (500g)
T005572,Vim Dishwash (Pack of 6)
T005573,Vim Dishwash (Family Pack)
T005574,Adams Cheese (1L)
T005575,Adams Cheese (1kg)
T005576,Lays Chips (250g)
T005577,Vim Dishwash (Family Pack)
T005578,National Ketchup (500ml)
T005579,Bake Parlour Bread (500g)
T005580,Lipton Tea (1L)
T005581,Sinar Notebooks (Pack of 6)
T005582,Bake Parlour Bread (Pack of 6)
T005583,Local Farm Vegetables (250g)
T005584,Coca-Cola Soft Drinks (Family Pack)
T005585,Lipton Tea (1kg)
T005586,Walls Ice Cream (500ml)
T005587,Coca-Cola Soft Drinks (500g)
T005588,Thal Sugar (Family Pack)
T005589,Thal Sugar (1L)
T005590,Lux Soap (500g)
T005591,LU Biscuits (1kg)
T005592,Pepsi Soft Drinks (250g)
T005593,Local Farm Vegetables (500g)
T005594,Guard Rice (500ml)
T005595,Nestle Juices (1kg)
T005596,Colgate Toothpaste (200ml)
T005597,Lux Soap (500g)
T005598,Lipton Tea (1kg)
T005599,Cadbury Chocolate (500ml)
T005600,Sinar Notebooks (Family Pack)
T005601,Olpers Milk (Pack of 6)
T005602,National Spices (500ml)
T005603,Aquafina Water (500g)
T005604,National Ketchup (Pack of 6)
T005605,Lipton Tea (1L)
T005606,Pampers Diapers (500g)
T005607,Dalda Cooking Oil (500g)
T005608,Adams Cheese (Family Pack)
T005609,Surf Excel Detergent (500ml)
T005610,Bake Parlour Bread (Family Pack)
T005611,Colgate Toothpaste (250g)
T005612,Dalda Cooking Oil (500ml)
T005613,Nestle Yogurt (1kg)
T005614,National Spices (250g)
T005615,Lays Chips (250g)
T005616,Bake Parlour Cakes (250g)
T005617,Local Farm Vegetables (1kg)
T005618,National Spices (250g)
T005619,Lays Chips (Family Pack)
T005620,Coca-Cola Soft Drinks (500g)
T005621,Adams Cheese (Family Pack)
T005622,Bake Parlour Bread (1kg)
T005623,Pampers Diapers (250g)
T005624,Adams Cheese (Family Pack)
T005625,Bake Parlour Cakes (1L)
T005626,National Ketchup (1L)
T005627,LU Biscuits (500ml)
T005628,Pampers Diapers (500g)
T005629,Lux Soap (1L)
T005630,Dalda Cooking Oil (500ml)
T005631,Shezan Juices (500ml)
T005632,Lipton Tea (1L)
T005633,Bake Parlour Bread (500g)
T005634,Pampers Diapers (200ml)
T005635,Nestle Juices (500ml)
T005636,Bake Parlour Bread (500g)
T005637,Vim Dishwash (Family Pack)
T005638,Shezan Juices (1L)
T005639,Adams Cheese (1L)
T005640,Surf Excel Detergent (1L)
T005641,Menu Frozen Nuggets (500g)
T005642,Sinar Notebooks (Pack of 6)
T005643,Coca-Cola Soft Drinks (500g)
T005644,Surf Excel Detergent (1L)
T005645,Coca-Cola Soft Drinks (500g)
T005646,Nestle Yogurt (1kg)
T005647,Nestle Yogurt (Pack of 6)
T005648,Sunridge Flour (Atta) (500ml)
T005649,Bake Parlour Cakes (1L)
T005650,Vim Dishwash (500ml)
T005651,Bake Parlour Bread (Pack of 6)
T005652,Adams Cheese (1kg)
T005653,Cadbury Chocolate (500ml)
T005654,National Spices (250g)
T005655,Sinar Notebooks (Family Pack)
T005656,Bake Parlour Cakes (500ml)
T005657,Pantene Shampoo (Family Pack)
T005658,Olpers Milk (Pack of 6)
T005659,Bake Parlour Cakes (500ml)
T005660,Shezan Juices (1L)
T005661,Bake Parlour Bread (1L)
T005662,LU Biscuits (500ml)
T005663,National Ketchup (500g)
T005664,Pantene Shampoo (Family Pack)
T005665,Cadbury Chocolate (Pack of 6)
T005666,Menu Frozen Nuggets (Pack of 6)
T005667,Olpers Milk (Pack of 6)
T005668,Sunridge Flour (Atta) (1L)
T005669,Local Farm Fruits (500g)
T005670,Nestle Juices (500ml)
T005671,Aquafina Water (1kg)
T005672,Sunridge Flour (Atta) (1L)
T005673,Lipton Tea (1L)
T005674,Sinar Notebooks (1kg)
T005675,Lipton Tea (1kg)
T005676,Nestle Juices (250g)
T005677,Nestle Juices (1kg)
T005678,National Ketchup (1kg)
T005679,Aquafina Water (1kg)
T005680,Surf Excel Detergent (500ml)
T005681,Pantene Shampoo (1L)
T005682,Pampers Diapers (250g)
T005683,Adams Cheese (Family Pack)
T005684,National Spices (250g)
T005685,Coca-Cola Soft Drinks (Family Pack)
T005686,Nestle Yogurt (250g)
T005687,Pepsi Soft Drinks (1kg)
T005688,Olpers Milk (Pack of 6)
T005689,National Spices (500ml)
T005690,Thal Sugar (Family Pack)
T005691,Guard Rice (1kg)
T005692,Local Farm Vegetables (500ml)
T005693,Adams Cheese (Family Pack)
T005694,Pantene Shampoo (Pack of 6)
T005695,Cadbury Chocolate (Pack of 6)
T005696,Olpers Milk (200ml)
T005697,Cadbury Chocolate (200ml)
T005698,Vim Dishwash (Family Pack)
T005699,Cadbury Chocolate (Pack of 6)
T005700,Local Farm Fruits (500g)
T005701,Sunridge Flour (Atta) (1L)
T005702,Lipton Tea (1kg)
T005703,Pantene Shampoo (1kg)
T005704,Vim Dishwash (1L)
T005705,Dalda Cooking Oil (500ml)
T005706,Surf Excel Detergent (Pack of 6)
T005707,Sunridge Flour (Atta) (250g)
T005708,Aquafina Water (1kg)
T005709,Menu Frozen Nuggets (1L)
T005710,Olpers Milk (500g)
T005711,Dalda Cooking Oil (500ml)
T005712,National Spices (200ml)
T005713,LU Biscuits (1kg)
T005714,Walls Ice Cream (Pack of 6)
T005715,Sinar Notebooks (Family Pack)
T005716,Lux Soap (500g)
T005717,Pantene Shampoo (200ml)
T005718,Surf Excel Detergent (Pack of 6)
T005719,Olpers Milk (Pack of 6)
T005720,Nestle Juices (500ml)
T005721,National Spices (250g)
T005722,Cadbury Chocolate (Pack of 6)
T005723,Thal Sugar (Family Pack)
T005724,Nestle Juices (1kg)
T005725,National Spices (250g)
T005726,Local Farm Vegetables (250g)
T005727,Surf Excel Detergent (500ml)
T005728,Colgate Toothpaste (200ml)
T005729,Sunridge Flour (Atta) (1L)
T005730,Bake Parlour Bread (500g)
T005731,Nestle Juices (1kg)
T005732,Lays Chips (500ml)
T005733,Adams Cheese (Family Pack)
T005734,Olpers Milk (Pack of 6)
T005735,Walls Ice Cream (1kg)
T005736,Nestle Juices (500ml)
T005737,LU Biscuits (500ml)
T005738,Menu Frozen Nuggets (200ml)
T005739,Cadbury Chocolate (Pack of 6)
T005740,National Ketchup (1kg)
T005741,Thal Sugar (1L)
T005742,Colgate Toothpaste (Pack of 6)
T005743,Aquafina Water (500ml)
T005744,Shezan Juices (1kg)
T005745,Local Farm Fruits (500ml)
T005746,LU Biscuits (Pack of 6)
T005747,National Spices (250g)
T005748,Lays Chips (250g)
T005749,Vim Dishwash (1L)
T005750,Pepsi Soft Drinks (250g)
T005751,Lux Soap (1L)
T005752,Sunridge Flour (Atta) (1L)
T005753,National Ketchup (500g)
T005754,Pantene Shampoo (1kg)
T005755,Guard Rice (1kg)
T005756,Olpers Milk (Pack of 6)
T005757,Bake Parlour Bread (500g)
T005758,Sinar Notebooks (1kg)
T005759,Dalda Cooking Oil (500g)
T005760,Coca-Cola Soft Drinks (200ml)
T005761,Sinar Notebooks (Family Pack)
T005762,Adams Cheese (Pack of 6)
T005763,Dalda Cooking Oil (Family Pack)
T005764,Coca-Cola Soft Drinks (500g)
T005765,Bake Parlour Cakes (500ml)
T005766,LU Biscuits (Pack of 6)
T005767,National Spices (500ml)
T005768,Surf Excel Detergent (500ml)
T005769,National Ketchup (1kg)
T005770,Sinar Notebooks (Pack of 6)
T005771,Surf Excel Detergent (500ml)
T005772,Local Farm Vegetables (1kg)
T005773,Pantene Shampoo (Family Pack)
T005774,Bake Parlour Bread (Family Pack)
T005775,Guard Rice (500g)
T005776,Lays Chips (250g)
T005777,Nurpur Butter (500g)
T005778,Walls Ice Cream (500ml)
T005779,Pantene Shampoo (Pack of 6)
T005780,Local Farm Fruits (Pack of 6)
T005781,Adams Cheese (Family Pack)
T005782,Local Farm Fruits (Pack of 6)
T005783,National Spices (Family Pack)
T005784,Lux Soap (500ml)
T005785,Bake Parlour Bread (Pack of 6)
T005786,Pampers Diapers (250g)
T005787,Lux Soap (500g)
T005788,Cadbury Chocolate (Pack of 6)
T005789,Pantene Shampoo (Family Pack)
T005790,Lipton Tea (250g)
T005791,Nurpur Butter (500ml)
T005792,Olpers Milk (Pack of 6)
T005793,Sinar Notebooks (500ml)
T005794,Surf Excel Detergent (1L)
T005795,Nurpur Butter (Family Pack)
T005796,Lays Chips (Family Pack)
T005797,Pantene Shampoo (1kg)
T005798,Lux Soap (500g)
T005799,Nurpur Butter (Family Pack)
T005800,Thal Sugar (200ml)
T005801,Menu Frozen Nuggets (500ml)
T005802,Nestle Juices (500ml)
T005803,Shezan Juices (1kg)
T005804,Thal Sugar (200ml)
T005805,Pampers Diapers (500g)
T005806,LU Biscuits (1kg)
T005807,Bake Parlour Cakes (1L)
T005808,Nurpur Butter (500ml)
T005809,Nestle Juices (500ml)
T005810,Lux Soap (500ml)
T005811,Shezan Juices (1L)
T005812,Lays Chips (500ml)
T005813,Olpers Milk (Pack of 6)
T005814,Colgate Toothpaste (Pack of 6)
T005815,Coca-Cola Soft Drinks (500g)
T005816,Nurpur Butter (500ml)
T005817,Olpers Milk (Pack of 6)
T005818,Adams Cheese (Family Pack)
T005819,Walls Ice Cream (Pack of 6)
T005820,Guard Rice (500g)
T005821,Cadbury Chocolate (Pack of 6)
T005822,Pantene Shampoo (Pack of 6)
T005823,Olpers Milk (Pack of 6)
T005824,Walls Ice Cream (250g)
T005825,Aquafina Water (500ml)
T005826,Pampers Diapers (250g)
T005827,National Spices (Family Pack)
T005828,Nestle Juices (1kg)
T005829,Menu Frozen Nuggets (1L)
T005830,Aquafina Water (Pack of 6)
T005831,Walls Ice Cream (500ml)
T005832,Sinar Notebooks (Pack of 6)
T005833,Adams Cheese (1kg)
T005834,Pampers Diapers (500g)
T005835,Nestle Juices (500ml)
T005836,Nestle Juices (1kg)
T005837,Aquafina Water (1kg)
T005838,Local Farm Fruits (200ml)
T005839,Walls Ice Cream (1kg)
T005840,LU Biscuits (Pack of 6)
T005841,Pepsi Soft Drinks (250g)
T005842,National Spices (250g)
T005843,Coca-Cola Soft Drinks (500g)
T005844,Pantene Shampoo (Family Pack)
T005845,Colgate Toothpaste (200ml)
T005846,Nurpur Butter (Family Pack)
T005847,Vim Dishwash (500ml)
T005848,Sunridge Flour (Atta) (Family Pack)
T005849,Bake Parlour Bread (Family Pack)
T005850,Cadbury Chocolate (Pack of 6)
T005851,Olpers Milk (Pack of 6)
T005852,Aquafina Water (1kg)
T005853,Lux Soap (250g)
T005854,Olpers Milk (500g)
T005855,Sunridge Flour (Atta) (1L)
T005856,National Ketchup (500g)
T005857,Menu Frozen Nuggets (1L)
T005858,Adams Cheese (1kg)
T005859,Nestle Juices (250g)
T005860,Bake Parlour Bread (1L)
T005861,Lux Soap (250g)
T005862,Coca-Cola Soft Drinks (500g)
T005863,Colgate Toothpaste (200ml)
T005864,Colgate Toothpaste (200ml)
T005865,Aquafina Water (500ml)
T005866,Walls Ice Cream (200ml)
T005867,Pampers Diapers (500g)
T005868,Lays Chips (250g)
T005869,Menu Frozen Nuggets (1L)
T005870,Menu Frozen Nuggets (500ml)
T005871,Walls Ice Cream (250g)
T005872,Pampers Diapers (500g)
T005873,Pepsi Soft Drinks (Pack of 6)
T005874,Olpers Milk (500g)
T005875,Colgate Toothpaste (200ml)
T005876,Menu Frozen Nuggets (500ml)
T005877,Olpers Milk (Pack of 6)
T005878,Nestle Yogurt (1kg)
T005879,Thal Sugar (Family Pack)
T005880,Guard Rice (1kg)
T005881,Lipton Tea (1kg)
T005882,Olpers Milk (500g)
T005883,Surf Excel Detergent (Pack of 6)
T005884,Lipton Tea (500ml)
T005885,Pepsi Soft Drinks (Pack of 6)
T005886,Sunridge Flour (Atta) (1L)
T005887,Olpers Milk (Pack of 6)
T005888,Coca-Cola Soft Drinks (200ml)
T005889,Lipton Tea (500ml)
T005890,Aquafina Water (500g)
T005891,Nurpur Butter (Family Pack)
T005892,Surf Excel Detergent (1L)
T005893,Guard Rice (1L)
T005894,Nestle Juices (1kg)
T005895,Guard Rice (1L)
T005896,Pantene Shampoo (200ml)
T005897,Vim Dishwash (Family Pack)
T005898,Local Farm Vegetables (500g)
T005899,Local Farm Vegetables (500ml)
T005900,Nurpur Butter (Family Pack)
T005901,Menu Frozen Nuggets (1L)
T005902,Walls Ice Cream (500ml)
T005903,Bake Parlour Bread (1L)
T005904,Local Farm Vegetables (500g)
T005905,Bake Parlour Bread (1L)
T005906,Vim Dishwash (500ml)
T005907,Shezan Juices (1L)
T005908,Guard Rice (1L)
T005909,Nurpur Butter (500ml)
T005910,Colgate Toothpaste (Pack of 6)
T005911,Aquafina Water (500ml)
T005912,Surf Excel Detergent (500ml)
T005913,Nestle Juices (1kg)
T005914,LU Biscuits (Pack of 6)
T005915,National Spices (250g)
T005916,Nestle Yogurt (250g)
T005917,Walls Ice Cream (250g)
T005918,National Spices (250g)
T005919,Nurpur Butter (Family Pack)
T005920,Aquafina Water (Pack of 6)
T005921,Dalda Cooking Oil (500g)
T005922,Walls Ice Cream (1kg)
T005923,Dalda Cooking Oil (500g)
T005924,Adams Cheese (1L)
T005925,Pepsi Soft Drinks (1kg)
T005926,Sinar Notebooks (Pack of 6)
T005927,Nurpur Butter (500ml)
T005928,LU Biscuits (Pack of 6)
T005929,Sinar Notebooks (Family Pack)
T005930,Lipton Tea (1L)
T005931,National Spices (500ml)
T005932,Bake Parlour Cakes (500ml)
T005933,Sunridge Flour (Atta) (Family Pack)
T005934,Olpers Milk (500g)
T005935,Aquafina Water (1kg)
T005936,Menu Frozen Nuggets (Pack of 6)
T005937,National Ketchup (500g)
T005938,Bake Parlour Bread (500g)
T005939,Sunridge Flour (Atta) (500ml)
T005940,Thal Sugar (Family Pack)
T005941,National Ketchup (Pack of 6)
T005942,Lays Chips (Family Pack)
T005943,LU Biscuits (Pack of 6)
T005944,Lays Chips (Family Pack)
T005945,Shezan Juices (1L)
T005946,Menu Frozen Nuggets (500g)
T005947,Nurpur Butter (500ml)
T005948,Pampers Diapers (250g)
T005949,National Spices (500ml)
T005950,Adams Cheese (1L)
T005951,Pantene Shampoo (1L)
T005952,Menu Frozen Nuggets (1L)
T005953,Menu Frozen Nuggets (500g)
T005954,Pantene Shampoo (1kg)
T005955,Pantene Shampoo (1kg)
T005956,Sunridge Flour (Atta) (250g)
T005957,Walls Ice Cream (500ml)
T005958,Cadbury Chocolate (200ml)
T005959,Local Farm Vegetables (500ml)
T005960,Sunridge Flour (Atta) (1L)
T005961,Cadbury Chocolate (Pack of 6)
T005962,Adams Cheese (Family Pack)
T005963,Vim Dishwash (Family Pack)
T005964,Local Farm Vegetables (250g)
T005965,Nurpur Butter (500ml)
T005966,Guard Rice (500g)
T005967,LU Biscuits (Pack of 6)
T005968,Lays Chips (500ml)
T005969,Thal Sugar (Family Pack)
T005970,LU Biscuits (Pack of 6)
T005971,Aquafina Water (500g)
T005972,Olpers Milk (Pack of 6)
T005973,Lays Chips (500ml)
T005974,Vim Dishwash (Pack of 6)
T005975,Nestle Juices (250g)
T005976,Aquafina Water (1kg)
T005977,Lipton Tea (1kg)
T005978,Thal Sugar (Family Pack)
T005979,Pepsi Soft Drinks (250g)
T005980,Adams Cheese (Family Pack)
T005981,Lays Chips (Family Pack)
T005982,National Ketchup (500ml)
T005983,Shezan Juices (Family Pack)
T005984,Vim Dishwash (500ml)
T005985,Menu Frozen Nuggets (200ml)
T005986,Pampers Diapers (250g)
T005987,Thal Sugar (200ml)
T005988,Thal Sugar (Family Pack)
T005989,Nurpur Butter (Family Pack)
T005990,Colgate Toothpaste (200ml)
T005991,Sunridge Flour (Atta) (Family Pack)
T005992,Bake Parlour Bread (500g)
T005993,National Spices (250g)
T005994,National Ketchup (1L)
T005995,Pantene Shampoo (Family Pack)
T005996,Local Farm Fruits (500ml)
T005997,Menu Frozen Nuggets (500ml)
T005998,Adams Cheese (Family Pack)
T005999,Guard Rice (500ml)
T006000,Bake Parlour Bread (500g)
T006001,Shezan Juices (1L)
T006002,Adams Cheese (1kg)
T006003,Lays Chips (500ml)
T006004,Local Farm Fruits (500ml)
T006005,Nestle Yogurt (Pack of 6)
T006006,Nestle Yogurt (Pack of 6)
T006007,Shezan Juices (1L)
T006008,Bake Parlour Bread (500g)
T006009,Bake Parlour Cakes (500ml)
T006010,Nurpur Butter (Family Pack)
T006011,Menu Frozen Nuggets (500g)
T006012,Coca-Cola Soft Drinks (Family Pack)
T006013,Shezan Juices (500ml)
T006014,Shezan Juices (Family Pack)
T006015,Local Farm Vegetables (500g)
T006016,Pantene Shampoo (Family Pack)
T006017,Local Farm Vegetables (250g)
T006018,Vim Dishwash (Family Pack)
T006019,National Ketchup (500ml)
T006020,Lipton Tea (1kg)
T006021,Lays Chips (Family Pack)
T006022,Sunridge Flour (Atta) (1L)
T006023,Menu Frozen Nuggets (500g)
T006024,Lays Chips (250g)
T006025,Olpers Milk (Pack of 6)
T006026,Guard Rice (1L)
T006027,Vim Dishwash (Family Pack)
T006028,Surf Excel Detergent (1L)
T006029,LU Biscuits (500ml)
T006030,Colgate Toothpaste (Pack of 6)
T006031,Lays Chips (500ml)
T006032,Nurpur Butter (500g)
T006033,Menu Frozen Nuggets (500ml)
T006034,Pantene Shampoo (Pack of 6)
T006035,Guard Rice (1kg)
T006036,Guard Rice (1kg)
T006037,Lays Chips (250g)
T006038,Sinar Notebooks (Family Pack)
T006039,Walls Ice Cream (Pack of 6)
T006040,Lipton Tea (1L)
T006041,Aquafina Water (Pack of 6)
T006042,Vim Dishwash (Pack of 6)
T006043,Pampers Diapers (200ml)
T006044,Colgate Toothpaste (200ml)
T006045,Menu Frozen Nuggets (1L)
T006046,Nurpur Butter (500ml)
T006047,Sinar Notebooks (500ml)
T006048,Colgate Toothpaste (200ml)
T006049,Bake Parlour Bread (1kg)
T006050,Surf Excel Detergent (500ml)
T006051,Shezan Juices (500ml)
T006052,Sinar Notebooks (500ml)
T006053,Local Farm Vegetables (500ml)
T006054,National Spices (250g)
T006055,Menu Frozen Nuggets (200ml)
T006056,Nurpur Butter (Family Pack)
T006057,Nestle Yogurt (Pack of 6)
T006058,Coca-Cola Soft Drinks (200ml)
T006059,Pepsi Soft Drinks (250g)
T006060,Surf Excel Detergent (1L)
T006061,Thal Sugar (1L)
T006062,Vim Dishwash (1L)
T006063,National Ketchup (Pack of 6)
T006064,Lux Soap (500g)
T006065,Sinar Notebooks (500ml)
T006066,Dalda Cooking Oil (500g)
T006067,Adams Cheese (1kg)
T006068,Coca-Cola Soft Drinks (200ml)
T006069,Adams Cheese (Family Pack)
T006070,Pampers Diapers (500g)
T006071,Guard Rice (1kg)
T006072,Shezan Juices (500ml)
T006073,Bake Parlour Bread (500g)
T006074,Pantene Shampoo (Family Pack)
T006075,Cadbury Chocolate (200ml)
T006076,Sinar Notebooks (Family Pack)
T006077,Shezan Juices (1L)
T006078,Local Farm Fruits (200ml)
T006079,Guard Rice (1kg)
T006080,Menu Frozen Nuggets (500ml)
T006081,Coca-Cola Soft Drinks (Family Pack)
T006082,Menu Frozen Nuggets (500ml)
T006083,Colgate Toothpaste (200ml)
T006084,Colgate Toothpaste (Pack of 6)
T006085,Nurpur Butter (500ml)
T006086,Sunridge Flour (Atta) (1L)
T006087,Nurpur Butter (500ml)
T006088,National Ketchup (500g)
T006089,Pantene Shampoo (Family Pack)
T006090,Lays Chips (500ml)
T006091,Vim Dishwash (Family Pack)
T006092,Pantene Shampoo (Family Pack)
T006093,LU Biscuits (Pack of 6)
T006094,National Ketchup (250g)
T006095,National Spices (Family Pack)
T006096,Pampers Diapers (200ml)
T006097,Walls Ice Cream (500ml)
T006098,Lays Chips (500ml)
T006099,Adams Cheese (1L)
T006100,National Spices (200ml)
T006101,Nestle Yogurt (250g)
T006102,Sunridge Flour (Atta) (1L)
T006103,Bake Parlour Bread (1L)
T006104,Menu Frozen Nuggets (200ml)
T006105,Lipton Tea (250g)
T006106,Pepsi Soft Drinks (250g)
T006107,Thal Sugar (1L)
T006108,Thal Sugar (Family Pack)
T006109,Menu Frozen Nuggets (500ml)
T006110,Local Farm Fruits (200ml)
T006111,Bake Parlour Cakes (1L)
T006112,Olpers Milk (500g)
T006113,Cadbury Chocolate (Pack of 6)
T006114,Lux Soap (500g)
T006115,National Ketchup (1L)
T006116,Thal Sugar (Family Pack)
T006117,Guard Rice (1kg)
T006118,Lipton Tea (1kg)
T006119,Adams Cheese (Family Pack)
T006120,Bake Parlour Bread (500g)
T006121,Sinar Notebooks (Family Pack)
T006122,Sinar Notebooks (Family Pack)
T006123,Nurpur Butter (500g)
T006124,Bake Parlour Bread (500g)
T006125,LU Biscuits (Pack of 6)
T006126,Bake Parlour Cakes (500ml)
T006127,Nestle Yogurt (250g)
T006128,Guard Rice (1kg)
T006129,Pepsi Soft Drinks (1kg)
T006130,Lays Chips (Family Pack)
T006131,Menu Frozen Nuggets (Pack of 6)
T006132,Pantene Shampoo (Family Pack)
T006133,Sinar Notebooks (Family Pack)
T006134,Shezan Juices (1kg)
T006135,Menu Frozen Nuggets (500ml)
T006136,Lux Soap (500ml)
T006137,Nestle Yogurt (1kg)
T006138,Cadbury Chocolate (Pack of 6)
T006139,Sunridge Flour (Atta) (1L)
T006140,Adams Cheese (Family Pack)
T006141,Menu Frozen Nuggets (500ml)
T006142,Lux Soap (500g)
T006143,Cadbury Chocolate (Pack of 6)
T006144,Menu Frozen Nuggets (1L)
T006145,Nurpur Butter (500ml)
T006146,Sunridge Flour (Atta) (1L)
T006147,Sunridge Flour (Atta) (Family Pack)
T006148,Pepsi Soft Drinks (250g)
T006149,Lipton Tea (500ml)
T006150,Bake Parlour Bread (1kg)
T006151,Thal Sugar (Family Pack)
T006152,Walls Ice Cream (250g)
T006153,Dalda Cooking Oil (250g)
T006154,National Ketchup (1kg)
T006155,Adams Cheese (Family Pack)
T006156,Nestle Juices (250g)
T006157,Surf Excel Detergent (500ml)
T006158,LU Biscuits (1kg)
T006159,Adams Cheese (1L)
T006160,Cadbury Chocolate (Pack of 6)
T006161,National Spices (250g)
T006162,Nestle Juices (250g)
T006163,Nestle Yogurt (250g)
T006164,Local Farm Fruits (500ml)
T006165,Lux Soap (500g)
T006166,Pepsi Soft Drinks (Pack of 6)
T006167,Colgate Toothpaste (Pack of 6)
T006168,Guard Rice (500g)
T006169,Bake Parlour Cakes (250g)
T006170,Sinar Notebooks (1kg)
T006171,Local Farm Vegetables (250g)
T006172,Guard Rice (500ml)
T006173,Adams Cheese (Family Pack)
T006174,Nestle Yogurt (Pack of 6)
T006175,Local Farm Vegetables (500ml)
T006176,Local Farm Vegetables (250g)
T006177,Olpers Milk (Pack of 6)
T006178,Olpers Milk (500g)
T006179,Sunridge Flour (Atta) (1L)
T006180,Coca-Cola Soft Drinks (200ml)
T006181,National Spices (250g)
T006182,Lux Soap (500g)
T006183,Local Farm Fruits (Pack of 6)
T006184,LU Biscuits (Pack of 6)
T006185,Sunridge Flour (Atta) (500ml)
T006186,Bake Parlour Bread (Pack of 6)
T006187,Bake Parlour Bread (Family Pack)
T006188,Adams Cheese (Family Pack)
T006189,Nestle Yogurt (250g)
T006190,Pantene Shampoo (200ml)
T006191,Local Farm Fruits (200ml)
T006192,Lays Chips (Family Pack)
T006193,Dalda Cooking Oil (250g)
T006194,Lipton Tea (1kg)
T006195,Local Farm Vegetables (500ml)
T006196,Nurpur Butter (500ml)
T006197,National Spices (Family Pack)
T006198,Bake Parlour Cakes (1L)
T006199,Menu Frozen Nuggets (Pack of 6)
T006200,Menu Frozen Nuggets (500ml)
T006201,Aquafina Water (500ml)
T006202,Sunridge Flour (Atta) (Family Pack)
T006203,Lux Soap (500g)
T006204,Colgate Toothpaste (250g)
T006205,Cadbury Chocolate (200ml)
T006206,Surf Excel Detergent (Pack of 6)
T006207,Local Farm Fruits (500ml)
T006208,Pampers Diapers (200ml)
T006209,Sinar Notebooks (Family Pack)
T006210,Menu Frozen Nuggets (500g)
T006211,Pampers Diapers (250g)
T006212,Local Farm Fruits (500g)
T006213,Sunridge Flour (Atta) (1L)
T006214,Adams Cheese (1kg)
T006215,Bake Parlour Bread (500g)
T006216,Pepsi Soft Drinks (1kg)
T006217,Sinar Notebooks (Family Pack)
T006218,Dalda Cooking Oil (Family Pack)
T006219,Pantene Shampoo (Family Pack)
T006220,Lipton Tea (250g)
T006221,Bake Parlour Bread (1L)
T006222,Pantene Shampoo (Family Pack)
T006223,Lays Chips (500ml)
T006224,Cadbury Chocolate (Pack of 6)
T006225,Pampers Diapers (500g)
T006226,Bake Parlour Bread (1L)
T006227,Local Farm Vegetables (1kg)
T006228,Walls Ice Cream (Pack of 6)
T006229,Coca-Cola Soft Drinks (200ml)
T006230,LU Biscuits (Pack of 6)
T006231,Pantene Shampoo (1kg)
T006232,Sunridge Flour (Atta) (1L)
T006233,Nurpur Butter (Family Pack)
T006234,Sinar Notebooks (Family Pack)
T006235,Pantene Shampoo (1kg)
T006236,Dalda Cooking Oil (250g)
T006237,Cadbury Chocolate (Pack of 6)
T006238,Local Farm Fruits (Pack of 6)
T006239,Walls Ice Cream (500ml)
T006240,Bake Parlour Bread (Pack of 6)
T006241,Dalda Cooking Oil (250g)
T006242,Local Farm Fruits (500ml)
T006243,Cadbury Chocolate (250g)
T006244,Local Farm Vegetables (1kg)
T006245,Olpers Milk (Pack of 6)
T006246,Pepsi Soft Drinks (Pack of 6)
T006247,Local Farm Fruits (200ml)
T006248,Pantene Shampoo (Pack of 6)
T006249,Colgate Toothpaste (200ml)
T006250,Colgate Toothpaste (200ml)
T006251,Coca-Cola Soft Drinks (200ml)
T006252,National Spices (250g)
T006253,Pantene Shampoo (200ml)
T006254,Pampers Diapers (200ml)
T006255,Shezan Juices (1kg)
T006256,Walls Ice Cream (Family Pack)
T006257,Cadbury Chocolate (200ml)
T006258,Bake Parlour Bread (500g)
T006259,Cadbury Chocolate (200ml)
T006260,LU Biscuits (Pack of 6)
T006261,Local Farm Vegetables (500ml)
T006262,LU Biscuits (1kg)
T006263,Aquafina Water (500g)
T006264,Surf Excel Detergent (1L)
T006265,Aquafina Water (500ml)
T006266,LU Biscuits (1kg)
T006267,Sinar Notebooks (500ml)
T006268,Local Farm Vegetables (250g)
T006269,Pepsi Soft Drinks (250g)
T006270,LU Biscuits (Pack of 6)
T006271,Dalda Cooking Oil (Family Pack)
T006272,Nestle Yogurt (Pack of 6)
T006273,Pampers Diapers (250g)
T006274,Pantene Shampoo (Family Pack)
T006275,Pepsi Soft Drinks (250g)
T006276,Menu Frozen Nuggets (200ml)
T006277,Local Farm Fruits (500g)
T006278,Lux Soap (1L)
T006279,Bake Parlour Bread (Pack of 6)
T006280,Pepsi Soft Drinks (1kg)
T006281,Local Farm Fruits (200ml)
T006282,Vim Dishwash (Family Pack)
T006283,Pantene Shampoo (Family Pack)
T006284,Aquafina Water (1kg)
T006285,LU Biscuits (Pack of 6)
T006286,Menu Frozen Nuggets (1L)
T006287,Menu Frozen Nuggets (1L)
T006288,Lays Chips (250g)
T006289,Lays Chips (500ml)
T006290,Menu Frozen Nuggets (500ml)
T006291,Lux Soap (500g)
T006292,Vim Dishwash (Family Pack)
T006293,Pantene Shampoo (Family Pack)
T006294,Menu Frozen Nuggets (200ml)
T006295,National Ketchup (500g)
T006296,Nurpur Butter (Pack of 6)
T006297,Nestle Juices (250g)
T006298,Surf Excel Detergent (500ml)
T006299,Bake Parlour Bread (Family Pack)
T006300,Walls Ice Cream (1kg)
T006301,Surf Excel Detergent (1L)
T006302,Thal Sugar (200ml)
T006303,Thal Sugar (Family Pack)
T006304,Surf Excel Detergent (1L)
T006305,Guard Rice (500g)
T006306,Aquafina Water (1kg)
T006307,Pepsi Soft Drinks (250g)
T006308,Surf Excel Detergent (500ml)
T006309,Lipton Tea (1L)
T006310,Cadbury Chocolate (250g)
T006311,Local Farm Fruits (500ml)
T006312,Surf Excel Detergent (500ml)
T006313,Local Farm Fruits (Pack of 6)
T006314,Pampers Diapers (500g)
T006315,Local Farm Vegetables (250g)
T006316,Sunridge Flour (Atta) (500ml)
T006317,Cadbury Chocolate (Pack of 6)
T006318,Pampers Diapers (500g)
T006319,National Ketchup (500g)
T006320,Pepsi Soft Drinks (Pack of 6)
T006321,Nestle Yogurt (1kg)
T006322,Pantene Shampoo (1kg)
T006323,Shezan Juices (1L)
T006324,Shezan Juices (Family Pack)
T006325,Thal Sugar (200ml)
T006326,National Ketchup (500g)
T006327,Olpers Milk (Pack of 6)
T006328,Sinar Notebooks (500ml)
T006329,Bake Parlour Bread (Pack of 6)
T006330,Bake Parlour Bread (Pack of 6)
T006331,National Spices (250g)
T006332,Walls Ice Cream (1kg)
T006333,Surf Excel Detergent (500ml)
T006334,Lipton Tea (500ml)
T006335,Walls Ice Cream (500ml)
T006336,Nestle Yogurt (250g)
T006337,Olpers Milk (Pack of 6)
T006338,Olpers Milk (200ml)
T006339,Surf Excel Detergent (1L)
T006340,Menu Frozen Nuggets (Pack of 6)
T006341,Sinar Notebooks (1kg)
T006342,Dalda Cooking Oil (250g)
T006343,Vim Dishwash (Family Pack)
T006344,Lux Soap (1L)
T006345,Cadbury Chocolate (200ml)
T006346,Bake Parlour Bread (500g)
T006347,Vim Dishwash (Family Pack)
T006348,Local Farm Vegetables (250g)
T006349,Guard Rice (500g)
T006350,Nestle Juices (500ml)
T006351,Nestle Juices (250g)
T006352,National Spices (Family Pack)
T006353,Nestle Juices (250g)
T006354,Menu Frozen Nuggets (500ml)
T006355,Menu Frozen Nuggets (500ml)
T006356,Walls Ice Cream (Pack of 6)
T006357,LU Biscuits (500ml)
T006358,Olpers Milk (Pack of 6)
T006359,Local Farm Fruits (500g)
T006360,Bake Parlour Cakes (1L)
T006361,Bake Parlour Cakes (250g)
T006362,Colgate Toothpaste (250g)
T006363,Nurpur Butter (Family Pack)
T006364,Lays Chips (Family Pack)
T006365,Aquafina Water (1kg)
T006366,Pantene Shampoo (200ml)
T006367,LU Biscuits (Pack of 6)
T006368,Adams Cheese (Family Pack)
T006369,Surf Excel Detergent (1L)
T006370,Bake Parlour Bread (1L)
T006371,Nestle Yogurt (Pack of 6)
T006372,Sunridge Flour (Atta) (1L)
T006373,Local Farm Vegetables (1kg)
T006374,Thal Sugar (Family Pack)
T006375,Nestle Juices (1kg)
T006376,Thal Sugar (200ml)
T006377,Lays Chips (Family Pack)
T006378,Coca-Cola Soft Drinks (200ml)
T006379,Sunridge Flour (Atta) (1L)
T006380,Pampers Diapers (500g)
T006381,National Ketchup (1L)
T006382,National Ketchup (1kg)
T006383,Pantene Shampoo (1L)
T006384,Surf Excel Detergent (500ml)
T006385,Surf Excel Detergent (Pack of 6)
T006386,National Ketchup (Pack of 6)
T006387,Local Farm Fruits (200ml)
T006388,Nestle Juices (250g)
T006389,Coca-Cola Soft Drinks (200ml)
T006390,Menu Frozen Nuggets (500ml)
T006391,Local Farm Fruits (500g)
T006392,Pepsi Soft Drinks (1kg)
T006393,Surf Excel Detergent (500ml)
T006394,Dalda Cooking Oil (500ml)
T006395,Local Farm Fruits (200ml)
T006396,Thal Sugar (Family Pack)
T006397,National Spices (500ml)
T006398,Lays Chips (Family Pack)
T006399,Menu Frozen Nuggets (500ml)
T006400,Walls Ice Cream (Pack of 6)
T006401,LU Biscuits (1kg)
T006402,National Ketchup (1L)
T006403,National Spices (250g)
T006404,Dalda Cooking Oil (500ml)
T006405,Bake Parlour Bread (1L)
T006406,National Ketchup (1kg)
T006407,Nestle Juices (1kg)
T006408,Walls Ice Cream (1kg)
T006409,Nurpur Butter (Family Pack)
T006410,Cadbury Chocolate (Pack of 6)
T006411,Colgate Toothpaste (200ml)
T006412,National Ketchup (1kg)
T006413,Aquafina Water (500ml)
T006414,National Spices (250g)
T006415,Guard Rice (500g)
T006416,Lux Soap (250g)
T006417,Sunridge Flour (Atta) (1L)
T006418,Nestle Juices (500ml)
T006419,Sunridge Flour (Atta) (1L)
T006420,Bake Parlour Bread (500g)
T006421,LU Biscuits (500ml)
T006422,Nestle Juices (250g)
T006423,Bake Parlour Bread (1kg)
T006424,Nurpur Butter (500ml)
T006425,Nestle Yogurt (Pack of 6)
T006426,LU Biscuits (500ml)
T006427,Lipton Tea (1L)
T006428,Bake Parlour Bread (500g)
T006429,Thal Sugar (Family Pack)
T006430,Lux Soap (500g)
T006431,Coca-Cola Soft Drinks (200ml)
T006432,Bake Parlour Bread (Pack of 6)
T006433,Lux Soap (250g)
T006434,Nestle Yogurt (Pack of 6)
T006435,LU Biscuits (Pack of 6)
T006436,Lays Chips (500ml)
T006437,Vim Dishwash (Family Pack)
T006438,Cadbury Chocolate (250g)
T006439,Bake Parlour Bread (Pack of 6)
T006440,Bake Parlour Cakes (500ml)
T006441,Pantene Shampoo (1kg)
T006442,Dalda Cooking Oil (Family Pack)
T006443,Nestle Yogurt (Pack of 6)
T006444,Surf Excel Detergent (500ml)
T006445,Nestle Yogurt (Pack of 6)
T006446,Pepsi Soft Drinks (250g)
T006447,Vim Dishwash (Pack of 6)
T006448,Dalda Cooking Oil (250g)
T006449,Colgate Toothpaste (200ml)
T006450,Dalda Cooking Oil (250g)
T006451,Lipton Tea (500ml)
T006452,Shezan Juices (Family Pack)
T006453,Cadbury Chocolate (Pack of 6)
T006454,Olpers Milk (Pack of 6)
T006455,Olpers Milk (Pack of 6)
T006456,Nestle Juices (500ml)
T006457,Menu Frozen Nuggets (500g)
T006458,Pepsi Soft Drinks (250g)
T006459,Guard Rice (1L)
T006460,Nestle Juices (1kg)
T006461,Coca-Cola Soft Drinks (500g)
T006462,Bake Parlour Cakes (500ml)
T006463,Local Farm Vegetables (250g)
T006464,Nestle Juices (500ml)
T006465,Local Farm Fruits (500ml)
T006466,Sunridge Flour (Atta) (1L)
T006467,Walls Ice Cream (1kg)
T006468,Cadbury Chocolate (500ml)
T006469,Menu Frozen Nuggets (500ml)
T006470,LU Biscuits (500ml)
T006471,Local Farm Fruits (500g)
T006472,Menu Frozen Nuggets (200ml)
T006473,Pantene Shampoo (1L)
T006474,National Ketchup (500g)
T006475,Dalda Cooking Oil (Family Pack)
T006476,Bake Parlour Bread (1L)
T006477,Menu Frozen Nuggets (500ml)
T006478,Vim Dishwash (Family Pack)
T006479,Dalda Cooking Oil (500ml)
T006480,Bake Parlour Bread (500g)
T006481,Sunridge Flour (Atta) (1L)
T006482,Cadbury Chocolate (500ml)
T006483,Walls Ice Cream (1kg)
T006484,Nestle Juices (250g)
T006485,Lux Soap (1L)
T006486,Lux Soap (1L)
T006487,Vim Dishwash (Pack of 6)
T006488,Vim Dishwash (Pack of 6)
T006489,Nestle Yogurt (250g)
T006490,Olpers Milk (Pack of 6)
T006491,Local Farm Vegetables (500ml)
T006492,Pantene Shampoo (1L)
T006493,Nestle Juices (1kg)
T006494,Pampers Diapers (250g)
T006495,Vim Dishwash (Pack of 6)
T006496,Shezan Juices (1kg)
T006497,Vim Dishwash (1L)
T006498,National Spices (250g)
T006499,Olpers Milk (200ml)
T006500,Aquafina Water (1kg)
T006501,Cadbury Chocolate (Pack of 6)
T006502,Guard Rice (1kg)
T006503,Sunridge Flour (Atta) (Family Pack)
T006504,Cadbury Chocolate (250g)
T006505,LU Biscuits (Pack of 6)
T006506,Colgate Toothpaste (200ml)
T006507,Lays Chips (Family Pack)
T006508,Local Farm Vegetables (250g)
T006509,Lux Soap (500g)
T006510,Shezan Juices (500ml)
T006511,Sinar Notebooks (Family Pack)
T006512,Thal Sugar (1L)
T006513,Nestle Yogurt (1kg)
T006514,Bake Parlour Bread (Pack of 6)
T006515,Bake Parlour Bread (500g)
T006516,Bake Parlour Cakes (500ml)
T006517,Sinar Notebooks (1kg)
T006518,Dalda Cooking Oil (500ml)
T006519,Adams Cheese (Family Pack)
T006520,Pantene Shampoo (1kg)
T006521,Bake Parlour Cakes (500ml)
T006522,Bake Parlour Cakes (1L)
T006523,Sunridge Flour (Atta) (1L)
T006524,Local Farm Vegetables (500g)
T006525,Bake Parlour Bread (1kg)
T006526,Coca-Cola Soft Drinks (200ml)
T006527,Shezan Juices (1kg)
T006528,Vim Dishwash (Pack of 6)
T006529,Lux Soap (500g)
T006530,Pantene Shampoo (200ml)
T006531,Lipton Tea (250g)
T006532,Shezan Juices (Family Pack)
T006533,Shezan Juices (1L)
T006534,Walls Ice Cream (Pack of 6)
T006535,Bake Parlour Cakes (1L)
T006536,LU Biscuits (Pack of 6)
T006537,Cadbury Chocolate (500ml)
T006538,Sunridge Flour (Atta) (1L)
T006539,Sunridge Flour (Atta) (250g)
T006540,Pampers Diapers (250g)
T006541,Pampers Diapers (250g)
T006542,Nurpur Butter (Family Pack)
T006543,Adams Cheese (1L)
T006544,Local Farm Vegetables (1kg)
T006545,Nestle Juices (500ml)
T006546,Local Farm Vegetables (250g)
T006547,Thal Sugar (Family Pack)
T006548,Lipton Tea (250g)
T006549,Sunridge Flour (Atta) (500ml)
T006550,Aquafina Water (500g)
T006551,Surf Excel Detergent (1L)
T006552,Bake Parlour Bread (1L)
T006553,Shezan Juices (500ml)
T006554,Thal Sugar (Family Pack)
T006555,Lux Soap (1L)
T006556,National Spices (500ml)
T006557,National Spices (Family Pack)
T006558,Cadbury Chocolate (Pack of 6)
T006559,Sunridge Flour (Atta) (1L)
T006560,Sunridge Flour (Atta) (250g)
T006561,Adams Cheese (Family Pack)
T006562,Menu Frozen Nuggets (500ml)
T006563,Coca-Cola Soft Drinks (500g)
T006564,Olpers Milk (Pack of 6)
T006565,Sunridge Flour (Atta) (500ml)
T006566,Nurpur Butter (Family Pack)
T006567,Aquafina Water (500g)
T006568,Pampers Diapers (500g)
T006569,National Spices (200ml)
T006570,Pepsi Soft Drinks (Pack of 6)
T006571,Adams Cheese (1L)
T006572,National Spices (Family Pack)
T006573,Sunridge Flour (Atta) (250g)
T006574,Vim Dishwash (Family Pack)
T006575,Walls Ice Cream (1kg)
T006576,Nurpur Butter (500ml)
T006577,Pantene Shampoo (Pack of 6)
T006578,Adams Cheese (250g)
T006579,Olpers Milk (Pack of 6)
T006580,Menu Frozen Nuggets (500g)
T006581,Colgate Toothpaste (200ml)
T006582,National Ketchup (500ml)
T006583,Lipton Tea (1kg)
T006584,LU Biscuits (1kg)
T006585,Pampers Diapers (250g)
T006586,National Ketchup (1L)
T006587,Bake Parlour Bread (1L)
T006588,Nestle Juices (1kg)
T006589,Sunridge Flour (Atta) (Family Pack)
T006590,Dalda Cooking Oil (250g)
T006591,Walls Ice Cream (250g)
T006592,Pantene Shampoo (Pack of 6)
T006593,Local Farm Fruits (200ml)
T006594,Walls Ice Cream (1kg)
T006595,Lux Soap (500ml)
T006596,Local Farm Fruits (200ml)
T006597,Pampers Diapers (200ml)
T006598,National Ketchup (250g)
T006599,Bake Parlour Cakes (500ml)
T006600,Lux Soap (1L)
T006601,Nestle Juices (500ml)
T006602,Sunridge Flour (Atta) (250g)
T006603,Local Farm Fruits (Pack of 6)
T006604,National Ketchup (500g)
T006605,Olpers Milk (Pack of 6)
T006606,Dalda Cooking Oil (Family Pack)
T006607,Local Farm Fruits (Pack of 6)
T006608,Adams Cheese (Family Pack)
T006609,Local Farm Vegetables (500g)
T006610,Coca-Cola Soft Drinks (200ml)
T006611,Sunridge Flour (Atta) (Family Pack)
T006612,Lux Soap (500g)
T006613,Lays Chips (250g)
T006614,Coca-Cola Soft Drinks (200ml)
T006615,Sunridge Flour (Atta) (1L)
T006616,Lux Soap (500ml)
T006617,Bake Parlour Cakes (250g)
T006618,Sinar Notebooks (Family Pack)
T006619,Pepsi Soft Drinks (1kg)
T006620,Bake Parlour Bread (1kg)
T006621,Cadbury Chocolate (Pack of 6)
T006622,LU Biscuits (Pack of 6)
T006623,Menu Frozen Nuggets (500ml)
T006624,Bake Parlour Bread (1kg)
T006625,Vim Dishwash (500ml)
T006626,Sunridge Flour (Atta) (500ml)
T006627,Lipton Tea (1L)
T006628,Aquafina Water (Pack of 6)
T006629,Nurpur Butter (500ml)
T006630,Aquafina Water (500ml)
T006631,Adams Cheese (1kg)
T006632,Lux Soap (500g)
T006633,LU Biscuits (Pack of 6)
T006634,Walls Ice Cream (500ml)
T006635,Lays Chips (Family Pack)
T006636,Nestle Yogurt (Pack of 6)
T006637,Nurpur Butter (Family Pack)
T006638,Sinar Notebooks (500ml)
T006639,Pantene Shampoo (Pack of 6)
T006640,Thal Sugar (Family Pack)
T006641,Adams Cheese (1L)
T006642,Local Farm Vegetables (250g)
T006643,Thal Sugar (Family Pack)
T006644,Pepsi Soft Drinks (250g)
T006645,Lipton Tea (250g)
T006646,Cadbury Chocolate (Pack of 6)
T006647,Bake Parlour Bread (1kg)
T006648,Nestle Juices (250g)
T006649,Menu Frozen Nuggets (500g)
T006650,Lux Soap (250g)
T006651,Nestle Yogurt (250g)
T006652,Lays Chips (250g)
T006653,Bake Parlour Bread (1L)
T006654,Olpers Milk (200ml)
T006655,Local Farm Vegetables (1kg)
T006656,Dalda Cooking Oil (500g)
T006657,Nestle Juices (1kg)
T006658,Thal Sugar (1L)
T006659,LU Biscuits (1kg)
T006660,Walls Ice Cream (Pack of 6)
T006661,Cadbury Chocolate (Pack of 6)
T006662,LU Biscuits (500ml)
T006663,Local Farm Fruits (Pack of 6)
T006664,Shezan Juices (Family Pack)
T006665,Olpers Milk (200ml)
T006666,Pampers Diapers (500g)
T006667,National Ketchup (1L)
T006668,LU Biscuits (Pack of 6)
T006669,Bake Parlour Cakes (250g)
T006670,Lipton Tea (250g)
T006671,Walls Ice Cream (Family Pack)
T006672,Menu Frozen Nuggets (Pack of 6)
T006673,Bake Parlour Cakes (1L)
T006674,Adams Cheese (250g)
T006675,Aquafina Water (500g)
T006676,Sunridge Flour (Atta) (1L)
T006677,Vim Dishwash (Family Pack)
T006678,Surf Excel Detergent (1L)
T006679,Lipton Tea (1kg)
T006680,Cadbury Chocolate (500ml)
T006681,Adams Cheese (1kg)
T006682,Nurpur Butter (Family Pack)
T006683,Aquafina Water (500g)
T006684,Nurpur Butter (Family Pack)
T006685,Cadbury Chocolate (500ml)
T006686,Lux Soap (500ml)
T006687,National Spices (200ml)
T006688,National Ketchup (250g)
T006689,Sunridge Flour (Atta) (1L)
T006690,Lays Chips (250g)
T006691,Sunridge Flour (Atta) (1L)
T006692,Nurpur Butter (500ml)
T006693,Colgate Toothpaste (200ml)
T006694,Nestle Juices (250g)
T006695,Olpers Milk (500g)
T006696,Surf Excel Detergent (1L)
T006697,Lux Soap (500g)
T006698,LU Biscuits (Pack of 6)
T006699,Lipton Tea (1L)
T006700,Pampers Diapers (200ml)
T006701,Walls Ice Cream (250g)
T006702,Thal Sugar (Family Pack)
T006703,Bake Parlour Cakes (1L)
T006704,Vim Dishwash (Pack of 6)
T006705,Pampers Diapers (200ml)
T006706,Local Farm Vegetables (250g)
T006707,Cadbury Chocolate (Pack of 6)
T006708,Cadbury Chocolate (250g)
T006709,Surf Excel Detergent (500ml)
T006710,Surf Excel Detergent (1L)
T006711,Surf Excel Detergent (1L)
T006712,Local Farm Vegetables (1kg)
T006713,National Ketchup (250g)
T006714,Nurpur Butter (500ml)
T006715,Sinar Notebooks (Family Pack)
T006716,Walls Ice Cream (500ml)
T006717,Menu Frozen Nuggets (500g)
T006718,Pantene Shampoo (200ml)
T006719,Colgate Toothpaste (Pack of 6)
T006720,Sinar Notebooks (Family Pack)
T006721,National Ketchup (250g)
T006722,Lays Chips (500ml)
T006723,Nurpur Butter (Family Pack)
T006724,Shezan Juices (1L)
T006725,Local Farm Vegetables (250g)
T006726,Pantene Shampoo (1L)
T006727,Dalda Cooking Oil (500ml)
T006728,Nestle Juices (1kg)
T006729,Lux Soap (500g)
T006730,Lipton Tea (1L)
T006731,National Ketchup (1L)
T006732,Sunridge Flour (Atta) (1L)
T006733,Nurpur Butter (Family Pack)
T006734,Walls Ice Cream (500ml)
T006735,Sinar Notebooks (Pack of 6)
T006736,Guard Rice (1kg)
T006737,Guard Rice (500ml)
T006738,Lays Chips (Family Pack)
T006739,Local Farm Fruits (500g)
T006740,Surf Excel Detergent (Pack of 6)
T006741,National Ketchup (1L)
T006742,Lays Chips (500ml)
T006743,Vim Dishwash (Pack of 6)
T006744,Lux Soap (250g)
T006745,Lux Soap (500ml)
T006746,National Ketchup (500ml)
T006747,Nestle Juices (1kg)
T006748,Surf Excel Detergent (500ml)
T006749,Nestle Juices (250g)
T006750,Lipton Tea (250g)
T006751,Bake Parlour Cakes (500ml)
T006752,Nestle Yogurt (Pack of 6)
T006753,Nestle Juices (1kg)
T006754,Nurpur Butter (500ml)
T006755,Shezan Juices (Family Pack)
T006756,Local Farm Vegetables (500ml)
T006757,Menu Frozen Nuggets (1L)
T006758,Shezan Juices (500ml)
T006759,Sinar Notebooks (Pack of 6)
T006760,Cadbury Chocolate (500ml)
T006761,Guard Rice (1L)
T006762,Lays Chips (Family Pack)
T006763,National Ketchup (500ml)
T006764,Guard Rice (500ml)
T006765,Menu Frozen Nuggets (500ml)
T006766,Menu Frozen Nuggets (500ml)
T006767,Guard Rice (500ml)
T006768,Cadbury Chocolate (Pack of 6)
T006769,Walls Ice Cream (500ml)
T006770,National Spices (250g)
T006771,Pepsi Soft Drinks (1kg)
T006772,Pantene Shampoo (Family Pack)
T006773,Lays Chips (250g)
T006774,LU Biscuits (1kg)
T006775,Lux Soap (250g)
T006776,Colgate Toothpaste (250g)
T006777,Pampers Diapers (250g)
T006778,Nurpur Butter (Family Pack)
T006779,Surf Excel Detergent (1L)
T006780,Thal Sugar (Family Pack)
T006781,Nestle Juices (250g)
T006782,Shezan Juices (1kg)
T006783,Bake Parlour Cakes (500ml)
T006784,Nestle Juices (250g)
T006785,Sunridge Flour (Atta) (250g)
T006786,Lipton Tea (1L)
T006787,Surf Excel Detergent (Pack of 6)
T006788,Vim Dishwash (500ml)
T006789,Lux Soap (250g)
T006790,Vim Dishwash (Family Pack)
T006791,Vim Dishwash (Family Pack)
T006792,Bake Parlour Cakes (500ml)
T006793,Aquafina Water (500ml)
T006794,Sinar Notebooks (500ml)
T006795,Surf Excel Detergent (Pack of 6)
T006796,Lays Chips (500ml)
T006797,Pampers Diapers (500g)
T006798,LU Biscuits (1kg)
T006799,Surf Excel Detergent (1L)
T006800,Pampers Diapers (200ml)
T006801,Sunridge Flour (Atta) (1L)
T006802,Surf Excel Detergent (1L)
T006803,Pantene Shampoo (1kg)
T006804,Aquafina Water (Pack of 6)
T006805,Vim Dishwash (Family Pack)
T006806,Colgate Toothpaste (200ml)
T006807,Local Farm Vegetables (500ml)
T006808,Walls Ice Cream (200ml)
T006809,Lipton Tea (1L)
T006810,Guard Rice (1kg)
T006811,Lipton Tea (500ml)
T006812,LU Biscuits (Pack of 6)
T006813,Sunridge Flour (Atta) (Family Pack)
T006814,Vim Dishwash (Family Pack)
T006815,Lipton Tea (250g)
T006816,Coca-Cola Soft Drinks (Family Pack)
T006817,Nurpur Butter (Family Pack)
T006818,Nurpur Butter (500ml)
T006819,Colgate Toothpaste (250g)
T006820,Cadbury Chocolate (500ml)
T006821,Adams Cheese (1kg)
T006822,Bake Parlour Bread (Pack of 6)
T006823,Sinar Notebooks (Family Pack)
T006824,LU Biscuits (500ml)
T006825,Colgate Toothpaste (200ml)
T006826,Bake Parlour Cakes (1L)
T006827,Cadbury Chocolate (500ml)
T006828,Vim Dishwash (Family Pack)
T006829,Lipton Tea (1L)
T006830,Menu Frozen Nuggets (200ml)
T006831,Aquafina Water (500g)
T006832,Sunridge Flour (Atta) (1L)
T006833,Bake Parlour Cakes (1L)
T006834,Sunridge Flour (Atta) (1L)
T006835,Lipton Tea (1L)
T006836,Lays Chips (Family Pack)
T006837,Lays Chips (500ml)
T006838,Adams Cheese (Family Pack)
T006839,Thal Sugar (200ml)
T006840,Aquafina Water (Pack of 6)
T006841,Coca-Cola Soft Drinks (200ml)
T006842,Sinar Notebooks (Family Pack)
T006843,Thal Sugar (Family Pack)
T006844,Menu Frozen Nuggets (500ml)
T006845,Lux Soap (1L)
T006846,Dalda Cooking Oil (500ml)
T006847,Adams Cheese (Pack of 6)
T006848,Vim Dishwash (Pack of 6)
T006849,Lux Soap (250g)
T006850,Surf Excel Detergent (500ml)
T006851,Cadbury Chocolate (Pack of 6)
T006852,Cadbury Chocolate (250g)
T006853,LU Biscuits (1kg)
T006854,Colgate Toothpaste (Pack of 6)
T006855,LU Biscuits (500ml)
T006856,Vim Dishwash (1L)
T006857,Walls Ice Cream (Family Pack)
T006858,Local Farm Vegetables (500g)
T006859,Walls Ice Cream (250g)
T006860,Sinar Notebooks (Family Pack)
T006861,Surf Excel Detergent (1L)
T006862,National Spices (Family Pack)
T006863,Thal Sugar (Family Pack)
T006864,Pepsi Soft Drinks (250g)
T006865,Pantene Shampoo (Family Pack)
T006866,Olpers Milk (200ml)
T006867,Dalda Cooking Oil (Family Pack)
T006868,Nestle Yogurt (250g)
T006869,Sunridge Flour (Atta) (1L)
T006870,Surf Excel Detergent (1L)
T006871,Coca-Cola Soft Drinks (200ml)
T006872,Local Farm Vegetables (1kg)
T006873,Vim Dishwash (Pack of 6)
T006874,Sinar Notebooks (1kg)
T006875,Vim Dishwash (Pack of 6)
T006876,Nurpur Butter (Family Pack)
T006877,Pantene Shampoo (Family Pack)
T006878,National Spices (200ml)
T006879,Local Farm Vegetables (500ml)
T006880,Bake Parlour Cakes (1L)
T006881,Thal Sugar (Family Pack)
T006882,Olpers Milk (200ml)
T006883,Coca-Cola Soft Drinks (200ml)
T006884,Shezan Juices (Family Pack)
T006885,Pepsi Soft Drinks (250g)
T006886,Dalda Cooking Oil (500ml)
T006887,Olpers Milk (Pack of 6)
T006888,Pampers Diapers (500g)
T006889,Dalda Cooking Oil (500g)
T006890,Pampers Diapers (200ml)
T006891,Guard Rice (1kg)
T006892,Sinar Notebooks (Family Pack)
T006893,Dalda Cooking Oil (500ml)
T006894,Menu Frozen Nuggets (Pack of 6)
T006895,Local Farm Vegetables (500g)
T006896,Nurpur Butter (500g)
T006897,Pampers Diapers (250g)
T006898,Thal Sugar (Family Pack)
T006899,National Ketchup (500g)
T006900,Local Farm Vegetables (1kg)
T006901,Lipton Tea (250g)
T006902,Bake Parlour Bread (Pack of 6)
T006903,Lays Chips (500ml)
T006904,Cadbury Chocolate (Pack of 6)
T006905,Local Farm Fruits (500g)
T006906,Vim Dishwash (1L)
T006907,Colgate Toothpaste (250g)
T006908,Bake Parlour Cakes (1L)
T006909,Cadbury Chocolate (Pack of 6)
T006910,Nestle Juices (250g)
T006911,Bake Parlour Bread (Pack of 6)
T006912,Lipton Tea (1L)
T006913,Lux Soap (500g)
T006914,Bake Parlour Bread (1L)
T006915,Bake Parlour Bread (1L)
T006916,Walls Ice Cream (Pack of 6)
T006917,Surf Excel Detergent (1L)
T006918,Menu Frozen Nuggets (Pack of 6)
T006919,Coca-Cola Soft Drinks (200ml)
T006920,Menu Frozen Nuggets (500ml)
T006921,National Spices (250g)
T006922,National Spices (Family Pack)
T006923,Pepsi Soft Drinks (1kg)
T006924,Sinar Notebooks (Family Pack)
T006925,Pantene Shampoo (200ml)
T006926,Pantene Shampoo (1L)
T006927,Local Farm Vegetables (250g)
T006928,Shezan Juices (Family Pack)
T006929,Thal Sugar (Family Pack)
T006930,Nurpur Butter (Family Pack)
T006931,Surf Excel Detergent (Pack of 6)
T006932,Pampers Diapers (500g)
T006933,LU Biscuits (Pack of 6)
T006934,Surf Excel Detergent (500ml)
T006935,Nestle Yogurt (1kg)
T006936,Cadbury Chocolate (Pack of 6)
T006937,Nestle Yogurt (Pack of 6)
T006938,Sunridge Flour (Atta) (1L)
T006939,Sinar Notebooks (500ml)
T006940,Pampers Diapers (250g)
T006941,Adams Cheese (1L)
T006942,Pampers Diapers (250g)
T006943,Menu Frozen Nuggets (500ml)
T006944,Local Farm Vegetables (500ml)
T006945,National Spices (500ml)
T006946,Coca-Cola Soft Drinks (Family Pack)
T006947,Surf Excel Detergent (Pack of 6)
T006948,Pepsi Soft Drinks (250g)
T006949,Walls Ice Cream (Pack of 6)
T006950,LU Biscuits (Pack of 6)
T006951,Vim Dishwash (Family Pack)
T006952,Lipton Tea (1L)
T006953,Thal Sugar (Family Pack)
T006954,Nurpur Butter (Family Pack)
T006955,Thal Sugar (Family Pack)
T006956,Aquafina Water (1kg)
T006957,Walls Ice Cream (500ml)
T006958,Sunridge Flour (Atta) (1L)
T006959,Nestle Juices (500ml)
T006960,Bake Parlour Cakes (500ml)
T006961,Nurpur Butter (Pack of 6)
T006962,Sunridge Flour (Atta) (1L)
T006963,Lipton Tea (1L)
T006964,Sunridge Flour (Atta) (1L)
T006965,Sinar Notebooks (Pack of 6)
T006966,Dalda Cooking Oil (500g)
T006967,Shezan Juices (Family Pack)
T006968,Bake Parlour Bread (1kg)
T006969,Adams Cheese (1kg)
T006970,Sunridge Flour (Atta) (1L)
T006971,Pantene Shampoo (Family Pack)
T006972,Lux Soap (250g)
T006973,Pampers Diapers (200ml)
T006974,Cadbury Chocolate (250g)
T006975,LU Biscuits (Pack of 6)
T006976,Walls Ice Cream (Family Pack)
T006977,Cadbury Chocolate (Pack of 6)
T006978,National Ketchup (500ml)
T006979,National Spices (500ml)
T006980,Cadbury Chocolate (200ml)
T006981,Cadbury Chocolate (200ml)
T006982,Olpers Milk (Pack of 6)
T006983,Bake Parlour Bread (1L)
T006984,Bake Parlour Bread (Pack of 6)
T006985,Menu Frozen Nuggets (1L)
T006986,Lipton Tea (1kg)
T006987,Local Farm Vegetables (500ml)
T006988,National Ketchup (1L)
T006989,Adams Cheese (Family Pack)
T006990,Walls Ice Cream (250g)
T006991,Bake Parlour Bread (Pack of 6)
T006992,Menu Frozen Nuggets (1L)
T006993,Bake Parlour Bread (Pack of 6)
T006994,Lays Chips (250g)
T006995,Menu Frozen Nuggets (1L)
T006996,Thal Sugar (Family Pack)
T006997,Olpers Milk (200ml)
T006998,Thal Sugar (Family Pack)
T006999,Pepsi Soft Drinks (Pack of 6)
T007000,Pepsi Soft Drinks (250g)
T007001,Walls Ice Cream (200ml)
T007002,Vim Dishwash (Pack of 6)
T007003,National Spices (Family Pack)
T007004,Local Farm Fruits (200ml)
T007005,National Spices (200ml)
T007006,Dalda Cooking Oil (500ml)
T007007,Local Farm Fruits (Pack of 6)
T007008,Lipton Tea (500ml)
T007009,Menu Frozen Nuggets (500g)
T007010,Vim Dishwash (1L)
T007011,LU Biscuits (1kg)
T007012,Sunridge Flour (Atta) (1L)
T007013,Pantene Shampoo (200ml)
T007014,Walls Ice Cream (1kg)
T007015,Surf Excel Detergent (500ml)
T007016,National Ketchup (500g)
T007017,Adams Cheese (Pack of 6)
T007018,Bake Parlour Cakes (1L)
T007019,Bake Parlour Cakes (1L)
T007020,Adams Cheese (1L)
T007021,National Spices (500ml)
T007022,Surf Excel Detergent (500ml)
T007023,Pantene Shampoo (Pack of 6)
T007024,Guard Rice (500ml)
T007025,Pampers Diapers (250g)
T007026,Local Farm Fruits (500ml)
T007027,Lux Soap (500g)
T007028,Menu Frozen Nuggets (1L)
T007029,Guard Rice (1L)
T007030,Local Farm Vegetables (250g)
T007031,LU Biscuits (Pack of 6)
T007032,National Spices (250g)
T007033,Sunridge Flour (Atta) (1L)
T007034,Pampers Diapers (200ml)
T007035,LU Biscuits (1kg)
T007036,National Spices (250g)
T007037,Lipton Tea (1L)
T007038,Guard Rice (1kg)
T007039,Lux Soap (250g)
T007040,Shezan Juices (1kg)
T007041,Vim Dishwash (Family Pack)
T007042,Shezan Juices (1L)
T007043,Surf Excel Detergent (1L)
T007044,Cadbury Chocolate (200ml)
T007045,Lays Chips (500ml)
T007046,Lipton Tea (1kg)
T007047,Adams Cheese (1L)
T007048,LU Biscuits (Pack of 6)
T007049,Colgate Toothpaste (Pack of 6)
T007050,Adams Cheese (250g)
T007051,National Spices (500ml)
T007052,Bake Parlour Cakes (250g)
T007053,Local Farm Fruits (Pack of 6)
T007054,Adams Cheese (1L)
T007055,Local Farm Fruits (Pack of 6)
T007056,Bake Parlour Cakes (500ml)
T007057,Sinar Notebooks (Family Pack)
T007058,Sunridge Flour (Atta) (250g)
T007059,National Spices (500ml)
T007060,LU Biscuits (500ml)
T007061,Olpers Milk (Pack of 6)
T007062,Sinar Notebooks (500ml)
T007063,Nurpur Butter (500ml)
T007064,Cadbury Chocolate (Pack of 6)
T007065,Lipton Tea (250g)
T007066,Cadbury Chocolate (200ml)
T007067,Colgate Toothpaste (200ml)
T007068,Sinar Notebooks (Family Pack)
T007069,Surf Excel Detergent (1L)
T007070,Bake Parlour Cakes (500ml)
T007071,Menu Frozen Nuggets (500ml)
T007072,Surf Excel Detergent (1L)
T007073,National Ketchup (500g)
T007074,Thal Sugar (Family Pack)
T007075,Lux Soap (500ml)
T007076,Pepsi Soft Drinks (250g)
T007077,Pantene Shampoo (1kg)
T007078,Sinar Notebooks (1kg)
T007079,Local Farm Vegetables (1kg)
T007080,Nurpur Butter (500ml)
T007081,Nurpur Butter (Family Pack)
T007082,Cadbury Chocolate (Pack of 6)
T007083,Lipton Tea (1L)
T007084,Vim Dishwash (Family Pack)
T007085,National Ketchup (500ml)
T007086,National Ketchup (1L)
T007087,Local Farm Vegetables (250g)
T007088,Nurpur Butter (Family Pack)
T007089,Vim Dishwash (500ml)
T007090,Sinar Notebooks (1kg)
T007091,Sinar Notebooks (Pack of 6)
T007092,Lipton Tea (1L)
T007093,Nestle Yogurt (250g)
T007094,Nurpur Butter (Pack of 6)
T007095,Guard Rice (1L)
T007096,Sunridge Flour (Atta) (Family Pack)
T007097,Menu Frozen Nuggets (1L)
T007098,Dalda Cooking Oil (Family Pack)
T007099,Surf Excel Detergent (1L)
T007100,Sinar Notebooks (1kg)
T007101,Bake Parlour Bread (500g)
T007102,Shezan Juices (Family Pack)
T007103,Aquafina Water (500g)
T007104,Local Farm Fruits (500ml)
T007105,Vim Dishwash (500ml)
T007106,Guard Rice (500ml)
T007107,Sinar Notebooks (1kg)
T007108,Coca-Cola Soft Drinks (500g)
T007109,Pantene Shampoo (Family Pack)
T007110,Dalda Cooking Oil (250g)
T007111,National Ketchup (250g)
T007112,Vim Dishwash (Family Pack)
T007113,Thal Sugar (Family Pack)
T007114,Colgate Toothpaste (Pack of 6)
T007115,Sunridge Flour (Atta) (Family Pack)
T007116,Pantene Shampoo (1L)
T007117,Menu Frozen Nuggets (1L)
T007118,Colgate Toothpaste (200ml)
T007119,Nestle Yogurt (Pack of 6)
T007120,National Spices (250g)
T007121,Cadbury Chocolate (Pack of 6)
T007122,Lux Soap (500g)
T007123,Lays Chips (500ml)
T007124,Cadbury Chocolate (250g)
T007125,Menu Frozen Nuggets (500g)
T007126,Bake Parlour Cakes (1L)
T007127,Aquafina Water (Pack of 6)
T007128,Surf Excel Detergent (1L)
T007129,Shezan Juices (1L)
T007130,Sinar Notebooks (500ml)
T007131,Thal Sugar (200ml)
T007132,Local Farm Vegetables (250g)
T007133,Bake Parlour Cakes (1L)
T007134,Thal Sugar (200ml)
T007135,Local Farm Vegetables (250g)
T007136,Bake Parlour Cakes (1L)
T007137,Cadbury Chocolate (500ml)
T007138,Nestle Juices (250g)
T007139,Sinar Notebooks (Pack of 6)
T007140,Aquafina Water (Pack of 6)
T007141,National Spices (200ml)
T007142,National Ketchup (500g)
T007143,Bake Parlour Cakes (500ml)
T007144,Bake Parlour Bread (Pack of 6)
T007145,Walls Ice Cream (200ml)
T007146,Adams Cheese (Family Pack)
T007147,Olpers Milk (Pack of 6)
T007148,LU Biscuits (Pack of 6)
T007149,Local Farm Fruits (Pack of 6)
T007150,Sunridge Flour (Atta) (250g)
T007151,Olpers Milk (Pack of 6)
T007152,Bake Parlour Bread (Pack of 6)
T007153,Lipton Tea (1kg)
T007154,Bake Parlour Cakes (1L)
T007155,Coca-Cola Soft Drinks (200ml)
T007156,Adams Cheese (1L)
T007157,National Spices (500ml)
T007158,Guard Rice (1L)
T007159,Cadbury Chocolate (Pack of 6)
T007160,Aquafina Water (Pack of 6)
T007161,Surf Excel Detergent (1L)
T007162,Menu Frozen Nuggets (500ml)
T007163,LU Biscuits (Pack of 6)
T007164,Pantene Shampoo (1kg)
T007165,Guard Rice (500g)
T007166,Bake Parlour Cakes (1L)
T007167,Nurpur Butter (Family Pack)
T007168,Nestle Juices (1kg)
T007169,Nurpur Butter (Pack of 6)
T007170,Bake Parlour Cakes (500ml)
T007171,National Ketchup (1kg)
T007172,Nestle Yogurt (1kg)
T007173,Coca-Cola Soft Drinks (200ml)
T007174,Olpers Milk (200ml)
T007175,Lays Chips (250g)
T007176,National Spices (250g)
T007177,Lipton Tea (1kg)
T007178,Coca-Cola Soft Drinks (Family Pack)
T007179,Surf Excel Detergent (500ml)
T007180,Menu Frozen Nuggets (Pack of 6)
T007181,National Ketchup (Pack of 6)
T007182,Pantene Shampoo (200ml)
T007183,Shezan Juices (1L)
T007184,Pampers Diapers (250g)
T007185,Local Farm Fruits (Pack of 6)
T007186,Nestle Yogurt (Pack of 6)
T007187,Thal Sugar (200ml)
T007188,National Ketchup (Pack of 6)
T007189,Nurpur Butter (500g)
T007190,Adams Cheese (Family Pack)
T007191,Sunridge Flour (Atta) (1L)
T007192,Bake Parlour Cakes (250g)
T007193,Lays Chips (Family Pack)
T007194,National Spices (200ml)
T007195,Sinar Notebooks (Pack of 6)
T007196,Colgate Toothpaste (Pack of 6)
T007197,Pampers Diapers (500g)
T007198,Nestle Juices (500ml)
T007199,Lux Soap (500g)
T007200,Nurpur Butter (500ml)
T007201,Pampers Diapers (200ml)
T007202,Aquafina Water (Pack of 6)
T007203,Bake Parlour Cakes (500ml)
T007204,Cadbury Chocolate (500ml)
T007205,LU Biscuits (1kg)
T007206,Pampers Diapers (500g)
T007207,Pampers Diapers (500g)
T007208,Dalda Cooking Oil (500ml)
T007209,Nestle Juices (1kg)
T007210,LU Biscuits (500ml)
T007211,Bake Parlour Cakes (500ml)
T007212,LU Biscuits (Pack of 6)
T007213,Nestle Juices (500ml)
T007214,Lux Soap (500g)
T007215,Bake Parlour Cakes (500ml)
T007216,Bake Parlour Cakes (1L)
T007217,Nestle Juices (500ml)
T007218,Surf Excel Detergent (1L)
T007219,Coca-Cola Soft Drinks (200ml)
T007220,Lipton Tea (500ml)
T007221,Thal Sugar (Family Pack)
T007222,Bake Parlour Cakes (250g)
T007223,Surf Excel Detergent (1L)
T007224,Vim Dishwash (500ml)
T007225,Adams Cheese (Family Pack)
T007226,Lipton Tea (250g)
T007227,Menu Frozen Nuggets (500g)
T007228,Pepsi Soft Drinks (250g)
T007229,Bake Parlour Cakes (500ml)
T007230,Guard Rice (1kg)
T007231,Nurpur Butter (500ml)
T007232,National Spices (250g)
T007233,Bake Parlour Bread (Pack of 6)
T007234,Colgate Toothpaste (250g)
T007235,Olpers Milk (500g)
T007236,Colgate Toothpaste (250g)
T007237,Local Farm Vegetables (1kg)
T007238,Local Farm Vegetables (1kg)
T007239,LU Biscuits (Pack of 6)
T007240,Colgate Toothpaste (Pack of 6)
T007241,Adams Cheese (1L)
T007242,Thal Sugar (Family Pack)
T007243,Lays Chips (Family Pack)
T007244,Cadbury Chocolate (200ml)
T007245,Thal Sugar (200ml)
T007246,Colgate Toothpaste (Pack of 6)
T007247,Sinar Notebooks (Family Pack)
T007248,National Spices (250g)
T007249,Sinar Notebooks (Pack of 6)
T007250,National Ketchup (500ml)
T007251,Sunridge Flour (Atta) (1L)
T007252,Colgate Toothpaste (Pack of 6)
T007253,Vim Dishwash (Family Pack)
T007254,Pantene Shampoo (200ml)
T007255,Cadbury Chocolate (200ml)
T007256,Nurpur Butter (500g)
T007257,Nurpur Butter (500ml)
T007258,Dalda Cooking Oil (500g)
T007259,Adams Cheese (Family Pack)
T007260,Nestle Yogurt (1kg)
T007261,Dalda Cooking Oil (500ml)
T007262,Nestle Juices (500ml)
T007263,National Ketchup (500g)
T007264,Menu Frozen Nuggets (200ml)
T007265,Bake Parlour Bread (Pack of 6)
T007266,Pantene Shampoo (Pack of 6)
T007267,Menu Frozen Nuggets (500g)
T007268,Local Farm Vegetables (1kg)
T007269,LU Biscuits (1kg)
T007270,Adams Cheese (Pack of 6)
T007271,Surf Excel Detergent (1L)
T007272,Aquafina Water (500g)
T007273,Lipton Tea (1L)
T007274,Olpers Milk (500g)
T007275,National Spices (250g)
T007276,Bake Parlour Bread (Family Pack)
T007277,Nestle Juices (1kg)
T007278,National Spices (200ml)
T007279,Nestle Juices (250g)
T007280,Surf Excel Detergent (1L)
T007281,Surf Excel Detergent (1L)
T007282,National Ketchup (1L)
T007283,Surf Excel Detergent (500ml)
T007284,Bake Parlour Cakes (1L)
T007285,Bake Parlour Cakes (1L)
T007286,Lays Chips (Family Pack)
T007287,LU Biscuits (Pack of 6)
T007288,Adams Cheese (Pack of 6)
T007289,Aquafina Water (Pack of 6)
T007290,Bake Parlour Bread (1L)
T007291,National Spices (Family Pack)
T007292,Cadbury Chocolate (200ml)
T007293,Pantene Shampoo (1L)
T007294,LU Biscuits (1kg)
T007295,Pampers Diapers (500g)
T007296,Lux Soap (500ml)
T007297,Adams Cheese (1kg)
T007298,Lipton Tea (250g)
T007299,Aquafina Water (500g)
T007300,Nurpur Butter (Pack of 6)
T007301,Cadbury Chocolate (200ml)
T007302,National Ketchup (500ml)
T007303,Olpers Milk (Pack of 6)
T007304,Lays Chips (Family Pack)
T007305,Olpers Milk (Pack of 6)
T007306,Nurpur Butter (500g)
T007307,Bake Parlour Bread (1L)
T007308,Bake Parlour Bread (1kg)
T007309,Cadbury Chocolate (Pack of 6)
T007310,Lux Soap (500g)
T007311,Bake Parlour Cakes (1L)
T007312,Menu Frozen Nuggets (500ml)
T007313,Lipton Tea (1kg)
T007314,Local Farm Vegetables (500ml)
T007315,Menu Frozen Nuggets (1L)
T007316,Walls Ice Cream (250g)
T007317,Vim Dishwash (1L)
T007318,Lipton Tea (1L)
T007319,Local Farm Fruits (500g)
T007320,Olpers Milk (200ml)
T007321,Pepsi Soft Drinks (Pack of 6)
T007322,Shezan Juices (500ml)
T007323,Bake Parlour Cakes (500ml)
T007324,Vim Dishwash (Pack of 6)
T007325,Guard Rice (1kg)
T007326,Menu Frozen Nuggets (Pack of 6)
T007327,Thal Sugar (Family Pack)
T007328,Pampers Diapers (500g)
T007329,Bake Parlour Bread (1L)
T007330,Local Farm Vegetables (500ml)
T007331,Sunridge Flour (Atta) (1L)
T007332,Dalda Cooking Oil (Family Pack)
T007333,Lays Chips (500ml)
T007334,Sinar Notebooks (Family Pack)
T007335,Sinar Notebooks (1kg)
T007336,Colgate Toothpaste (200ml)
T007337,Local Farm Fruits (Pack of 6)
T007338,Sunridge Flour (Atta) (Family Pack)
T007339,Local Farm Fruits (500ml)
T007340,Thal Sugar (Family Pack)
T007341,Bake Parlour Bread (Pack of 6)
T007342,Adams Cheese (1kg)
T007343,Menu Frozen Nuggets (500g)
T007344,Bake Parlour Bread (Pack of 6)
T007345,Walls Ice Cream (Pack of 6)
T007346,Shezan Juices (500ml)
T007347,Coca-Cola Soft Drinks (200ml)
T007348,Nestle Juices (250g)
T007349,Coca-Cola Soft Drinks (Family Pack)
T007350,Cadbury Chocolate (Pack of 6)
T007351,Adams Cheese (Family Pack)
T007352,Pepsi Soft Drinks (250g)
T007353,Pantene Shampoo (1L)
T007354,Guard Rice (1kg)
T007355,Walls Ice Cream (Pack of 6)
T007356,Cadbury Chocolate (250g)
T007357,LU Biscuits (Pack of 6)
T007358,Menu Frozen Nuggets (Pack of 6)
T007359,Pampers Diapers (250g)
T007360,Sinar Notebooks (Family Pack)
T007361,Lays Chips (500ml)
T007362,Menu Frozen Nuggets (1L)
T007363,Nestle Juices (500ml)
T007364,Nestle Juices (1kg)
T007365,Sunridge Flour (Atta) (250g)
T007366,Surf Excel Detergent (Pack of 6)
T007367,Thal Sugar (Family Pack)
T007368,Lipton Tea (500ml)
T007369,Pantene Shampoo (Pack of 6)
T007370,Bake Parlour Cakes (500ml)
T007371,Walls Ice Cream (500ml)
T007372,Shezan Juices (1kg)
T007373,Walls Ice Cream (Family Pack)
T007374,Pantene Shampoo (Family Pack)
T007375,National Ketchup (250g)
T007376,LU Biscuits (Pack of 6)
T007377,Sunridge Flour (Atta) (1L)
T007378,Pantene Shampoo (1L)
T007379,Pantene Shampoo (1kg)
T007380,LU Biscuits (Pack of 6)
T007381,Lipton Tea (250g)
T007382,Bake Parlour Bread (1L)
T007383,National Ketchup (500ml)
T007384,Sinar Notebooks (Family Pack)
T007385,Olpers Milk (Pack of 6)
T007386,Sinar Notebooks (1kg)
T007387,National Spices (Family Pack)
T007388,National Spices (200ml)
T007389,Olpers Milk (Pack of 6)
T007390,Lux Soap (1L)
T007391,Bake Parlour Bread (1L)
T007392,LU Biscuits (Pack of 6)
T007393,National Ketchup (1kg)
T007394,Surf Excel Detergent (500ml)
T007395,Bake Parlour Cakes (500ml)
T007396,Nestle Yogurt (Pack of 6)
T007397,Local Farm Fruits (500g)
T007398,Bake Parlour Bread (1L)
T007399,Colgate Toothpaste (Pack of 6)
T007400,Lipton Tea (1L)
T007401,Coca-Cola Soft Drinks (200ml)
T007402,Bake Parlour Bread (500g)
T007403,Colgate Toothpaste (Pack of 6)
T007404,Coca-Cola Soft Drinks (500g)
T007405,Olpers Milk (Pack of 6)
T007406,Guard Rice (1L)
T007407,National Ketchup (1L)
T007408,Pampers Diapers (250g)
T007409,Bake Parlour Bread (Pack of 6)
T007410,Aquafina Water (500ml)
T007411,Nurpur Butter (500ml)
T007412,Sunridge Flour (Atta) (1L)
T007413,Bake Parlour Bread (1L)
T007414,Nestle Juices (500ml)
T007415,Cadbury Chocolate (Pack of 6)
T007416,Sinar Notebooks (1kg)
T007417,Walls Ice Cream (200ml)
T007418,Lipton Tea (1kg)
T007419,Cadbury Chocolate (500ml)
T007420,Menu Frozen Nuggets (500ml)
T007421,National Ketchup (250g)
T007422,Pampers Diapers (250g)
T007423,Nurpur Butter (500g)
T007424,Lays Chips (500ml)
T007425,Vim Dishwash (Family Pack)
T007426,Nestle Yogurt (Pack of 6)
T007427,Guard Rice (1L)
T007428,Thal Sugar (1L)
T007429,Pantene Shampoo (1kg)
T007430,Surf Excel Detergent (Pack of 6)
T007431,National Ketchup (250g)
T007432,Sunridge Flour (Atta) (1L)
T007433,Thal Sugar (1L)
T007434,Walls Ice Cream (Family Pack)
T007435,Cadbury Chocolate (250g)
T007436,Nurpur Butter (Family Pack)
T007437,Olpers Milk (200ml)
T007438,Vim Dishwash (1L)
T007439,Adams Cheese (Family Pack)
T007440,National Spices (200ml)
T007441,Nestle Juices (1kg)
T007442,Lipton Tea (1L)
T007443,Nurpur Butter (500g)
T007444,Lux Soap (1L)
T007445,Coca-Cola Soft Drinks (200ml)
T007446,Adams Cheese (Family Pack)
T007447,Bake Parlour Bread (1L)
T007448,Menu Frozen Nuggets (Pack of 6)
T007449,Bake Parlour Bread (Family Pack)
T007450,Sinar Notebooks (Pack of 6)
T007451,Coca-Cola Soft Drinks (Family Pack)
T007452,Lays Chips (500ml)
T007453,Aquafina Water (500ml)
T007454,Walls Ice Cream (Family Pack)
T007455,Dalda Cooking Oil (500ml)
T007456,Cadbury Chocolate (250g)
T007457,National Ketchup (1kg)
T007458,Nurpur Butter (Family Pack)
T007459,Pantene Shampoo (Family Pack)
T007460,Lays Chips (Family Pack)
T007461,Nurpur Butter (500g)
T007462,National Spices (Family Pack)
T007463,Nestle Yogurt (Pack of 6)
T007464,Dalda Cooking Oil (250g)
T007465,Cadbury Chocolate (Pack of 6)
T007466,Guard Rice (1L)
T007467,Local Farm Vegetables (250g)
T007468,Pantene Shampoo (1kg)
T007469,Olpers Milk (500g)
T007470,Nestle Juices (1kg)
T007471,Nurpur Butter (Family Pack)
T007472,Menu Frozen Nuggets (1L)
T007473,Surf Excel Detergent (Pack of 6)
T007474,Sunridge Flour (Atta) (Family Pack)
T007475,Coca-Cola Soft Drinks (200ml)
T007476,Dalda Cooking Oil (500g)
T007477,Shezan Juices (1L)
T007478,Pampers Diapers (500g)
T007479,Nurpur Butter (Family Pack)
T007480,Adams Cheese (Pack of 6)
T007481,Aquafina Water (500ml)
T007482,Menu Frozen Nuggets (Pack of 6)
T007483,Surf Excel Detergent (500ml)
T007484,Lays Chips (Family Pack)
T007485,Sunridge Flour (Atta) (1L)
T007486,Shezan Juices (1kg)
T007487,Lipton Tea (1L)
T007488,Local Farm Vegetables (250g)
T007489,LU Biscuits (Pack of 6)
T007490,Guard Rice (1L)
T007491,Olpers Milk (200ml)
T007492,Pampers Diapers (250g)
T007493,Nurpur Butter (500ml)
T007494,Pantene Shampoo (Family Pack)
T007495,Thal Sugar (Family Pack)
T007496,Guard Rice (1kg)
T007497,Lays Chips (250g)
T007498,Aquafina Water (500g)
T007499,Dalda Cooking Oil (500ml)
T007500,Bake Parlour Bread (1kg)
T007501,Sunridge Flour (Atta) (Family Pack)
T007502,LU Biscuits (1kg)
T007503,Lays Chips (500ml)
T007504,Surf Excel Detergent (500ml)
T007505,Local Farm Vegetables (500g)
T007506,Walls Ice Cream (Pack of 6)
T007507,National Ketchup (500g)
T007508,Cadbury Chocolate (200ml)
T007509,Local Farm Fruits (Pack of 6)
T007510,Colgate Toothpaste (Pack of 6)
T007511,LU Biscuits (1kg)
T007512,Nurpur Butter (500ml)
T007513,Pantene Shampoo (Pack of 6)
T007514,Vim Dishwash (500ml)
T007515,Adams Cheese (Pack of 6)
T007516,Walls Ice Cream (1kg)
T007517,Dalda Cooking Oil (Family Pack)
T007518,National Ketchup (Pack of 6)
T007519,Walls Ice Cream (Pack of 6)
T007520,Local Farm Vegetables (500g)
T007521,Pantene Shampoo (1kg)
T007522,Nestle Yogurt (250g)
T007523,LU Biscuits (Pack of 6)
T007524,Coca-Cola Soft Drinks (200ml)
T007525,Bake Parlour Cakes (250g)
T007526,Coca-Cola Soft Drinks (500g)
T007527,Sinar Notebooks (Pack of 6)
T007528,Local Farm Vegetables (1kg)
T007529,LU Biscuits (Pack of 6)
T007530,National Ketchup (500g)
T007531,Adams Cheese (Family Pack)
T007532,Adams Cheese (Family Pack)
T007533,Pantene Shampoo (Family Pack)
T007534,Nurpur Butter (Family Pack)
T007535,Pantene Shampoo (200ml)
T007536,National Spices (Family Pack)
T007537,Shezan Juices (1L)
T007538,Guard Rice (500g)
T007539,Lays Chips (500ml)
T007540,Lux Soap (500ml)
T007541,Bake Parlour Cakes (500ml)
T007542,LU Biscuits (1kg)
T007543,Pepsi Soft Drinks (250g)
T007544,Surf Excel Detergent (500ml)
T007545,Nurpur Butter (Family Pack)
T007546,Local Farm Vegetables (500g)
T007547,Cadbury Chocolate (200ml)
T007548,Lays Chips (500ml)
T007549,Local Farm Fruits (Pack of 6)
T007550,Menu Frozen Nuggets (500g)
T007551,Lux Soap (500g)
T007552,Olpers Milk (Pack of 6)
T007553,Lux Soap (500g)
T007554,Olpers Milk (500g)
T007555,LU Biscuits (1kg)
T007556,Surf Excel Detergent (500ml)
T007557,Sinar Notebooks (500ml)
T007558,Thal Sugar (Family Pack)
T007559,Cadbury Chocolate (Pack of 6)
T007560,Sunridge Flour (Atta) (Family Pack)
T007561,Walls Ice Cream (250g)
T007562,Pampers Diapers (250g)
T007563,Cadbury Chocolate (500ml)
T007564,Guard Rice (1L)
T007565,Olpers Milk (Pack of 6)
T007566,Menu Frozen Nuggets (Pack of 6)
T007567,Cadbury Chocolate (Pack of 6)
T007568,Local Farm Vegetables (250g)
T007569,Lays Chips (250g)
T007570,Guard Rice (1L)
T007571,Olpers Milk (Pack of 6)
T007572,LU Biscuits (1kg)
T007573,National Ketchup (1kg)
T007574,Pantene Shampoo (1L)
T007575,Lays Chips (500ml)
T007576,Adams Cheese (Family Pack)
T007577,Cadbury Chocolate (200ml)
T007578,Nestle Juices (1kg)
T007579,Sunridge Flour (Atta) (500ml)
T007580,LU Biscuits (Pack of 6)
T007581,Local Farm Fruits (Pack of 6)
T007582,Lays Chips (500ml)
T007583,Pampers Diapers (200ml)
T007584,Menu Frozen Nuggets (500ml)
T007585,Cadbury Chocolate (Pack of 6)
T007586,Pantene Shampoo (Pack of 6)
T007587,Walls Ice Cream (1kg)
T007588,Vim Dishwash (Family Pack)
T007589,Bake Parlour Bread (Family Pack)
T007590,Coca-Cola Soft Drinks (200ml)
T007591,Pepsi Soft Drinks (250g)
T007592,Pepsi Soft Drinks (250g)
T007593,LU Biscuits (Pack of 6)
T007594,Pantene Shampoo (Family Pack)
T007595,Dalda Cooking Oil (Family Pack)
T007596,Dalda Cooking Oil (250g)
T007597,Lays Chips (500ml)
T007598,Coca-Cola Soft Drinks (200ml)
T007599,Bake Parlour Bread (1L)
T007600,Nestle Juices (250g)
T007601,Bake Parlour Cakes (1L)
T007602,Menu Frozen Nuggets (200ml)
T007603,Olpers Milk (Pack of 6)
T007604,Adams Cheese (250g)
T007605,Local Farm Vegetables (500g)
T007606,Lipton Tea (250g)
T007607,Local Farm Vegetables (250g)
T007608,Nurpur Butter (500ml)
T007609,Cadbury Chocolate (Pack of 6)
T007610,Coca-Cola Soft Drinks (200ml)
T007611,Vim Dishwash (Family Pack)
T007612,Thal Sugar (200ml)
T007613,Olpers Milk (200ml)
T007614,Sunridge Flour (Atta) (1L)
T007615,Pampers Diapers (500g)
T007616,Local Farm Vegetables (250g)
T007617,Pampers Diapers (250g)
T007618,Nestle Yogurt (Pack of 6)
T007619,Menu Frozen Nuggets (200ml)
T007620,Aquafina Water (1kg)
T007621,Pampers Diapers (250g)
T007622,Vim Dishwash (500ml)
T007623,National Spices (500ml)
T007624,Pantene Shampoo (Pack of 6)
T007625,Lux Soap (500ml)
T007626,Nurpur Butter (500g)
T007627,Thal Sugar (200ml)
T007628,Local Farm Vegetables (500g)
T007629,Bake Parlour Bread (Pack of 6)
T007630,Pantene Shampoo (Pack of 6)
T007631,Lipton Tea (1L)
T007632,Sinar Notebooks (Pack of 6)
T007633,LU Biscuits (1kg)
T007634,Bake Parlour Cakes (1L)
T007635,Colgate Toothpaste (250g)
T007636,Shezan Juices (1L)
T007637,Lays Chips (Family Pack)
T007638,Lays Chips (Family Pack)
T007639,Sunridge Flour (Atta) (1L)
T007640,Coca-Cola Soft Drinks (500g)
T007641,LU Biscuits (500ml)
T007642,Lays Chips (500ml)
T007643,Lipton Tea (500ml)
T007644,Aquafina Water (500ml)
T007645,LU Biscuits (Pack of 6)
T007646,National Spices (Family Pack)
T007647,Dalda Cooking Oil (250g)
T007648,Local Farm Vegetables (500g)
T007649,Vim Dishwash (Pack of 6)
T007650,Lipton Tea (1L)
T007651,Lays Chips (500ml)
T007652,Pampers Diapers (250g)
T007653,Lipton Tea (250g)
T007654,Nestle Yogurt (250g)
T007655,National Ketchup (250g)
T007656,Lux Soap (500ml)
T007657,Pepsi Soft Drinks (1kg)
T007658,Sinar Notebooks (1kg)
T007659,LU Biscuits (500ml)
T007660,Bake Parlour Cakes (500ml)
T007661,Menu Frozen Nuggets (Pack of 6)
T007662,Walls Ice Cream (1kg)
T007663,Vim Dishwash (1L)
T007664,Adams Cheese (1kg)
T007665,LU Biscuits (Pack of 6)
T007666,Pepsi Soft Drinks (1kg)
T007667,Surf Excel Detergent (Pack of 6)
T007668,Pepsi Soft Drinks (250g)
T007669,Nurpur Butter (Pack of 6)
T007670,Cadbury Chocolate (500ml)
T007671,Guard Rice (1kg)
T007672,Pampers Diapers (200ml)
T007673,Lays Chips (Family Pack)
T007674,Adams Cheese (250g)
T007675,Dalda Cooking Oil (500ml)
T007676,National Spices (250g)
T007677,Lux Soap (1L)
T007678,Pantene Shampoo (200ml)
T007679,Menu Frozen Nuggets (500g)
T007680,Thal Sugar (Family Pack)
T007681,Local Farm Vegetables (500g)
T007682,Vim Dishwash (1L)
T007683,Local Farm Vegetables (1kg)
T007684,Local Farm Fruits (Pack of 6)
T007685,Thal Sugar (200ml)
T007686,National Spices (200ml)
T007687,Nestle Juices (500ml)
T007688,Sinar Notebooks (Family Pack)
T007689,Dalda Cooking Oil (250g)
T007690,Adams Cheese (Family Pack)
T007691,Lipton Tea (1kg)
T007692,Sunridge Flour (Atta) (Family Pack)
T007693,Vim Dishwash (500ml)
T007694,Pampers Diapers (500g)
T007695,Sunridge Flour (Atta) (Family Pack)
T007696,Local Farm Vegetables (1kg)
T007697,Lays Chips (500ml)
T007698,Aquafina Water (Pack of 6)
T007699,Local Farm Vegetables (250g)
T007700,Pantene Shampoo (200ml)
T007701,Lays Chips (Family Pack)
T007702,Lays Chips (500ml)
T007703,Sunridge Flour (Atta) (Family Pack)
T007704,Bake Parlour Cakes (250g)
T007705,Coca-Cola Soft Drinks (200ml)
T007706,Lux Soap (500ml)
T007707,Nurpur Butter (Family Pack)
T007708,Bake Parlour Bread (Pack of 6)
T007709,Nestle Juices (500ml)
T007710,Pepsi Soft Drinks (Pack of 6)
T007711,Nestle Yogurt (1kg)
T007712,Guard Rice (500g)
T007713,Thal Sugar (Family Pack)
T007714,Thal Sugar (Family Pack)
T007715,Coca-Cola Soft Drinks (Family Pack)
T007716,Lays Chips (250g)
T007717,Colgate Toothpaste (Pack of 6)
T007718,Lux Soap (500g)
T007719,Bake Parlour Cakes (250g)
T007720,Guard Rice (1kg)
T007721,Bake Parlour Bread (500g)
T007722,Bake Parlour Bread (1L)
T007723,Dalda Cooking Oil (500ml)
T007724,Nurpur Butter (Pack of 6)
T007725,Walls Ice Cream (Pack of 6)
T007726,Local Farm Fruits (Pack of 6)
T007727,Local Farm Vegetables (1kg)
T007728,Cadbury Chocolate (500ml)
T007729,Sinar Notebooks (Family Pack)
T007730,LU Biscuits (500ml)
T007731,Pampers Diapers (500g)
T007732,LU Biscuits (1kg)
T007733,Olpers Milk (Pack of 6)
T007734,Pampers Diapers (200ml)
T007735,Shezan Juices (500ml)
T007736,Olpers Milk (200ml)
T007737,Lux Soap (1L)
T007738,Lipton Tea (500ml)
T007739,Dalda Cooking Oil (Family Pack)
T007740,Lux Soap (500g)
T007741,Menu Frozen Nuggets (200ml)
T007742,Pampers Diapers (500g)
T007743,Walls Ice Cream (1kg)
T007744,Local Farm Vegetables (250g)
T007745,Dalda Cooking Oil (Family Pack)
T007746,Menu Frozen Nuggets (Pack of 6)
T007747,Sinar Notebooks (Family Pack)
T007748,Adams Cheese (Family Pack)
T007749,Bake Parlour Bread (500g)
T007750,Thal Sugar (Family Pack)
T007751,Lipton Tea (500ml)
T007752,National Ketchup (500ml)
T007753,Surf Excel Detergent (500ml)
T007754,Local Farm Fruits (200ml)
T007755,Bake Parlour Bread (Pack of 6)
T007756,Lipton Tea (1kg)
T007757,Surf Excel Detergent (1L)
T007758,Cadbury Chocolate (Pack of 6)
T007759,LU Biscuits (500ml)
T007760,Pampers Diapers (250g)
T007761,Vim Dishwash (Family Pack)
T007762,Sunridge Flour (Atta) (1L)
T007763,Walls Ice Cream (500ml)
T007764,Cadbury Chocolate (Pack of 6)
T007765,Surf Excel Detergent (500ml)
T007766,Bake Parlour Bread (500g)
T007767,Lipton Tea (1L)
T007768,National Spices (250g)
T007769,National Spices (250g)
T007770,Vim Dishwash (500ml)
T007771,Guard Rice (1kg)
T007772,Dalda Cooking Oil (500g)
T007773,Nurpur Butter (Pack of 6)
T007774,Nurpur Butter (500g)
T007775,National Ketchup (1kg)
T007776,Dalda Cooking Oil (500ml)
T007777,Lux Soap (500g)
T007778,Cadbury Chocolate (250g)
T007779,Local Farm Vegetables (500ml)
T007780,Local Farm Fruits (500ml)
T007781,Sunridge Flour (Atta) (1L)
T007782,Local Farm Vegetables (500ml)
T007783,Bake Parlour Cakes (1L)
T007784,Sinar Notebooks (Pack of 6)
T007785,National Spices (200ml)
T007786,Vim Dishwash (Family Pack)
T007787,Bake Parlour Bread (1L)
T007788,Lipton Tea (1kg)
T007789,Surf Excel Detergent (500ml)
T007790,Bake Parlour Bread (500g)
T007791,Surf Excel Detergent (500ml)
T007792,Nestle Yogurt (1kg)
T007793,Olpers Milk (Pack of 6)
T007794,Adams Cheese (Family Pack)
T007795,Local Farm Fruits (200ml)
T007796,Guard Rice (500g)
T007797,Nurpur Butter (Pack of 6)
T007798,Sunridge Flour (Atta) (500ml)
T007799,Nestle Juices (250g)
T007800,Nestle Yogurt (1kg)
T007801,Sunridge Flour (Atta) (1L)
T007802,Sinar Notebooks (1kg)
T007803,Pepsi Soft Drinks (1kg)
T007804,Sunridge Flour (Atta) (1L)
T007805,Walls Ice Cream (500ml)
T007806,Nurpur Butter (500g)
T007807,National Spices (250g)
T007808,National Spices (250g)
T007809,Sunridge Flour (Atta) (1L)
T007810,Guard Rice (500ml)
T007811,Shezan Juices (Family Pack)
T007812,Vim Dishwash (Family Pack)
T007813,Guard Rice (1L)
T007814,National Ketchup (500g)
T007815,Vim Dishwash (Family Pack)
T007816,Dalda Cooking Oil (500ml)
T007817,Coca-Cola Soft Drinks (Family Pack)
T007818,Local Farm Fruits (500g)
T007819,National Spices (250g)
T007820,Local Farm Vegetables (250g)
T007821,Colgate Toothpaste (250g)
T007822,Local Farm Vegetables (500g)
T007823,LU Biscuits (1kg)
T007824,National Spices (250g)
T007825,Adams Cheese (250g)
T007826,Lux Soap (250g)
T007827,Colgate Toothpaste (250g)
T007828,Coca-Cola Soft Drinks (200ml)
T007829,Guard Rice (1L)
T007830,Bake Parlour Cakes (1L)
T007831,Pepsi Soft Drinks (250g)
T007832,Coca-Cola Soft Drinks (200ml)
T007833,Sinar Notebooks (Family Pack)
T007834,LU Biscuits (Pack of 6)
T007835,Colgate Toothpaste (200ml)
T007836,Cadbury Chocolate (Pack of 6)
T007837,Adams Cheese (Pack of 6)
T007838,Pantene Shampoo (200ml)
T007839,Nurpur Butter (Pack of 6)
T007840,Vim Dishwash (Family Pack)
T007841,Local Farm Vegetables (500g)
T007842,Thal Sugar (1L)
T007843,Nestle Yogurt (Pack of 6)
T007844,Nestle Juices (500ml)
T007845,Bake Parlour Bread (500g)
T007846,Bake Parlour Bread (500g)
T007847,Guard Rice (500g)
T007848,Pepsi Soft Drinks (Pack of 6)
T007849,Pampers Diapers (500g)
T007850,Menu Frozen Nuggets (200ml)
T007851,Pampers Diapers (500g)
T007852,Pepsi Soft Drinks (250g)
T007853,Menu Frozen Nuggets (200ml)
T007854,Coca-Cola Soft Drinks (200ml)
T007855,Guard Rice (500g)
T007856,Olpers Milk (Pack of 6)
T007857,Pantene Shampoo (1L)
T007858,Olpers Milk (200ml)
T007859,Surf Excel Detergent (1L)
T007860,Surf Excel Detergent (Pack of 6)
T007861,National Ketchup (250g)
T007862,Lipton Tea (1L)
T007863,LU Biscuits (1kg)
T007864,Pampers Diapers (500g)
T007865,Coca-Cola Soft Drinks (Family Pack)
T007866,Lipton Tea (1kg)
T007867,Walls Ice Cream (500ml)
T007868,Nestle Juices (250g)
T007869,Pantene Shampoo (1L)
T007870,Sinar Notebooks (1kg)
T007871,Local Farm Vegetables (500g)
T007872,Shezan Juices (500ml)
T007873,Walls Ice Cream (500ml)
T007874,Bake Parlour Bread (1L)
T007875,Menu Frozen Nuggets (200ml)
T007876,Menu Frozen Nuggets (500g)
T007877,Sinar Notebooks (Family Pack)
T007878,Bake Parlour Cakes (250g)
T007879,Surf Excel Detergent (500ml)
T007880,LU Biscuits (Pack of 6)
T007881,Vim Dishwash (1L)
T007882,Colgate Toothpaste (250g)
T007883,Vim Dishwash (Family Pack)
T007884,Bake Parlour Bread (1kg)
T007885,Bake Parlour Cakes (1L)
T007886,Lipton Tea (500ml)
T007887,Local Farm Fruits (500ml)
T007888,LU Biscuits (Pack of 6)
T007889,Bake Parlour Bread (Pack of 6)
T007890,Menu Frozen Nuggets (500ml)
T007891,Shezan Juices (1kg)
T007892,Menu Frozen Nuggets (1L)
T007893,Thal Sugar (Family Pack)
T007894,Menu Frozen Nuggets (500ml)
T007895,Coca-Cola Soft Drinks (200ml)
T007896,Lays Chips (500ml)
T007897,Bake Parlour Bread (1kg)
T007898,Bake Parlour Cakes (250g)
T007899,Pantene Shampoo (1kg)
T007900,LU Biscuits (Pack of 6)
T007901,Shezan Juices (1L)
T007902,Bake Parlour Cakes (1L)
T007903,Walls Ice Cream (500ml)
T007904,National Spices (250g)
T007905,Pantene Shampoo (1kg)
T007906,Dalda Cooking Oil (500g)
T007907,Colgate Toothpaste (Pack of 6)
T007908,Lays Chips (500ml)
T007909,LU Biscuits (Pack of 6)
T007910,Olpers Milk (500g)
T007911,Local Farm Vegetables (250g)
T007912,Guard Rice (500g)
T007913,Pantene Shampoo (1L)
T007914,Bake Parlour Bread (500g)
T007915,Olpers Milk (Pack of 6)
T007916,Nestle Juices (250g)
T007917,Local Farm Fruits (500ml)
T007918,National Ketchup (Pack of 6)
T007919,Shezan Juices (500ml)
T007920,Vim Dishwash (1L)
T007921,Nestle Yogurt (1kg)
T007922,Menu Frozen Nuggets (500ml)
T007923,Bake Parlour Cakes (250g)
T007924,Nurpur Butter (Pack of 6)
T007925,Cadbury Chocolate (Pack of 6)
T007926,Colgate Toothpaste (250g)
T007927,Coca-Cola Soft Drinks (200ml)
T007928,Shezan Juices (1L)
T007929,Colgate Toothpaste (200ml)
T007930,Pantene Shampoo (Pack of 6)
T007931,Pantene Shampoo (Family Pack)
T007932,Pantene Shampoo (200ml)
T007933,Vim Dishwash (Family Pack)
T007934,Walls Ice Cream (200ml)
T007935,Bake Parlour Bread (1L)
T007936,Sinar Notebooks (Pack of 6)
T007937,Bake Parlour Cakes (1L)
T007938,Adams Cheese (1kg)
T007939,Sinar Notebooks (1kg)
T007940,Thal Sugar (1L)
T007941,Sinar Notebooks (1kg)
T007942,LU Biscuits (Pack of 6)
T007943,Adams Cheese (1kg)
T007944,Guard Rice (1L)
T007945,Surf Excel Detergent (500ml)
T007946,Pampers Diapers (250g)
T007947,Nestle Juices (1kg)
T007948,Nurpur Butter (500g)
T007949,Nurpur Butter (500g)
T007950,Guard Rice (1kg)
T007951,Nestle Juices (1kg)
T007952,Walls Ice Cream (1kg)
T007953,Vim Dishwash (500ml)
T007954,Pampers Diapers (500g)
T007955,National Spices (Family Pack)
T007956,Pampers Diapers (500g)
T007957,Nurpur Butter (500ml)
T007958,Thal Sugar (Family Pack)
T007959,National Spices (500ml)
T007960,LU Biscuits (1kg)
T007961,National Spices (Family Pack)
T007962,Nurpur Butter (Pack of 6)
T007963,Nestle Yogurt (1kg)
T007964,Sinar Notebooks (1kg)
T007965,LU Biscuits (Pack of 6)
T007966,Thal Sugar (1L)
T007967,Lux Soap (500g)
T007968,Aquafina Water (Pack of 6)
T007969,Surf Excel Detergent (1L)
T007970,Olpers Milk (Pack of 6)
T007971,Local Farm Vegetables (250g)
T007972,Sinar Notebooks (1kg)
T007973,Colgate Toothpaste (200ml)
T007974,Coca-Cola Soft Drinks (500g)
T007975,Colgate Toothpaste (200ml)
T007976,LU Biscuits (Pack of 6)
T007977,Adams Cheese (250g)
T007978,Adams Cheese (Family Pack)
T007979,Walls Ice Cream (200ml)
T007980,Olpers Milk (Pack of 6)
T007981,Surf Excel Detergent (500ml)
T007982,National Spices (250g)
T007983,Sinar Notebooks (Family Pack)
T007984,Thal Sugar (Family Pack)
T007985,Nurpur Butter (500g)
T007986,Cadbury Chocolate (500ml)
T007987,Lipton Tea (1kg)
T007988,Surf Excel Detergent (1L)
T007989,Nestle Juices (1kg)
T007990,Lipton Tea (1kg)
T007991,Lipton Tea (500ml)
T007992,Sinar Notebooks (1kg)
T007993,Aquafina Water (Pack of 6)
T007994,Bake Parlour Cakes (1L)
T007995,Sunridge Flour (Atta) (Family Pack)
T007996,LU Biscuits (1kg)
T007997,Thal Sugar (Family Pack)
T007998,Nestle Juices (250g)
T007999,Shezan Juices (500ml)
T008000,Guard Rice (1kg)
T008001,Lays Chips (Family Pack)
T008002,LU Biscuits (Pack of 6)
T008003,Menu Frozen Nuggets (500g)
T008004,Shezan Juices (1kg)
T008005,Surf Excel Detergent (1L)
T008006,Lays Chips (500ml)
T008007,Dalda Cooking Oil (250g)
T008008,Local Farm Vegetables (1kg)
T008009,Local Farm Fruits (Pack of 6)
T008010,National Spices (200ml)
T008011,Guard Rice (1kg)
T008012,Olpers Milk (200ml)
T008013,Nestle Juices (1kg)
T008014,Sunridge Flour (Atta) (1L)
T008015,Adams Cheese (250g)
T008016,Nestle Yogurt (Pack of 6)
T008017,Menu Frozen Nuggets (200ml)
T008018,Pampers Diapers (200ml)
T008019,Menu Frozen Nuggets (Pack of 6)
T008020,Nurpur Butter (Family Pack)
T008021,Bake Parlour Bread (500g)
T008022,Colgate Toothpaste (200ml)
T008023,Pantene Shampoo (Pack of 6)
T008024,Local Farm Fruits (500g)
T008025,Sunridge Flour (Atta) (1L)
T008026,Lays Chips (500ml)
T008027,Cadbury Chocolate (Pack of 6)
T008028,Aquafina Water (1kg)
T008029,Sinar Notebooks (Family Pack)
T008030,National Ketchup (500g)
T008031,Pantene Shampoo (Family Pack)
T008032,Guard Rice (1L)
T008033,Bake Parlour Bread (500g)
T008034,Bake Parlour Bread (500g)
T008035,Pepsi Soft Drinks (Pack of 6)
T008036,Sunridge Flour (Atta) (1L)
T008037,Sunridge Flour (Atta) (1L)
T008038,National Spices (Family Pack)
T008039,Pantene Shampoo (1L)
T008040,Nestle Yogurt (1kg)
T008041,Pampers Diapers (200ml)
T008042,Aquafina Water (Pack of 6)
T008043,Nestle Juices (250g)
T008044,Bake Parlour Bread (500g)
T008045,Pantene Shampoo (Family Pack)
T008046,Local Farm Fruits (500g)
T008047,Vim Dishwash (1L)
T008048,Bake Parlour Cakes (1L)
T008049,Vim Dishwash (Family Pack)
T008050,Lux Soap (500g)
T008051,Adams Cheese (1kg)
T008052,Pantene Shampoo (1kg)
T008053,National Spices (500ml)
T008054,LU Biscuits (Pack of 6)
T008055,Bake Parlour Cakes (500ml)
T008056,Cadbury Chocolate (Pack of 6)
T008057,Lipton Tea (1L)
T008058,Menu Frozen Nuggets (500ml)
T008059,Menu Frozen Nuggets (1L)
T008060,National Spices (500ml)
T008061,Pantene Shampoo (200ml)
T008062,Sinar Notebooks (1kg)
T008063,National Ketchup (1kg)
T008064,Pepsi Soft Drinks (1kg)
T008065,Nestle Juices (250g)
T008066,Pantene Shampoo (200ml)
T008067,LU Biscuits (Pack of 6)
T008068,Thal Sugar (200ml)
T008069,Olpers Milk (Pack of 6)
T008070,Surf Excel Detergent (1L)
T008071,Cadbury Chocolate (Pack of 6)
T008072,National Spices (250g)
T008073,Sinar Notebooks (Family Pack)
T008074,Colgate Toothpaste (200ml)
T008075,Nestle Juices (500ml)
T008076,Bake Parlour Bread (Pack of 6)
T008077,Local Farm Fruits (500g)
T008078,Local Farm Fruits (500ml)
T008079,National Spices (250g)
T008080,Menu Frozen Nuggets (200ml)
T008081,Menu Frozen Nuggets (500ml)
T008082,Nestle Yogurt (Pack of 6)
T008083,Nurpur Butter (500ml)
T008084,Bake Parlour Bread (Family Pack)
T008085,Pampers Diapers (500g)
T008086,Local Farm Vegetables (250g)
T008087,Adams Cheese (Pack of 6)
T008088,Sinar Notebooks (500ml)
T008089,Coca-Cola Soft Drinks (Family Pack)
T008090,Nestle Juices (250g)
T008091,Adams Cheese (Family Pack)
T008092,Shezan Juices (Family Pack)
T008093,National Spices (250g)
T008094,Bake Parlour Bread (500g)
T008095,Bake Parlour Bread (500g)
T008096,Colgate Toothpaste (250g)
T008097,Surf Excel Detergent (500ml)
T008098,Pampers Diapers (250g)
T008099,Nestle Juices (1kg)
T008100,Nurpur Butter (Pack of 6)
T008101,Adams Cheese (Family Pack)
T008102,Local Farm Fruits (500g)
T008103,Pampers Diapers (200ml)
T008104,Coca-Cola Soft Drinks (200ml)
T008105,Surf Excel Detergent (1L)
T008106,Pepsi Soft Drinks (1kg)
T008107,Sunridge Flour (Atta) (250g)
T008108,LU Biscuits (Pack of 6)
T008109,Pampers Diapers (200ml)
T008110,Nestle Yogurt (Pack of 6)
T008111,Pampers Diapers (250g)
T008112,Adams Cheese (250g)
T008113,Olpers Milk (Pack of 6)
T008114,Lipton Tea (250g)
T008115,Lays Chips (Family Pack)
T008116,LU Biscuits (500ml)
T008117,Bake Parlour Bread (500g)
T008118,National Spices (Family Pack)
T008119,Adams Cheese (Family Pack)
T008120,Vim Dishwash (Pack of 6)
T008121,Shezan Juices (1kg)
T008122,National Ketchup (500ml)
T008123,Local Farm Vegetables (250g)
T008124,Cadbury Chocolate (200ml)
T008125,Cadbury Chocolate (250g)
T008126,LU Biscuits (Pack of 6)
T008127,Local Farm Vegetables (1kg)
T008128,Thal Sugar (200ml)
T008129,Lays Chips (250g)
T008130,Local Farm Vegetables (500ml)
T008131,Shezan Juices (1kg)
T008132,Cadbury Chocolate (Pack of 6)
T008133,Nestle Juices (1kg)
T008134,Pantene Shampoo (Family Pack)
T008135,Colgate Toothpaste (200ml)
T008136,Nestle Yogurt (1kg)
T008137,Nurpur Butter (Family Pack)
T008138,Adams Cheese (Family Pack)
T008139,LU Biscuits (1kg)
T008140,Cadbury Chocolate (200ml)
T008141,Cadbury Chocolate (Pack of 6)
T008142,Nurpur Butter (Family Pack)
T008143,Olpers Milk (500g)
T008144,Pantene Shampoo (1kg)
T008145,Sunridge Flour (Atta) (1L)
T008146,Local Farm Fruits (500ml)
T008147,Lux Soap (1L)
T008148,Menu Frozen Nuggets (1L)
T008149,Menu Frozen Nuggets (Pack of 6)
T008150,Vim Dishwash (Family Pack)
T008151,Nestle Juices (1kg)
T008152,Nestle Yogurt (Pack of 6)
T008153,Nestle Yogurt (250g)
T008154,Thal Sugar (Family Pack)
T008155,Lays Chips (Family Pack)
T008156,Menu Frozen Nuggets (1L)
T008157,National Spices (250g)
T008158,Nurpur Butter (500ml)
T008159,National Spices (250g)
T008160,Local Farm Vegetables (250g)
T008161,Thal Sugar (Family Pack)
T008162,Bake Parlour Cakes (250g)
T008163,Lux Soap (1L)
T008164,Adams Cheese (1kg)
T008165,Adams Cheese (1L)
T008166,Nurpur Butter (500ml)
T008167,Local Farm Fruits (500g)
T008168,Vim Dishwash (Family Pack)
T008169,Coca-Cola Soft Drinks (200ml)
T008170,Lipton Tea (500ml)
T008171,Coca-Cola Soft Drinks (200ml)
T008172,Adams Cheese (Family Pack)
T008173,Surf Excel Detergent (Pack of 6)
T008174,Lux Soap (500g)
T008175,Bake Parlour Bread (500g)
T008176,Thal Sugar (Family Pack)
T008177,Lays Chips (250g)
T008178,Shezan Juices (500ml)
T008179,Nestle Juices (1kg)
T008180,Cadbury Chocolate (Pack of 6)
T008181,Nestle Juices (500ml)
T008182,Guard Rice (500ml)
T008183,Cadbury Chocolate (500ml)
T008184,Local Farm Fruits (200ml)
T008185,Adams Cheese (Family Pack)
T008186,Adams Cheese (1L)
T008187,Menu Frozen Nuggets (500ml)
T008188,Surf Excel Detergent (1L)
T008189,Nestle Juices (1kg)
T008190,Thal Sugar (Family Pack)
T008191,Surf Excel Detergent (1L)
T008192,Bake Parlour Cakes (500ml)
T008193,Menu Frozen Nuggets (200ml)
T008194,Local Farm Vegetables (500ml)
T008195,Menu Frozen Nuggets (200ml)
T008196,Adams Cheese (1L)
T008197,National Ketchup (500ml)
T008198,Olpers Milk (Pack of 6)
T008199,Bake Parlour Bread (Pack of 6)
T008200,Local Farm Fruits (500ml)
T008201,Adams Cheese (1kg)
T008202,Surf Excel Detergent (500ml)
T008203,Nurpur Butter (500ml)
T008204,Lays Chips (500ml)
T008205,Pampers Diapers (500g)
T008206,Lays Chips (500ml)
T008207,Colgate Toothpaste (Pack of 6)
T008208,National Spices (250g)
T008209,National Spices (250g)
T008210,Shezan Juices (500ml)
T008211,Sinar Notebooks (Family Pack)
T008212,Nurpur Butter (Pack of 6)
T008213,Cadbury Chocolate (Pack of 6)
T008214,Pampers Diapers (250g)
T008215,Pampers Diapers (500g)
T008216,Aquafina Water (500g)
T008217,Lipton Tea (250g)
T008218,Local Farm Vegetables (250g)
T008219,Nurpur Butter (500ml)
T008220,Sunridge Flour (Atta) (1L)
T008221,Nestle Yogurt (250g)
T008222,National Ketchup (500ml)
T008223,Bake Parlour Bread (1L)
T008224,Lux Soap (500ml)
T008225,Lays Chips (250g)
T008226,Olpers Milk (200ml)
T008227,Thal Sugar (1L)
T008228,Surf Excel Detergent (500ml)
T008229,Sinar Notebooks (Pack of 6)
T008230,Lux Soap (1L)
T008231,Pantene Shampoo (1L)
T008232,Pantene Shampoo (1L)
T008233,Bake Parlour Cakes (500ml)
T008234,Thal Sugar (200ml)
T008235,Local Farm Fruits (200ml)
T008236,National Spices (250g)
T008237,Aquafina Water (Pack of 6)
T008238,Pampers Diapers (500g)
T008239,National Spices (250g)
T008240,Lipton Tea (1L)
T008241,Cadbury Chocolate (500ml)
T008242,Dalda Cooking Oil (500ml)
T008243,Sinar Notebooks (Family Pack)
T008244,Bake Parlour Cakes (500ml)
T008245,Shezan Juices (1kg)
T008246,Lux Soap (500g)
T008247,Bake Parlour Bread (Family Pack)
T008248,Pantene Shampoo (1kg)
T008249,Lux Soap (250g)
T008250,National Spices (Family Pack)
T008251,Guard Rice (500ml)
T008252,Lays Chips (500ml)
T008253,Sunridge Flour (Atta) (500ml)
T008254,Olpers Milk (Pack of 6)
T008255,Bake Parlour Bread (500g)
T008256,Lays Chips (250g)
T008257,Pantene Shampoo (1kg)
T008258,Lays Chips (Family Pack)
T008259,Adams Cheese (250g)
T008260,Local Farm Fruits (500g)
T008261,Thal Sugar (Family Pack)
T008262,Sunridge Flour (Atta) (500ml)
T008263,Surf Excel Detergent (500ml)
T008264,Coca-Cola Soft Drinks (Family Pack)
T008265,Pantene Shampoo (1kg)
T008266,National Spices (250g)
T008267,Guard Rice (1kg)
T008268,Menu Frozen Nuggets (500g)
T008269,Nurpur Butter (500ml)
T008270,Nurpur Butter (500g)
T008271,Colgate Toothpaste (250g)
T008272,Aquafina Water (500ml)
T008273,Thal Sugar (Family Pack)
T008274,National Ketchup (500g)
T008275,Olpers Milk (Pack of 6)
T008276,Pepsi Soft Drinks (250g)
T008277,Lux Soap (500ml)
T008278,Guard Rice (1kg)
T008279,Bake Parlour Bread (500g)
T008280,Dalda Cooking Oil (250g)
T008281,Nurpur Butter (Pack of 6)
T008282,LU Biscuits (500ml)
T008283,Coca-Cola Soft Drinks (Family Pack)
T008284,Menu Frozen Nuggets (500ml)
T008285,LU Biscuits (1kg)
T008286,National Spices (500ml)
T008287,Menu Frozen Nuggets (1L)
T008288,Lays Chips (500ml)
T008289,Pepsi Soft Drinks (250g)
T008290,National Ketchup (500ml)
T008291,Vim Dishwash (Family Pack)
T008292,Walls Ice Cream (1kg)
T008293,Pantene Shampoo (1L)
T008294,Surf Excel Detergent (1L)
T008295,Pantene Shampoo (Pack of 6)
T008296,Lays Chips (500ml)
T008297,Olpers Milk (Pack of 6)
T008298,Bake Parlour Bread (Family Pack)
T008299,Pantene Shampoo (200ml)
T008300,Pampers Diapers (250g)
T008301,Lays Chips (250g)
T008302,Olpers Milk (Pack of 6)
T008303,Lux Soap (1L)
T008304,Pampers Diapers (500g)
T008305,Colgate Toothpaste (250g)
T008306,Aquafina Water (500ml)
T008307,Surf Excel Detergent (500ml)
T008308,National Ketchup (500g)
T008309,Nestle Juices (1kg)
T008310,Surf Excel Detergent (500ml)
T008311,Menu Frozen Nuggets (1L)
T008312,LU Biscuits (Pack of 6)
T008313,Olpers Milk (500g)
T008314,Lays Chips (Family Pack)
T008315,Nurpur Butter (500g)
T008316,Aquafina Water (1kg)
T008317,Adams Cheese (250g)
T008318,Olpers Milk (Pack of 6)
T008319,Pantene Shampoo (1kg)
T008320,Lipton Tea (1L)
T008321,Bake Parlour Bread (1kg)
T008322,Lays Chips (Family Pack)
T008323,Nestle Yogurt (1kg)
T008324,Nestle Yogurt (250g)
T008325,National Spices (Family Pack)
T008326,Walls Ice Cream (1kg)
T008327,Bake Parlour Bread (1L)
T008328,Thal Sugar (Family Pack)
T008329,Local Farm Fruits (Pack of 6)
T008330,Shezan Juices (Family Pack)
T008331,Nestle Juices (250g)
T008332,Bake Parlour Bread (500g)
T008333,Bake Parlour Bread (Pack of 6)
T008334,Cadbury Chocolate (Pack of 6)
T008335,Menu Frozen Nuggets (500g)
T008336,Nestle Yogurt (1kg)
T008337,Cadbury Chocolate (Pack of 6)
T008338,Cadbury Chocolate (Pack of 6)
T008339,Nestle Yogurt (250g)
T008340,Lays Chips (Family Pack)
T008341,National Spices (500ml)
T008342,Local Farm Vegetables (500g)
T008343,Bake Parlour Bread (Family Pack)
T008344,LU Biscuits (1kg)
T008345,National Spices (500ml)
T008346,Lipton Tea (250g)
T008347,Nestle Yogurt (1kg)
T008348,Local Farm Vegetables (500g)
T008349,Pampers Diapers (250g)
T008350,Pantene Shampoo (Family Pack)
T008351,Menu Frozen Nuggets (1L)
T008352,National Ketchup (250g)
T008353,Surf Excel Detergent (500ml)
T008354,Aquafina Water (1kg)
T008355,Pantene Shampoo (Family Pack)
T008356,Bake Parlour Bread (Pack of 6)
T008357,Guard Rice (500g)
T008358,Dalda Cooking Oil (Family Pack)
T008359,Bake Parlour Bread (1kg)
T008360,Pampers Diapers (250g)
T008361,Nestle Juices (1kg)
T008362,Pampers Diapers (250g)
T008363,Bake Parlour Cakes (1L)
T008364,Shezan Juices (1L)
T008365,LU Biscuits (Pack of 6)
T008366,Nurpur Butter (500ml)
T008367,Nurpur Butter (Family Pack)
T008368,Surf Excel Detergent (500ml)
T008369,Bake Parlour Cakes (1L)
T008370,Pampers Diapers (250g)
T008371,Surf Excel Detergent (500ml)
T008372,LU Biscuits (1kg)
T008373,Cadbury Chocolate (Pack of 6)
T008374,Aquafina Water (500ml)
T008375,Walls Ice Cream (500ml)
T008376,Nestle Juices (250g)
T008377,Dalda Cooking Oil (500g)
T008378,Pantene Shampoo (1kg)
T008379,Aquafina Water (Pack of 6)
T008380,Menu Frozen Nuggets (200ml)
T008381,LU Biscuits (500ml)
T008382,Sinar Notebooks (Pack of 6)
T008383,Pampers Diapers (500g)
T008384,Sinar Notebooks (500ml)
T008385,Bake Parlour Cakes (250g)
T008386,Nestle Yogurt (Pack of 6)
T008387,National Ketchup (250g)
T008388,Bake Parlour Bread (Pack of 6)
T008389,Local Farm Vegetables (1kg)
T008390,Menu Frozen Nuggets (500ml)
T008391,National Ketchup (500g)
T008392,Pampers Diapers (250g)
T008393,Sinar Notebooks (Pack of 6)
T008394,Sinar Notebooks (Pack of 6)
T008395,Nurpur Butter (500ml)
T008396,Menu Frozen Nuggets (1L)
T008397,Guard Rice (1L)
T008398,Walls Ice Cream (Pack of 6)
T008399,Dalda Cooking Oil (250g)
T008400,Local Farm Vegetables (1kg)
T008401,Aquafina Water (Pack of 6)
T008402,Menu Frozen Nuggets (1L)
T008403,LU Biscuits (Pack of 6)
T008404,National Spices (250g)
T008405,Vim Dishwash (Family Pack)
T008406,Nestle Yogurt (250g)
T008407,Lipton Tea (1kg)
T008408,Guard Rice (1L)
T008409,Nestle Yogurt (1kg)
T008410,Cadbury Chocolate (Pack of 6)
T008411,Olpers Milk (Pack of 6)
T008412,Guard Rice (1L)
T008413,Bake Parlour Bread (1L)
T008414,Nurpur Butter (500ml)
T008415,Sinar Notebooks (Pack of 6)
T008416,National Ketchup (1kg)
T008417,Menu Frozen Nuggets (500ml)
T008418,Cadbury Chocolate (250g)
T008419,Coca-Cola Soft Drinks (200ml)
T008420,Shezan Juices (1kg)
T008421,LU Biscuits (1kg)
T008422,Sunridge Flour (Atta) (250g)
T008423,Pampers Diapers (250g)
T008424,Shezan Juices (500ml)
T008425,Nurpur Butter (Family Pack)
T008426,Pampers Diapers (500g)
T008427,Thal Sugar (Family Pack)
T008428,Local Farm Fruits (500ml)
T008429,Guard Rice (1kg)
T008430,Colgate Toothpaste (250g)
T008431,Pepsi Soft Drinks (1kg)
T008432,Walls Ice Cream (200ml)
T008433,Sinar Notebooks (Family Pack)
T008434,National Spices (250g)
T008435,Nestle Yogurt (1kg)
T008436,Lays Chips (500ml)
T008437,Cadbury Chocolate (Pack of 6)
T008438,Thal Sugar (1L)
T008439,Adams Cheese (1L)
T008440,Sunridge Flour (Atta) (1L)
T008441,Walls Ice Cream (200ml)
T008442,Pampers Diapers (500g)
T008443,Menu Frozen Nuggets (500ml)
T008444,Cadbury Chocolate (Pack of 6)
T008445,National Ketchup (250g)
T008446,Surf Excel Detergent (1L)
T008447,Aquafina Water (Pack of 6)
T008448,Bake Parlour Bread (500g)
T008449,Sunridge Flour (Atta) (1L)
T008450,Thal Sugar (Family Pack)
T008451,Cadbury Chocolate (Pack of 6)
T008452,Coca-Cola Soft Drinks (Family Pack)
T008453,Nestle Yogurt (1kg)
T008454,Surf Excel Detergent (500ml)
T008455,Olpers Milk (Pack of 6)
T008456,Pantene Shampoo (Family Pack)
T008457,National Spices (Family Pack)
T008458,Menu Frozen Nuggets (500g)
T008459,Bake Parlour Bread (Family Pack)
T008460,Olpers Milk (Pack of 6)
T008461,Bake Parlour Bread (1kg)
T008462,Local Farm Vegetables (500ml)
T008463,Guard Rice (1L)
T008464,Menu Frozen Nuggets (500ml)
T008465,Bake Parlour Cakes (1L)
T008466,Guard Rice (1kg)
T008467,Pepsi Soft Drinks (1kg)
T008468,Lux Soap (250g)
T008469,Nestle Yogurt (1kg)
T008470,Olpers Milk (Pack of 6)
T008471,Local Farm Vegetables (500g)
T008472,LU Biscuits (Pack of 6)
T008473,National Ketchup (500ml)
T008474,Sunridge Flour (Atta) (1L)
T008475,Vim Dishwash (Pack of 6)
T008476,Shezan Juices (1L)
T008477,Lays Chips (Family Pack)
T008478,LU Biscuits (Pack of 6)
T008479,Bake Parlour Bread (500g)
T008480,Sunridge Flour (Atta) (250g)
T008481,Olpers Milk (200ml)
T008482,National Ketchup (1kg)
T008483,Pepsi Soft Drinks (Pack of 6)
T008484,LU Biscuits (Pack of 6)
T008485,Bake Parlour Bread (Pack of 6)
T008486,Sunridge Flour (Atta) (1L)
T008487,Vim Dishwash (500ml)
T008488,Lipton Tea (500ml)
T008489,Nurpur Butter (500ml)
T008490,Local Farm Fruits (200ml)
T008491,Lipton Tea (1kg)
T008492,Sinar Notebooks (Family Pack)
T008493,Adams Cheese (Family Pack)
T008494,Adams Cheese (250g)
T008495,Menu Frozen Nuggets (500ml)
T008496,Dalda Cooking Oil (500ml)
T008497,Colgate Toothpaste (200ml)
T008498,Thal Sugar (Family Pack)
T008499,Shezan Juices (1kg)
T008500,Coca-Cola Soft Drinks (Family Pack)
T008501,Lipton Tea (1L)
T008502,Lux Soap (1L)
T008503,Lays Chips (Family Pack)
T008504,Shezan Juices (500ml)
T008505,Bake Parlour Cakes (1L)
T008506,National Spices (250g)
T008507,Pampers Diapers (500g)
T008508,National Ketchup (1kg)
T008509,LU Biscuits (1kg)
T008510,Nurpur Butter (500ml)
T008511,Walls Ice Cream (Pack of 6)
T008512,Lux Soap (500g)
T008513,Thal Sugar (1L)
T008514,Adams Cheese (250g)
T008515,Guard Rice (1L)
T008516,Guard Rice (1L)
T008517,Lipton Tea (500ml)
T008518,Olpers Milk (Pack of 6)
T008519,National Spices (250g)
T008520,Pantene Shampoo (200ml)
T008521,Guard Rice (500g)
T008522,Cadbury Chocolate (250g)
T008523,Aquafina Water (1kg)
T008524,Nurpur Butter (Family Pack)
T008525,Local Farm Fruits (500g)
T008526,Shezan Juices (1kg)
T008527,Dalda Cooking Oil (250g)
T008528,Lux Soap (500g)
T008529,Nestle Yogurt (250g)
T008530,Nestle Yogurt (Pack of 6)
T008531,Olpers Milk (Pack of 6)
T008532,Sunridge Flour (Atta) (250g)
T008533,Bake Parlour Cakes (1L)
T008534,Local Farm Fruits (Pack of 6)
T008535,Lux Soap (500g)
T008536,Local Farm Fruits (500g)
T008537,Surf Excel Detergent (1L)
T008538,Aquafina Water (1kg)
T008539,Adams Cheese (Family Pack)
T008540,Pantene Shampoo (200ml)
T008541,Walls Ice Cream (Pack of 6)
T008542,Sunridge Flour (Atta) (1L)
T008543,Nurpur Butter (Family Pack)
T008544,Vim Dishwash (500ml)
T008545,Vim Dishwash (500ml)
T008546,Shezan Juices (500ml)
T008547,Nestle Yogurt (1kg)
T008548,Nurpur Butter (Pack of 6)
T008549,Sinar Notebooks (Family Pack)
T008550,Pampers Diapers (200ml)
T008551,Guard Rice (1kg)
T008552,Lays Chips (500ml)
T008553,National Ketchup (1kg)
T008554,Sinar Notebooks (Pack of 6)
T008555,National Ketchup (500g)
T008556,Menu Frozen Nuggets (200ml)
T008557,Thal Sugar (Family Pack)
T008558,Dalda Cooking Oil (500ml)
T008559,Vim Dishwash (Family Pack)
T008560,Colgate Toothpaste (Pack of 6)
T008561,Surf Excel Detergent (1L)
T008562,Local Farm Fruits (500g)
T008563,Dalda Cooking Oil (Family Pack)
T008564,Local Farm Fruits (500g)
T008565,Local Farm Fruits (500ml)
T008566,Bake Parlour Cakes (250g)
T008567,Sinar Notebooks (Family Pack)
T008568,Guard Rice (1L)
T008569,Colgate Toothpaste (250g)
T008570,Nurpur Butter (Pack of 6)
T008571,Bake Parlour Bread (500g)
T008572,National Spices (500ml)
T008573,Vim Dishwash (Pack of 6)
T008574,Adams Cheese (Family Pack)
T008575,Lays Chips (Family Pack)
T008576,Menu Frozen Nuggets (500g)
T008577,LU Biscuits (Pack of 6)
T008578,Colgate Toothpaste (250g)
T008579,LU Biscuits (Pack of 6)
T008580,Olpers Milk (Pack of 6)
T008581,Aquafina Water (Pack of 6)
T008582,Local Farm Fruits (Pack of 6)
T008583,Vim Dishwash (1L)
T008584,National Spices (Family Pack)
T008585,Cadbury Chocolate (Pack of 6)
T008586,Walls Ice Cream (250g)
T008587,Bake Parlour Cakes (1L)
T008588,Pepsi Soft Drinks (Pack of 6)
T008589,Aquafina Water (500g)
T008590,Pepsi Soft Drinks (1kg)
T008591,Lipton Tea (1L)
T008592,Sinar Notebooks (500ml)
T008593,Vim Dishwash (Family Pack)
T008594,LU Biscuits (500ml)
T008595,Menu Frozen Nuggets (1L)
T008596,Coca-Cola Soft Drinks (200ml)
T008597,Shezan Juices (500ml)
T008598,Colgate Toothpaste (Pack of 6)
T008599,Colgate Toothpaste (200ml)
T008600,Cadbury Chocolate (Pack of 6)
T008601,Adams Cheese (Family Pack)
T008602,Nurpur Butter (Pack of 6)
T008603,Menu Frozen Nuggets (500ml)
T008604,Local Farm Vegetables (250g)
T008605,Menu Frozen Nuggets (Pack of 6)
T008606,Guard Rice (1kg)
T008607,National Spices (250g)
T008608,Cadbury Chocolate (250g)
T008609,Cadbury Chocolate (Pack of 6)
T008610,Local Farm Vegetables (250g)
T008611,Local Farm Fruits (500ml)
T008612,Sunridge Flour (Atta) (500ml)
T008613,Lipton Tea (500ml)
T008614,Bake Parlour Cakes (1L)
T008615,Lipton Tea (1kg)
T008616,Lays Chips (Family Pack)
T008617,Olpers Milk (Pack of 6)
T008618,Nestle Juices (250g)
T008619,Pampers Diapers (500g)
T008620,Shezan Juices (1L)
T008621,Lux Soap (500ml)
T008622,Adams Cheese (Family Pack)
T008623,Walls Ice Cream (Pack of 6)
T008624,Sunridge Flour (Atta) (500ml)
T008625,Bake Parlour Cakes (1L)
T008626,Dalda Cooking Oil (500g)
T008627,Olpers Milk (200ml)
T008628,Bake Parlour Cakes (500ml)
T008629,National Ketchup (500g)
T008630,Olpers Milk (500g)
T008631,Shezan Juices (500ml)
T008632,Surf Excel Detergent (500ml)
T008633,Sunridge Flour (Atta) (500ml)
T008634,Sinar Notebooks (500ml)
T008635,Adams Cheese (1kg)
T008636,Sinar Notebooks (Family Pack)
T008637,Bake Parlour Cakes (1L)
T008638,Surf Excel Detergent (500ml)
T008639,Vim Dishwash (Family Pack)
T008640,Vim Dishwash (1L)
T008641,Menu Frozen Nuggets (1L)
T008642,Bake Parlour Bread (Pack of 6)
T008643,Pantene Shampoo (Pack of 6)
T008644,Pepsi Soft Drinks (1kg)
T008645,Olpers Milk (Pack of 6)
T008646,Sinar Notebooks (Pack of 6)
T008647,Bake Parlour Bread (1kg)
T008648,Sinar Notebooks (1kg)
T008649,National Spices (250g)
T008650,National Spices (Family Pack)
T008651,National Spices (250g)
T008652,Vim Dishwash (Family Pack)
T008653,Lux Soap (1L)
T008654,Pantene Shampoo (Family Pack)
T008655,Pepsi Soft Drinks (250g)
T008656,Menu Frozen Nuggets (1L)
T008657,Pepsi Soft Drinks (250g)
T008658,Local Farm Fruits (500ml)
T008659,Sunridge Flour (Atta) (1L)
T008660,Lipton Tea (1L)
T008661,Bake Parlour Bread (500g)
T008662,Nestle Yogurt (Pack of 6)
T008663,Sunridge Flour (Atta) (500ml)
T008664,Sunridge Flour (Atta) (500ml)
T008665,Nurpur Butter (Family Pack)
T008666,Coca-Cola Soft Drinks (200ml)
T008667,Menu Frozen Nuggets (500g)
T008668,Olpers Milk (Pack of 6)
T008669,Nurpur Butter (Pack of 6)
T008670,Pantene Shampoo (1L)
T008671,Local Farm Fruits (200ml)
T008672,Nurpur Butter (500ml)
T008673,Pantene Shampoo (1L)
T008674,Sunridge Flour (Atta) (1L)
T008675,Sinar Notebooks (Family Pack)
T008676,Cadbury Chocolate (500ml)
T008677,National Ketchup (1kg)
T008678,Local Farm Fruits (Pack of 6)
T008679,Thal Sugar (Family Pack)
T008680,Thal Sugar (Family Pack)
T008681,Nestle Juices (1kg)
T008682,Coca-Cola Soft Drinks (200ml)
T008683,Lays Chips (500ml)
T008684,Nestle Juices (250g)
T008685,Menu Frozen Nuggets (500ml)
T008686,Nurpur Butter (Family Pack)
T008687,Dalda Cooking Oil (250g)
T008688,Guard Rice (1kg)
T008689,Local Farm Fruits (500ml)
T008690,Nurpur Butter (Family Pack)
T008691,Guard Rice (500g)
T008692,Lipton Tea (1L)
T008693,Surf Excel Detergent (500ml)
T008694,Shezan Juices (1L)
T008695,Adams Cheese (1L)
T008696,Nurpur Butter (Family Pack)
T008697,Surf Excel Detergent (1L)
T008698,Menu Frozen Nuggets (200ml)
T008699,Coca-Cola Soft Drinks (200ml)
T008700,Dalda Cooking Oil (500ml)
T008701,Pepsi Soft Drinks (250g)
T008702,Guard Rice (1kg)
T008703,Bake Parlour Bread (Pack of 6)
T008704,Nestle Yogurt (1kg)
T008705,Walls Ice Cream (250g)
T008706,Bake Parlour Bread (500g)
T008707,Coca-Cola Soft Drinks (Family Pack)
T008708,Walls Ice Cream (500ml)
T008709,Vim Dishwash (1L)
T008710,LU Biscuits (1kg)
T008711,National Spices (250g)
T008712,Local Farm Vegetables (500ml)
T008713,Thal Sugar (Family Pack)
T008714,Dalda Cooking Oil (500ml)
T008715,Walls Ice Cream (250g)
T008716,Walls Ice Cream (200ml)
T008717,Nestle Yogurt (1kg)
T008718,Cadbury Chocolate (200ml)
T008719,National Spices (250g)
T008720,Pantene Shampoo (Family Pack)
T008721,Sinar Notebooks (Family Pack)
T008722,LU Biscuits (Pack of 6)
T008723,Thal Sugar (1L)
T008724,Pampers Diapers (500g)
T008725,Cadbury Chocolate (Pack of 6)
T008726,Lays Chips (Family Pack)
T008727,Sinar Notebooks (Family Pack)
T008728,Bake Parlour Cakes (500ml)
T008729,Sunridge Flour (Atta) (500ml)
T008730,Aquafina Water (1kg)
T008731,Pantene Shampoo (1kg)
T008732,Sunridge Flour (Atta) (1L)
T008733,Walls Ice Cream (Family Pack)
T008734,Vim Dishwash (Pack of 6)
T008735,Nestle Juices (1kg)
T008736,Sunridge Flour (Atta) (1L)
T008737,Cadbury Chocolate (Pack of 6)
T008738,National Ketchup (500g)
T008739,Lux Soap (500g)
T008740,Pampers Diapers (250g)
T008741,Cadbury Chocolate (Pack of 6)
T008742,Adams Cheese (Family Pack)
T008743,Nurpur Butter (500g)
T008744,Bake Parlour Cakes (500ml)
T008745,Vim Dishwash (1L)
T008746,Surf Excel Detergent (500ml)
T008747,Cadbury Chocolate (Pack of 6)
T008748,Lipton Tea (1L)
T008749,Vim Dishwash (Pack of 6)
T008750,Thal Sugar (Family Pack)
T008751,Walls Ice Cream (1kg)
T008752,LU Biscuits (Pack of 6)
T008753,LU Biscuits (Pack of 6)
T008754,Olpers Milk (Pack of 6)
T008755,Vim Dishwash (1L)
T008756,Thal Sugar (Family Pack)
T008757,Nestle Juices (1kg)
T008758,LU Biscuits (1kg)
T008759,Lux Soap (500ml)
T008760,National Ketchup (Pack of 6)
T008761,Menu Frozen Nuggets (500g)
T008762,Bake Parlour Cakes (250g)
T008763,Thal Sugar (Family Pack)
T008764,Sunridge Flour (Atta) (500ml)
T008765,National Ketchup (250g)
T008766,National Ketchup (1kg)
T008767,Lays Chips (250g)
T008768,Shezan Juices (500ml)
T008769,Walls Ice Cream (Pack of 6)
T008770,Lux Soap (1L)
T008771,Shezan Juices (1L)
T008772,Local Farm Vegetables (1kg)
T008773,Pantene Shampoo (1kg)
T008774,Local Farm Vegetables (500ml)
T008775,Pepsi Soft Drinks (250g)
T008776,Adams Cheese (1kg)
T008777,Vim Dishwash (Pack of 6)
T008778,Menu Frozen Nuggets (500ml)
T008779,Lays Chips (Family Pack)
T008780,Vim Dishwash (500ml)
T008781,Olpers Milk (Pack of 6)
T008782,Menu Frozen Nuggets (500g)
T008783,Pantene Shampoo (1L)
T008784,Colgate Toothpaste (200ml)
T008785,Menu Frozen Nuggets (500ml)
T008786,LU Biscuits (1kg)
T008787,Nestle Yogurt (Pack of 6)
T008788,Nestle Juices (1kg)
T008789,Nurpur Butter (Pack of 6)
T008790,Cadbury Chocolate (500ml)
T008791,LU Biscuits (Pack of 6)
T008792,Nurpur Butter (500ml)
T008793,Pantene Shampoo (Family Pack)
T008794,Menu Frozen Nuggets (1L)
T008795,National Spices (500ml)
T008796,Bake Parlour Cakes (250g)
T008797,Local Farm Vegetables (250g)
T008798,Nestle Yogurt (Pack of 6)
T008799,Pantene Shampoo (Family Pack)
T008800,Nurpur Butter (500g)
T008801,Menu Frozen Nuggets (1L)
T008802,Guard Rice (500g)
T008803,Pepsi Soft Drinks (Pack of 6)
T008804,Sinar Notebooks (1kg)
T008805,National Ketchup (500ml)
T008806,Nestle Yogurt (1kg)
T008807,Sunridge Flour (Atta) (1L)
T008808,National Ketchup (500g)
T008809,Dalda Cooking Oil (500ml)
T008810,Nurpur Butter (500ml)
T008811,Local Farm Fruits (200ml)
T008812,Colgate Toothpaste (200ml)
T008813,Nestle Juices (1kg)
T008814,LU Biscuits (1kg)
T008815,Nurpur Butter (500ml)
T008816,Cadbury Chocolate (200ml)
T008817,Walls Ice Cream (Family Pack)
T008818,Pepsi Soft Drinks (Pack of 6)
T008819,Nestle Yogurt (250g)
T008820,Nestle Yogurt (Pack of 6)
T008821,Dalda Cooking Oil (Family Pack)
T008822,Nestle Juices (250g)
T008823,National Ketchup (1L)
T008824,Menu Frozen Nuggets (200ml)
T008825,Nestle Yogurt (1kg)
T008826,Aquafina Water (1kg)
T008827,Vim Dishwash (1L)
T008828,Surf Excel Detergent (1L)
T008829,Aquafina Water (1kg)
T008830,Nestle Yogurt (Pack of 6)
T008831,Cadbury Chocolate (500ml)
T008832,Vim Dishwash (Pack of 6)
T008833,Guard Rice (1L)
T008834,Walls Ice Cream (1kg)
T008835,Nestle Juices (500ml)
T008836,Pampers Diapers (200ml)
T008837,Bake Parlour Bread (1L)
T008838,Bake Parlour Cakes (1L)
T008839,Local Farm Vegetables (250g)
T008840,Bake Parlour Cakes (500ml)
T008841,Walls Ice Cream (Pack of 6)
T008842,Colgate Toothpaste (200ml)
T008843,Coca-Cola Soft Drinks (500g)
T008844,Lays Chips (500ml)
T008845,Lays Chips (500ml)
T008846,Thal Sugar (200ml)
T008847,Menu Frozen Nuggets (500ml)
T008848,Bake Parlour Cakes (500ml)
T008849,Vim Dishwash (Family Pack)
T008850,Bake Parlour Cakes (250g)
T008851,Cadbury Chocolate (Pack of 6)
T008852,Thal Sugar (Family Pack)
T008853,Adams Cheese (Pack of 6)
T008854,Local Farm Fruits (Pack of 6)
T008855,Pepsi Soft Drinks (Pack of 6)
T008856,National Spices (Family Pack)
T008857,Pampers Diapers (250g)
T008858,National Spices (Family Pack)
T008859,Vim Dishwash (Family Pack)
T008860,Nurpur Butter (500ml)
T008861,Bake Parlour Bread (Pack of 6)
T008862,Pampers Diapers (500g)
T008863,Coca-Cola Soft Drinks (500g)
T008864,Nurpur Butter (500ml)
T008865,National Spices (200ml)
T008866,Bake Parlour Cakes (1L)
T008867,Cadbury Chocolate (250g)
T008868,Nestle Juices (250g)
T008869,National Spices (200ml)
T008870,Pampers Diapers (500g)
T008871,National Ketchup (1kg)
T008872,Coca-Cola Soft Drinks (Family Pack)
T008873,Vim Dishwash (1L)
T008874,Pampers Diapers (250g)
T008875,Bake Parlour Bread (Family Pack)
T008876,Dalda Cooking Oil (500g)
T008877,Pepsi Soft Drinks (250g)
T008878,Nurpur Butter (Family Pack)
T008879,Pepsi Soft Drinks (1kg)
T008880,Local Farm Vegetables (1kg)
T008881,Menu Frozen Nuggets (Pack of 6)
T008882,Walls Ice Cream (Pack of 6)
T008883,Pantene Shampoo (1kg)
T008884,Thal Sugar (Family Pack)
T008885,Bake Parlour Cakes (250g)
T008886,Olpers Milk (Pack of 6)
T008887,Bake Parlour Cakes (500ml)
T008888,Vim Dishwash (Family Pack)
T008889,Nurpur Butter (Pack of 6)
T008890,Olpers Milk (500g)
T008891,Cadbury Chocolate (Pack of 6)
T008892,Surf Excel Detergent (1L)
T008893,Adams Cheese (Pack of 6)
T008894,Nestle Yogurt (1kg)
T008895,National Ketchup (500g)
T008896,Walls Ice Cream (1kg)
T008897,Dalda Cooking Oil (250g)
T008898,Sinar Notebooks (Family Pack)
T008899,Local Farm Vegetables (500g)
T008900,Local Farm Fruits (500g)
T008901,Surf Excel Detergent (Pack of 6)
T008902,LU Biscuits (Pack of 6)
T008903,Nestle Yogurt (1kg)
T008904,Olpers Milk (200ml)
T008905,Menu Frozen Nuggets (500ml)
T008906,Lux Soap (500ml)
T008907,Vim Dishwash (500ml)
T008908,Bake Parlour Bread (Family Pack)
T008909,Menu Frozen Nuggets (500g)
T008910,Sinar Notebooks (Pack of 6)
T008911,Olpers Milk (200ml)
T008912,Dalda Cooking Oil (250g)
T008913,Adams Cheese (250g)
T008914,Sunridge Flour (Atta) (Family Pack)
T008915,Surf Excel Detergent (1L)
T008916,Nestle Yogurt (250g)
T008917,Lipton Tea (1L)
T008918,Nurpur Butter (500ml)
T008919,Aquafina Water (500ml)
T008920,Pampers Diapers (500g)
T008921,National Ketchup (250g)
T008922,Colgate Toothpaste (200ml)
T008923,Olpers Milk (200ml)
T008924,Bake Parlour Cakes (500ml)
T008925,Colgate Toothpaste (200ml)
T008926,Olpers Milk (Pack of 6)
T008927,Nurpur Butter (500ml)
T008928,Sunridge Flour (Atta) (1L)
T008929,Lux Soap (250g)
T008930,Nestle Juices (1kg)
T008931,Nurpur Butter (500ml)
T008932,Sinar Notebooks (Family Pack)
T008933,Lipton Tea (500ml)
T008934,Walls Ice Cream (500ml)
T008935,Nurpur Butter (500ml)
T008936,Menu Frozen Nuggets (1L)
T008937,Walls Ice Cream (500ml)
T008938,Dalda Cooking Oil (500ml)
T008939,Surf Excel Detergent (1L)
T008940,Adams Cheese (Pack of 6)
T008941,Nurpur Butter (Family Pack)
T008942,Cadbury Chocolate (Pack of 6)
T008943,Pepsi Soft Drinks (250g)
T008944,Sunridge Flour (Atta) (1L)
T008945,Pampers Diapers (500g)
T008946,Cadbury Chocolate (Pack of 6)
T008947,Olpers Milk (Pack of 6)
T008948,Local Farm Fruits (Pack of 6)
T008949,Colgate Toothpaste (Pack of 6)
T008950,Local Farm Vegetables (500g)
T008951,Lipton Tea (1L)
T008952,Menu Frozen Nuggets (1L)
T008953,Shezan Juices (500ml)
T008954,LU Biscuits (500ml)
T008955,Surf Excel Detergent (1L)
T008956,Surf Excel Detergent (500ml)
T008957,Lays Chips (Family Pack)
T008958,Sunridge Flour (Atta) (1L)
T008959,Nestle Juices (250g)
T008960,Dalda Cooking Oil (250g)
T008961,Pepsi Soft Drinks (1kg)
T008962,Shezan Juices (1kg)
T008963,Thal Sugar (200ml)
T008964,Nestle Juices (250g)
T008965,Adams Cheese (Family Pack)
T008966,Local Farm Fruits (500g)
T008967,Pantene Shampoo (Family Pack)
T008968,Adams Cheese (1L)
T008969,Dalda Cooking Oil (Family Pack)
T008970,Sunridge Flour (Atta) (500ml)
T008971,Thal Sugar (200ml)
T008972,Cadbury Chocolate (Pack of 6)
T008973,Olpers Milk (200ml)
T008974,Nestle Juices (250g)
T008975,Nestle Yogurt (250g)
T008976,National Ketchup (Pack of 6)
T008977,Lipton Tea (1L)
T008978,National Spices (500ml)
T008979,Cadbury Chocolate (250g)
T008980,Cadbury Chocolate (250g)
T008981,Vim Dishwash (500ml)
T008982,Dalda Cooking Oil (500ml)
T008983,Local Farm Fruits (200ml)
T008984,National Ketchup (1L)
T008985,Lux Soap (500g)
T008986,Nurpur Butter (Family Pack)
T008987,Lays Chips (250g)
T008988,Cadbury Chocolate (Pack of 6)
T008989,Lipton Tea (250g)
T008990,Vim Dishwash (Family Pack)
T008991,Dalda Cooking Oil (500ml)
T008992,Adams Cheese (250g)
T008993,Bake Parlour Bread (Family Pack)
T008994,Cadbury Chocolate (250g)
T008995,Lipton Tea (250g)
T008996,Coca-Cola Soft Drinks (200ml)
T008997,Nestle Juices (250g)
T008998,Dalda Cooking Oil (500ml)
T008999,Bake Parlour Bread (Pack of 6)
T009000,Aquafina Water (1kg)
T009001,Lipton Tea (1kg)
T009002,Thal Sugar (1L)
T009003,Bake Parlour Bread (500g)
T009004,Cadbury Chocolate (500ml)
T009005,Walls Ice Cream (Pack of 6)
T009006,Menu Frozen Nuggets (500g)
T009007,Cadbury Chocolate (Pack of 6)
T009008,Dalda Cooking Oil (500g)
T009009,Thal Sugar (1L)
T009010,Nurpur Butter (500ml)
T009011,Olpers Milk (Pack of 6)
T009012,Lipton Tea (1kg)
T009013,Adams Cheese (250g)
T009014,Local Farm Vegetables (1kg)
T009015,Sunridge Flour (Atta) (Family Pack)
T009016,Vim Dishwash (1L)
T009017,Lays Chips (250g)
T009018,Nestle Yogurt (1kg)
T009019,National Spices (Family Pack)
T009020,Lays Chips (Family Pack)
T009021,Local Farm Vegetables (500ml)
T009022,National Ketchup (500ml)
T009023,Walls Ice Cream (Pack of 6)
T009024,Sunridge Flour (Atta) (1L)
T009025,Nurpur Butter (Family Pack)
T009026,Local Farm Fruits (500ml)
T009027,Olpers Milk (500g)
T009028,Walls Ice Cream (250g)
T009029,Dalda Cooking Oil (500g)
T009030,LU Biscuits (1kg)
T009031,LU Biscuits (1kg)
T009032,LU Biscuits (1kg)
T009033,Nurpur Butter (500ml)
T009034,Olpers Milk (200ml)
T009035,Local Farm Vegetables (500g)
T009036,Menu Frozen Nuggets (1L)
T009037,Nurpur Butter (500g)
T009038,Coca-Cola Soft Drinks (Family Pack)
T009039,Sinar Notebooks (Family Pack)
T009040,Walls Ice Cream (500ml)
T009041,Nestle Juices (500ml)
T009042,Surf Excel Detergent (500ml)
T009043,National Spices (250g)
T009044,Guard Rice (500ml)
T009045,Adams Cheese (250g)
T009046,Bake Parlour Cakes (500ml)
T009047,Lux Soap (500ml)
T009048,Pampers Diapers (500g)
T009049,Nestle Yogurt (Pack of 6)
T009050,Bake Parlour Cakes (1L)
T009051,Vim Dishwash (Family Pack)
T009052,Pepsi Soft Drinks (250g)
T009053,Local Farm Vegetables (500g)
T009054,Pepsi Soft Drinks (1kg)
T009055,Walls Ice Cream (250g)
T009056,Sunridge Flour (Atta) (1L)
T009057,Cadbury Chocolate (Pack of 6)
T009058,Guard Rice (1kg)
T009059,Sunridge Flour (Atta) (250g)
T009060,Bake Parlour Bread (500g)
T009061,Sinar Notebooks (Pack of 6)
T009062,National Ketchup (1L)
T009063,Aquafina Water (500g)
T009064,Dalda Cooking Oil (500ml)
T009065,Nestle Juices (1kg)
T009066,Dalda Cooking Oil (250g)
T009067,Nestle Yogurt (Pack of 6)
T009068,Cadbury Chocolate (250g)
T009069,National Spices (250g)
T009070,Lux Soap (500ml)
T009071,Guard Rice (500ml)
T009072,Bake Parlour Bread (500g)
T009073,Menu Frozen Nuggets (1L)
T009074,Pepsi Soft Drinks (1kg)
T009075,National Ketchup (500g)
T009076,Menu Frozen Nuggets (200ml)
T009077,Nurpur Butter (Pack of 6)
T009078,Shezan Juices (500ml)
T009079,Colgate Toothpaste (Pack of 6)
T009080,Pampers Diapers (500g)
T009081,Olpers Milk (200ml)
T009082,Sinar Notebooks (1kg)
T009083,Pepsi Soft Drinks (250g)
T009084,Nurpur Butter (Family Pack)
T009085,Bake Parlour Cakes (1L)
T009086,Menu Frozen Nuggets (500g)
T009087,Bake Parlour Bread (Family Pack)
T009088,Walls Ice Cream (250g)
T009089,Menu Frozen Nuggets (200ml)
T009090,Pampers Diapers (200ml)
T009091,Lux Soap (500g)
T009092,Sunridge Flour (Atta) (500ml)
T009093,Adams Cheese (Pack of 6)
T009094,Menu Frozen Nuggets (Pack of 6)
T009095,Bake Parlour Cakes (250g)
T009096,Thal Sugar (Family Pack)
T009097,Coca-Cola Soft Drinks (200ml)
T009098,Sunridge Flour (Atta) (500ml)
T009099,Shezan Juices (500ml)
T009100,National Ketchup (1L)
T009101,Nestle Juices (250g)
T009102,LU Biscuits (Pack of 6)
T009103,Coca-Cola Soft Drinks (Family Pack)
T009104,Dalda Cooking Oil (250g)
T009105,Pampers Diapers (500g)
T009106,Walls Ice Cream (200ml)
T009107,Walls Ice Cream (500ml)
T009108,Local Farm Vegetables (500ml)
T009109,Lays Chips (Family Pack)
T009110,Lipton Tea (500ml)
T009111,Sinar Notebooks (Pack of 6)
T009112,Bake Parlour Bread (Pack of 6)
T009113,Cadbury Chocolate (Pack of 6)
T009114,Vim Dishwash (Pack of 6)
T009115,Nurpur Butter (Pack of 6)
T009116,Sunridge Flour (Atta) (Family Pack)
T009117,Nurpur Butter (500ml)
T009118,Thal Sugar (Family Pack)
T009119,Nestle Yogurt (Pack of 6)
T009120,Guard Rice (500ml)
T009121,Pampers Diapers (500g)
T009122,Sinar Notebooks (Pack of 6)
T009123,Pepsi Soft Drinks (1kg)
T009124,LU Biscuits (500ml)
T009125,Walls Ice Cream (1kg)
T009126,Guard Rice (1kg)
T009127,Nestle Juices (500ml)
T009128,National Spices (Family Pack)
T009129,Bake Parlour Bread (Pack of 6)
T009130,Lux Soap (1L)
T009131,Bake Parlour Bread (1kg)
T009132,Guard Rice (1kg)
T009133,Lux Soap (1L)
T009134,Nurpur Butter (500ml)
T009135,Nestle Juices (250g)
T009136,Aquafina Water (500ml)
T009137,Thal Sugar (200ml)
T009138,National Spices (500ml)
T009139,Dalda Cooking Oil (500g)
T009140,Menu Frozen Nuggets (500ml)
T009141,Olpers Milk (Pack of 6)
T009142,Pepsi Soft Drinks (1kg)
T009143,Nurpur Butter (500ml)
T009144,Olpers Milk (Pack of 6)
T009145,Nurpur Butter (500ml)
T009146,Guard Rice (1L)
T009147,LU Biscuits (Pack of 6)
T009148,Surf Excel Detergent (500ml)
T009149,Aquafina Water (500g)
T009150,Cadbury Chocolate (500ml)
T009151,LU Biscuits (Pack of 6)
T009152,Dalda Cooking Oil (500g)
T009153,Walls Ice Cream (200ml)
T009154,Olpers Milk (200ml)
T009155,Pepsi Soft Drinks (Pack of 6)
T009156,Sunridge Flour (Atta) (1L)
T009157,Olpers Milk (200ml)
T009158,Lays Chips (Family Pack)
T009159,Olpers Milk (Pack of 6)
T009160,National Spices (250g)
T009161,Walls Ice Cream (500ml)
T009162,National Spices (250g)
T009163,Pampers Diapers (500g)
T009164,Local Farm Vegetables (1kg)
T009165,Olpers Milk (Pack of 6)
T009166,Pepsi Soft Drinks (250g)
T009167,Lipton Tea (1kg)
T009168,Nestle Yogurt (Pack of 6)
T009169,Lipton Tea (500ml)
T009170,Sunridge Flour (Atta) (Family Pack)
T009171,Walls Ice Cream (500ml)
T009172,Shezan Juices (1L)
T009173,Sunridge Flour (Atta) (Family Pack)
T009174,Walls Ice Cream (500ml)
T009175,LU Biscuits (Pack of 6)
T009176,Shezan Juices (1L)
T009177,Cadbury Chocolate (Pack of 6)
T009178,Adams Cheese (Family Pack)
T009179,Cadbury Chocolate (200ml)
T009180,Aquafina Water (Pack of 6)
T009181,Sinar Notebooks (1kg)
T009182,Surf Excel Detergent (1L)
T009183,Bake Parlour Bread (1L)
T009184,Bake Parlour Bread (1kg)
T009185,Guard Rice (500ml)
T009186,Nurpur Butter (500ml)
T009187,Nestle Juices (250g)
T009188,LU Biscuits (Pack of 6)
T009189,Nestle Yogurt (250g)
T009190,Shezan Juices (Family Pack)
T009191,National Ketchup (250g)
T009192,Pantene Shampoo (200ml)
T009193,Lipton Tea (1L)
T009194,Walls Ice Cream (Family Pack)
T009195,Adams Cheese (250g)
T009196,Bake Parlour Bread (500g)
T009197,Vim Dishwash (Pack of 6)
T009198,Pampers Diapers (250g)
T009199,Nestle Juices (1kg)
T009200,Local Farm Vegetables (250g)
T009201,Walls Ice Cream (200ml)
T009202,Colgate Toothpaste (Pack of 6)
T009203,Aquafina Water (Pack of 6)
T009204,Walls Ice Cream (1kg)
T009205,National Ketchup (1L)
T009206,Menu Frozen Nuggets (Pack of 6)
T009207,LU Biscuits (1kg)
T009208,Lux Soap (1L)
T009209,Guard Rice (1kg)
T009210,Lays Chips (Family Pack)
T009211,Lays Chips (500ml)
T009212,Aquafina Water (500ml)
T009213,Bake Parlour Bread (Pack of 6)
T009214,Coca-Cola Soft Drinks (200ml)
T009215,Dalda Cooking Oil (Family Pack)
T009216,Menu Frozen Nuggets (200ml)
T009217,LU Biscuits (Pack of 6)
T009218,Dalda Cooking Oil (500g)
T009219,Lays Chips (500ml)
T009220,Lipton Tea (1kg)
T009221,Pantene Shampoo (Pack of 6)
T009222,Bake Parlour Cakes (500ml)
T009223,National Spices (250g)
T009224,Lays Chips (Family Pack)
T009225,Cadbury Chocolate (Pack of 6)
T009226,Surf Excel Detergent (Pack of 6)
T009227,Adams Cheese (Family Pack)
T009228,Guard Rice (1kg)
T009229,Vim Dishwash (Pack of 6)
T009230,Local Farm Vegetables (500g)
T009231,Menu Frozen Nuggets (1L)
T009232,Sinar Notebooks (Family Pack)
T009233,Nurpur Butter (Family Pack)
T009234,Dalda Cooking Oil (500ml)
T009235,LU Biscuits (Pack of 6)
T009236,Surf Excel Detergent (500ml)
T009237,Colgate Toothpaste (250g)
T009238,Olpers Milk (200ml)
T009239,LU Biscuits (Pack of 6)
T009240,Local Farm Fruits (200ml)
T009241,Pantene Shampoo (Family Pack)
T009242,Lays Chips (Family Pack)
T009243,National Ketchup (1L)
T009244,Adams Cheese (1L)
T009245,Sunridge Flour (Atta) (1L)
T009246,Aquafina Water (Pack of 6)
T009247,Sunridge Flour (Atta) (1L)
T009248,Walls Ice Cream (Pack of 6)
T009249,Thal Sugar (Family Pack)
T009250,Menu Frozen Nuggets (500g)
T009251,Nurpur Butter (500ml)
T009252,Dalda Cooking Oil (Family Pack)
T009253,Lux Soap (250g)
T009254,Colgate Toothpaste (200ml)
T009255,Coca-Cola Soft Drinks (200ml)
T009256,Thal Sugar (1L)
T009257,Pepsi Soft Drinks (250g)
T009258,Bake Parlour Cakes (250g)
T009259,Pampers Diapers (500g)
T009260,Pepsi Soft Drinks (Pack of 6)
T009261,Dalda Cooking Oil (250g)
T009262,Aquafina Water (500g)
T009263,Adams Cheese (Pack of 6)
T009264,Walls Ice Cream (500ml)
T009265,Nurpur Butter (500g)
T009266,Nestle Yogurt (Pack of 6)
T009267,Adams Cheese (1L)
T009268,Sunridge Flour (Atta) (1L)
T009269,Pampers Diapers (250g)
T009270,Sinar Notebooks (500ml)
T009271,LU Biscuits (Pack of 6)
T009272,National Ketchup (1L)
T009273,Cadbury Chocolate (500ml)
T009274,Sunridge Flour (Atta) (1L)
T009275,Menu Frozen Nuggets (500g)
T009276,Nurpur Butter (500ml)
T009277,Local Farm Fruits (500ml)
T009278,Vim Dishwash (Family Pack)
T009279,Surf Excel Detergent (500ml)
T009280,Adams Cheese (1L)
T009281,Pantene Shampoo (200ml)
T009282,Bake Parlour Bread (500g)
T009283,Local Farm Vegetables (500ml)
T009284,Walls Ice Cream (1kg)
T009285,Thal Sugar (Family Pack)
T009286,Sinar Notebooks (500ml)
T009287,Pepsi Soft Drinks (250g)
T009288,Lipton Tea (1L)
T009289,Pantene Shampoo (1L)
T009290,Nestle Yogurt (1kg)
T009291,Thal Sugar (1L)
T009292,LU Biscuits (500ml)
T009293,Adams Cheese (250g)
T009294,Lays Chips (Family Pack)
T009295,Walls Ice Cream (Pack of 6)
T009296,Cadbury Chocolate (200ml)
T009297,Bake Parlour Bread (Family Pack)
T009298,LU Biscuits (1kg)
T009299,Sunridge Flour (Atta) (1L)
T009300,Dalda Cooking Oil (500ml)
T009301,Menu Frozen Nuggets (500ml)
T009302,Sinar Notebooks (Family Pack)
T009303,National Ketchup (250g)
T009304,Dalda Cooking Oil (Family Pack)
T009305,Walls Ice Cream (Pack of 6)
T009306,Local Farm Vegetables (500g)
T009307,Olpers Milk (Pack of 6)
T009308,National Spices (250g)
T009309,Nurpur Butter (Family Pack)
T009310,Bake Parlour Bread (Family Pack)
T009311,Pantene Shampoo (Family Pack)
T009312,Surf Excel Detergent (1L)
T009313,Walls Ice Cream (500ml)
T009314,Pantene Shampoo (1kg)
T009315,Nestle Juices (500ml)
T009316,Bake Parlour Cakes (250g)
T009317,National Spices (250g)
T009318,Sunridge Flour (Atta) (250g)
T009319,Aquafina Water (500g)
T009320,Pampers Diapers (200ml)
T009321,Nurpur Butter (Family Pack)
T009322,Olpers Milk (Pack of 6)
T009323,Adams Cheese (Pack of 6)
T009324,Adams Cheese (250g)
T009325,Guard Rice (1kg)
T009326,National Spices (250g)
T009327,Colgate Toothpaste (200ml)
T009328,Sinar Notebooks (500ml)
T009329,LU Biscuits (Pack of 6)
T009330,Lux Soap (500g)
T009331,Pepsi Soft Drinks (1kg)
T009332,Local Farm Vegetables (250g)
T009333,Lipton Tea (1L)
T009334,Lipton Tea (1kg)
T009335,National Ketchup (500g)
T009336,Bake Parlour Bread (Pack of 6)
T009337,Aquafina Water (Pack of 6)
T009338,Walls Ice Cream (1kg)
T009339,Lux Soap (250g)
T009340,Colgate Toothpaste (250g)
T009341,National Spices (250g)
T009342,National Ketchup (500g)
T009343,Nestle Yogurt (1kg)
T009344,National Spices (250g)
T009345,Lux Soap (250g)
T009346,Aquafina Water (1kg)
T009347,Pampers Diapers (250g)
T009348,National Spices (250g)
T009349,Nestle Juices (500ml)
T009350,Nurpur Butter (Pack of 6)
T009351,LU Biscuits (500ml)
T009352,Nestle Yogurt (Pack of 6)
T009353,Sunridge Flour (Atta) (1L)
T009354,Coca-Cola Soft Drinks (Family Pack)
T009355,Nurpur Butter (Family Pack)
T009356,Colgate Toothpaste (200ml)
T009357,Local Farm Vegetables (500ml)
T009358,Nestle Yogurt (1kg)
T009359,Local Farm Fruits (500ml)
T009360,Vim Dishwash (Pack of 6)
T009361,Bake Parlour Bread (1L)
T009362,Walls Ice Cream (Family Pack)
T009363,Pampers Diapers (200ml)
T009364,Dalda Cooking Oil (250g)
T009365,National Spices (250g)
T009366,Pantene Shampoo (200ml)
T009367,Dalda Cooking Oil (500g)
T009368,Sunridge Flour (Atta) (1L)
T009369,Lays Chips (Family Pack)
T009370,Surf Excel Detergent (1L)
T009371,Pantene Shampoo (1L)
T009372,National Ketchup (500g)
T009373,Guard Rice (1kg)
T009374,National Spices (250g)
T009375,Colgate Toothpaste (200ml)
T009376,Sunridge Flour (Atta) (500ml)
T009377,Nurpur Butter (Family Pack)
T009378,Local Farm Vegetables (500g)
T009379,Pampers Diapers (250g)
T009380,Adams Cheese (250g)
T009381,Sunridge Flour (Atta) (500ml)
T009382,LU Biscuits (Pack of 6)
T009383,Walls Ice Cream (500ml)
T009384,LU Biscuits (Pack of 6)
T009385,National Ketchup (1kg)
T009386,Adams Cheese (Pack of 6)
T009387,Bake Parlour Bread (500g)
T009388,Olpers Milk (500g)
T009389,Bake Parlour Cakes (250g)
T009390,Menu Frozen Nuggets (200ml)
T009391,Sinar Notebooks (Family Pack)
T009392,Coca-Cola Soft Drinks (Family Pack)
T009393,National Ketchup (250g)
T009394,National Ketchup (1kg)
T009395,Vim Dishwash (Family Pack)
T009396,Olpers Milk (500g)
T009397,Lipton Tea (1kg)
T009398,Nurpur Butter (500g)
T009399,Local Farm Fruits (Pack of 6)
T009400,Local Farm Fruits (500g)
T009401,Nestle Juices (1kg)
T009402,Adams Cheese (1kg)
T009403,Lipton Tea (500ml)
T009404,Sunridge Flour (Atta) (Family Pack)
T009405,National Spices (250g)
T009406,National Spices (500ml)
T009407,Lux Soap (500g)
T009408,Lipton Tea (500ml)
T009409,Sinar Notebooks (Pack of 6)
T009410,Local Farm Vegetables (500g)
T009411,Sunridge Flour (Atta) (1L)
T009412,National Spices (500ml)
T009413,Adams Cheese (Pack of 6)
T009414,Cadbury Chocolate (Pack of 6)
T009415,Coca-Cola Soft Drinks (200ml)
T009416,Nestle Yogurt (250g)
T009417,Bake Parlour Cakes (500ml)
T009418,Sinar Notebooks (1kg)
T009419,Aquafina Water (Pack of 6)
T009420,Guard Rice (500ml)
T009421,Guard Rice (1kg)
T009422,Pampers Diapers (250g)
T009423,Local Farm Vegetables (1kg)
T009424,Shezan Juices (1L)
T009425,Bake Parlour Cakes (500ml)
T009426,Sinar Notebooks (Family Pack)
T009427,Colgate Toothpaste (250g)
T009428,Walls Ice Cream (250g)
T009429,Nurpur Butter (Family Pack)
T009430,Menu Frozen Nuggets (500ml)
T009431,Menu Frozen Nuggets (200ml)
T009432,Bake Parlour Bread (500g)
T009433,Adams Cheese (250g)
T009434,Local Farm Vegetables (500ml)
T009435,Walls Ice Cream (1kg)
T009436,Sinar Notebooks (Family Pack)
T009437,Adams Cheese (Family Pack)
T009438,Aquafina Water (1kg)
T009439,National Ketchup (500ml)
T009440,Walls Ice Cream (250g)
T009441,National Spices (Family Pack)
T009442,Lipton Tea (1kg)
T009443,Bake Parlour Cakes (500ml)
T009444,LU Biscuits (500ml)
T009445,Sinar Notebooks (Family Pack)
T009446,Lays Chips (Family Pack)
T009447,Nestle Juices (1kg)
T009448,Pantene Shampoo (Family Pack)
T009449,Lays Chips (250g)
T009450,Nestle Juices (250g)
T009451,Cadbury Chocolate (Pack of 6)
T009452,Adams Cheese (Pack of 6)
T009453,Shezan Juices (500ml)
T009454,Dalda Cooking Oil (500ml)
T009455,LU Biscuits (1kg)
T009456,Colgate Toothpaste (200ml)
T009457,Nurpur Butter (500ml)
T009458,Lux Soap (500ml)
T009459,Olpers Milk (Pack of 6)
T009460,Pepsi Soft Drinks (Pack of 6)
T009461,Bake Parlour Cakes (1L)
T009462,Nestle Yogurt (250g)
T009463,Dalda Cooking Oil (Family Pack)
T009464,Thal Sugar (Family Pack)
T009465,Lays Chips (500ml)
T009466,Shezan Juices (1L)
T009467,Cadbury Chocolate (Pack of 6)
T009468,Colgate Toothpaste (250g)
T009469,Walls Ice Cream (Family Pack)
T009470,Bake Parlour Cakes (1L)
T009471,National Ketchup (500ml)
T009472,Adams Cheese (Family Pack)
T009473,LU Biscuits (500ml)
T009474,Lux Soap (500g)
T009475,National Ketchup (1L)
T009476,Lipton Tea (1L)
T009477,LU Biscuits (Pack of 6)
T009478,Bake Parlour Cakes (500ml)
T009479,Thal Sugar (Family Pack)
T009480,Nestle Yogurt (Pack of 6)
T009481,Olpers Milk (Pack of 6)
T009482,Nestle Juices (1kg)
T009483,Bake Parlour Cakes (1L)
T009484,LU Biscuits (Pack of 6)
T009485,Thal Sugar (200ml)
T009486,Lays Chips (Family Pack)
T009487,Cadbury Chocolate (200ml)
T009488,Thal Sugar (Family Pack)
T009489,Menu Frozen Nuggets (500g)
T009490,Menu Frozen Nuggets (Pack of 6)
T009491,Walls Ice Cream (Pack of 6)
T009492,Local Farm Vegetables (500ml)
T009493,Pantene Shampoo (Family Pack)
T009494,Aquafina Water (500ml)
T009495,Lays Chips (250g)
T009496,Dalda Cooking Oil (500g)
T009497,Menu Frozen Nuggets (200ml)
T009498,Pantene Shampoo (Pack of 6)
T009499,LU Biscuits (Pack of 6)
T009500,Shezan Juices (Family Pack)
T009501,Sinar Notebooks (Family Pack)
T009502,Lux Soap (500g)
T009503,Dalda Cooking Oil (Family Pack)
T009504,Bake Parlour Bread (1kg)
T009505,National Ketchup (500ml)
T009506,Cadbury Chocolate (Pack of 6)
T009507,Aquafina Water (Pack of 6)
T009508,Local Farm Vegetables (1kg)
T009509,Guard Rice (1kg)
T009510,Walls Ice Cream (250g)
T009511,Local Farm Fruits (Pack of 6)
T009512,National Ketchup (1L)
T009513,Lux Soap (250g)
T009514,Nestle Yogurt (250g)
T009515,Pantene Shampoo (200ml)
T009516,Surf Excel Detergent (1L)
T009517,Sunridge Flour (Atta) (1L)
T009518,Thal Sugar (200ml)
T009519,Bake Parlour Bread (1kg)
T009520,Walls Ice Cream (Family Pack)
T009521,Walls Ice Cream (200ml)
T009522,Shezan Juices (1kg)
T009523,Adams Cheese (Family Pack)
T009524,Pepsi Soft Drinks (Pack of 6)
T009525,National Spices (200ml)
T009526,Nestle Yogurt (Pack of 6)
T009527,Coca-Cola Soft Drinks (Family Pack)
T009528,Menu Frozen Nuggets (200ml)
T009529,Pampers Diapers (250g)
T009530,Shezan Juices (1kg)
T009531,Olpers Milk (500g)
T009532,Pampers Diapers (250g)
T009533,Thal Sugar (1L)
T009534,Surf Excel Detergent (500ml)
T009535,Pantene Shampoo (Family Pack)
T009536,Walls Ice Cream (250g)
T009537,Sunridge Flour (Atta) (Family Pack)
T009538,Pantene Shampoo (Pack of 6)
T009539,Lays Chips (500ml)
T009540,Vim Dishwash (1L)
T009541,Pampers Diapers (500g)
T009542,Local Farm Fruits (500g)
T009543,Guard Rice (1L)
T009544,Local Farm Vegetables (250g)
T009545,Colgate Toothpaste (200ml)
T009546,Nurpur Butter (500g)
T009547,Olpers Milk (200ml)
T009548,Colgate Toothpaste (200ml)
T009549,Sunridge Flour (Atta) (Family Pack)
T009550,Guard Rice (1kg)
T009551,Vim Dishwash (Pack of 6)
T009552,Pepsi Soft Drinks (1kg)
T009553,Aquafina Water (1kg)
T009554,Bake Parlour Bread (500g)
T009555,Adams Cheese (Pack of 6)
T009556,Guard Rice (1kg)
T009557,National Spices (250g)
T009558,Sunridge Flour (Atta) (Family Pack)
T009559,Lipton Tea (1L)
T009560,Surf Excel Detergent (500ml)
T009561,Nurpur Butter (500g)
T009562,Walls Ice Cream (200ml)
T009563,National Spices (500ml)
T009564,Sinar Notebooks (Family Pack)
T009565,Walls Ice Cream (200ml)
T009566,Pampers Diapers (250g)
T009567,Pampers Diapers (250g)
T009568,Bake Parlour Bread (1kg)
T009569,Coca-Cola Soft Drinks (500g)
T009570,Sinar Notebooks (Family Pack)
T009571,Sunridge Flour (Atta) (Family Pack)
T009572,Olpers Milk (500g)
T009573,Colgate Toothpaste (200ml)
T009574,National Ketchup (250g)
T009575,Dalda Cooking Oil (500g)
T009576,Nestle Juices (250g)
T009577,Nestle Yogurt (Pack of 6)
T009578,Vim Dishwash (500ml)
T009579,Coca-Cola Soft Drinks (500g)
T009580,Lays Chips (250g)
T009581,Surf Excel Detergent (Pack of 6)
T009582,Adams Cheese (Family Pack)
T009583,Lays Chips (Family Pack)
T009584,Dalda Cooking Oil (500g)
T009585,Shezan Juices (1kg)
T009586,Pantene Shampoo (Family Pack)
T009587,Sinar Notebooks (1kg)
T009588,Menu Frozen Nuggets (1L)
T009589,National Spices (250g)
T009590,Cadbury Chocolate (Pack of 6)
T009591,Bake Parlour Bread (500g)
T009592,Nestle Yogurt (Pack of 6)
T009593,Local Farm Fruits (Pack of 6)
T009594,Pantene Shampoo (200ml)
T009595,Bake Parlour Cakes (500ml)
T009596,Vim Dishwash (Family Pack)
T009597,LU Biscuits (Pack of 6)
T009598,Guard Rice (1L)
T009599,Bake Parlour Bread (500g)
T009600,National Ketchup (1kg)
T009601,Sunridge Flour (Atta) (1L)
T009602,Cadbury Chocolate (Pack of 6)
T009603,Adams Cheese (Pack of 6)
T009604,Olpers Milk (Pack of 6)
T009605,Walls Ice Cream (1kg)
T009606,Pepsi Soft Drinks (1kg)
T009607,Walls Ice Cream (Pack of 6)
T009608,Surf Excel Detergent (500ml)
T009609,Sunridge Flour (Atta) (1L)
T009610,Walls Ice Cream (Pack of 6)
T009611,Local Farm Fruits (200ml)
T009612,Olpers Milk (200ml)
T009613,Lipton Tea (500ml)
T009614,Local Farm Fruits (500g)
T009615,Pantene Shampoo (200ml)
T009616,Lays Chips (Family Pack)
T009617,Pantene Shampoo (1L)
T009618,Adams Cheese (Family Pack)
T009619,Bake Parlour Bread (Pack of 6)
T009620,Pepsi Soft Drinks (250g)
T009621,Pampers Diapers (500g)
T009622,Cadbury Chocolate (Pack of 6)
T009623,Walls Ice Cream (Pack of 6)
T009624,Adams Cheese (Pack of 6)
T009625,LU Biscuits (1kg)
T009626,Lux Soap (500g)
T009627,Nestle Juices (250g)
T009628,Vim Dishwash (500ml)
T009629,Pantene Shampoo (200ml)
T009630,LU Biscuits (500ml)
T009631,Local Farm Vegetables (250g)
T009632,Pampers Diapers (500g)
T009633,Bake Parlour Cakes (250g)
T009634,Pantene Shampoo (Pack of 6)
T009635,Pantene Shampoo (Family Pack)
T009636,Pantene Shampoo (Pack of 6)
T009637,LU Biscuits (500ml)
T009638,Nurpur Butter (Family Pack)
T009639,Surf Excel Detergent (500ml)
T009640,Shezan Juices (500ml)
T009641,Thal Sugar (Family Pack)
T009642,Sunridge Flour (Atta) (1L)
T009643,Cadbury Chocolate (Pack of 6)
T009644,Thal Sugar (1L)
T009645,Local Farm Fruits (Pack of 6)
T009646,Dalda Cooking Oil (Family Pack)
T009647,Pantene Shampoo (1kg)
T009648,Lays Chips (250g)
T009649,National Ketchup (500g)
T009650,Cadbury Chocolate (200ml)
T009651,Shezan Juices (1L)
T009652,Nurpur Butter (Family Pack)
T009653,Sinar Notebooks (500ml)
T009654,LU Biscuits (Pack of 6)
T009655,Olpers Milk (Pack of 6)
T009656,Thal Sugar (Family Pack)
T009657,Dalda Cooking Oil (250g)
T009658,Local Farm Fruits (500g)
T009659,National Ketchup (500g)
T009660,Aquafina Water (500g)
T009661,Pantene Shampoo (1kg)
T009662,Bake Parlour Cakes (1L)
T009663,Walls Ice Cream (Family Pack)
T009664,Bake Parlour Bread (500g)
T009665,Shezan Juices (500ml)
T009666,National Spices (250g)
T009667,Nestle Juices (1kg)
T009668,Lays Chips (500ml)
T009669,Surf Excel Detergent (500ml)
T009670,National Spices (200ml)
T009671,Bake Parlour Bread (Pack of 6)
T009672,Local Farm Vegetables (1kg)
T009673,Pampers Diapers (200ml)
T009674,Cadbury Chocolate (Pack of 6)
T009675,Vim Dishwash (500ml)
T009676,Sinar Notebooks (Family Pack)
T009677,Thal Sugar (Family Pack)
T009678,Local Farm Fruits (500g)
T009679,Walls Ice Cream (250g)
T009680,Lipton Tea (500ml)
T009681,Nestle Yogurt (1kg)
T009682,Local Farm Fruits (200ml)
T009683,Lux Soap (250g)
T009684,Lays Chips (250g)
T009685,Bake Parlour Bread (500g)
T009686,Lays Chips (Family Pack)
T009687,Bake Parlour Bread (1L)
T009688,Menu Frozen Nuggets (200ml)
T009689,Lux Soap (500g)
T009690,Cadbury Chocolate (500ml)
T009691,LU Biscuits (Pack of 6)
T009692,Surf Excel Detergent (1L)
T009693,Sunridge Flour (Atta) (250g)
T009694,Guard Rice (500ml)
T009695,Sinar Notebooks (500ml)
T009696,Pampers Diapers (250g)
T009697,Menu Frozen Nuggets (500ml)
T009698,Nestle Juices (1kg)
T009699,Nestle Juices (1kg)
T009700,Nestle Juices (500ml)
T009701,Coca-Cola Soft Drinks (200ml)
T009702,National Ketchup (500ml)
T009703,Nurpur Butter (Pack of 6)
T009704,Sinar Notebooks (500ml)
T009705,Cadbury Chocolate (500ml)
T009706,Sunridge Flour (Atta) (1L)
T009707,Cadbury Chocolate (500ml)
T009708,Olpers Milk (500g)
T009709,Cadbury Chocolate (250g)
T009710,Local Farm Vegetables (250g)
T009711,National Spices (200ml)
T009712,Lays Chips (250g)
T009713,Adams Cheese (Family Pack)
T009714,National Ketchup (Pack of 6)
T009715,Surf Excel Detergent (Pack of 6)
T009716,Lux Soap (1L)
T009717,Cadbury Chocolate (250g)
T009718,National Ketchup (1L)
T009719,Vim Dishwash (1L)
T009720,Menu Frozen Nuggets (500g)
T009721,Olpers Milk (200ml)
T009722,Coca-Cola Soft Drinks (200ml)
T009723,LU Biscuits (1kg)
T009724,Lipton Tea (1kg)
T009725,Adams Cheese (1L)
T009726,Pantene Shampoo (1kg)
T009727,Thal Sugar (Family Pack)
T009728,Lux Soap (500g)
T009729,Local Farm Vegetables (1kg)
T009730,Bake Parlour Cakes (250g)
T009731,Colgate Toothpaste (250g)
T009732,Lipton Tea (1L)
T009733,Nurpur Butter (Family Pack)
T009734,Sunridge Flour (Atta) (1L)
T009735,Menu Frozen Nuggets (Pack of 6)
T009736,Nurpur Butter (Family Pack)
T009737,National Spices (250g)
T009738,Bake Parlour Bread (Pack of 6)
T009739,Aquafina Water (500ml)
T009740,Adams Cheese (1kg)
T009741,Cadbury Chocolate (250g)
T009742,Surf Excel Detergent (500ml)
T009743,Vim Dishwash (Family Pack)
T009744,Colgate Toothpaste (200ml)
T009745,Bake Parlour Cakes (500ml)
T009746,Lipton Tea (500ml)
T009747,Nestle Yogurt (250g)
T009748,National Spices (Family Pack)
T009749,Thal Sugar (Family Pack)
T009750,Pampers Diapers (500g)
T009751,Pantene Shampoo (200ml)
T009752,Nurpur Butter (Pack of 6)
T009753,Vim Dishwash (1L)
T009754,Guard Rice (1L)
T009755,Lipton Tea (1kg)
T009756,Lays Chips (500ml)
T009757,Local Farm Vegetables (250g)
T009758,Walls Ice Cream (500ml)
T009759,Dalda Cooking Oil (Family Pack)
T009760,Bake Parlour Cakes (1L)
T009761,National Ketchup (250g)
T009762,Coca-Cola Soft Drinks (500g)
T009763,Nestle Juices (250g)
T009764,Local Farm Vegetables (1kg)
T009765,Lipton Tea (250g)
T009766,Adams Cheese (1kg)
T009767,Bake Parlour Cakes (1L)
T009768,National Ketchup (500ml)
T009769,Olpers Milk (Pack of 6)
T009770,Pepsi Soft Drinks (250g)
T009771,Bake Parlour Cakes (1L)
T009772,Lux Soap (1L)
T009773,Colgate Toothpaste (200ml)
T009774,Dalda Cooking Oil (250g)
T009775,Adams Cheese (Family Pack)
T009776,Lays Chips (500ml)
T009777,National Ketchup (Pack of 6)
T009778,National Spices (Family Pack)
T009779,Nurpur Butter (500g)
T009780,Colgate Toothpaste (250g)
T009781,Aquafina Water (500ml)
T009782,LU Biscuits (Pack of 6)
T009783,National Ketchup (1L)
T009784,Olpers Milk (500g)
T009785,Bake Parlour Bread (500g)
T009786,Nestle Yogurt (Pack of 6)
T009787,Nurpur Butter (500ml)
T009788,Vim Dishwash (500ml)
T009789,Guard Rice (1kg)
T009790,LU Biscuits (Pack of 6)
T009791,Bake Parlour Cakes (1L)
T009792,Vim Dishwash (1L)
T009793,Bake Parlour Bread (500g)
T009794,Sunridge Flour (Atta) (1L)
T009795,Cadbury Chocolate (500ml)
T009796,Coca-Cola Soft Drinks (Family Pack)
T009797,Walls Ice Cream (Family Pack)
T009798,Coca-Cola Soft Drinks (200ml)
T009799,Bake Parlour Bread (1kg)
T009800,National Ketchup (500g)
T009801,Coca-Cola Soft Drinks (200ml)
T009802,Nestle Juices (500ml)
T009803,Lays Chips (Family Pack)
T009804,Cadbury Chocolate (Pack of 6)
T009805,National Spices (Family Pack)
T009806,Local Farm Fruits (500g)
T009807,Nurpur Butter (500ml)
T009808,Vim Dishwash (1L)
T009809,Local Farm Vegetables (1kg)
T009810,LU Biscuits (1kg)
T009811,Guard Rice (1L)
T009812,Vim Dishwash (Family Pack)
T009813,Cadbury Chocolate (250g)
T009814,Sinar Notebooks (Family Pack)
T009815,National Spices (250g)
T009816,Lays Chips (250g)
T009817,LU Biscuits (Pack of 6)
T009818,Bake Parlour Bread (Family Pack)
T009819,Aquafina Water (Pack of 6)
T009820,Lays Chips (Family Pack)
T009821,Lays Chips (500ml)
T009822,Pantene Shampoo (Family Pack)
T009823,Menu Frozen Nuggets (1L)
T009824,Thal Sugar (1L)
T009825,Vim Dishwash (Family Pack)
T009826,Menu Frozen Nuggets (200ml)
T009827,Guard Rice (500g)
T009828,Nestle Yogurt (1kg)
T009829,Thal Sugar (Family Pack)
T009830,Aquafina Water (500ml)
T009831,Nurpur Butter (500g)
T009832,Local Farm Fruits (Pack of 6)
T009833,Olpers Milk (Pack of 6)
T009834,National Ketchup (250g)
T009835,Pantene Shampoo (Family Pack)
T009836,Lux Soap (1L)
T009837,Nurpur Butter (Family Pack)
T009838,National Spices (250g)
T009839,Pepsi Soft Drinks (250g)
T009840,Shezan Juices (1kg)
T009841,Olpers Milk (200ml)
T009842,Menu Frozen Nuggets (500ml)
T009843,Nestle Yogurt (Pack of 6)
T009844,Coca-Cola Soft Drinks (200ml)
T009845,Bake Parlour Bread (500g)
T009846,National Spices (250g)
T009847,Walls Ice Cream (250g)
T009848,Walls Ice Cream (250g)
T009849,Sunridge Flour (Atta) (250g)
T009850,Bake Parlour Cakes (500ml)
T009851,Cadbury Chocolate (Pack of 6)
T009852,National Spices (200ml)
T009853,Bake Parlour Cakes (1L)
T009854,Olpers Milk (Pack of 6)
T009855,Sinar Notebooks (Family Pack)
T009856,LU Biscuits (1kg)
T009857,Coca-Cola Soft Drinks (500g)
T009858,Walls Ice Cream (500ml)
T009859,Dalda Cooking Oil (500ml)
T009860,Menu Frozen Nuggets (500ml)
T009861,Nestle Yogurt (1kg)
T009862,Guard Rice (1kg)
T009863,Bake Parlour Bread (500g)
T009864,National Ketchup (500g)
T009865,Cadbury Chocolate (Pack of 6)
T009866,Shezan Juices (Family Pack)
T009867,Lipton Tea (1kg)
T009868,Surf Excel Detergent (Pack of 6)
T009869,Menu Frozen Nuggets (200ml)
T009870,Menu Frozen Nuggets (500ml)
T009871,Pepsi Soft Drinks (250g)
T009872,Guard Rice (1kg)
T009873,National Spices (250g)
T009874,Bake Parlour Bread (500g)
T009875,Pantene Shampoo (1L)
T009876,Adams Cheese (250g)
T009877,Olpers Milk (Pack of 6)
T009878,Olpers Milk (Pack of 6)
T009879,Vim Dishwash (Family Pack)
T009880,Bake Parlour Cakes (500ml)
T009881,Shezan Juices (Family Pack)
T009882,Sunridge Flour (Atta) (1L)
T009883,Sunridge Flour (Atta) (1L)
T009884,Sunridge Flour (Atta) (1L)
T009885,Sunridge Flour (Atta) (250g)
T009886,Nestle Juices (500ml)
T009887,Nestle Yogurt (1kg)
T009888,National Ketchup (Pack of 6)
T009889,LU Biscuits (Pack of 6)
T009890,Bake Parlour Cakes (1L)
T009891,Lays Chips (500ml)
T009892,Nestle Juices (250g)
T009893,Walls Ice Cream (250g)
T009894,Nurpur Butter (500g)
T009895,Surf Excel Detergent (Pack of 6)
T009896,Walls Ice Cream (Pack of 6)
T009897,Surf Excel Detergent (Pack of 6)
T009898,Pepsi Soft Drinks (250g)
T009899,Vim Dishwash (Family Pack)
T009900,Lipton Tea (1L)
T009901,Dalda Cooking Oil (250g)
T009902,Coca-Cola Soft Drinks (Family Pack)
T009903,Adams Cheese (250g)
T009904,Local Farm Vegetables (500g)
T009905,National Ketchup (500ml)
T009906,Lipton Tea (1kg)
T009907,Lays Chips (500ml)
T009908,Walls Ice Cream (200ml)
T009909,Menu Frozen Nuggets (500ml)
T009910,Pampers Diapers (500g)
T009911,Local Farm Fruits (500ml)
T009912,Bake Parlour Cakes (1L)
T009913,Pepsi Soft Drinks (1kg)
T009914,Olpers Milk (Pack of 6)
T009915,Menu Frozen Nuggets (200ml)
T009916,Menu Frozen Nuggets (500g)
T009917,Coca-Cola Soft Drinks (200ml)
T009918,Pepsi Soft Drinks (Pack of 6)
T009919,Adams Cheese (1kg)
T009920,Lays Chips (250g)
T009921,Sinar Notebooks (Family Pack)
T009922,Nestle Yogurt (1kg)
T009923,Nurpur Butter (500ml)
T009924,Menu Frozen Nuggets (200ml)
T009925,Local Farm Fruits (500ml)
T009926,Cadbury Chocolate (200ml)
T009927,LU Biscuits (1kg)
T009928,LU Biscuits (Pack of 6)
T009929,Colgate Toothpaste (Pack of 6)
T009930,Nurpur Butter (Pack of 6)
T009931,Colgate Toothpaste (250g)
T009932,Lipton Tea (1L)
T009933,LU Biscuits (1kg)
T009934,Sinar Notebooks (Family Pack)
T009935,Sinar Notebooks (500ml)
T009936,Nestle Juices (1kg)
T009937,Pepsi Soft Drinks (Pack of 6)
T009938,LU Biscuits (500ml)
T009939,Adams Cheese (1L)
T009940,Thal Sugar (Family Pack)
T009941,Nestle Yogurt (Pack of 6)
T009942,Shezan Juices (1kg)
T009943,Shezan Juices (500ml)
T009944,Vim Dishwash (Pack of 6)
T009945,Thal Sugar (1L)
T009946,Thal Sugar (1L)
T009947,Nestle Juices (1kg)
T009948,Local Farm Vegetables (1kg)
T009949,Sinar Notebooks (Family Pack)
T009950,Bake Parlour Bread (Family Pack)
T009951,LU Biscuits (500ml)
T009952,Lays Chips (500ml)
T009953,Pepsi Soft Drinks (250g)
T009954,Bake Parlour Cakes (250g)
T009955,National Ketchup (500ml)
T009956,Local Farm Fruits (500g)
T009957,Bake Parlour Cakes (500ml)
T009958,Colgate Toothpaste (200ml)
T009959,Menu Frozen Nuggets (500ml)
T009960,Menu Frozen Nuggets (500ml)
T009961,National Ketchup (1L)
T009962,Pantene Shampoo (200ml)
T009963,Lux Soap (500g)
T009964,Nestle Yogurt (1kg)
T009965,Cadbury Chocolate (500ml)
T009966,Guard Rice (1kg)
T009967,National Spices (500ml)
T009968,National Spices (Family Pack)
T009969,Nestle Yogurt (250g)
T009970,Bake Parlour Bread (Pack of 6)
T009971,Vim Dishwash (Family Pack)
T009972,Nurpur Butter (500ml)
T009973,LU Biscuits (1kg)
T009974,Local Farm Fruits (Pack of 6)
T009975,Nurpur Butter (500ml)
T009976,Nestle Yogurt (1kg)
T009977,Pantene Shampoo (Family Pack)
T009978,Menu Frozen Nuggets (500g)
T009979,Walls Ice Cream (Family Pack)
T009980,Lipton Tea (1kg)
T009981,National Ketchup (500ml)
T009982,Vim Dishwash (500ml)
T009983,Walls Ice Cream (1kg)
T009984,Bake Parlour Cakes (500ml)
T009985,Cadbury Chocolate (Pack of 6)
T009986,Sinar Notebooks (Family Pack)
T009987,Guard Rice (1kg)
T009988,Pantene Shampoo (Pack of 6)
T009989,Guard Rice (1kg)
T009990,Coca-Cola Soft Drinks (500g)
T009991,Lux Soap (500g)
T009992,National Ketchup (1kg)
T009993,Adams Cheese (250g)
T009994,Vim Dishwash (Family Pack)
T009995,Nestle Yogurt (Pack of 6)
T009996,Colgate Toothpaste (200ml)
T009997,LU Biscuits (Pack of 6)
T009998,Vim Dishwash (Pack of 6)
T009999,Pampers Diapers (200ml)
T010000,Vim Dishwash (1L)
